task_type,question,time_stamp,answer,options,question_id,frames_required,temporal_clue_type
Misleading Context Recognition,How many cards and how many suits are on the table now?,00:00:33,B,"['A. There are three pink cards and one playing card, the playing card is Diamond 2.', 'B. There are three pink cards and one playing card, the playing card is Diamond 3.', 'C. There are three pink cards and two playing cards, Diamond 3 and Diamond 2 respectively.', 'D. There are four pink cards.']",Misleading Context Recognition_sample_1_1,single,Prior
Misleading Context Recognition,How many cards and suits are there on the table now?,00:00:52,D,"['A. There is a pile of pink cards being dealt up and down', 'B. There are three pink playing cards', 'C. There are three pink cards and one playing card, the playing card is a diamond 3', 'D. There are three pink cards and two playing cards, one diamond 3 and one red heart 3.']",Misleading Context Recognition_sample_1_2,single,Prior
Misleading Context Recognition,What's on the table now?,00:01:10,A,"['A. There are five playing cards, the 3 of diamonds, the 4 of clubs, the 5 of hearts, the 6 of spades, and the 7 of diamonds, and the text below reads: straight.', 'B. There are five playing cards, the 3 of diamonds, the 4 of clubs, the 5 of hearts, the 6 of spades, and the 7 of diamonds, and the text below reads: five card groups.', 'C. there are five playing cards, the 4 of hearts, the 4 of spades, the 5 of spades, the 5 of diamonds, and the 5 of clubs.', 'D. there are two playing cards, a four of hearts and a four of spades.']",Misleading Context Recognition_sample_1_3,single,Prior
Misleading Context Recognition,"How many cards, and of how many suits, are currently on the table?",00:01:28,D,"['A. There are five playing cards, the 8 of diamonds, the 8 of clubs, the 8 of hearts, the 8 of spades, and the jack of diamonds.', 'B. There are five playing cards, the 4 of diamonds, the 6 of diamonds, the 8 of diamonds, the 2 of diamonds, and the Q of diamonds.', 'C. There are five playing cards, the nine of spades, the ten of spades, the jack of spades, the queen of spades, and the king of spades.', 'D. There are five playing cards, the 10 of hearts, the 10 of diamonds, the 10 of clubs, the 9 of diamonds, and the 9 of clubs.']",Misleading Context Recognition_sample_1_4,single,Prior
Misleading Context Recognition,How many cards and how many suits are on the table now?,00:02:30,D,"['A. There is one playing card, the 4 of spades.', 'B. There are two playing cards, the 4 of diamonds and the 4 of hearts.', 'C. There are three playing cards, the 3 of Spades, the 3 of Hearts, and the 3 of Clubs.', 'D. There are five playing cards, the 4 of hearts, the 5 of clubs, the 6 of diamonds, the 7 of clubs, and the 8 of hearts.']",Misleading Context Recognition_sample_1_5,single,Prior
Misleading Context Recognition,What's on the green table now?,00:00:50,B,"['A. There is a pink card in the middle of the table surrounded by four pairs of hands of different colours.', 'B. There are four rows of playing cards on the table, three of which have pink faces.', ""C. There is a white curtain in the middle of the table with a black vertical line in the middle that reads '590' on the left and '540' on the right.."", 'D. There is a white curtain in the middle of the table with two black lines on it.']",Misleading Context Recognition_sample_2_1,single,Prior
Misleading Context Recognition,What exactly is on the table now?,00:01:52,C,"[""A. There are five white circles on the table, from left to right, the circles contain the club symbol, the diamond symbol, the heart symbol, the spade symbol and 'NT'."", 'B. There are five white circles on the table, but only the first circle on the left has the clubs symbol in it, the other circles have nothing in them.', ""C. There is now a spade, a club, a heart and a diamond on the table, with a white circle in the centre that says 'NT'."", 'D. There are five white circles on the table and nothing inside them.']",Misleading Context Recognition_sample_2_2,single,Prior
Misleading Context Recognition,How many copies of playing cards are on the table now?,00:03:45,D,"['A. There is now only one copy of playing cards on the table.', 'B. There are now five copies of playing cards on the table.', 'C. There are now only two copies of playing cards on the table.', 'D. There are now thirteen copies of playing cards on the table.']",Misleading Context Recognition_sample_2_3,single,Prior
Misleading Context Recognition,What else exists on the green table now?,00:04:50,A,"[""A. Now there is a white curtain on the table with three black lines and the letters '4NTX4', '130X4' and '30'."", ""B. The table now has a white curtain with two black lines and the letters '4NTX4', '130X4' and '30'."", 'C. Now there is a white curtain on the table with two black lines on it.', ""D. There is a white circle in the middle of the table with 'NT' written inside.""]",Misleading Context Recognition_sample_2_4,single,Prior
Misleading Context Recognition,What's inside the white curtain on the tabletop?,00:05:46,B,"[""A. In the centre of the white cloth there is a black line with '1 30' and '2 60' written on the left side, and in the middle of the numbers there is a spade and a heart symbol, respectively, and below this set of numbers there is another black line and '590'."", ""B. Inside the white curtain there is a vertical line with '590' written on the left and '540' written on the right with a red circle on the left."", ""C. A white cloth with two black lines and '1 30' written in the lower left corner of the curtain with a spade in the middle of the numbers."", ""D. A white cloth with two black lines crossed and '-200x4' written in the upper left corner of the curtain.""]",Misleading Context Recognition_sample_2_5,single,Prior
Misleading Context Recognition,Now what's on top of the green table?,00:00:29,C,"['A. In the middle of the table are two playing cards, an ace of spades and a king of diamonds.', 'B. There are four pairs of hands of different colours around the table, all holding chips except for the top pair, which has nothing in it.', 'C. There are three chips in the middle of the table, each surrounded by a pair of hands of a different skin colour.', 'D. There are three chips in the middle of the table surrounded by four pairs of hands of different colours holding the Q of spades, the 9 of hearts, the K of diamonds, the Ace of clubs, the J of spades, the 10 of diamonds, the Q of hearts, the 5 of diamonds, the 9 of clubs.']",Misleading Context Recognition_sample_3_1,single,Prior
Misleading Context Recognition,What's on this table right now?,00:00:59,D,"['A. There are four pairs of hands with different skin colours and three chips on the table, they are holding the ace of spades, the five of diamonds, and the six of clubs.', ""B. There is nothing on the table but 'wikiHow' written in the bottom right corner."", ""C. There are now nine playing cards on the table, the 2 of spades, the 3 of spades, the 4 of spades, the 5 of spades, the 6 of spades, the 7 of spades, the 8 of spades, the 9 of spades, the 10 of spades, and in white letters it says 'FACE VALUE'."", 'D. The white number 10 is now written on the left side of the table and the Jack of Hearts, Queen of Hearts, and King of Hearts are written on the right side.']",Misleading Context Recognition_sample_3_2,single,Prior
Misleading Context Recognition,What exactly exists on top of the table now?,00:01:27,A,"['A. There are four pairs of hands of different skin colours on the table and three chips, they are holding the 5 of diamonds, the 3 of clubs, the 6 of diamonds, the 8 of diamonds, the 10 of hearts, and the black skinned hand is holding nothing.', ""B. There is an Ace of diamonds on the top of the table with '1 or 11' written on the left."", 'C. There are three chips on the table and four pairs of hands of different colours holding the 10 of hearts, the ace of spades, the jack of hearts, the 5 of diamonds, the 3 of hearts, the 6 of clubs, and the 8 of diamonds.', 'D. There are four red chips and one blue chip on the table and four pairs of hands of different colours holding the 10 of hearts, the ace of spades, the jack of hearts, the 5 of diamonds, the 3 of hearts, the 6 of clubs and the 8 of diamonds.']",Misleading Context Recognition_sample_3_3,single,Prior
Misleading Context Recognition,What playing cards are in that pair of hands down there?,00:01:58,B,"['A. This hand holds the 5 of diamonds and the 3 of hearts.', 'B. This hand holds the Q of diamonds, 5 hearts, 3 diamonds.', ""C. This hand holds the Q of diamonds, 5 of hearts, 3 of spades, 3 of hearts, 5 of clubs, with a string of numbers that reads '5+3+3+5+10'."", ""D. These hands hold the Q of diamonds, 5 hearts, 3 spades, 3 hearts, 5 clubs, with a string of numbers that reads '26'.""]",Misleading Context Recognition_sample_3_4,single,Prior
Misleading Context Recognition,What's items in those hands up there?,00:02:38,C,"[""A. He is holding the seven of spades and the ten of hearts with the number '17' written next to them."", 'B. He is holding the 7 of spades and the 10 of hearts.', 'C. He is holding nothing in his hand.', ""D. He is holding the 7 of spades and the 10 of hearts, with '10+7' written next to them.""]",Misleading Context Recognition_sample_3_5,single,Prior
Misleading Context Recognition,What's on the table now?,00:00:33,D,"['A. There are two hands on top of the table, the top hand holds the 2 of hearts and the bottom hand holds the ace of clubs.', 'B. There are two pink playing cards in the middle of the table.', 'C. There is a red, green and blue patterned board with many small holes on the table and a deck of playing cards next to the board.', 'D. There are six flipped playing cards, the 2 of clubs, the 4 of diamonds, the 4 of hearts, the 5 of spades, the 5 of clubs, the 8 of spades and the king of spades.']",Misleading Context Recognition_sample_4_1,single,Prior
Misleading Context Recognition,What else existed on this green table until now?,00:01:38,A,"[""A. There are four playing cards on the table, the K of Spades, the Queen of Hearts, the J of Clubs, and the A of Diamonds, which reads '10 10 10 1'."", 'B. There are nine playing cards on the table: 2 of spades, 3 of diamonds, 4 of clubs, 5 of hearts, 6 of spades, 7 of diamonds, 8 of clubs, 9 of hearts, and 10 of spades.', 'C. There is only one 6 of diamonds on the table.', 'D. There is a hand on the table pressing the 6 of diamonds.']",Misleading Context Recognition_sample_4_2,single,Prior
Misleading Context Recognition,What is the number of points shown by the white number in the centre?,00:02:26,B,"['A. The number of points on the table is 31.', 'B. The number of points on the table is now 5.', 'C. The number of points on the table is now 0.', 'D. The number of points on the table is now 27.']",Misleading Context Recognition_sample_4_3,single,Prior
Misleading Context Recognition,What playing cards of the suit of hearts are on the table now?,00:03:48,C,"['A. There is a 3 of hearts and a 4 of hearts.', 'B. There is only one 5 of hearts.', 'C. There is only one 4 of hearts.', 'D. There is only one 3 of hearts.']",Misleading Context Recognition_sample_4_4,single,Prior
Misleading Context Recognition,What playing cards of the suit of diamonds are on the table now?,00:04:21,D,"['A. There is only one 3 of diamonds.', 'B. There is a square 10 and a square 8.', 'C. There is only one square 10.', 'D. There is a square 10 and a square j.']",Misleading Context Recognition_sample_4_5,single,Prior
Misleading Context Recognition,What are the face-up playing cards on the table?,00:00:44,A,"['A. There are the K of hearts, the A of hearts, the 10 of diamonds, the J of diamonds, the 10 of spades and the 9 of clubs.', 'B. The K of hearts, the A of hearts, the 10 of diamonds, the J of diamonds, and the 10 of spades.', 'C. With the K of hearts, 10 of diamonds, J of diamonds, 10 of spades.', 'D. There are the K of diamonds, the 10 of diamonds, the K of hearts, the J of diamonds and the 10 of spades.']",Misleading Context Recognition_sample_5_1,single,Prior
Misleading Context Recognition,What's on the green table now?,00:01:59,B,"['A. There are two vertical rows of playing cards on the top of the table, counting from top to bottom, with J, A, K, Q, 10, 9 on the left and J, A, K, Q, 10, 9 on the right.', 'B. There are two vertical rows of playing cards on the top of the table. Counting from top to bottom, on the left is J, J, A, K, Q, 10, 9 and on the right is A, K, Q, 10, 9.', 'C. There is only one vertical row of playing cards on the table, from top to bottom they are J, A, K, Q, 10, 9.', 'D. The table has only one row of flipped playing cards, which are K of hearts, A of hearts, 10 of diamonds, J of diamonds, 10 of spades.']",Misleading Context Recognition_sample_5_2,single,Prior
Misleading Context Recognition,What is the face-up playing card on the green table now?What are the face-up playing cards on the green table now?,00:02:52,C,"['A. There is the K of spades, the 10 of hearts, the A of hearts, the K of hearts, the 10 of diamonds, the J of diamonds, and the 10 of spades.', 'B. There is the ten of hearts, the A of hearts, the K of hearts, the ten of diamonds, the J of diamonds and the ten of spades.', 'C. There is the K of spades, the 10 of hearts, the A of hearts, the K of hearts, the 10 of diamonds, the J of diamonds, the 10 of spades, the Q of hearts.', 'D. A of hearts, Kof hearts, 10 of diamonds, J of diamonds, 10 of spades.']",Misleading Context Recognition_sample_5_3,single,Prior
Misleading Context Recognition,what are the playing cards on the table now?,00:03:27,D,"['A. There is the K of hearts and the 10 of spades.', 'B. There is a K of hearts, a J of diamonds and a ten of spades.', 'C. There is a J of hearts, a J of diamonds, a nine of clubs, a K of hearts, and a ten of spades.', 'D. There is a 10 of clubs, a Q of clubs, a K of hearts and a K of clubs.']",Misleading Context Recognition_sample_5_4,single,Prior
Misleading Context Recognition,What's displayed on the table now?,00:04:08,A,"[""A. There are two groups of heads on the table. On the left, under group A, it says '9 points' and on the right, under group B, it says '12 points'."", 'B. There are two groups of avatars on the table, group A on the left and group B on the right.', ""C. There are two sets of avatars on the table, each with two playing cards underneath them. The left avatar has 'MAKERS' written on it and the right avatar has 'DEFENDERS' written on it."", ""D. In the middle of the table there are two avatars with two playing cards underneath each avatar, the top of the avatar says 'DEFENDERS' and the bottom of the avatar says '2 points'.""]",Misleading Context Recognition_sample_5_5,single,Prior
Misleading Context Recognition,What's on this blue desktop?,00:00:22,B,"['A. There are five stacked playing cards lying horizontally on the table.', 'B. There are five stacked playing cards on the table and a stack of green banknotes placed together on the right side.', 'C. There is a stack of green notes on the table with the number 10 written on them.', 'D. There are a number of green banknotes and unfolded playing cards on the table, and underneath there are folded playing cards with the numbers J, Q, K, A, and 10 of hearts written on them.']",Misleading Context Recognition_sample_6_1,single,Prior
Misleading Context Recognition,What do the white letters say?,00:00:56,C,"[""A. 'check' is written in white letters."", ""B. The white letters say 'raise'."", ""C. The white letters say 'fold'."", ""D. The white letters say 'call'.""]",Misleading Context Recognition_sample_6_2,single,Prior
Misleading Context Recognition,What is displayed on the desktop?,00:01:26,D,"['A. There are many unflipped playing cards and a pile of banknotes on the table and five flipped playing cards with a circle next to the left playing card and a C next to the top playing card.', 'B. There are many unflipped playing cards and a pile of banknotes on the table, and five flipped playing cards with a circle next to the left playing card, an arrow next to the top playing card, a check mark next to the right playing card, and a C next to the bottom playing card.', 'C. There are many unflipped playing cards and piles of banknotes on the table, and five flipped playing cards with a circle next to the playing card on the left, an arrow next to the playing card on the top, and a pair of hooks next to the playing card on the right.', 'D. There are a lot of unflipped playing cards and a pile of banknotes on the table, and five flipped playing cards.']",Misleading Context Recognition_sample_6_3,single,Prior
Misleading Context Recognition,How many symbols with white borders are now displayed on the desktop?,00:01:55,A,"['A. There are four symbols: circle, C, check mark and arrow.', 'B. There is no one symbol.', 'C. There is one symbol: circle.', 'D. There are two symbols: circle and C.']",Misleading Context Recognition_sample_6_4,single,Prior
Misleading Context Recognition,How many rows of face-up playing cards are on the table?,00:02:20,B,"['A. Six rows of face-up playing cards.', 'B. There are ten rows of face-up playing cards.', 'C. Two rows of face-up playing cards.', 'D. Three rows of face-up playing cards.']",Misleading Context Recognition_sample_6_5,single,Prior
Misleading Context Recognition,What are the current items occupying the table?,00:00:47,A,"[""A. In the video, there is only a green background with the words' wiliHow 'displayed in the bottom right corner."", 'B. There are only five playing cards in the video.', 'C. There are only five playing cards in the video. These playing cards are ranked from left to right as Plum Blossom 3, Diamond 4, Plum Blossom 5, Spades 6, and Hearts 7.', 'D. There is only a green background in the video, nothing else.']",Misleading Context Recognition_sample_7_1,single,Prior
Misleading Context Recognition,What exactly is on the table now?,00:01:24,C,"[""A. The video background is green, and the word 'wiliHow' is displayed in the bottom right corner."", 'B. There are four playing cards in the video. These playing cards are Red Heart A, Diamond A, Spade A, and Plum Blossom A from left to right.', 'C. There are five playing cards in the video, but no suit', 'D. There are only four playing cards in the video']",Misleading Context Recognition_sample_7_2,single,Prior
Misleading Context Recognition,How many chips are on this table?,00:02:18,C,"['A. There are three red chips in the video', 'B. There are two red chips in the video', 'C. There are four red chips in the video', 'D. There is a red chip in the video']",Misleading Context Recognition_sample_7_3,single,Prior
Misleading Context Recognition,What's on this green table now?,00:02:40,B,"['A. There are four stacked chips in the video.', 'B. In the video, there is a hand holding two playing cards, Diamond Q and Diamond K, respectively.', 'C. There are four hands playing poker in the video.', ""D. The video background is green, and the word 'wiliHow' is displayed in the bottom right corner.""]",Misleading Context Recognition_sample_7_4,single,Prior
Misleading Context Recognition,What is currently on this green table?,00:03:22,D,"[""A. The video background is green, and the word 'wiliHow' is displayed in the bottom right corner."", 'B. There are three red, pink, and white playing cards in the video', 'C. In the video, there is a hand pressing a playing card', 'D. There are three playing cards in the video. These playing cards are Diamond 4, Diamond 10, and Spade Q from left to right, with FLOP displayed below and the word ""wiliHow"" in the bottom right corner.']",Misleading Context Recognition_sample_7_5,single,Prior
Misleading Context Recognition,How many face-up playing cards are on the table now?,00:00:27,C,"['A. There are four face-up playing cards.', 'B. There is one face-up playing card.', 'C. There are two face-up playing cards.', 'D. There are fifty-two face-up playing cards.']",Misleading Context Recognition_sample_8_1,single,Prior
Misleading Context Recognition,What's on display on the table now?,00:00:37,D,"['A. There are now six face-up cards on the table, namely the 5 of diamonds, 7 of spades, 2 of hearts, 2 of clubs, 8 of hearts and 7 of spades.', 'B. There are now four face-up cards on the table, namely, the 5 of diamonds, the 7 of spades, the 2 of spades, the 2 of clubs, the 2 of clubs and the 2 of clubs.', 'C. There are now five face-up cards on the table, the 5 of Spades, the 7 of Hearts, the 2 of Spades, the 2 of Clubs and the 8 of Clubs.', 'D. There are now seven face-up cards on the table, the 5 of diamonds, the 7 of spades, the 2 of spades, the 2 of clubs, the 8 of hearts, the 7 of clubs and the K of clubs.']",Misleading Context Recognition_sample_8_2,single,Prior
Misleading Context Recognition,What is the card inside the white box on the table?,00:01:29,A,"['A. The playing card there is the 4 of hearts.', 'B. The playing card there is the 3 of hearts.', 'C. The playing card there is the 2 of hearts.', 'D. The playing card there is an A of Hearts.']",Misleading Context Recognition_sample_8_3,single,Prior
Misleading Context Recognition,How many face-up playing cards are now on the green table?,00:01:58,B,"['A. There are now eleven face-up playing cards on the table.', 'B. There are now fourteen face-up playing cards on the table.', 'C. There are now twelve face-up playing cards on the table.', 'D. there are now fifteen face-up playing cards on the table.']",Misleading Context Recognition_sample_8_4,single,Prior
Misleading Context Recognition,What cards are inside the white box now?,00:02:32,C,"['A. There has a 5 of hearts and an ace of spades.', 'B. There is a 5 of hearts and a 2 of spades.', 'C. There is a six of hearts and a two of spades.', 'D. Only a 4 of hearts.']",Misleading Context Recognition_sample_8_5,single,Prior
Misleading Context Recognition,What's on the white tabletop?,00:00:25,D,"['A. There are seven playing whose backs cards face up and a 10 of hearts.', 'B. There are five playing cards whose backs face up and a 10 of hearts.', 'C. There are four playing cards whose backs face up and pieces of playing card in someone hands.', 'D. There are three playing cards with their backs face up.']",Misleading Context Recognition_sample_9_1,single,Prior
Misleading Context Recognition,What's the face-up playing cards on the table now?,00:00:58,A,"[""A. It's the 6 of diamonds, the 9 of diamonds, the 3 of spades and the q of diamonds."", ""B. It's the 6 of diamonds and the 3 of spades."", 'C. There is only the 3 of spades.', ""D. It's the 2 of hearts, the Q of spades, the 6 of hearts, the 7 of hearts, the Q of clubs, the 5 of diamonds, the 9 of clubs, the 9 of diamonds, the 6 of clubs, the 8 of spades and the a of clubs.""]",Misleading Context Recognition_sample_9_2,single,Prior
Misleading Context Recognition,How many face-up playing cards are on the table?,00:01:29,B,"['A. There are four playing cards face up: six of diamonds, nine of diamonds, three of spades and Q of diamonds.', 'B. There are five playing cards face up: four of diamonds, three of spades, ten of diamonds, eight of spades and two of diamonds.', 'C. There are two face-up cards: the jack of diamonds and the two of hearts.', 'D. There are four face-up playing cards, the 4 of diamonds, the 3 of spades, the 10 of diamonds, and the 2 of diamonds.']",Misleading Context Recognition_sample_9_3,single,Prior
Misleading Context Recognition,What are the face-up playing cards on the table?,00:01:58,C,"['A. The 10 of hearts and the 2 of clubs.', 'B. There is the Q of hearts, 5 of hearts, 2 of clubs and 10 of hearts.', 'C. Only plum K.', 'D. With club 2 and club Q.']",Misleading Context Recognition_sample_9_4,single,Prior
Misleading Context Recognition,What exists on the table?,00:02:39,D,"['A. There is a pair of hands on the table holding playing cards.', 'B. There are playing cards on the table back up and a ten of hearts.', 'C. There are playing cards on the table back up.', 'D. There are five face-up playing cards on the table, the J of Hearts, the Four of Spades, the Five of Hearts, the Eight of Spades and the Three of Clubs.']",Misleading Context Recognition_sample_9_5,single,Prior
Misleading Context Recognition,What's on the green desktop?,00:00:28,A,"['A. There are four face-up playing cards, the four of clubs, the seven of hearts, the ace of spades and the K of hearts.', 'B. There are four different heads of figures at the top, bottom, left and right, with a playing card in the centre which is back up.', ""C. On the left there are two avatars on a blue background with the numbers 4 and 3 written underneath, on the right there are two avatars on a yellow background with the numbers 1 and 3 written underneath, and in the middle of the table is written 'BID'."", 'D. On the left there is a set of avatars with the number A written on top of the avatars and 501 written underneath the avatars, and on the right there is a set of avatars with the number B written on top of the avatars and 457 written underneath the avatars.']",Misleading Context Recognition_sample_10_1,single,Prior
Misleading Context Recognition,How many face-up playing cards are on the table?,00:00:58,B,"['A. There are fourteen face-up playing cards.', 'B. There are sixteen face-up playing cards.', 'C. There are thirteen face-up playing cards.', 'D. With fifteen face-up playing cards.']",Misleading Context Recognition_sample_10_2,single,Prior
Misleading Context Recognition,What's on this table right now?,00:01:29,C,"['A. There are two avatars on the table with a blue background, and the avatars say A above and 7 below.', ""B. There are two avatars on the table with a blue background and an ace written above the avatars and '4+3' written below."", 'C. There are three rows of back up playing cards on the table, and one row of face-up playing cards.', 'D. There are two sets of avatars on the table, the one on the left has a blue background with A written on it, and the one on the right has a yellow background with B written on it.']",Misleading Context Recognition_sample_10_3,single,Prior
Misleading Context Recognition,What's the playing card in the middle?,00:01:58,D,"['A. It is an eight of clubs and 2 of clubs.', ""B. It's the eight of clubs, the 2 of clubs and the 9 of clubs."", 'C. Only an eight of clubs.', ""D. It's the eight of clubs, the two of clubs, the nine of clubs and the five of diamonds.""]",Misleading Context Recognition_sample_10_4,single,Prior
Misleading Context Recognition,What's on the table now?,00:02:47,A,"[""A. There are two avatars on the table with a blue background, the top of the avatar says A, the bottom of the avatar says 'CONTRACT: 7', 'ACTUAL: 10', and to the right of the avatar it says the number 7."", ""B. There are two avatars on the table, the background is blue, the top of the avatar says A, the bottom of the avatar says 'CONTRACT: 7' 'ACTUAL: 10'."", 'C. There are two sets of avatars on the desktop, the left avatar has a blue background with the number A written on top of it, and the right avatar has a yellow background with the number B written on top of it.', ""D. There are two sets of avatars on the desktop. The left avatar has a blue background, A is written on top of the avatar, and 'CONTRACT: 7' 'ACTUAL: 10' is written underneath the avatar; the right avatar has a yellow background, B is written on top of the avatar, and ' CONTRACT: 4' 'ACTUAL: 3'.""]",Misleading Context Recognition_sample_10_5,single,Prior
Misleading Context Recognition,What's on the table now?,00:00:29,B,"['A. There is a pairs of hands below, and three back facing playing cards in the middle of each hand; there are also playing cards above them.', 'B. There is a pairs of hands below, his left hand holding the 3 of clubs, the 8 of spades, the 2 of clubs, the 10 of spades, the ace of spades and the queen of hearts; there are also three back facing playing cards on the table.', 'C. There is a pairs of hands below, and three more back facing playing cards between the two hands.', ""D. There is a pairs of hands below with three back facing cards between them; there is a hand above with playing cards pressed underneath, and '6-' is written next to these playing cards.""]",Misleading Context Recognition_sample_11_1,single,Prior
Misleading Context Recognition,How many face-up playing cards are there now?,00:00:57,C,"['A. There is not a single face-up playing card.', 'B. There are six cards: 3 of clubs, 8 of spades, 2 of clubs, 10 of spades, ace of spades, queen of hearts.', 'C. There are seven cards: 2 of diamonds, 8 of hearts, 8 of clubs, jack of clubs, king of hearts, queen of clubs, 6 of diamonds.', 'D. There are twenty-four face-up playing cards.']",Misleading Context Recognition_sample_11_2,single,Prior
Misleading Context Recognition,What playing cards can be seen now?,00:01:27,D,"['A. There is the 2 of diamonds, the J of clubs, the K of hearts, the Q of clubs, the 6 of diamonds, the 8 of hearts and the 8 of clubs.', 'B. There is a 3 of diamonds and an ace of spades.', 'C. There is the 8 of spades, the 10 of spades, the ace of spades, the Q of hearts, the 8 of clubs, the 2 of clubs and the 3 of clubs.', 'D. There is the 3 of clubs, 8 of spades, 10 of spades, ace of spades, Q of hearts.']",Misleading Context Recognition_sample_11_3,single,Prior
Misleading Context Recognition,What face-up playing cards are left on the table now?,00:01:59,A,"['A. There is the J of Hearts, the K of Clubs and the A of Hearts.', 'B. J of hearts, K of clubs, A of hearts, 3 of clubs.', 'C. A of diamonds, 8 of spades, 10 of hearts, 10 of spades, A of spades, Q of hearts, 3 of clubs.', 'D. With 5 hearts, 4 clubs, 3 hearts, J of spades, Q of diamonds, J of diamonds, 2 of clubs.']",Misleading Context Recognition_sample_11_4,single,Prior
Misleading Context Recognition,What cards are on the brown table now?,00:02:16,B,"['A. A of clubs, J of hearts.', 'B. With the eight of diamonds and the J of hearts.', 'C. Only one J of Hearts.', 'D. J of hearts, k of clubs, A of hearts.']",Misleading Context Recognition_sample_11_5,single,Prior
Misleading Context Recognition,What is displayed on top of this white paper?,00:00:50,A,"[""A. The white paper shows a line of letters '8 less than a number'."", 'B. The white paper shows nothing.', ""C. The white paper shows a line of letters '8 less'."", ""D. The white sheet of paper shows a line of letters '8 less than'.""]",Misleading Context Recognition_sample_12_1,single,Prior
Misleading Context Recognition,What does this thing write?,00:01:32,B,"[""A. This says '8 less than a number'."", ""B. This says '3 more than'."", ""C. This says '8 is less than a number -8'."", ""D. This says '8 is less than a number n-8'.""]",Misleading Context Recognition_sample_12_2,single,Prior
Misleading Context Recognition,What do the blue letters in here write?,00:01:54,C,"[""A. The blue letters say '3 more than twice a number'."", ""B. The blue letters say '3 more than twice a number +3'."", ""C. The blue word says '3 more than twice a number +3', with a horizontal line under '3 more than' and 'twice a number', and 'twice a number' have a horizontal line under them."", ""D. The blue word says '3 more than twice a number +3' with a horizontal line under '3 more than'.""]",Misleading Context Recognition_sample_12_3,single,Prior
Misleading Context Recognition,What is written on this white paper?,00:02:21,D,"[""A. '2n+3' is written on this white paper."", ""B. '3 more than twice a number +3' is written on this white paper."", ""C. '3 more than twice a number 2n+3' is written on this white paper."", ""D. '2n+3 Difference of' is written on this white paper.""]",Misleading Context Recognition_sample_12_4,single,Prior
Misleading Context Recognition,What is writed on the white paper with blue letters?,00:02:41,A,"[""A. In blue it says '2n+3 Difference of two numbers x-y'."", ""B. The blue lettering says '2n+3'."", ""C. The blue lettering says '2n+3 Difference of'."", ""D. Blue lettering that says '2n+3 Difference of two numbers'.""]",Misleading Context Recognition_sample_12_5,single,Prior
Misleading Context Recognition,What is written on this white chalkboard?,00:00:40,B,"[""A. Here it says 'INDEX LAWS continued' and 'review'."", ""B. Here it says 'INDEX LAWS continued' and 'review' and 'a m=axaxa----xa' with 'm times' underneath."", ""C. Here it says 'INDEX LAWS continued' and 'review' and 'a m='."", ""D. Here it says 'INDEX LAWS continued' and 'review' and 'a m=axaxa----'.""]",Misleading Context Recognition_sample_13_1,single,Prior
Misleading Context Recognition,How many letters 'a' are there in the black alphabet?,00:01:52,C,"[""A. There are eight black letters 'a' here."", ""B. There are five black letters 'a' here."", ""C. There are twelve black letters 'a'."", ""D. There are eleven black letters 'a'.""]",Misleading Context Recognition_sample_13_2,single,Prior
Misleading Context Recognition,How many letters 'm' are on the whiteboard?,00:02:30,D,"[""A. There are two letters 'm' here."", ""B. There are five letters 'm' here.."", ""C. There are seven letters 'm' here."", ""D. There are eight letters 'm' here.""]",Misleading Context Recognition_sample_13_3,single,Prior
Misleading Context Recognition,What's in this form which is writed 'LIMITS'?,00:05:34,A,"[""A. This table has 'VALUE' and the numbers 1, 0.9, 0.8, 0.7, 0.6, 0.5, 0.4."", ""B. The table contains the word 'VALUE'."", ""C. The table contains the word 'VALUE' and the number 1."", ""D. The table contains the word 'VALUE' and the numbers 1 and 0.9.""]",Misleading Context Recognition_sample_13_4,single,Prior
Misleading Context Recognition,What's in this row of tables with the letters 'VALUE'?,00:05:53,B,"['A. The numbers 1.000,0.909,0.836 are written here.', 'B. A number 1.000,0.909,0.836,0.779 is written here.', 'C. A number 1.000 is written here.', 'D. The numbers 1.000 and 0.909 are written here.']",Misleading Context Recognition_sample_13_5,single,Prior
Misleading Context Recognition,How many numbers '3' are to the left of the orange line on the whiteboard?,00:00:31,C,"[""A. There are three numbers '3'."", ""B. There is one number '3'."", ""C. There are four numbers '3'."", ""D. There is not a single number '3'.""]",Misleading Context Recognition_sample_14_1,single,Prior
Misleading Context Recognition,What's to the left of the orange line on this whiteboard?,00:01:08,D,"['A. Nothing is written here.', ""B. Here in blue it says 'the second power of three times the third power of three equals'."", ""C. Here in blue it says 'the quadratic of three times the cubic of three equals the quintic of three'."", ""D. Here in blue it says 'The quadratic of three times the cubic of three equals the fifth power of three' and 'when mutiplying'.""]",Misleading Context Recognition_sample_14_2,single,Prior
Misleading Context Recognition,What's his finger pointing at?,00:01:47,A,"[""A. His finger points to the orange number '125' circled in green."", ""B. His finger points to the orange letter 'log'."", ""C. His finger is pointing to the blue letter that says 'three times three equals three times five'."", 'D. His finger points to the blank space in the lower right corner of the equation.']",Misleading Context Recognition_sample_14_3,single,Prior
Misleading Context Recognition,What green writing is to the left of the orange lines on the whiteboard?,00:03:05,B,"[""A. Here it says, 'The seventh power of two divided by the third power of two is equal to the third power of two.'."", ""B. Here it says 'The seventh power of two divided by the third power of two equals the fourth power of two.'."", 'C. There is no green writing here.', ""D. Here it says 'the seventh power of two'.""]",Misleading Context Recognition_sample_14_4,single,Prior
Misleading Context Recognition,"To the right of the orange line on the whiteboard, what blue text is there in addition to the blue text in the upper right corner of the whiteboard?",00:05:10,C,"[""A. In the middle of the whiteboard, 'log5 125' is written."", ""B. In the middle of the whiteboard it says 'log5 125-log5 5'."", ""C. The middle of the whiteboard says 'log5 125-log5 5=log5'."", ""D. The middle of the whiteboard says 'log5 '.""]",Misleading Context Recognition_sample_14_5,single,Prior
Misleading Context Recognition,What is displayed on top of this white paper?,00:01:34,D,"[""A. There is a line in red letters that says 'SIGNIFICANT FIGURES'."", 'B. There is an outline of a map of Australia made up of lots of small people.', ""C. There is an outline of a map of Australia made up of lots of small people and a red letter above the outline that says 'SIGNIFICANT FIGURES'."", ""D. There is an outline of a map of Australia made up of lots of small people and a red letter above the outline that says 'SIGNIFICANT FIGURES' and a black letter that says 'COUNTED (DISCRETE)'.""]",Misleading Context Recognition_sample_15_1,single,Prior
Misleading Context Recognition,What does the white paper show here?,00:03:50,A,"[""A. On the white paper there is an outline of a map of Australia made up of little people and some words that say 'counted (discrete)' and 'meawed (continuous)'."", ""B. Here is a picture showing a man painting a pink wall, with the words 'meawed (continuous)' written at the top of the picture."", 'C. Here is a picture of a man painting a pink wall.', ""D. there is an outline of a map of Australia made up of lots of small people and a red letter above the outline that says 'SIGNIFICANT FIGURES' and a black letter that says 'COUNTED (DISCRETE)'.""]",Misleading Context Recognition_sample_15_2,single,Prior
Misleading Context Recognition,What's on this piece of paper?,00:04:55,B,"[""A. The paper says 'og. Round off 58374 to (a) I significant figure (b) 2 significant figures' and '(a) 58, 374'."", ""B. The sheet of paper says '(a) 58, 374'."", ""C. The paper says 'og. Round off 58374 to (a) I significant figure. (b) 2 significant figwes'."", ""D. There is a picture on the paper that shows a person standing in front of a pink wall being painted, and above the picture is a line that says 'measwed (continuous)'.""]",Misleading Context Recognition_sample_15_3,single,Prior
Misleading Context Recognition,What is written on this white paper?,00:05:49,C,"[""A. This has black letters that say '(a) 58,374 60,000'."", ""B. In the centre, in black letters, it says '(a) 58,374'."", ""C. This has red letters that say 'eg. hound off 58,374 to (a) I significant figwe (b) 2 significant figwes', and underneath it has black letters that say '(a) 58,374 60,000. (a) 58,374 60,000 50,000'."", ""D. In the centre, in black letters, it says '(a) 58,374 60,000 50,000.""]",Misleading Context Recognition_sample_15_4,single,Prior
Misleading Context Recognition,What is written on this horizontal black line on top of the white paper?,00:07:40,D,"[""A. Black letters '50,000' and '60,000' are written on both sides of the black line."", ""B. Two black letters '50,000' and '60,000' and one blue letter '55,000' are written around the black line."", ""C. The black line is surrounded by two black letters '50,000', '60,000' and one blue letter '55,000 (midpoint)'."", ""D. The black line is surrounded by the word '58,374' in red, two black letters '50,000', '60,000' and a blue letter '55,000 (midpoint)'.""]",Misleading Context Recognition_sample_15_5,single,Prior
Misleading Context Recognition,What's written inside the screen?,00:01:48,A,"[""A. The top coloured text says 'Singnlar Value Decomposition(SVD)' and the bottom blue text says 'Data Reduction' and 'Data-Drixen Gemmalgation Of Fourien tinnsform (FFT)'."", ""B. The top coloured text says 'Singnlar Value Decomposition (SVD)' and the bottom blue text says 'Data Reduction' and 'Data-Drixen Gemmalgation'. 'Data Reduction' and 'Data-Drixen Gemmalgation'."", ""C. In the upper coloured text 'Singnlar Value Decomposition (SVD)' and in the lower blue text 'Data Reduction'."", ""D. 'Singnlar Value Decomposition (SVD)' is written in coloured text above.""]",Misleading Context Recognition_sample_16_1,single,Prior
Misleading Context Recognition,What does the blue font on the screen say?,00:02:54,B,"[""A. The blue text says 'Data Reduction', 'Data-Drixen Gemmalgation Of Fourien tinnsform (FFT)'."", ""B. The blue text says 'Data Reduction', 'Data-Drixen Gemmalgation Of Fourien tinnsform (FFT)', 'Tailored' to speeiFic problem'."", ""C. The blue text says 'Data Reduction', 'Data-Drixen Gemmalgation'."", ""D. The blue text says 'Data Reduction'.""]",Misleading Context Recognition_sample_16_2,single,Prior
Misleading Context Recognition,What does it say in the top right corner of the screen?,00:03:57,C,"[""A. There's nothing written there."", ""B. It says 'Solve Ax = b' in blue."", ""C. It says 'Solve Ax = b', 'for non sque A', 'regression' in blue."", ""D. It says 'Solve Ax = b', 'for non sque A' in blue.""]",Misleading Context Recognition_sample_16_3,single,Prior
Misleading Context Recognition,What is displayed in the upper right corner of the screen?,00:04:20,D,"[""A. The blue font says 'Solve Ax = b', 'For nonque A', 'Regression'."", ""B. The blue font says 'solve Ax = b', 'for non que A', 'regression', 'base'."", ""C. The blue font says 'Solve Ax = b', 'for nonque A', 'regression', 'base PCA'."", ""D. The blue font says 'Solve for Ax = b', 'for nonque A', 'regression', 'basis PCA', 'correlation'.""]",Misleading Context Recognition_sample_16_4,single,Prior
Misleading Context Recognition,"Now on the left side of the screen, what words are written in the place below those texts?",00:05:20,A,"[""A. Underneath the original text, it says 'Google', 'Face book', 'Netflix', '...'."", ""B. Underneath the original text, it says 'Google', 'Face book', 'Netflix'."", ""C. Underneath the original text, it says 'Google', 'Face book'."", ""D. Underneath the original text, it says 'Google'.""]",Misleading Context Recognition_sample_16_5,single,Prior
Misleading Context Recognition,What is written on the left side of the whiteboard in orange lettering pen?,00:01:20,B,"[""A. The orange letters say, 'The second power of three equals nine', 'The fourth power of five equals six hundred and twenty-five'."", ""B. The orange letters say, 'The second power of three equals nine', 'The fourth power of five equals six hundred and twenty-five', 'The negative power of six equals one-sixth'."", ""C. The orange letters say, 'The second power of three equals nine', 'The fourth power of five'."", ""D. The orange letters say, 'The second power of three equals nine'.""]",Misleading Context Recognition_sample_17_1,single,Prior
Misleading Context Recognition,What is written to the right of the orange line on the whiteboard?,00:03:07,C,"[""A. It says here in black letters, 'LOGARITHM LAWS'."", ""B. It says here in black letters, 'LOGARITHM LAWS', 'CONSIDER'."", ""C. Here in black letters are 'LOGARITHM LAWS', 'Conside', 'log5 5 =', '&', 'log5 125 ='."", ""D. It says here in black letters, 'LOGARITHM LAWS', 'CONSIDER', 'log5 5 =.'.""]",Misleading Context Recognition_sample_17_2,single,Prior
Misleading Context Recognition,What is written on the whiteboard to the right of the orange line?,00:04:06,D,"[""A. It says here in black letters, 'LOGARITHM LAWS', 'CONSIDER', 'log5 5='."", ""B. Here in black letters are 'LOGARITHM LAWS', 'Conside', 'log5 5 =', '&', 'log5 125 ='."", ""C. Here in black letters are 'LOGARITHM LAWS', 'Conside', 'log5 5 =1', '&', 'log5 125 ='."", ""D. Here in black letters are 'LOGARITHM LAWS', 'Conside', 'log5 5 =1', '&', 'log5 125 =3'.""]",Misleading Context Recognition_sample_17_3,single,Prior
Misleading Context Recognition,What does the orange writing to the right of the orange line on the whiteboard say?,00:05:13,A,"[""A. The orange text here says 'LAW', 'loga a=1'."", ""B. The orange text here says 'LAW', 'loga a='."", ""C. The orange text here says 'LAW', 'loga'."", ""D. The orange text here says 'LAW'.""]",Misleading Context Recognition_sample_17_4,single,Prior
Misleading Context Recognition,What is written under the black letters above the white board to the right of the orange line?,00:06:36,B,"[""A. These orange letters say '_ + _' 'log5 5+ log5 125 = 4' 'log5 5+ log5 125= log5 625' 'log5 5+log5 125=log5'."", ""B. These orange letters say '_ + _' 'log5 5+ log5 125 = 4' 'log5 5+ log5 125= log5 625' 'log5 5+log5 125=log5 (5x125)'."", ""C. These orange letters say '_ + _' 'log5 5+ log5 125 = 4' 'log5 5+ log5 125= log5 625' ."", ""D. These orange letters say '_ + _' 'log5 5+ log5 125 = 4'.""]",Misleading Context Recognition_sample_17_5,single,Prior
Misleading Context Recognition,What does the black writing on the whiteboard say?,00:00:23,C,"[""A. It says in black letters, 'LOGARITHMS', 'Ex 7-09 2-3ESL'."", ""B. It says in black letters, 'LOGARITHMS', 'Ex 7-09 2-3ESL', '...are'."", ""C. It says in black letters, 'LOGARITHMS', 'Ex 7-09 2-3ESL', '...are a way of lording differently'."", ""D. It says in black letters, 'LOGARITHMS', 'Ex 7-09 2-3ESL', '...are a way'.""]",Misleading Context Recognition_sample_18_1,single,Prior
Misleading Context Recognition,What does it say here in black letters?,00:01:24,D,"[""A. It says in black letters, 'LOGARITHMS', 'Ex 7-09 2-3ESL', '...are a way of lording differently'."", ""B. It says in black letters, 'LOGARITHMS', 'Ex 7-09 2-3ESL', '...are a way of lording differently', 'at exponutiols indices.'."", ""C. It says in black letters, 'LOGARITHMS', 'Ex 7-09 2-3ESL', '...are a way of lording differently', 'at exponutiols indices', 'eg 2 5='."", ""D. It says in black letters, 'LOGARITHMS', 'Ex 7-09 2-3ESL', '...are a way of lording differently', 'at exponutiols indices', 'eg 2 5=32'.""]",Misleading Context Recognition_sample_18_2,single,Prior
Misleading Context Recognition,What are the words written on these arrows?,00:02:36,A,"[""A. The words written above these arrows are 'expuex/index/poen', 'the final remt', 'time', 'growth rate'."", ""B. The words written above these arrows are 'expuex/index/poen', 'time', 'growth rate'."", ""C. The words written above these arrows are 'expuex/index/poen', 'growth rate'."", ""D. The words written above these arrows are 'expuex/index/poen'.""]",Misleading Context Recognition_sample_18_3,single,Prior
Misleading Context Recognition,What is written in black letters in the lower right position of the whiteboard?,00:03:38,B,"[""A. It says 'the zero power of two equals one' and 'the negative power of two equals'."", ""B. It says 'the zero power of two equals one' and 'the negative power of two equals one-half.'."", ""C. It says here, 'The zero power of two equals one.'."", ""D. It says here, 'The zero power of two is equal to'.""]",Misleading Context Recognition_sample_18_4,single,Prior
Misleading Context Recognition,What is written on the whiteboard to the left of the black line?,00:04:54,C,"[""A. It says 'log' in black."", ""B. It says 'log2 32=5' in black."", ""C. In black it says 'log2 32=5' and in red it says 'log buc 2 of 32 quel 5'."", ""D. In black it says 'log2 32=5' and in red it says 'log buc 2 '.""]",Misleading Context Recognition_sample_18_5,single,Prior
Misleading Context Recognition,What are the words inside this white form?,00:01:51,D,"[""A. It says 'Numerical' in black."", ""B. It says 'Numerical', 'Black (face up)' in black."", ""C. It says 'Numerical', 'Black (face up)' in black words and 'Red (face up)' in red words."", ""D. It says 'Black (face up)' and '? ?' in black words and 'Red (face up)' in red words.""]",Misleading Context Recognition_sample_19_1,single,Prior
Misleading Context Recognition,What playing cards can be seen on the table?,00:02:57,A,"['A. There is a 10 of diamonds, a 10 of clubs, a 2 of clubs, a j of clubs, an ace of diamonds, a 3 of diamonds and a 10 of spades.', 'B. There is a 10 of diamonds, a 10 of clubs, a 2 of clubs, a jack of clubs, an ace of diamonds, a 3 of diamonds, a q of spades and an 8 of hearts.', 'C. There are the 10 of diamonds, the 8 of diamonds, the 2 of clubs, the Q of spades and the 8 of hearts. ', 'D. There are the 10 of diamonds, the 8 of diamonds, the 10 of clubs, the 2 of clubs, the j of clubs, the ace of diamonds, the 3 of diamonds and the 8 of hearts.']",Misleading Context Recognition_sample_19_2,single,Prior
Misleading Context Recognition,What numbers are written inside this white table?,00:05:53,B,"['A. The table writes the numbers is Black 5 and Black 9 and Red 17.', 'B. The table writes the numbers is Black 5 and Black 9, Red 4 and Red 17.', 'C. The table writes the numbers is Black 9 and Red 17.', 'D. The table write a number is Black 9.']",Misleading Context Recognition_sample_19_3,single,Prior
Misleading Context Recognition,"In this white table, what numbers are written?",00:06:32,C,"['A. The table writes the numbers is Black 5 and Black 9 and Red 17.', 'B. The table writes the numbers is Black 5 and Black 9, Red 4 and Red 17.', 'C. The table writes the numbers is Black 5 and Black 9, Red 4 and Red 17 and red 5.', 'D. The table writes the numbers is Black 9 and Red 17.']",Misleading Context Recognition_sample_19_4,single,Prior
Misleading Context Recognition,What words are written inside the second white form?,00:10:59,D,"[""A. This form has a big black 'B' written on it."", ""B. This form writes 'B' and 'black' in black word."", ""C. This form has 'B' and 'black' in black and a 'red' in red."", ""D. This form has 'B' and 'black' in black and a 'red' and '26-B'in red.""]",Misleading Context Recognition_sample_19_5,single,Prior
Misleading Context Recognition,What does the screen show?,00:00:58,A,"['A. The camera shows a pair of hands pressing on a stack of blue playing cards.', 'B. The camera shows a pile of blue playing cards sitting on a table.', 'C. The camera shows a pair of hands holding a stack of face-up playing cards.', 'D. The camera shows a right hand holding a pile of blue playing cards.']",Misleading Context Recognition_sample_20_1,single,Prior
Misleading Context Recognition,What's on the yellow table now?,00:03:29,B,"[""A. There's now a stack of blue playing cards and a nine of hearts on the table."", 'B. There are now three piles of blue playing cards on the table.', 'C. There are now two piles of blue playing cards on the table.', ""D. There's nothing on the table now.""]",Misleading Context Recognition_sample_20_2,single,Prior
Misleading Context Recognition,What is the screen showing now?,00:04:18,C,"['A. The camera shows a pair of hands holding a pile of blue playing cards and other blue playing cards on the table.', 'B. The camera shows a pair of hands holding a pile of face-up playing cards, with many other blue on the table.', 'C. The camera shows three stacks of blue playing cards and a j of spades.', 'D. The camera shows a hand holding a jack of spades and a number of blue playing cards on the table below it.']",Misleading Context Recognition_sample_20_3,single,Prior
Misleading Context Recognition,What exists on this yellow table now?,00:06:46,D,"['A. There were three piles of blue playing cards and a jack of spades.', 'B. There are four stacks of blue playing cards and a jack of spades.', 'C. There were five stacks of blue playing cards, and a jack of spades.', ""D. There's just two piles of blue playing cards.""]",Misleading Context Recognition_sample_20_4,single,Prior
Misleading Context Recognition,What else exists on the table now?,00:08:37,A,"[""A. Now there's a nine of hearts and a jack of spades on the table, and a stack of blue playing cards."", ""B. There's nothing on the table now."", 'C. Now there are two piles of blue cards on the table.', 'D. Now there are three piles of blue cards on the table.']",Misleading Context Recognition_sample_20_5,single,Prior
Misleading Context Recognition,What is the screen currently showing?,00:00:48,B,"['A. Shows a pile of red playing cards on the table.', 'B. Shows a pair of hands pressed against a pile of red playing cards on the table.', 'C. Shows a pair of hands holding a stack of red playing cards.', 'D. Shows a pair of hands holding a stack of face-up playing cards.']",Misleading Context Recognition_sample_21_1,single,Prior
Misleading Context Recognition,What's on top of the white table now?,00:03:20,C,"[""A. There's a face-up playing card which is the q of diamonds."", ""B. There's a face-up card, the q of diamonds, and a red playing card."", 'C. There were two red playing cards and a five of hearts and a queen of spades.', ""D. There's a face-up card, the k of diamonds, and a red playing card.""]",Misleading Context Recognition_sample_21_2,single,Prior
Misleading Context Recognition,What's the face-up playing card on the table right now?,00:04:34,D,"['A. The playing cards on the table now face up are the 5 of hearts and the q of spades.', 'B. The playing cards on the table face up are now the 9 of hearts and the 7 of spades.', 'C. The playing cards face up on the table are now the queen of hearts and the nine of spades.', 'D. The face-up cards on the table are now the 8 of hearts and the 10 of spades.']",Misleading Context Recognition_sample_21_3,single,Prior
Misleading Context Recognition,What words are in the white screen now?,00:05:31,A,"[""A. Written in black letters on a white screen are the words '52_51_50_.... _3_2_1=52!'."", ""B. Written in black letter s on a white screen are the words '52_51_50_.... _3_2_1='."", ""C. Written in black letters on a white screen are the words '52_51_50_.... _3_2_1'."", ""D. There's nothing written on the white screen.""]",Misleading Context Recognition_sample_21_4,single,Prior
Misleading Context Recognition,What exists inside the white screen now?,00:06:10,B,"[""A. There in black letters it says '52x51x50x .... _x 3 x 2 x 1 = 52!' and a string of numbers '80,000,000' ."", ""B. There in black letters it says '52x51x50x .... _x 3 x 2 x 1 = 52!' and a string of numbers '80,000,000' and a lot of 'zeros'."", ""C. There in black letters it says '52x51x50x .... _x 3 x 2 x 1 = 52!'."", ""D. There in black letters it says '52x51x50x .... _x 3 x 2 x 1 = '.""]",Misleading Context Recognition_sample_21_5,single,Prior
Misleading Context Recognition,What's the cards on the table now?,00:01:49,C,"['A. There are 5 of diamonds, 7 of hearts, 7 of clubs, A of diamonds, 7 of clubs, 9 of hearts and 2 of hearts.', 'B. There are the 5 of diamonds, the 7 of hearts, the 7 of clubs, the ace of diamonds, the 7 of clubs and the 9 of hearts.', 'C. There are the Q of diamonds, six of spades, six diamonds, seven hearts, five hearts, the Q of diamonds, ten of clubs.', 'D. There are 10 of diamonds, 7 of diamonds, 4 of spades, K of hearts, 8 of hearts.']",Misleading Context Recognition_sample_22_1,single,Prior
Misleading Context Recognition,How many playing cards are there now?,00:02:55,D,"['A. There are four playing cards with a nine of diamonds, a two of diamonds, a four of spades, a six of diamonds and a five of diamonds.', 'B. There are ten playing cards with an 8 of hearts, a 9 of diamonds, two 4 of spades, a 2 of diamonds, a 5 of clubs, a 9 of hearts, a 6 of diamonds, a 5 of diamonds, and a Q of diamonds.', 'C. There is not a single playing card on the table.', 'D. There are ten playing cards with two 4s of diamonds, a 4 of hearts, a 6 of hearts, a 2 of clubs, a 6 of clubs, a 3 of clubs, a 10 of clubs, a K of diamonds, a 7 of hearts.']",Misleading Context Recognition_sample_22_2,single,Prior
Misleading Context Recognition,How many playing cards are displayed on the table?,00:03:59,A,"['A. Shows four playing cards with the 8 of hearts, 6 of diamonds, Q of spades,6 of spades.', 'B. There is not a single playing card on the table.', 'C. Three playing cards are shown, with the Ace of diamonds, the 10 of diamonds, and the Jof spades.', 'D. Four playing cards are shown, with the ace of diamonds, the eight of clubs, the ten of diamonds, and the J of spades.']",Misleading Context Recognition_sample_22_3,single,Prior
Misleading Context Recognition,What playing cards exist on the table?,00:05:58,B,"['A. There is the K of hearts, the three of spades and the J of diamonds.', 'B. There is the K of hearts, 7 of spades, 3 of spades, J of diamonds, A of spades, 2 of spades, 5 of hearts.', 'C. There is the A of hearts, the K of hearts, the A of clubs.', 'D. There is the 10 of clubs, the 7 of spades, the 8 of clubs and the J of hearts.']",Misleading Context Recognition_sample_22_4,single,Prior
Misleading Context Recognition,What item is now showed on this table?,00:07:56,C,"['A. There are the Q of hearts, the 10 of clubs, the K of spades, the 7 of spades, the 10 of hearts, the 4 of diamonds, the 7 of clubs and some chips.', 'B. There are only a few chips on the table.', 'C. There are the 9 of spades, the 8 of spades, the 10 of hearts, the 2 of spades, the 2 of clubs, the 5 of hearts and some chips.', 'D. There are the Q of hearts, the K of spades, the 7 of spades, the 10 of hearts, the 4 of diamonds, the 7 of clubs and some chips.']",Misleading Context Recognition_sample_22_5,single,Prior
Misleading Context Recognition,What's on top of this blue table?,00:00:59,D,"['A. There are only some chips there.', 'B. There are a six of clubs, a five of spades and a two of clubs, and some chips.', 'C. There are two K of spades, a seven of diamonds, a seven of hearts, and some chips.', 'D. There are a 4 of diamonds, an 8 of diamonds, an A of spades, a 4 of hearts, a 3 of diamonds and some chips.']",Misleading Context Recognition_sample_23_1,single,Prior
Misleading Context Recognition,How many cards are on the table now and what are they?,00:01:56,A,"['A. There are seven playing cards there, with a six of clubs, a three of hearts, an eight of clubs, two five of diamonds, a five of clubs and a six of diamonds.', 'B. There are three playing cards there, an 8 of clubs, a 5 of diamonds and a 5 of clubs.', 'C. There are four playing cards there, a 7 of diamonds, a 10 of clubs, a 2 of spades and a 10 of hearts.', 'D. There are seven playing cards, a 7 of diamonds, a 10 of hearts, a 2 of spades, a 3 of spades, a K of spades, a 2 of diamonds, and a 9 of clubs.']",Misleading Context Recognition_sample_23_2,single,Prior
Misleading Context Recognition,How many face-up playing cards are now on the table?,00:05:55,B,"['A. There are no cards.', 'B. There are five cards, a king of hearts, a three of hearts, a Q of clubs, a J of clubs, a ten of spades.', 'C. There are four cards, a nine of hearts, a J of diamonds, a six of clubs and a K of diamonds.', 'D. There are three cards, an A of spades, a ten of spades and a nine of diamonds.']",Misleading Context Recognition_sample_23_3,single,Prior
Misleading Context Recognition,What playing cards exist on the table?,00:06:05,C,"['A. There is a six of hearts, a four of diamonds, a nine of diamonds, a Q of spades and a five of clubs.', 'B. There is a Q of clubs, a seven of hearts, a four of hearts, a two of diamonds, an eight of clubs and a two of hearts.', 'C. There is a 9 of diamonds, a 3 of clubs, a Q of hearts, a 5 of hearts and a 10 of clubs.', 'D. There is a 4 of diamonds, a Q of spades and a 5 of clubs.']",Misleading Context Recognition_sample_23_4,single,Prior
Misleading Context Recognition,How many playing cards are on the table now?,00:07:05,D,"['A. There is not a single playing card on the table.', 'B. There are six playing cards there, a 3 of clubs, an 8 of spades, a 5 of diamonds, a 3 of spades, a 4 of spades, a 10 of spades.', 'C. There are ten playing cards, a Q of clubs, a two of clubs, a four of clubs, a three of clubs, a five of hearts, a five of diamonds, an eight of spades, a three of spades, a four of spades and a ten of spades.', 'D. There are five playing cards, a seven of hearts, a K of diamonds, an A of hearts, a nine of clubs and a Q of clubs.']",Misleading Context Recognition_sample_23_5,single,Prior
Misleading Context Recognition,How many playing cards are on top of this green table?,00:00:57,A,"['A. There are seven playing cards there, including a seven of spades, an ace of hearts, a seven of clubs, a K of diamonds, a six of clubs, an ace of spades, and a K of diamonds.', 'B. There is not a single playing card on it.', 'C. There are six playing cards there, a J of diamonds, a seven of diamonds, a seven of spades, a five of diamonds, a six of diamonds, an eight of hearts.', 'D. There are five playing cards, including a 7 of diamonds, a 6 of diamonds, an 8 of hearts, a 4 of diamonds and a K of diamonds.']",Misleading Context Recognition_sample_24_1,single,Prior
Misleading Context Recognition,What playing cards are on the table?,00:03:58,B,"['A. There are two Q of Clubs and a 3 of Hearts.', 'B. There are two 10 of clubs, a 10 of spades, a 2 of clubs and a 9 of hearts there.', 'C. There are two Q of Clubs, a 3 of Hearts, an 8 of Clubs, a J of Hearts and a 7 of Hearts.', 'D. There are two Q of Clubs, a 3 of Hearts and a J of Clubs.']",Misleading Context Recognition_sample_24_2,single,Prior
Misleading Context Recognition,How many playing cards are there and what are they?,00:05:30,C,"['A. There is not a single playing card here.', 'B. There are three playing cards here, a 7 of diamonds, a 3 of clubs and a 7 of clubs.', 'C. There are six playing cards here, a 7 of diamonds, a 5 of hearts, a 3 of clubs, a 6 of clubs, an 8 of spades, a 7 of clubs.', 'D. There are four playing cards, a 3 of diamonds, a K of spades, a nine of hearts and a J of diamonds.']",Misleading Context Recognition_sample_24_3,single,Prior
Misleading Context Recognition,What are the cards in a face-up playing card?,00:07:56,D,"['A. There is a 9 of hearts, a 5 of hearts, an A of clubs, a 10 of spades and a 2 of spades.', 'B. There is a Q of hearts, a Q of diamonds, an A of spades, a two of clubs and a seven of diamonds.', 'C. There is a 9 of diamonds, a 9 of hearts, a 4 of hearts, a K of clubs and a 6 of hearts.', 'D. There is a J of clubs, a J of hearts, a J of diamonds, a six of spades and a three of diamonds.']",Misleading Context Recognition_sample_24_4,single,Prior
Misleading Context Recognition,What are the numbers of playing cards with the same numbers and what are the cards?,00:09:57,A,"['A. Number 8, respectively the 8 of clubs and the 8 of spades.', 'B. Number 10, which is the 10 of clubs and the 10 of spades.', 'C. Number 10, which is the 10 of clubs, the 10 of spades and the 10 of hearts respectively.', 'D. There are no playing cards with the same number on the table now.']",Misleading Context Recognition_sample_24_5,single,Prior
Misleading Context Recognition,What's on this red desk?,00:00:59,B,"['A. There is a 10 of hearts, a 4 of clubs, a 3 of clubs, an 8 of hearts and a K of clubs, and some chips.', 'B. There is a 10 of spades, an 8 of spades and a 6 of hearts, and some chips.', 'C. There is a 2 of hearts, an 8 of diamonds and a J of hearts, and some chips.', 'D. There are only a few chips.']",Misleading Context Recognition_sample_25_1,single,Prior
Misleading Context Recognition,How many playing cards are there now and which ones are they?,00:01:56,C,"['A. There are three playing cards there, a four of diamonds, a seven of hearts and a seven of spades.', 'B. There are five playing cards there, including two fours of diamonds, a seven of hearts, a seven of spades, and a six of clubs.', 'C. Not a single playing card on the table.', 'D. There are six playing cards there, including a J of spades, a six of hearts, a seven of hearts, a seven of clubs, a four of clubs and a three of hearts.']",Misleading Context Recognition_sample_25_2,single,Prior
Misleading Context Recognition,How many face-up playing cards are on the table?,00:02:53,D,"['A. There is only one which is the 10 of clubs.', 'B. There is not a single face-up playing card on the table.', 'C. There are three cards there, a 4 of hearts, an A of hearts and an 8 of clubs.', 'D. There are six there, a six of spades, a two of spades, a four of hearts, an eight of diamonds, an A of hearts and an eight of clubs.']",Misleading Context Recognition_sample_25_3,single,Prior
Misleading Context Recognition,What is a playing card with the same number on the table?,00:03:57,A,"['A. Playing cards with the same number is 9, both are 9 of hearts.', 'B. The playing cards with the same number is 8, including an 8 of spades and an 8 of diamonds.', 'C. Playing cards with the same number is 4, including a 4 of spades and two 4 of diamonds.', 'D. There are no cards with the same number on the table.']",Misleading Context Recognition_sample_25_4,single,Prior
Misleading Context Recognition,How many face-up playing cards now exist on the table?,00:05:52,B,"['A. There is not a single face-up playing card here.', 'B. There are five there, the 3 of hearts, the K of diamonds, the 5 of hearts, the 9 of spades and the 10 of spades.', 'C. There are four cards, an A of diamonds, two fours of diamonds and a nine of spades.', 'D. There are three cards, one A of diamonds and two fours of diamonds.']",Misleading Context Recognition_sample_25_5,single,Prior
Misleading Context Recognition,What playing cards are on top of this green table?,00:00:59,C,"['A. There is not a single playing card there.', 'B. There is an A of clubs, a nine of spades and a seven of spades.', 'C. There is a 4 of diamonds, a 2 of spades and a K of spades there.', 'D. There is a K of hearts, a five of clubs, a nine of clubs and a nine of diamonds.']",Misleading Context Recognition_sample_26_1,single,Prior
Misleading Context Recognition,How many face-up playing cards are on the table now?,00:01:56,D,"['A. There is not a single face-up playing card there.', 'B. There are three face-up playing cards, a six of clubs, a Q of diamonds and an eight of hearts.', 'C. There are two face-up playing cards, a six of clubs and a Q of diamonds.', 'D. There are five face-up playing cards there, a J of spades, a six of clubs, a five of spades, an eight of hearts and a Q of diamonds.']",Misleading Context Recognition_sample_26_2,single,Prior
Misleading Context Recognition,What's on the green desktop now?,00:02:55,A,"['A. There is a 2 of diamonds, a 9 of hearts and a 9 of clubs and some chips.', 'B. There are only some chips there.', 'C. There are two aces of diamonds, a K of spades and some chips.', 'D. There is an 8 of diamonds, a 9 of clubs and a 7 of spades and some chips.']",Misleading Context Recognition_sample_26_3,single,Prior
Misleading Context Recognition,What playing cards exist on the table?,00:04:55,B,"['A. There is not a single playing card there.', 'B. There is a 10 of spades, a 6 of clubs and a J of diamonds.', 'C. There is a 10 of hearts, a 6 of hearts and a J of hearts there.', 'D. There is a 4 of diamonds, a 3 of diamonds and an A of spades.']",Misleading Context Recognition_sample_26_4,single,Prior
Misleading Context Recognition,How many face-up playing cards are here?,00:07:50,C,"['A. Here are four, the 10 of spades, the 5 of diamonds, the 3 of diamonds and the 4 of clubs.', 'B. There are three here, the 3 of spades, the 3 of diamonds and the 6 of hearts.', 'C. There are seven here, the J of clubs, the eight of spades, the three of spades, the three of hearts, the six of hearts, the three of diamonds and the ten of clubs.', 'D. There are six here, the 5 of spades, the 8 of spades, the 2 of spades, the 6 of spades, the J of spades and the Q of hearts.']",Misleading Context Recognition_sample_26_5,single,Prior
Misleading Context Recognition,What playing cards are on the grey desk?,00:01:56,D,"['A. There are a 7 of diamonds, a 9 of spades, a 3 of diamonds, an A of spades and a K of hearts.', 'B. There are a 3 of hearts, a K of clubs and a 6 of diamonds.', 'C. There are an A of diamonds, a nine of clubs and a nine of spades.', 'D. There are a six of diamonds, a two of clubs, a four of spades and a Q of clubs.']",Misleading Context Recognition_sample_27_1,single,Prior
Misleading Context Recognition,What does the face-up playing card show here?,00:02:48,A,"['A. There is an eight of hearts, a five of hearts, a king of diamonds, a four of clubs and a Q of clubs.', 'B. There is a 9 of diamonds, a 7 of spades and an A of clubs.', 'C. There is a Q of spades, a nine of diamonds, a five of diamonds and a four of hearts.', 'D. There is a Q of spades, a nine of diamonds and a five of diamonds.']",Misleading Context Recognition_sample_27_2,single,Prior
Misleading Context Recognition,What is playing cards are there on the desk now?,00:03:38,B,"['A. There are no playing cards on the desk now.', 'B. There is a Q of spades, a two of spades, a three of hearts, a ten of hearts, a six of hearts, a two of diamonds and a J of diamonds.', 'C. Here is a 9 of diamonds, a 3 of clubs and an 8 of clubs.', 'D. Here we have a K of hearts, an Aof diamonds, a four of diamonds, a Q of spades, a ten of hearts and a five of diamonds.']",Misleading Context Recognition_sample_27_3,single,Prior
Misleading Context Recognition,What are the face-up playing cards on the table?,00:04:56,C,"['A. There is a four of spades, a six of spades and an eight of diamonds.', 'B. There is only one 8 of diamonds there.', 'C. There is a 7 of hearts, a 10 of clubs and an 8 of spades there.', 'D. There is an A of hearts, a five of spades, a seven of diamonds and a Q of clubs.']",Misleading Context Recognition_sample_27_4,single,Prior
Misleading Context Recognition,What playing cards are now displayed on the grey desk?,00:05:58,D,"['A. There are a Q of hearts, an eight of hearts, an eight of clubs, an eight of hearts and a J of hearts.', 'B. There are a five of hearts, a K of spades and a four of spades.', 'C. There are a Q of diamonds, a five of hearts, a ten of clubs, a K of spades and a four of spades.', ""D. There're a J of hearts, a ten of hearts and an A of diamonds.""]",Misleading Context Recognition_sample_27_5,single,Prior
Misleading Context Recognition,What playing cards are on the green desk now?,00:00:56,A,"['A. There are an 8 of diamonds, a 10 of hearts, a 6 of spades, a 10 of spades and an 8 of spades.', 'B. There are a K of hearts, a seven of hearts and a two of spades.', 'C. There are a Q of clubs, an eight of hearts and an A of clubs.', 'D. There are a 7 of spades, a 3 of hearts, a 6 of clubs and an 8 of diamonds.']",Misleading Context Recognition_sample_28_1,single,Prior
Misleading Context Recognition,What face-up playing cards are on the desk now?,00:01:57,B,"['A. There is a nine of spades and two eights of spades.', 'B. There is a Q of hearts, a nine of hearts and a seven of spades there.', 'C. There is a J of spades, a five of diamonds and an eight of hearts.', 'D. There is a 10 of clubs, a 9 of clubs, a 3 of hearts, an ace of spades, a 9 of hearts and a J of diamonds.']",Misleading Context Recognition_sample_28_2,single,Prior
Misleading Context Recognition,How many playing cards are on the desk?,00:02:58,C,"['A. There are four playing cards, an A of clubs, a two of spades, a ten of hearts and a five of spades.', 'B. There is not a single playing card there.', 'C. There are three playing cards there, the 3 of spades, the 4 of spades, and the 6 of diamonds.', 'D. There are six playing cards there, an A of clubs, a six of spades, a Q of clubs, a five of spades, a ten of hearts and a two of spades.']",Misleading Context Recognition_sample_28_3,single,Prior
Misleading Context Recognition,What playing cards are on display on the desk now?,00:06:51,D,"['A. There is a J of clubs, a Q of clubs and a six of spades.', 'B. There is a 6 of clubs, a 7 of clubs and a 7 of diamonds.', 'C. There is a six of clubs, a seven of clubs, a seven of diamonds and a ten of diamonds.', 'D. There is a 5 of diamonds, a 6 of clubs, a K of spades, a Q of spades, a 7 of clubs, a 7 of diamonds and a 10 of diamonds.']",Misleading Context Recognition_sample_28_4,single,Prior
Misleading Context Recognition,What exists on the green table now?,00:08:58,A,"['A. There are a five of spades, a four of spades and a six of spades and some chips.', 'B. There are only some chips here.', ""C. There're an 8 of spades, a 10 of hearts, a 7 of hearts and a 5 of diamonds and some chips."", 'D. There are a 9 of spades, a 2 of hearts, a 10 of hearts, a 10 of spades and a 5 of clubs and some chips.']",Misleading Context Recognition_sample_28_5,single,Prior
Misleading Context Recognition,What are the cards on top of the green table now?,00:00:55,B,"['A. There are a 7 of clubs, a J of hearts, a Qof diamonds and an 8 of hearts.', 'B. Here we have a Q of spades, a six of clubs, a seven of hearts, a three of clubs, a jack of spades and an eight of hearts.', 'C. Here we have a spade Q, a three of diamonds, a five of spades, an eight of diamonds, a six of spades and a ten of spades.', 'D. Here we have a 9 of diamonds, a 7 of diamonds and an A of clubs.']",Misleading Context Recognition_sample_29_1,single,Prior
Misleading Context Recognition,What playing cards are here face up?,00:02:54,C,"['A. There is a ten of hearts, a six of hearts, a two of spades, a five of hearts, and a nine of spades.', 'B. There is a 10 of hearts, a 2 of spades and a 6 of hearts.', 'C. There is an eight of clubs, a four of hearts and an eight of spades here.', 'D. There is a Q of spades, a four of spades, a seven of clubs, a ten of diamonds and a K of spades.']",Misleading Context Recognition_sample_29_2,single,Prior
Misleading Context Recognition,Are there any playing cards here that have the same numbers or letters?,00:03:54,D,"['A. There are two playing cards with the same number, the 8 of clubs and the 8 of spades.', 'B. There are three playing cards with the same number, the 8 of clubs, the 8 of spades and the 8 of diamonds.', 'C. Here are two playing cards with the same numbers, the 2 of hearts and the 2 of diamonds.', ""D. Here are playing cards with the same letter, that's the Q of hearts.""]",Misleading Context Recognition_sample_29_3,single,Prior
Misleading Context Recognition,What cards are on display on the table right now?,00:04:55,A,"['A. There are two eights of spades and an eight of hearts here.', 'B. Here are two 7 of spades, a 9 of hearts, a 3 of diamonds, an A of spades and an 8 of diamonds.', 'C. Here we have two Q of hearts, a six of spades and a nine of diamonds.', 'D. There are two Q of hearts and a six of spades.']",Misleading Context Recognition_sample_29_4,single,Prior
Misleading Context Recognition,How many playing cards are here now?,00:06:57,B,"['A. There are six cards here, two K of hearts, a K of diamonds, a three of spades, a three of hearts and a two of clubs.', 'B. There are three here, the four of clubs, the Q of clubs and the K of hearts.', 'C. There are four cards here, namely the 10 of clubs, the 9 of spades, the 10 of spades and the 8 of diamonds.', 'D. There are no playing cards here.']",Misleading Context Recognition_sample_29_5,single,Prior
Misleading Context Recognition,What playing cards are on the green table now?,00:00:58,C,"['A. There is a k of hearts, a j of diamonds and a 3 of spades.', 'B. Here there is a q of hearts, a q of diamonds and a 5 of clubs.', 'C. There is not a single playing card here.', 'D. There are a 7 of diamonds, a 2 of hearts and a q of clubs.']",Misleading Context Recognition_sample_30_1,single,Prior
Misleading Context Recognition,What are the face-up playing cards here?,00:01:56,D,"['A. Here we have a q of hearts, a q of diamonds, a 10 of spades and a 5 of clubs.', 'B. Here there is a 7 of diamonds, a q of clubs and a 2 of hearts.', 'C. There is not a single face-up playing card here.', 'D. There are two fours of hearts and a seven of hearts.']",Misleading Context Recognition_sample_30_2,single,Prior
Misleading Context Recognition,What playing cards now exist on the table?,00:03:55,A,"['A. There is an ace of spades, a j of hearts and a 3 of hearts there.', 'B. There is not a single playing card there.', 'C. There is a 10 of diamonds, a 9 of clubs, a 4 of clubs, a 5 of spades, a 2 of spades, a 3 of spades, and an ace of hearts.', 'D. There is a 9 of clubs, a 3 of spades and an ace of hearts.']",Misleading Context Recognition_sample_30_3,single,Prior
Misleading Context Recognition,How many playing cards are in here?,00:05:55,B,"['A. There are nine playing cards, one six of hearts, one three of spades, two eights of hearts, one three of clubs, one nine of clubs, one ace of clubs, one three of spades, and one ten of clubs.', 'B. There are five playing cards, a j of spades, a j of hearts, a 9 of spades, an 8 of spades and an ace of clubs.', 'C. There are no any playing cards here.', 'D. There are six playing cards here, a 7 of hearts, a j of spades, two 10 of spades, a 10 of diamonds and a q of diamonds.']",Misleading Context Recognition_sample_30_4,single,Prior
Misleading Context Recognition,How many playing cards are here now?,00:07:56,C,"['A. There is not a single playing card there.', 'B. There are three cards there, a 2 of hearts, a 7 of spades and a 10 of clubs.', 'C. There are six cards there, a king of spades, a six of diamonds, a two of hearts, an eight of diamonds, a seven of spades and a ten of clubs.', 'D. There are five cards there, a 5 of hearts, a 5 of diamonds, a 10 of hearts, a k of clubs and a j of hearts.']",Misleading Context Recognition_sample_30_5,single,Prior
Misleading Context Recognition,What playing cards are on this blue table?,00:00:58,D,"['A. There are a 10 of spades, a 4 of diamonds, an ace of diamonds, a 7 of diamonds, a j of hearts, a q of diamonds and a 10 of hearts.', 'B. There are a 4 of diamonds, an ace of diamonds, a 7 of diamonds, a j of hearts, a q of diamonds and a 10 of hearts.', 'C. There are a 4 of diamonds, an ace of diamonds, a 7 of diamonds, a j of hearts and a q of diamonds.', 'D. There are a 9 of hearts, a 4 of diamonds, a 3 of spades, a 2 of diamonds and a 4 of spades.']",Misleading Context Recognition_sample_31_1,single,Prior
Misleading Context Recognition,How many playing cards are on the table?,00:02:58,A,"['A. There are nine playing cards, an eight of clubs, a two of clubs, two seven of hearts, a ten of hearts, a five of clubs, a four of hearts, an ace of hearts and an eight of hearts.', 'B. There are four playing cards, a 5 of clubs, an ace of hearts, an 8 of hearts and a 7 of hearts.', 'C. There are five playing cards, a four of hearts, a five of clubs, an ace of hearts, an eight of hearts and a seven of hearts.', 'D. There is not a single playing card there.']",Misleading Context Recognition_sample_31_2,single,Prior
Misleading Context Recognition,How many face-up playing cards are here?,00:03:58,B,"['A. There is not a single face-up playing card.', 'B. There are five face-up playing cards, a king of spades, an eight of hearts, a six of spades, a five of hearts and a jack of diamonds.', 'C. There are nine playing cards face up, a spade q, a spade 4, a diamond 5, a heart 4, a heart 10, a spade 3, a club 5, a spade 8 and a heart q.', 'D. There are eight face-up playing cards, a spade q, a spade 4, a diamond 5, a heart 4, a spade 3, a club 5, an eight of spades and a heart q.']",Misleading Context Recognition_sample_31_3,single,Prior
Misleading Context Recognition,How many playing cards exist here?,00:04:58,C,"['A. There are four playing cards here, a q of spades, a 3 of spades, a 7 of clubs, a 6 of spades and a q of diamonds.', 'B. Here are five playing cards, a 9 of hearts, an 8 of clubs, a 6 of spades, a q of hearts and a 6 of clubs.', 'C. Here there are six playing cards, two 9 of hearts, one 8 of clubs, one 6 of spades, one 6 of clubs and one q of spades.', 'D. There are no playing cards here.']",Misleading Context Recognition_sample_31_4,single,Prior
Misleading Context Recognition,What playing cards are shown here?,00:07:56,D,"['A. There are an 8 of diamonds, an 8 of spades, a 9 of hearts, a 9 of clubs, a j of spades, a 3 of spades and a 5 of clubs.', 'B. Here we have an 8 of spades, a 9 of hearts, a 9 of clubs, a j of spades, a 3 of spades and a 5 of clubs.', 'C. There are a 9 of hearts, a 9 of clubs, a j of spades, a 3 of spades and a 5 of clubs.', 'D. There are a club q, a club 10, a heart j, a heart 9, a diamond 5, a club 4, a diamond 3, and a club 9.']",Misleading Context Recognition_sample_31_5,single,Prior
Misleading Context Recognition,"Apart from the red ball, how many balls of what colour are there on the table?",00:00:59,B,"['A. there is a white ball, a yellow ball, a brown ball, a green ball, a blue ball and a pink ball for a total of six balls.', 'B. there is a white ball, a yellow ball, a brown ball, a green ball, a blue ball, a pink ball and a black ball for a total of seven balls.', 'C. there is a brown ball, a yellow ball, a green ball, a pink ball, a white ball and a black ball a total of six balls.', 'D. there is also a yellow ball, a white ball, a brown ball, a green ball and a blue ball for a total of five balls.']",Misleading Context Recognition_sample_32_1,single,Prior
Misleading Context Recognition,What other colors of billiards are there on the desktop besides the red ones?,00:01:57,C,"['A. There are also white, pink, blue, green, brown, and yellow billiards on the table.', 'B. There are also white, pink, and black billiards on the desktop.', 'C. There are only black billiards and white billiards on the table.', 'D. There are black, white, pink, blue, green, brown, and yellow billiards on the table.']",Misleading Context Recognition_sample_32_2,single,Prior
Misleading Context Recognition,How many red snooker balls are left?,00:02:57,D,"['A. There are ten red snooker balls.', 'B. There are nine red snooker balls.', 'C. There are seventeen red snooker balls left.', 'D. Three red snooker balls remain.']",Misleading Context Recognition_sample_32_3,single,Prior
Misleading Context Recognition,How many billiard balls of what colour are left on the table now?,00:04:54,A,"['A. One black ball, one white ball and one pink ball totalling three balls.', 'B. one yellow ball, one brown ball, one blue ball, one pink ball, one white ball, one black ball, one green ball and six red balls totalling thirteen balls.', 'C. there is also a yellow ball, a green ball, a brown ball, a black ball, a pink ball, a white ball, a blue ball and two red balls totalling nine balls.', 'D. there is also a blue ball, a black ball, a white ball, a pink ball and two red balls totalling six balls.']",Misleading Context Recognition_sample_32_4,single,Prior
Misleading Context Recognition,How many more balls of what colour are here?,00:05:54,B,"['A. A.Here are eight more balls, a pink ball, a white ball, a yellow ball, a brown ball, a red ball, a green ball, a black ball, a blue ball.', 'B. Here are six more balls, a brown ball, a blue ball, a white ball, a green ball, a pink ball and a black ball.', 'C. Here are seven more balls, a pink ball, a yellow ball, a brown ball, a green ball, a black ball, a white ball, and a blue ball.', 'D. there are a white ball and a red ball for a total two balls.']",Misleading Context Recognition_sample_32_5,single,Prior
Misleading Context Recognition,How many red balls are there on the table now?,00:01:56,C,"['A. There are no red balls on the table.', 'B. There are now thirteen red balls on the table.', 'C. There are now fourteen red balls on the table.', 'D. There are now twelve red balls on the table.']",Misleading Context Recognition_sample_33_1,single,Prior
Misleading Context Recognition,"Apart from the red ball, how many other coloured balls are now on the table?",00:02:59,D,"['A. There is only one other coloured ball on the table, coloured white.', 'B. There are three balls of other colours on the table, coloured white, pink and black.', 'C. There are six balls of other colours on the table, the colours are yellow, blue, brown, green, pink and white.', 'D. There are seven balls of other colours on the table, the colours are yellow , blue, brown, green, pink, white and black.']",Misleading Context Recognition_sample_33_2,single,Prior
Misleading Context Recognition,How many pool balls are on the table now?,00:03:56,A,"['A. There are fifteen billiard balls on the table now.', 'B. There are fourteen billiard balls on the table now.', 'C. There are thirteen billiard balls on the table now.', 'D. There are now seventeen billiard balls on the table.']",Misleading Context Recognition_sample_33_3,single,Prior
Misleading Context Recognition,"Apart from the red ball, how many balls of what colour are now on the table?",00:04:54,B,"['A. There is one black ball and one white ball left.', 'B. There is one yellow ball, one blue ball, one green ball, one white ball and one pink ball for a total of six balls.', 'C. There is one yellow ball, one blue ball, one brown ball, one green ball, one white ball, one pink ball and one black ball for a total of seven balls.', 'D. There is one white ball, one black ball and one pink ball for a total of three balls.']",Misleading Context Recognition_sample_33_4,single,Prior
Misleading Context Recognition,How many red snooker balls are there on the table now?,00:07:56,C,"['A. There are now five red snooker balls on the table.', 'B. There are no red snooker balls on the table now.', 'C. There are four red snooker balls on the table now.', 'D. there are now two red snooker balls on the table.']",Misleading Context Recognition_sample_33_5,single,Prior
Misleading Context Recognition,"Apart from the red ball, how many balls of what colour are now on the table?",00:01:56,D,"['A. There is one white ball, one black ball, one pink ball and one blue ball.', 'B. There is one white ball, one black ball and one pink ball.', 'C. There is one yellow ball, one brown ball, one green ball, one blue ball, one pink ball, one white ball and one black ball, making seven balls.', 'D. There is a yellow ball, a brown ball, a green ball, a blue ball, a pink ball and a white ball for a total of six balls.']",Misleading Context Recognition_sample_34_1,single,Prior
Misleading Context Recognition,What color balls are there on the desktop now besides white balls?,00:02:57,A,"['A. There are still black, red, pink, blue, yellow, brown, and green balls.', 'B. There are still red, pink, blue, yellow, brown, and green balls.', 'C. Now there are only black, red, white, and pink balls.', 'D. Now there are only white balls.']",Misleading Context Recognition_sample_34_2,single,Prior
Misleading Context Recognition,"Apart from the red ball, how many balls of what colour are left on the table?",00:03:56,B,"['A. There is one black ball and one white ball left.', 'B. One black ball, one white ball, one pink ball, one yellow ball, one brown ball, one green ball and one blue ball for a toal of seven balls.', 'C. One black ball, one white ball and one pink ball.', 'D. One white ball, one pink ball, one yellow ball, one brown ball, one green ball and one blue ball for a total of six balls.']",Misleading Context Recognition_sample_34_3,single,Prior
Misleading Context Recognition,"Apart from the black and white balls, how many balls of what colour are now on the table?",00:04:59,C,"['A. There are six red balls, one yellow ball, one brown ball, one blue ball, one green ball, and one pink ball for a total of eleven balls.', 'B. There are five red balls.', 'C. There are five red balls, one yellow ball, one brown ball, one blue ball, one green ball, and one pink ball for a total of ten balls.', 'D. There are seven red balls, one yellow ball, one brown ball, one blue ball, one green ball, and one pink ball for a total of twelve balls.']",Misleading Context Recognition_sample_34_4,single,Prior
Misleading Context Recognition,How many balls of what colour are there on the table in addition to the white ones?,00:07:25,D,"['A. There is a yellow ball, a brown ball, a green ball, a blue ball, a pink ball and a black ball totalling six balls.', 'B. There is one brown ball, one green ball, one blue ball, one pink ball and one black ball totalling five balls.', 'C. There is also a brown ball, a blue ball, a pink ball and a black ball totalling four balls.', 'D. There is also a blue ball, a pink ball and a black ball totalling three balls.']",Misleading Context Recognition_sample_34_5,single,Prior
Misleading Context Recognition,"Apart from the red ball, how many balls of what colour are there on the table?",00:00:59,A,"['A. There are seven balls on the table, one yellow ball, one brown ball, one green ball, one blue ball, one pink ball, one black ball and one white ball.', 'B. There are four balls left on the table, a white ball, a black ball, a blue ball and a pink ball.', 'C. There are five balls left on the table, a black ball a white ball a pink ball a blue ball and a yellow ball.', 'D. There are six balls left on the table, a yellow ball a brown ball a green ball a blue ball a pink ball and a white ball.']",Misleading Context Recognition_sample_35_1,single,Prior
Misleading Context Recognition,How many red balls are there on the table in total?,00:02:59,B,"['A. There are a total of ten red balls on the table.', 'B. There are a total of nine red balls on the table.', 'C. There are a total of eleven red balls on the table.', 'D. There are a total of eight red balls on the table.']",Misleading Context Recognition_sample_35_2,single,Prior
Misleading Context Recognition,What color balls are there on the table now besides black balls?,00:03:59,C,"['A. There are white balls, pink balls, red balls, blue balls, and yellow balls on the table.', 'B. There are red balls, pink balls, and blue balls on the table.', 'C. There are white balls, pink balls, and red balls on the table.', 'D. There are white balls, pink balls, red balls, blue balls, yellow balls, brown balls, and green balls on the table.']",Misleading Context Recognition_sample_35_3,single,Prior
Misleading Context Recognition,How many red snooker balls are left on the table now?,00:04:57,D,"['A. There are eight red snooker balls left on the table.', 'B. There are only three red snooker balls on the table.', 'C. There are seven red snooker balls on the table.', 'D. There are six red snooker balls left on the table.']",Misleading Context Recognition_sample_35_4,single,Prior
Misleading Context Recognition,"Apart from the green and blue balls, how many balls of what colour are on the table?",00:05:57,A,"['A. There are four red balls, one black ball, one white ball and one pink ball totalling seven balls.', 'B. There are four red balls, one black ball, one white ball, one pink ball, one yellow ball and one brown ball totaly nine balls.', 'C. There are five red balls, one black ball, one white ball, one pink ball, one yellow ball and one brown ball, making ten balls.', 'D. There are five red balls, one white ball, one yellow ball, one brown ball and one pink ball. The total number of balls is nine.']",Misleading Context Recognition_sample_35_5,single,Prior
Misleading Context Recognition,"Apart from the red ball, how many balls of what colour are now on the table?",00:01:50,B,"['A. There is one white ball, one pink ball, one blue ball, one yellow ball, one brown ball, one green ball and one black ball for a total of seven balls.', 'B. There is one white ball, one pink ball, one blue ball, one yellow ball, one brown ball and one green ball for a total of six balls.', 'C. There is also a white ball, a black ball and a pink ball.', 'D. There is also a white ball and a pink ball.']",Misleading Context Recognition_sample_36_1,single,Prior
Misleading Context Recognition,How many balls of what colour are on the table now?,00:02:59,C,"['A. There are seven red balls, one white ball and one pink ball for a total of nine balls.', 'B. There are eight red balls, one yellow ball, one blue ball, one brown ball, one green ball, one pink ball and one white ball totalling fourteen balls.', 'C. There are eight red balls, one yellow ball, one blue ball, one brown ball, one green ball, one pink ball, one white ball and one black ball for a total of fifteen balls.', 'D. There are seven red balls, one black ball, one white ball and one pink ball totalling ten balls.']",Misleading Context Recognition_sample_36_2,single,Prior
Misleading Context Recognition,"Apart from a black ball and a white ball, how many balls of what colour are now on the table?",00:03:58,D,"['A. There are six red balls, one yellow ball, one brown ball, one blue ball, one green ball and one pink ball totalling eleven balls.', 'B. There are seven red balls, one yellow ball, one brown ball, one blue ball, one green ball and one pink ball, totalling twelve balls.', 'C. There are six red balls, one pink ball and one black ball totalling eight balls.', 'D. There are five red balls and one pink ball for a total of six balls.']",Misleading Context Recognition_sample_36_3,single,Prior
Misleading Context Recognition,"Apart from the red ball, how many balls of what colour are now on the table?",00:04:54,A,"['A. There is also a yellow ball, a brown ball, a green ball, a blue ball, a pink ball, a black ball and a white ball making a total of seven balls.', 'B. There is also a pink ball and a white ball.', 'C. There is one yellow ball, one brown ball, one green ball, one blue ball, one pink ball and one white ball totalling six balls.', 'D. There is also a black ball, a white ball and a pink ball.']",Misleading Context Recognition_sample_36_4,single,Prior
Misleading Context Recognition,What other balls are on the table besides a white ball?,00:05:55,B,"['A. There are also yellow balls, brown balls, green balls, blue balls, and red balls.', 'B. Only one red ball remains.', 'C. Only one pink ball remains.', 'D. Only one pink ball and one black ball remain.']",Misleading Context Recognition_sample_36_5,single,Prior
Misleading Context Recognition,What other colours of balls are on the table besides red?,00:01:56,B,"['A. There are also white, green, brown, yellow and blue balls.', 'B. There are also white, black, pink, yellow, brown, green and blue balls.', 'C. There are no other coloured balls on the table.', 'D. There are also white, brown, yellow and green balls.']",Misleading Context Recognition_sample_37_1,single,Prior
Misleading Context Recognition,How many red snooker balls are there on the table now?,00:06:52,C,"['A. There are seven red snooker balls on the table.', 'B. There are six red snooker balls on the table.', 'C. There are only five red snooker balls on the table.', 'D. There are eight red snooker balls on the table.']",Misleading Context Recognition_sample_37_2,single,Prior
Misleading Context Recognition,"Apart from the white ball, how many balls of what colour are on the table?",00:07:54,D,"['A. There are five red balls, one yellow ball, one brown ball, one green ball, one blue ball, one pink ball and one black ball totalling eleven balls.', 'B. There are two red balls, one pink ball and one black ball totalling four balls.', 'C. There are three red balls, one blue ball, one pink ball and one black ball totalling six balls.', 'D. There are three red balls, one yellow ball, one brown ball, one green ball, one blue ball, one pink ball, and one black ball for a total of nine balls.']",Misleading Context Recognition_sample_37_3,single,Prior
Misleading Context Recognition,How many balls of what colour are there on the table apart from a black ball and a white ball?,00:08:51,A,"['A. There are also two red balls and one pink ball.', 'B. There are also three red balls, one yellow ball, one brown ball, one green ball, one blue ball and one pink ball for a total of eight balls.', 'C. There is one red ball and one pink ball.', 'D. There are two red balls, one yellow ball, one brown ball, one green ball, one blue ball and one pink ball for a total of seven balls.']",Misleading Context Recognition_sample_37_4,single,Prior
Misleading Context Recognition,How many billiard balls are left on the table now?,00:09:56,B,"['A. There are still eight balls left on the table.', 'B. There are still six balls left on the table.', 'C. There are still seven balls left on the table.', 'D. There are still nine balls left on the table.']",Misleading Context Recognition_sample_37_5,single,Prior
Misleading Context Recognition,How many balls of what colour are on the table now?,00:00:56,A,"['A. There are thirteen red balls, one white ball, one yellow ball, one brown ball, one green ball, one blue ball, one pink ball and one black ball totalling twenty balls.', 'B. There are two red balls, one yellow ball, one green ball, one brown ball, one white ball, one blue ball, one pink ball and one black ball.', 'C. There are two red balls, one yellow ball, one green ball, one brown ball, one white ball, one blue ball and one pink ball totalling eight balls.', 'D. there is also one black ball, one white ball and one pink ball totalling three balls.']",Misleading Context Recognition_sample_38_1,single,Prior
Misleading Context Recognition,What color billiard balls are still on the table now?,00:03:47,B,"['A. There are still white billiards, black billiards, and red billiards on the table now.', 'B. There are still black and white billiards on the table now.', 'C. Now there are only white billiards left on the table.', 'D. Now there are only white billiards, black billiards, and pink billiards left on the table.']",Misleading Context Recognition_sample_38_2,single,Prior
Misleading Context Recognition,How many balls of what colour are there on the table in addition to the black ball and the white ball?,00:06:36,C,"['A. there is one yellow ball, one blue ball, one brown ball, one pink ball and one green ball totalling five balls.', 'B. there is only one pink ball.', 'C. there are five red balls, one blue ball, one brown ball, one green ball and one pink ball totalling nine balls.', 'D. there is one pink ball, one green ball, one brown ball and one blue ball totalling four balls.']",Misleading Context Recognition_sample_38_3,single,Prior
Misleading Context Recognition,How many balls of what colour are there on the table in addition to the white ones?,00:07:13,D,"['A. There are eight red balls, one yellow ball, one brown ball, one blue ball, one green ball, one pink ball and one black ball totalling fourteen balls.', 'B. There are five red balls, one yellow ball, one brown ball, one blue ball, one green ball, one pink ball and one black ball totalling eleven balls.', 'C. there is one pink ball, one green ball, one black ball, one brown ball and one blue ball totalling five balls.', 'D. there is also a brown ball, a blue ball, a yellow ball, a black ball and a pink ball totalling five balls.']",Misleading Context Recognition_sample_38_4,single,Prior
Misleading Context Recognition,How many other balls of what colour are there on the table besides a black one?,00:08:56,A,"['A. There is only a white ball.', 'B. There is a yellow ball, a white ball, a brown ball, a green ball, a blue ball and a pink ball, six balls in all.', 'C. There is a red ball, a yellow ball, a white ball, a brown ball, a green ball, a blue ball and a pink ball, making seven balls in all.', 'D. There is a white ball, a blue ball, a brown ball and a pink ball, four balls in all.']",Misleading Context Recognition_sample_38_5,single,Prior
Misleading Context Recognition,How many billiards are there on the table now?,00:00:57,C,"['A. There are now seventeen billiard balls on the table.', 'B. There are nine billiard balls on the table.', 'C. There is only one white ball left on the table.', 'D. There are six billiard balls on the table.']",Misleading Context Recognition_sample_39_1,single,Prior
Misleading Context Recognition,How many balls are left on the table and what colour are they?,00:01:57,D,"['A. There are also a black ball, a white ball, a red ball, a yellow ball and a blue ball totalling five balls.', 'B. There is a black ball, a white ball, a red ball, a pink ball, a blue ball, a brown ball and a green ball totalling seven balls.', 'C. There is also a black ball, a white ball, a yellow ball, a blue ball, a pink ball and a green ball totalling six balls.', 'D. There is also a black ball, a white ball and a brown ball.']",Misleading Context Recognition_sample_39_2,single,Prior
Misleading Context Recognition,"Apart from the white ball, how many balls of what colour are now on the table?",00:02:57,A,"['A. There is also a black ball, a pink ball and a blue ball.', 'B. There is also a black ball and a pink ball.', 'C. There are also a brown ball, a green ball, a blue ball, a pink ball and a black ball for a total of five balls.', 'D. There is also a yellow ball, a brown ball, a blue ball, a black ball, a green ball, a pink ball and a red ball for a total of seven balls.']",Misleading Context Recognition_sample_39_3,single,Prior
Misleading Context Recognition,What color ball is left on the table besides the black ball?,00:03:58,B,"['A. There is also a white ball and a blue ball.', 'B. There are also blue, pink, and white balls.', 'C. There are also white, brown, yellow, green, blue, pink, and red balls.', 'D. There are also white, brown, blue, and pink balls.']",Misleading Context Recognition_sample_39_4,single,Prior
Misleading Context Recognition,How many balls are there on the table and what colour are they?,00:04:54,C,"['A. There are a pink ball, a white ball and a black ball.', 'B. There are one blue ball, one white ball, one pink ball and one black ball, making a total of four balls.', 'C. There are two more red balls, a white ball, a pink ball and a blue ball, making five balls in all.', 'D. There are also a white ball, a red ball, a brown ball, a green ball, a yellow ball, a blue ball, a pink ball and a black ball, making a total of eight balls.']",Misleading Context Recognition_sample_39_5,single,Prior
Misleading Context Recognition,"Besides the red ball, how many other balls are there on the table and what colour are they?",00:03:56,D,"['A. There is a white ball, a black ball and a pink ball, making three balls.', 'B. There is a white ball, a black ball, a pink ball and a blue ball - four balls in all.', 'C. There is a yellow ball, a brown ball, a green ball, a blue ball, a pink ball and a white ball - six balls.', 'D. There is a yellow ball, a brown ball, a green ball, a blue ball, a pink ball, a white ball, a black ball and seven balls.']",Misleading Context Recognition_sample_40_1,single,Prior
Misleading Context Recognition,"Apart from the white ball, how many other balls are there on the table and what colour are they?",00:04:55,A,"['A. There is a red ball, a pink ball, a black ball and a blue ball totalling four balls.', 'B. There is a yellow ball, a brown ball, a green ball, a blue ball, a pink ball, a red ball and a black ball totalling seven balls.', 'C. There is a red ball and a pink ball totalling two balls.', 'D. A red ball, a pink ball and a black ball totalling three balls.']",Misleading Context Recognition_sample_40_2,single,Prior
Misleading Context Recognition,"In addition to the red ball, how many other balls of what colour are there on the table?",00:06:39,B,"['A. One white ball, one black ball and one pink ball totalling three balls.', 'B. One white ball and one pink ball totalling two balls.', 'C. One yellow ball, one brown ball, one green ball, one blue ball, one pink ball and one white ball totalling six balls.', 'D. There is also a yellow ball, a brown ball, a green ball, a blue ball, a pink ball, a white ball and a black ball totalling seven balls.']",Misleading Context Recognition_sample_40_3,single,Prior
Misleading Context Recognition,How many red snooker balls are left on the table?,00:07:58,C,"['A. There are seven red snooker balls on the table.', 'B. There are six red snooker balls on the table.', 'C. There are still five red snooker balls on the table.', 'D. There are eight red snooker balls on the table.']",Misleading Context Recognition_sample_40_4,single,Prior
Misleading Context Recognition,"Apart from the black ball and the white ball, how many balls of what colour are there on the table?",00:08:52,D,"['A. There are 5 red balls, one yellow ball, one brown ball, one green ball, one blue ball and one pink ball totalling 10 balls.', 'B. There are six red balls, one yellow ball, one brown ball, one green ball, one blue ball and one pink ball totalling 11 balls.', 'C. There are five red balls and one pink ball totalling six balls.', 'D. There are four red balls, one yellow ball, one brown ball, one green ball, one blue ball and one pink ball totalling nine balls.']",Misleading Context Recognition_sample_40_5,single,Prior
Misleading Context Recognition,How many red snooker balls are there on the table at this point in time?,00:02:54,A,"['A. There are currently twelve red snooker balls on the table.', 'B. There are currently thirteen red snooker balls on the table.', 'C. There are currently eleven red snooker balls on the table.', 'D. There are currently fourteen red snooker balls on the table.']",Misleading Context Recognition_sample_41_1,single,Prior
Misleading Context Recognition,How many balls of what colour are there on the table besides the red ball?,00:04:51,B,"['A. There is a black ball, a white ball and a pink ball totalling three balls.', 'B. One yellow ball, one blue ball, one brown ball, one green ball, one pink ball, one white ball and one black ball totalling seven balls.', 'C. There is one yellow ball, one blue ball, one brown ball, one green ball, one pink ball and one white ball totalling six balls.', 'D. There is a yellow ball, a blue ball, a brown ball, a green ball, a pink ball and a black ball totalling six balls.']",Misleading Context Recognition_sample_41_2,single,Prior
Misleading Context Recognition,How many red balls are still on the table?,00:06:56,C,"['A. Now there are seven red balls on the table.', 'B. There are now five red balls left on the table.', 'C. There are now six red balls left on the table.', 'D. There are four red balls on the table now.']",Misleading Context Recognition_sample_41_3,single,Prior
Misleading Context Recognition,What balls exist on the table?,00:07:53,D,"['A. There are white, yellow, blue, brown, green, red and pink balls on the table.', 'B. There are white, black, pink, red and yellow balls on the table.', 'C. There are white, yellow, blue, brown, green, red, pink and black balls on the table.', 'D. There are only white balls on the table.']",Misleading Context Recognition_sample_41_4,single,Prior
Misleading Context Recognition,How many balls of what colour are on the table now?,00:09:54,A,"['A. There are also a red ball, a yellow ball, a blue ball, a brown ball, a green ball, a white ball and a pink ball totalling seven balls.', 'B. There are also a red ball, a white ball, a black ball and a pink ball totalling four balls.', 'C. There are also a yellow ball, a brown ball, a blue ball, a green ball, a red ball, a pink ball, a white ball and a black ball totalling eight balls.', 'D. There are also two red balls, one yellow ball, one brown ball, one blue ball, one green ball, one pink ball, one white ball and one black ball totalling nine balls.']",Misleading Context Recognition_sample_41_5,single,Prior
Misleading Context Recognition,What do the images in the video show?,00:00:27,C,"['A. From the heights there were many low grey houses in the thick woods.', 'B. The scene shows a view of a courtyard with a blue pool in the centre and three white parasols around the pool.', 'C. Inside a white room, there is a set of beige sofas and a beige carpet, a chandelier at the top of the room, and a couple of tables in the room.', 'D. The picture shows two low houses with grey roofs and a few trees around the houses.']",Misleading Context Recognition_sample_42_1,single,Prior
Misleading Context Recognition,What is on display in this room?,00:00:58,D,"['A. The screen shows a kitchen scene with a white table in the middle of the screen with a sink, two yellow-lit chandeliers above the table, four white chairs next to the table, and some kitchen equipment behind the table.', 'B. The screen shows a gas cooker in the kitchen with nine blue-glowing knobs and a couple of knives on a nearby table.', 'C. In the middle of the room there is a row of beige sofas, a chandelier on the ceiling above the sofas, and in the picture there is a platform with two washbasins, and above the platform there are two chandeliers with yellow light.', 'D. There was a round table and a couple of chairs on the brown floor, a round yellow chandelier on the white ceiling, a platform in the centre of the room with two sinks.']",Misleading Context Recognition_sample_42_2,single,Prior
Misleading Context Recognition,What's in the room in the video?,00:01:26,A,"['A. The room had a platform with two sinks on it and two mirrors on the wall with two round yellow-lit wall-mounted lamps in the middle of the mirrors.', 'B. The video shows a cloakroom which has a cupboard with folded clothes on top and a few pairs of leather shoes below it.', 'C. The video footage shows a bathroom scene with a glass door, a white bathtub on the right side of the bathroom, a platform with two sinks on the left side of the bathroom, and two mirrors on the wall next to it.', 'D. The video footage shows a bedroom scene with a brown floor, a grey carpet on the floor, a bed on top of the carpet, a couple of tables and chairs inside the bathroom, and a TV screen on the wall next to it.']",Misleading Context Recognition_sample_42_3,single,Prior
Misleading Context Recognition,What exists inside this room?,00:01:45,B,"['A. It was a bathroom cubicle with a glass door on the outside, a set of brown shower heads on the inside, and a few bottles in niches on the wall.', 'B. The floor of the room was yellow with a grey carpet, the walls of the room were white, and above the carpet there was a bed with a white comforter and pillows, and in the corner of the room there was a clothes-basket and a twig, and beside the bed there was a table with a few miscellaneous things.', 'C. There is a room with a pale yellow floor, a grey table in the middle of the room, two grey stools to the right of the table, a black chair to the left of the table, and a black wall to the left of the room.', 'D. The image shows a white corridor with a yellow floor in the centre, a few paintings on the left side of the corridor and a few white buttons on the right wall.']",Misleading Context Recognition_sample_42_4,single,Prior
Misleading Context Recognition,What's in this room in the video?,00:02:26,C,"['A. This room has a brown floor and white walls, on the left side of the room there is a table with a TV screen on top of it, next to the table there is an off-white stool, next to the wall of the room there is a row of cupboards against the wall with some miscellaneous items on them, on the right side of the room there is a corridor and next to the right wall there is a table.', 'B. The video shows a staircase with yellow steps, black handrail railings, a yellow handrail top, and a white window in the corner wall of the staircase.', 'C. The walls of this room are white, there is a warm-lit round overhead lamp at the top of the room, the floor of the room is brown, there is a grey carpet on the floor, and there is a grey chair in the room, and a yellow baby cradle bed.', 'D. This room has a yellow floor and white walls with a white window to the right of the wall. Inside the room there is a beige sofa with a few pillows on top of it, and there are a lot of musical instruments in the room, including a drum set, an electric piano, a guitar, a violin, etc.']",Misleading Context Recognition_sample_42_5,single,Prior
Misleading Context Recognition,What do the images in the video show?,00:00:20,D,"['A. The video screen shows a two-storey house in black and white in the middle of the screen, with some greenery on the road next to it.', 'B. An overhead shot shows the courtyard of a house with a green grassy area inside, and a blue swimming pool, with a few benches and sofas on top of the grassy area, and a yellow platform next to the grassy area, with a staircase to the right of the platform.', ""C. The video's footage shows a black house and its courtyard, with a long table in front of the camera, a few chairs next to the table, a coffee table and a row of sofas to the right of the table, and a swimming pool and a grassy area in the courtyard."", 'D. The image shows a black house with four very large glass windows, a platform along the wall of the house, and a glass fence around the platform.']",Misleading Context Recognition_sample_43_1,single,Prior
Misleading Context Recognition,What does the footage in the video show now?,00:00:45,A,"[""A. The image shows the entrance to a house with a number plate that reads '158 DUNBLAINE AVE', above the plate there is a black lamp with a yellow light, and on the left side of the image there are some trees in the street."", 'B. The image shows the house at night, with yellow light emanating from the three windows of the house, a staircase with a glass handrail around it at the entrance to the house, and next to the staircase is the door to a garage with a black door.', 'C. The picture shows a black and white house with three windows, a staircase at the entrance to the house with a glass handrail around the staircase, and a garage door next to the staircase, which is black.', 'D. Aerial footage shows the courtyard of this house, which has a grassy area and a swimming pool with a table and a row of sofas on the grass, and a few chairs and a row of sofas next to the pool.']",Misleading Context Recognition_sample_43_2,single,Prior
Misleading Context Recognition,What exists in this room now?,00:01:04,B,"['A. The walls of the room are white, there is a step to the right of the room, above the step is another platform, there is a glass parapet next to the step, there is a glass door in the middle of the room, and there is another room in it.', 'B. The floor of the room was yellow, there was a grey carpet on the floor, on top of the carpet there was a round coffee table, around the coffee table there was a row of sofas, and a few stools, in the room there was a brown wall, on the wall there was a black screen, on the right side of the room there was a floor-to-ceiling window, and the curtains of the window were white.', 'C. This room has a floor-to-ceiling white curtain on the left, a pot of greenery in the corner next to it, a yellow floor, a grey carpet on the floor, a glass table and a black chair on top of the carpet, and a couple of paintings on the wall on the right side of the room.', 'D. The room was separated by a glass window, and inside the room there were two floor-to-ceiling white curtains, a pot of greenery in the corner next to the curtains, a yellow floor, two off-white chairs in the middle of the room, and a black coffee table.']",Misleading Context Recognition_sample_43_3,single,Prior
Misleading Context Recognition,What's in the room on the video screen?,00:01:53,C,"['A. In the centre of the picture there is a washbasin with a black rectangular sink and a black tap, and a white ornament on the table.', 'B. The walls of this room are black, there is a yellow cabinet on the right side of the room, and in the middle of the room is a sink for washing hands, with a mirror on the sink.', 'C. In the centre there was a revolving staircase with beige steps and a black handrail, the walls of the room were white and there was a row of glass parapets next to the black handrail.', 'D. In the centre there is a platform with a gas hob on it, next to it are a couple of black grills with red buttons on them and some clutter on the platform.']",Misleading Context Recognition_sample_43_4,single,Prior
Misleading Context Recognition,What's in this room in the video now?,00:02:51,D,"['A. This room is flanked on both sides by white wardrobes with black handles, and in the centre of the room there is a cupboard with a mirror, and the door to the left of the cupboard is open, and inside there are a few dresses hanging on the cupboard.', 'B. In this room there is a white ceramic sink with a black tap, to the left of the sink there is a small black table with three bundles of towels and an ornament, and in the middle of the picture there is a window with a view of the trees and the house outside.', ""C. The video's footage shows a white ceiling in a room with a chandelier of five circles in the middle of the ceiling, lit in yellow."", 'D. The walls of the room are white, there is a painting on the left wall, in the middle of the room is a washbasin with a sink, the countertop of the washbasin is white, there is a green plant on the countertop, and there is a mirror on the wall.']",Misleading Context Recognition_sample_43_5,single,Prior
Misleading Context Recognition,What do the images in the video show?,00:01:03,A,"['A. The walls of the house are beige, there is a fireplace with a burning bonfire on the wall in the middle of the house, and around the fireplace there is a red platform with a black TV screen on it.', ""B. The video shows a house in the woods with a grey roof, a road leading to the door of the house, and a line in white lettering in the lower left corner of the screen that reads '24 Barrie Hill Lane Minesing, Ontario'."", 'C. This overhead shot shows a dense wooded area with a main road in the woods, with the road splitting off to each of the houses, which have black roofs.', 'D. This room has grey walls, a white ceiling, a black ceiling fan above the ceiling, a red floor, a table in the middle of the room, two rows of sofas and two stools around the table.']",Misleading Context Recognition_sample_44_1,single,Prior
Misleading Context Recognition,What exists inside this room?,00:02:48,B,"['A. The walls of the house are beige, there is a fireplace with a burning bonfire on the wall in the middle of the house, and around the fireplace there is a red platform with a black TV screen on it.', 'B. The room had a painting on a light green wall and a very fuzzy window, a washbasin in front of the window with a white sink in it, and a pot of greenery on the windowsill of the window.', 'C. It was a cloakroom with a huge black cupboard which was divided into storage compartments for clothes and shoes.', 'D. The room had a brown round table with a white glass container on it, brown stools around the table, a glass chandelier with a yellow light on the ceiling of the room, and a brown cupboard full of sundries in the room.']",Misleading Context Recognition_sample_44_2,single,Prior
Misleading Context Recognition,What's in the room on the video screen?,00:03:45,C,"['A. The room had a painting on a light green wall and a very fuzzy window, a washbasin in front of the window with a white sink in it, and a pot of greenery on the windowsill of the window.', 'B. This room has a brown floor, a grey carpet on the floor, a bed with white sheets on the carpet, a cupboard opposite the bed, a TV on the cupboard, and two red sofas inside the room.', 'C. Inside this room there is a brown washbasin with a black countertop and a white sink inside , there is a mirror on the wall, and inside the room there is a bathtub and a toilet, and outside the bathtub there is a grey curtain.', 'D. This room has two windows with grey curtains next to them, a round chandelier with yellow lights above the ceiling of the room, a grey carpet on the floor of the room, a leather black chair on top of the carpet, a table next to the chair with a computer and a few decorative items.']",Misleading Context Recognition_sample_44_3,single,Prior
Misleading Context Recognition,What exists in this room now?,00:04:22,D,"['A. Inside this room there is a brown washbasin with a black countertop and a white sink inside, there is a mirror on the wall, and inside the room there is a bathtub and a toilet, and outside the bathtub there is a grey curtain.', 'B. This room has blue walls and a painting on the wall, inside the room there is a white table with a white table lamp, next to the table there is an off-white chair, and on the left side of the room there is a blue couch and a round chandelier.', 'C. The walls of this room were made up of small brown and yellow squares, and inside the room there was a grey curtain with a white ceramic bathtub with a silver showerhead on top of it.', 'D. The walls of the room were off-white with a rectangular painting hanging on the wall, there was a bed in the middle of the room with a grey comforter, there were a couple of white pillows and grey pillows on the bed, and beside the bed there was a bedside table with a yellow glowing lamp on it.']",Misleading Context Recognition_sample_44_4,single,Prior
Misleading Context Recognition,What's in this room on the video screen?,00:05:55,A,"['A. There were two yellow-lit lamps on the walls of this room, and inside the room there was a white bookcase with lots of books, and on the floor there was a carpet with a row of black sofas, and a black coffee table.', 'B. The walls of the room were off-white with a rectangular painting hanging on the wall, there was a bed in the middle of the room with a grey comforter, there were a couple of white pillows and grey pillows on the bed, and beside the bed there was a bedside table with a yellow glowing lamp on it.', 'C. This room has blue walls, a brown floor, a grey carpet on the floor, a window on the left side of the room, a beige sofa underneath the window, and a black and white sofa and two brown cupboards in the room, and a black cupboard with a television screen on top of it.', 'D. This room has a white door with a window, on the left side of the room there is a cupboard with black hooks on it, the hooks have a few clothes hanging on them, underneath the cupboard there are a few pairs of black shoes, on the right side of the room there are a few clothes baskets and two washing machines.']",Misleading Context Recognition_sample_44_5,single,Prior
Misleading Context Recognition,What's on the video screen?,00:00:42,B,"['A. The video screen shows the entrance to a house with an arched black bordered glass door with two circles on it, a room with white walls and two white pillars on either side of the corridor.', ""B. There's a silver oven here, with two handles on top of the oven and lots of silver knobs."", 'C. There is a white marble wall with a luminous transparent glass in the centre with some black patterns, and two lamps on either side of the wall.', 'D. The walls in the picture are white, and in the middle of the picture there is a table with a sink and a golden tap, and some sundry things on the table.']",Misleading Context Recognition_sample_45_1,single,Prior
Misleading Context Recognition,What's in this room in the video?,00:01:06,C,"[""A. There's a silver oven here, with two handles on top of the oven and lots of silver knob."", 'B. This room has a beige floor, a rectangular table in the middle of the room with a couple of grey stools around it, a potted plant in the middle of the table, two windows on the left side of the room, a chandelier at the top of the room, and a shelf with a couple of bottles of wine on the right side of the room.', 'C. The outside of the room has a clear glass, inside the room there is a white wall with a pattern on it, and on either side of this wall are brown wooden cupboards with different decorations on top of the cupboards.', 'D. The walls of the room were black, there was a stone platform in the middle of the room with a golden circular sink, and a circular mirror on the black wall.']",Misleading Context Recognition_sample_45_2,single,Prior
Misleading Context Recognition,What was placed inside the room in the video?,00:01:38,D,"['A. The outside of the room has a clear glass, inside the room there is a white wall with a pattern on it, and on either side of this wall are brown wooden cupboards with different decorations on top of the cupboards.', 'B. This room has a beige floor, a bed in the middle of the room with a couple of pillows, a bench at the end of the bed, two white table lamps on top of a white cabinet at the foot of the bed, a chandelier on the ceiling of the room, and two windows on the left side of the room, which have a view out of the room.', 'C. The room has a white floor, a black bathtub in the middle of the room, two glass doors inside the room, and a round chandelier on the ceiling.', 'D. This room has a greyish-white floor, two windows on the left side of the room, a white-lit chandelier on the ceiling of the room, a bed in the middle of the room with a purple comforter on it, and a table and a stool on the right side of the bed.']",Misleading Context Recognition_sample_45_3,single,Prior
Misleading Context Recognition,What kind of room is shown on the screen now?,00:01:46,A,"['A. The walls and floor of this room were white, and near the wall there was a coffee table with a green table lamp, and next to the coffee table there were two dark chairs and a rug on the floor.', 'B. This room has a greyish-white floor, two windows on the left side of the room, a white-lit chandelier on the ceiling of the room, a bed in the middle of the room with a purple comforter on it, and a table and a stool on the right side of the bed.', 'C. Inside this room there is a white cabinet with a mirror on top, and on the wall next to the cabinet there are squares in black and white.', 'D. This is the corridor inside the house, on the left side of the corridor is a floor-to-ceiling window with black frame, the window can see the white snow outside, the room on the right side of the corridor and the door of the room at the end of the corridor are open, and the door of the room at the end of the corridor are open.']",Misleading Context Recognition_sample_45_4,single,Prior
Misleading Context Recognition,What's in the room in the video now?,00:02:30,B,"['A. This room has a white floor and walls, a white toilet on the left side of the room, and a glass cubicle on the right side of the room, which has a black floor and a black shower head inside it.', 'B. The floor of this room is black, the walls of the room are white, there is a colourful TV screen on the wall on the right side of the room, there is a small table in the corner of the room, and on the left side of the room there is a grey sofa with a couple of pillows on it.', 'C. This room has a grey floor, a bed with a beige bedding set on the left side of the room, a white table lamp next to the bed, two white framed windows in the room, and a grey stool on the right side of the room.', 'D. This room had a painting of a lion on the wall, the doors of the room were two clear glass doors with gold-coloured handles, there was a coffee table and two brown stools in the middle of the room, and on either side of the room were cupboards with miscellaneous things in them.']",Misleading Context Recognition_sample_45_5,single,Prior
Misleading Context Recognition,What's the screen showing now?,00:00:43,C,"['A. The room has a smouldering fireplace, the walls of the room are grey, there is a TV screen on the wall, there is also a utility cupboard to the right of the fireplace, and in the middle of the screen there are two cylindrical decorations and a container with an orb in it.', 'B. This room had a table with a white marble top, two glass containers on the table, a couple of beige stools next to the table, a chandelier with a yellow glow on top of the table, and a window and cupboard in the room.', 'C. There was a glass chandelier on the white ceiling, and above the chandelier there were many little round platforms, and above the platforms there were little light bulbs with a yellow glow.', 'D. The image shows a house with a leafless tree in front of it and a white field of snow.']",Misleading Context Recognition_sample_46_1,single,Prior
Misleading Context Recognition,What is on display inside this room?,00:01:20,D,"['A. The floor of the room was black, the walls were white, there was an off-white carpet on the floor, two sofas on the carpet, a coffee table in the middle of the carpet, a potted plant on the coffee table, two white lamps next to the sofas on the right side of the room and a painting on the wall.', 'B. This room has a brown floor, white walls, two paintings on the walls, a glass chandelier on the white ceiling, an off-white carpet on the floor, a black table with some glass containers on top of the carpet, and eight off-white chairs next to the table.', 'C. This room has a brown floor, a cupboard on the left side of the room with two table lamps on top of it, a painting on the wall in the middle of the table lamps, a brown staircase on the right side of the room, and in the middle of the room you can see another room.', 'D. This room has a brown floor, a white coffee table and two beige sofas in the room, two glass windows in the room, a fireplace and a TV screen on the right wall of the room, and utility cabinets on either side of the TV.']",Misleading Context Recognition_sample_46_2,single,Prior
Misleading Context Recognition,What is on display in these rooms?,00:03:47,A,"['A. There are two washing machines in the room, a window on the right side of the room, a cupboard with a sink and a pot of greenery under the window, and grey-green walls in the room.', 'B. This room has a white floor, a window inside the room, a brown cupboard to the left of the window, and a cupboard to the right of the room with two mirrors above it.', 'C. The room had a brown floor, an off-white carpet on the floor, a brown coffee table on top of the carpet, and two blue chairs, and a bed with multiple pillows on it, two nightstands on either side of the bed, two lamps on top of the cabinets, and a lighted chandelier on the ceiling.', ""D. It's a balcony with snow on top, and a dark green coffee table and two stools, and there's a glass parapet around the balcony, and you can see outside from the balcony.""]",Misleading Context Recognition_sample_46_3,single,Prior
Misleading Context Recognition,What does the room in the video show?,00:04:53,B,"['A. The floor of this room was brown, the walls were light blue, there was a window on the left side of the room, and a black sofa underneath the window, a rug in the middle of the room, and a bed with a couple of grey pillows, and on the right side of the bed there was a brown cupboard, and on top of the cupboard there was a brown table lamp.', 'B. This room has a white floor with a black carpet on the floor, inside the room there is a cupboard with some miscellaneous items on top of it, a mirror on the grey wall and a white toilet next to the cupboard.', 'C. The walls of this room were black, and there were many shelves on the walls with many different wines on them.', 'D. This room has a brown floor, grey walls, a floor-to-ceiling window on the left side of the room, a yellow-lit lamp on the floor on the right side of the room, a pool table in the middle of the room, and a TV screen on the middle wall.']",Misleading Context Recognition_sample_46_4,single,Prior
Misleading Context Recognition,What was shown in the footage of the video?,00:05:47,C,"['A. This room has a white floor with a black carpet on the floor, inside the room there is a cupboard with some miscellaneous items on top of it, a mirror on the grey wall and a white toilet next to the cupboard.', 'B. This room has grey floors and walls, a window in the room, a dark blue carpet and a few dumbbells on the floor of the room, and a lot of other fitness equipment in the room.', 'C. The image shows a two-storey house with a black roof and white walls, the house has many windows that give off a warm yellow light, there is a tree to the right of the house and some snow in front of the door.', 'D. The video footage shows a two-storey house with thick snow around it and a frozen pond in front of the house.']",Misleading Context Recognition_sample_46_5,single,Prior
Misleading Context Recognition,What's in the room in the video?,00:00:32,D,"['A. The overhead view shows a view of a small town with many houses with black or grey roofs, some with blue swimming pools, and a wide road in the middle of the houses.', 'B. The video screen shows the courtyard of a house with a blue pool in the middle of the screen and moving low houses with grey roofs, lots of yellow lights outside the house and a few trees around the house.', 'C. This room has white walls, a black floor, several round metal ornaments on the walls, a brown table in the centre of the room with some cups and cutlery on it, and several white chairs around the table.', 'D. On the left side of the room there is a row of white cupboards with silver handles, in the middle of the room there is a white table with two white chairs next to it, on top of the table there are several containers with fruits, on the right side of the room there is a cupboard, and an oven, and on the ceiling of the room there are five clear glass chandeliers.']",Misleading Context Recognition_sample_47_1,single,Prior
Misleading Context Recognition,What is on display in this room?,00:01:56,A,"['A. This room has a black floor, white walls, a brown table in the middle of the room, eight white chairs around the table, several wine glasses on top of the table, and two round silver ornaments on the walls.', 'B. The walls of this room are white, the floor has a black and white pattern, there is a table on the left side of the room with some sundries on it, there is a polygonal mirror on the wall on the left side of the room, there is a shelf in the corner of the room with a green plant and some sundries on it, there is a painting on the wall in the middle of the room, and there is a black carpet on the floor.', 'C. This room has a black floor, an off-white carpet on the floor, two black chairs on top of the carpet, and a clear coffee table with a white ornament and a few miscellaneous items on top of it.', 'D. On the left side of the room there is a row of white cupboards with silver handles, in the middle of the room there is a white table with two white chairs next to it, on top of the table there are several containers with fruits, on the right side of the room there is a cupboard, and an oven, and on the ceiling of the room there are five clear glass chandeliers.']",Misleading Context Recognition_sample_47_2,single,Prior
Misleading Context Recognition,What exists in the room?,00:02:39,B,"['A. This room has a black floor, white walls, a brown table in the middle of the room, eight white chairs around the table, several wine glasses on top of the table, and two round silver ornaments on the walls.', 'B. This room has a brown floor, white walls, a chandelier above a white ceiling, a white carpet on the floor, a black bed on the carpet, a glass nightstand next to the bed, a white coffee table and two white chairs in the room.', 'C. This room has a black floor, an off-white carpet on the floor, two black chairs on top of the carpet, and a clear coffee table with a white ornament and a few miscellaneous items on top of it.', 'D. This room has a white floor, grey walls, a chandelier above the ceiling, a transparent table in the middle of the room and several white stools around the table.']",Misleading Context Recognition_sample_47_3,single,Prior
Misleading Context Recognition,What is on display inside the room in the video?,00:03:24,C,"['A. This room has a brown floor, white walls, a chandelier with yellow lights on the ceiling, a white bathtub in the middle of the room, and two brown cabinets, and a round mirror on the wall.', 'B. This room has a brown floor, white walls, a chandelier above a white ceiling, a white carpet on the floor, a black bed on the carpet, a glass nightstand next to the bed, a white coffee table and two white chairs in the room.', 'C. The floor of the room is black, the walls are blue, there is a white carpet in the middle of the room, a bed on the carpet, two round tables on either side of the bed with white table lamps, two glass containers in the corner of the room, and a chandelier above the ceiling.', 'D. This room has a brown floor, beige walls, a chandelier with yellow lights on the ceiling, a white bathtub in the middle of the room, a washbasin and a mirror on the left and right sides of the room.']",Misleading Context Recognition_sample_47_4,single,Prior
Misleading Context Recognition,What image does the video footage show?,00:03:48,D,"['A. There is a blue swimming pool inside the picture, and there is water constantly flowing down from the top of the pool.', 'B. There is a courtyard with a black parasol in the centre, four blue deckchairs under the parasol, and a staircase leading to the interior.', 'C. The floor of the room is black, the walls are blue, there is a white carpet in the middle of the room, a bed on the carpet, two round tables on either side of the bed with white table lamps, two glass containers in the corner of the room, and a chandelier above the ceiling.', 'D. The overhead shot shows a view of a small town with a lot of low houses with grey or black roofs, a lot of roads in the middle of the houses, and a lot of thick trees and grass around the houses.']",Misleading Context Recognition_sample_47_5,single,Prior
Misleading Context Recognition,What image does the footage in the video show?,00:00:36,A,"['A. This room has a beige floor, two benches and two stools in the middle of the room, a coffee table with a rug underneath, a fireplace and a black TV screen in the room, and a ceiling fan on the ceiling.', 'B. The room has a brown floor, a clear table and a white table in the middle of the room, several stools around the two tables, and several chandeliers above the tables.', 'C. There are three benches in the middle of the room with white pillows on them, a coffee table with a green plant in the middle of the chairs, and a fireplace with a fire burning in it.', 'D. There is a low house with a yellow light, a black roof, and a blue pool in front of the house.']",Misleading Context Recognition_sample_48_1,single,Prior
Misleading Context Recognition,What exists inside this room?,00:01:50,B,"['A. This room has a white carpet with a brown coffee table on top of it, two white stools and two white sofas next to it, and two black stools, a chandelier on the ceiling, and a huge floor-to-ceiling window and white curtains on the right side of the room.', 'B. This room is very empty, there is a painting and a fireplace on the wall and a chandelier on the ceiling, other than that there is nothing else in the room.', 'C. The room has a brown floor, a white marble table in the middle of the room, four white chairs next to the table, two yellow chandeliers on the ceiling, and a few white cupboards in the room.', 'D. This room has a white cabinet and three white chairs. On the right side of the room there is an L-shaped bar with a sink and several cabinets and an oven.']",Misleading Context Recognition_sample_48_2,single,Prior
Misleading Context Recognition,What does the room in the video show?,00:02:27,C,"['A. The room in the video is very empty, with only a chandelier on the ceiling and a fireplace and a painting on the wall.', 'B. The room has a lot of white windows, through which you can see cars driving outside, a desk in the middle of the room, a coffee table and two grey stools next to it.', 'C. There is a grey carpet on the floor of the room, a white bed in the middle of the room, a black cabinet by the bedside, two chandeliers above the bed, and a chandelier on the ceiling in the middle of the room.', 'D. This room has an off-white carpet on the floor, a coffee table with a potted plant next to it, an off-white sofa and two grey stools, and two paintings and two lamps on the walls of the room.']",Misleading Context Recognition_sample_48_3,single,Prior
Misleading Context Recognition,What kind of picture does this room show?,00:03:10,D,"['A. This room has a white carpet on the floor, a bed in the middle with two cupboards for miscellaneous items, a glowing chandelier on the ceiling, a window on the right side of the room with white curtains next to the window and a pink chair in the corner.', 'B. The room had a beige floor, two windows and a white bathtub on the left side of the room, a glass cubicle with a table next to it, two mirrors on the wall and a glowing chandelier on the ceiling.', 'C. There is a grey carpet on the floor of the room, a white bed in the middle of the room, a black cabinet by the bedside, two chandeliers above the bed, and a chandelier on the ceiling in the middle of the room.', 'D. This room has a black floor, white walls, a white carpet on the floor, a bed in the middle of the room with a black and white striped comforter and pillows, four paintings and two lamps on the wall above the bed, two cupboards next to the bed, and a chandelier on the ceiling.']",Misleading Context Recognition_sample_48_4,single,Prior
Misleading Context Recognition,What things does the footage in the video show?,00:04:19,A,"['A. In the middle of the house there is a glowing fireplace with a TV on top of it, there are a few stools here and there, glowing sconces on the walls, and a blue swimming pool at the front of the house.', 'B. There is a white carpet on the floor of this room, a grey chair in the left corner of the room, a bed in the middle with two cupboards at the head of the bed, two lamps on the wall above the bed, a TV on the wall to the right of the room, and two windows and grey curtains in the room.', ""C. It's a basketball court with a red ground, a ball frame in the middle of the frame, a few blue balls on the ground, and a barbed wire fence around the court."", 'D. Here is a house with a blue roof, a two-storey house with many windows on the outside wall, and a green meadow in front of the house.']",Misleading Context Recognition_sample_48_5,single,Prior
Misleading Context Recognition,What's in the room in this video?,00:00:47,B,"['A. An overhead view shows a townscape with lots of low houses interspersed with roads and trees.', 'B. The room has a yellow floor, a table in the middle of the room, four white stools next to the table, two chandeliers on the white ceiling, and a glass sliding door on the right side of the room.', 'C. The scene shows a two-storey house with a grey roof and white walls, a house with two garage doors, a tree in front of the house, and two black cars parked on either side of the lane.', 'D. The room has a large window with white curtains, a table in the middle of the room with three stools next to it, a computer on the table and a TV on the black wall.']",Misleading Context Recognition_sample_49_1,single,Prior
Misleading Context Recognition,What exists in the room in the video?,00:01:05,C,"['A. This room has a black and white patterned floor, two white washing machines in the middle of the room, and a cupboard with a dress hanging on it and a clothes hamper.', 'B. The room has a yellow floor, a table in the middle of the room, four white stools next to the table, two chandeliers on the white ceiling, and a glass sliding door on the right side of the room.', 'C. The floor of this room is beige, the walls are white, there are a lot of windows with black borders and white curtains, there are two white sofas on the right side of the room, there is a table in the middle of the room with a potted plant on it, there are a few black stools next to the table, and there is a chandelier on the ceiling.', 'D. The room has a large window with white curtains, a table in the middle of the room with three stools next to it, a computer on the table and a TV on the black wall.']",Misleading Context Recognition_sample_49_2,single,Prior
Misleading Context Recognition,What is on display inside this room?,00:01:41,D,"['A. There is a window on the left side of this room, a coffee table in the middle of the room with a rug underneath, two white sofas on either side of the coffee table, a fireplace and a TV in the middle of the picture, and two storage shelves on either side of the fireplace.', 'B. There is a white carpet in the centre of this room, a bed on the floor spread which has a black rectangular frame, bedside cabinets on either side of the bed with a glowing white table lamp, a chandelier above the white ceiling, and three windows on the right side of the room.', 'C. The floor of this room is beige, the walls are white, there are a lot of windows with black borders and white curtains, there are two white sofas on the right side of the room, there is a table in the middle of the room with a potted plant on it, there are a few black stools next to the table, and there is a chandelier on the ceiling.', 'D. The floor of this room is beige, there is a cupboard in the centre of the room containing many handbags of different colours, and there are wardrobes on the left and right sides of the room filled with many neat clothes.']",Misleading Context Recognition_sample_49_3,single,Prior
Misleading Context Recognition,What is on display inside this room?,00:01:54,A,"['A. The walls of this room are white, there is a white cupboard on the left side of the room, there is a white carpet on the floor of the room, there is a white baby cradle on the carpet, there is a window in the middle of the room, there is a wooden horse and a box under the window, and there is a mosquito net next to it.', 'B. The floor and walls of the room are white, on the left side of the room there is a washbasin with a green plant and a sink, and in the middle of the room there is a white bathtub with two small wooden benches next to the bathtub.', 'C. The floor of this room is beige, the walls are white, there are a lot of windows with black borders and white curtains, there are two white sofas on the right side of the room, there is a table in the middle of the room with a potted plant on it, there are a few black stools next to the table, and there is a chandelier on the ceiling.', 'D. The floor of this room is beige, there is a cupboard in the centre of the room containing many handbags of different colours, and there are wardrobes on the left and right sides of the room filled with many neat clothes.']",Misleading Context Recognition_sample_49_4,single,Prior
Misleading Context Recognition,What is on display inside this room?,00:02:24,B,"['A. The walls of this room are white, there is a white cupboard on the left side of the room, there is a white carpet on the floor of the room, there is a white baby cradle on the carpet, there is a window in the middle of the room, there is a wooden horse and a box under the window, and there is a mosquito net next to it.', 'B. This room has a row of grey sofas with a black coffee table in the middle, an off-white tent on the left side of the room, and a black table and TV next to it.', 'C. This room has white walls and floors, and inside the room there is a white toilet and water tank, and a white bathtub with a white curtain next to the bathtub.', 'D. There is a grey carpet on the floor of this room, a black bed in the middle of the room with white pillows and comforter, table lamps on the cupboard next to the bed, a chandelier on the ceiling, three windows in the room and a black TV.']",Misleading Context Recognition_sample_49_5,single,Prior
Misleading Context Recognition,What do the images in the video show?,00:00:56,C,"['A. Here the picture shows a white ceiling with a round yellow chandelier above it, and the centre part of the chandelier is silvery white.', 'B. The picture shows a corridor with a brown floor, and at the end of the corridor is a room with a dark curtain and a black and white painting.', 'C. This room grounds two rows of grey sofas, and two coffee tables, a large window in the middle of the room, a curtain for the window, and several black and white paintings on either side of the window.', 'D. The floor of this room is black and white in colour, there is a white vase on the left side of the room, there is a painting on the left wall, there is a black stool on the right side of the room there is a white pillow on the stool, and there is a mirror on the right wall.']",Misleading Context Recognition_sample_50_1,single,Prior
Misleading Context Recognition,What exists in the room in the video?,00:01:28,D,"['A. There is a shelf on the left side of this room with some sundries on it, a TV on the left wall, a beige sofa and a small stool in the middle of the room, and a table and a mirror on the right side of the room.', 'B. The floor of this room is black and white in colour, there is a white vase on the left side of the room, there is a painting on the left wall, there is a black stool on the right side of the room there is a white pillow on the stool, and there is a mirror on the right wall.', 'C. This room grounds two rows of grey sofas, and two coffee tables, a large window in the middle of the room, a curtain for the window, and several black and white paintings on either side of the window.', 'D. This room has a black and white patterned floor, a window on the left and in the middle of the room, beige curtains next to the window, a black table in the middle of the room, a few stools around the table, some decorative bottles on the top of the table, and a sofa in the corner of the room.']",Misleading Context Recognition_sample_50_2,single,Prior
Misleading Context Recognition,What scene is shown in the footage of the video?,00:02:03,A,"['A. There is a wall in the picture with a lot of black framed photos on top of it, the photos are all in black and white.', 'B. There is a round fire in the middle of the room, surrounded by four stools and some greenery next to it.', 'C. The scene is based on a blue pool with four black loungers and two white pillows surrounded by greenery.', 'D. The picture shows a view of the courtyard of a house at night, with a blue pool, a white lounge chair next to the pool, and a pavilion in the courtyard with several sofas.']",Misleading Context Recognition_sample_50_3,single,Prior
Misleading Context Recognition,What exists inside this room?,00:02:27,B,"['A. There is a wall in the picture with a lot of black framed photos on top of it, the photos are all in black and white.', 'B. This room has an off-white carpet on the floor, a chandelier on the ceiling of the room, two other windows in the room, the window on the right has dark curtains, there is a bed in the middle of the room with a couple of pillows on it, and there is a white table lamp on the cabinet next to the bed.', 'C. There is a corridor with black-framed paintings filled with white letters on the left and at the end of the corridor, and two wall lamps on the right side of the corridor.', ""D. The floor of this room is white, there is a bed in the middle of the room, there are many pillows on the bed, there is a pillow with the letters 'LOVE' written on it, there is a chandelier on the ceiling of the room, and there are two white table lamps on the cabinet next to the bed.""]",Misleading Context Recognition_sample_50_4,single,Prior
Misleading Context Recognition,What items are displayed inside these rooms?,00:02:58,C,"['A. There is a large floor-to-ceiling window on the left side of this room, with off-white curtains on either side of the window, a black table in the middle of the room, and three black chairs, a painting on the wall in the middle, and a yellow chandelier on the ceiling of the room.', 'B. This room has an off-white carpet on the floor, a chandelier on the ceiling of the room, two other windows in the room, the window on the right has dark curtains, there is a bed in the middle of the room with a couple of pillows on it, and there is a white table lamp on the cabinet next to the bed.', 'C. There is a white massage bed with a small white pillow in the middle of this room, a couple of reflective mirrors inside the room, a white square bathtub on the right side of the room, a white cabinet for miscellaneous items all over the room, and a couple of grey towels hanging on the right wall.', 'D. The walls of this room are black, there is a painting on the wall with a black border and two towels, one black and one white, underneath the painting, and on the right side of the room there is a washbasin with a round mirror and a white sink, and underneath it there are baskets for miscellaneous items.']",Misleading Context Recognition_sample_50_5,single,Prior
Anomaly Context Understanding,What unusual event just occurred?,00:01:57,D,"['A. Two male guests show the cards they drew at the same time, both of which are the five of spades.', 'B. The two male guests extended their fingers and moved them from side to side over the playing cards.', 'C. Two male guests show the cards they drew at the same time, both of which are the five of hearts.', 'D. Two male guests show the cards they drew at the same time, both of which are the five of clubs.']",Anomaly Context Understanding_sample_1_1,multiple,Prior
Anomaly Context Understanding,What unusual event just occurred?,00:02:45,C,"[""A. The magician extends his left index finger and places it on the palm of the blindfolded male guest's hand."", 'B. A man with his eyes closed raises his hand at the same time as the magician and their hands stop at the same height.', 'C. A man blindfolded and a magician raised their hands at the same time and their hands stopped at the same height.', 'D. Two male guests show the cards they drew at the same time, both of which are the five of clubs.']",Anomaly Context Understanding_sample_1_2,multiple,Prior
Anomaly Context Understanding,What unusual event just occurred?,00:05:22,A,"[""A. The black and white CD in a man's left hand suddenly disappeared."", 'B. A man blindfolded and a magician raised their hands at the same time and their hands stopped at the same height.', ""C. A black and white CD in a woman's left hand suddenly appeared."", 'D. A blindfolded man says exactly what the man sitting across from him is holding in his hand.']",Anomaly Context Understanding_sample_1_3,multiple,Prior
Anomaly Context Understanding,What unusual event just occurred?,00:06:33,B,"[""A. A large CD in a man's hand suddenly turned into a black piece of paper."", 'B. The magician threw out the CD in his hand, and a lot of white paper fell off the CD.', ""C. Six blue, yellow and red disks suddenly appeared in the man's hands."", ""D. The black and white CD in a man's left hand suddenly disappeared.""]",Anomaly Context Understanding_sample_1_4,multiple,Prior
Anomaly Context Understanding,What unusual event just occurred?,00:09:54,B,"[""A. A deck of playing cards emerged from the blue light in the magician's hand."", ""B. The blue brain in the magician's hand quickly shrinks."", ""C. The black and white CD in a man's left hand suddenly disappeared."", 'D. The magician threw out the CD in his hand, and a lot of white paper fell off the CD.']",Anomaly Context Understanding_sample_1_5,multiple,Prior
Anomaly Context Understanding,What unusual event just occurred?,00:00:14,A,"['A. The little boy turned his body to the left, turned his head down, bent slightly, released his right hand and threw it into the air. The white handkerchief in his right hand disappeared.', 'B. The little boy raised his hands to his waist and put a white handkerchief into his right hand with his left hand.', 'C. The little boy turned his body to the left, turned his head down, bent slightly, released his right hand and threw it into the air. The red handkerchief in his right hand disappeared.', 'D. The little boy raised his clenched right hand, faced straight ahead, and spoke with a serious expression.']",Anomaly Context Understanding_sample_2_1,multiple,Prior
Anomaly Context Understanding,What unusual event just occurred?,00:01:39,D,"['A. The little boy turned his body to the left, turned his head down, bent slightly, released his right hand and threw it into the air. The white handkerchief in his right hand disappeared.', 'B. The little boy reached for the bottom of the paper cup with his right hand and pulled it down. The whole white paper cup turned into a long string of strips.', ""C. The red playing card with a hole in the little boy's left hand became a round black card."", 'D. The little boy reached for the bottom of the paper cup with his left hand and pulled it down. The whole white paper cup turned into a long string of strips.']",Anomaly Context Understanding_sample_2_2,multiple,Prior
Anomaly Context Understanding,What unusual event just occurred?,00:02:19,A,"['A. The little boy unscrewed a white bulb from the lamp and milk poured out of the bulb.', 'B. The little boy turned his body to the left, turned his head down, bent slightly, released his right hand and threw it into the air. The white handkerchief in his right hand disappeared.', 'C. The little boy unscrewed a black bulb from the lamp, and the coke poured out of the bulb.', 'D. The little boy reached for the bottom of the paper cup with his left hand and pulled it down. The whole white paper cup turned into a long string of strips.']",Anomaly Context Understanding_sample_2_3,multiple,Prior
Anomaly Context Understanding,What unusual event just occurred?,00:03:35,B,"['A. The female guest unscrews the candy jar according to what the little boy said, and the number 2000 she casually said appears on the slip of paper inside the candy jar.', 'B. The male guest unscrews the candy jar according to what the little boy said, and the number 2500 he casually said appears on the slip of paper inside the candy jar.', 'C. The little boy unscrewed a white bulb from the lamp and milk poured out of the bulb.', 'D. The little boy turned his body to the left, turned his head down, bent slightly, released his right hand and threw it into the air. The white handkerchief in his right hand disappeared.']",Anomaly Context Understanding_sample_2_4,multiple,Prior
Anomaly Context Understanding,What unusual event just occurred?,00:04:39,C,"['A. The little boy unscrewed a white bulb from the lamp and milk poured out of the bulb.', 'B. The little boy reached for the bottom of the paper cup with his left hand and pulled it down. The whole white paper cup turned into a long string of strips.', 'C. The male guest randomly selected a playing card and said the number, a few seconds later, he opened the playing card in his hand, there appeared the seven of diamonds just said.', 'D. The female guest randomly selected a playing card and said the number, a few seconds later, he turned over the playing card in his hand, and there appeared the eight of diamonds just said.']",Anomaly Context Understanding_sample_2_5,multiple,Prior
Anomaly Context Understanding,What unusual event just occurred?,00:01:59,C,"[""A. A coin suddenly appeared in the man's right hand."", 'B. The man burned the coin on the lighter and two coins became one.', 'C. The man burned the coin on the lighter and three coins became two.', ""D. The man's right hand snapped his fingers and two coins appeared on the table.""]",Anomaly Context Understanding_sample_3_1,multiple,Prior
Anomaly Context Understanding,What unusual event just occurred?,00:02:35,D,"['A. The magician put the coin on the lighter and burned it, and the three coins became two.', 'B. The magician put the coin on the lighter and burned it, and the two coins became one.', 'C. The magician stretched out a silver coin while singing.', 'D. The magician stretched out a silver coin as he spoke.']",Anomaly Context Understanding_sample_3_2,multiple,Prior
Anomaly Context Understanding,What unusual event just occurred?,00:10:19,A,"['A. The man removes his ring and flips over the playing card, which was a joker and becomes a playing card with a black pentagram.', 'B. The magician stretches a silver coin while talking.', 'C. The man removes his ring and turns over a playing card on which appears a red pentagram.', 'D. The man burned the coin on the lighter and three coins became two.']",Anomaly Context Understanding_sample_3_3,multiple,Prior
Anomaly Context Understanding,What unusual event just occurred?,00:10:45,C,"['A. The man withdraws the ring and turns over the playing card, on which appears a black pentagram.', 'B. The man turns over the cards again and the cards on the table become the K of Spades.', 'C. The man turned over the cards again and the cards on the table turned into joker cards.', 'D. The magician stretches a silver coin while talking.']",Anomaly Context Understanding_sample_3_4,multiple,Prior
Anomaly Context Understanding,What unusual event just occurred?,00:12:03,B,"['A. The man draws a playing card from a necklace, the one in which the female guest of honor has drawn a black pentagram.', 'B. The man draws a playing card from his watch, the one in which the female guest of honor has drawn a black pentagram.', 'C. The man turned over the cards again and the cards on the table turned into joker cards.', 'D. The man withdraws the ring and turns over the playing card, on which appears a black pentagram.']",Anomaly Context Understanding_sample_3_5,multiple,Prior
Anomaly Context Understanding,What unusual event just occurred?,00:01:20,D,"['A. The right hand of the male guest is placed on the folded white paper of the left hand of the female guest. A few seconds later, white smoke suddenly comes out of the dollar.', ""B. The magician's left hand reached behind her, and she pulled a black purse out of her pants pocket."", 'C. The magician took out a deck of cards from the poker box, and after sorting out the cards with both hands, her left hand suddenly unfolded the cards into a small fan.', 'D. The right hand of the male guest is placed on the folded dollar in the left hand of the magician, and after a few seconds, white smoke suddenly comes out of the dollar.']",Anomaly Context Understanding_sample_4_1,multiple,Prior
Anomaly Context Understanding,What unusual event just occurred?,00:01:29,A,"['A. The right hand of the male guest is placed on the folded dollar in the left hand of the magician, and after a few seconds, white smoke suddenly comes out of the dollar.', 'B. The magician holds the dollars in both hands to count the number, and the number of dollars in her hand suddenly decrease.', ""C. The magician's left hand reached behind her, and she pulled a black purse out of her pants pocket."", 'D. The magician holds the dollars in both hands to count the number, and the number of dollars in her hand suddenly increase.']",Anomaly Context Understanding_sample_4_2,multiple,Prior
Anomaly Context Understanding,What unusual event just occurred?,00:02:17,B,"['A. The right hand of the male guest is placed on the folded dollar in the left hand of the magician, and after a few seconds, white smoke suddenly comes out of the dollar.', 'B. The magician slowly unfolded the four playing cards in his hand, and the color of the playing cards changed from red to blue.', 'C. The magician holds the dollars in both hands to count the number, and the number of dollars in her hand suddenly increase.', 'D. The magician slowly unrolls the four playing cards in his hand, and the color of the playing cards changes from blue to red.']",Anomaly Context Understanding_sample_4_3,multiple,Prior
Anomaly Context Understanding,What unusual event just occurred?,00:03:24,D,"['A. The magician slowly unfolded the four playing cards in his hand, and the color of the playing cards changed from red to blue.', 'B. The magician holds the dollars in both hands to count the number, and the number of dollars in her hand suddenly increase.', 'C. The male guest misheard the magician.', 'D. The female guest misheard the magician.']",Anomaly Context Understanding_sample_4_4,multiple,Prior
Anomaly Context Understanding,What unusual event just occurred?,00:04:57,D,"['A. After the male guest read out the numbers on the bill, the female guest pulled out the corresponding playing cards.', 'B. The female guest misheard the magician.', ""C. The number of banknotes in the magician's hand has increased."", 'D. After the female guest read out the numbers on the bill, the male guest pulled out the corresponding playing cards.']",Anomaly Context Understanding_sample_4_5,multiple,Prior
Anomaly Context Understanding,What unusual event just occurred?,00:00:46,A,"['A. The magician put the disordered cube into a paper bag with colored dots, and when he took out the cube, it magically restored itself.', ""B. The magician placed the disturbed Rubik's cube on the table, and when he rotated the cube, the cube magically recovered."", 'C. The magician raises his right hand and gestures in the air. He stands on the stage and calmly introduces himself to the next magic show.', 'D. The magician walked quickly down the stairs to the right of the stage, and when he reached the top of the stairs, he opened his mouth and raised his hand in a grimace.']",Anomaly Context Understanding_sample_5_1,multiple,Prior
Anomaly Context Understanding,What unusual event just occurred?,00:01:30,B,"['A. The magician raises his right hand and gestures in the air. He stands on the stage and calmly introduces himself to the next magic show.', ""B. The male guest very casually shuffled the Rubik's cube and handed it to the magician, then the magician put the male guest into the paper bag that was shuffled, clicked his fingers, the magician took the Rubik's cube out of the paper bag, and the Rubik's cube was restored."", ""C. The female guest very casually upset the Rubik's cube and handed it to the magician, then the magician put the female guest into the paper bag that was disrupted, blew a breath, the magician took the Rubik's cube out of the paper bag, and the Rubik's cube was restored."", 'D. The magician put the disordered cube into A paper bag with colored dots, and when he took out the cube, it magically restored itself.']",Anomaly Context Understanding_sample_5_2,multiple,Prior
Anomaly Context Understanding,What unusual event just occurred?,00:02:17,B,"[""A. The magician spins a Rubik's Cube, one side of which is identical to the female guest's cube."", ""B. The magician spins a Rubik's Cube, one side of which is identical to the male guest's cube."", ""C. The male guest very casually shuffled the Rubik's cube and handed it to the magician, then the magician put the male guest into the paper bag that was shuffled, clicked his fingers, the magician took the Rubik's cube out of the paper bag, and the Rubik's cube was restored."", 'D. The magician put the disordered cube into A paper bag with colored dots, and when he took out the cube, it magically restored itself.']",Anomaly Context Understanding_sample_5_3,multiple,Prior
Anomaly Context Understanding,What unusual event just occurred?,00:05:15,C,"[""A. The magician flipped the Rubik's cube, and the disrupted cube was restored."", ""B. The magician took out the Rubik's cube from the paper bag, and the disrupted cube was restored."", 'C. A torn piece of the six of diamonds appeared in the cube.', 'D. A torn piece of the seven of diamonds appeared in the cube.']",Anomaly Context Understanding_sample_5_4,multiple,Prior
Anomaly Context Understanding,What unusual event just occurred?,00:06:51,C,"['A. A torn piece of the six of diamonds appeared in the cube.', ""B. The magician flipped the Rubik's cube, and the disrupted cube was restored."", 'C. The magician throws the cube upward with his left hand and catches it with his right hand.', 'D. The magician throws the cube upward with his right hand and catches it with his left hand.']",Anomaly Context Understanding_sample_5_5,multiple,Prior
Anomaly Context Understanding,What unusual event just occurred?,00:00:44,A,"['A. A man in a suit holds a blue cloth in his left hand to cover the balloon in his right hand, and then presses the balloon with his left hand to turn it into a cartoon bird.', 'B. A man in a suit holds a colored cloth in his left hand to cover the balloon in his right hand, and then uses his left hand to press the balloon hard, turning it into a cartoon bird.', 'C. A man in a suit is dancing with a balloon in his left hand.', 'D. A man in a suit blew a gray balloon.']",Anomaly Context Understanding_sample_6_1,multiple,Prior
Anomaly Context Understanding,What unusual event just occurred?,00:03:03,C,"['A. A man with long hair used his right hand to turn the sand in his left hand into a rope and slowly pulled it out from his left hand.', 'B. A man with long hair knelt on the ground, holding sand in both hands.', 'C. A man with long hair used his right hand to turn the sand in his left hand into a stick and slowly pulled it out from his left hand.', 'D. A man with long hair knelt on the ground and lifted his right hand, leaking sand from his hand to his left.']",Anomaly Context Understanding_sample_6_2,multiple,Prior
Anomaly Context Understanding,What unusual event just occurred?,00:04:40,B,"['A. A man with long hair gradually turned the iron bars in his hands into sand.', 'B. A man with long hair gradually turned the iron rings in his hands into sand.', 'C. A man with long hair gradually turned the iron rod in his hand into an iron ring.', 'D. A man with long hair used his left hand to grab some sand from the air.']",Anomaly Context Understanding_sample_6_3,multiple,Prior
Anomaly Context Understanding,What unusual event just occurred?,00:06:59,D,"['A. A man unplugged his right hand and installed it on his left hand.', 'B. A man uses his right hand to pull out the middle finger of his left hand and connect it to his little finger.', 'C. A man uses his left hand to pull out the thumb of his right hand and connect it to the little finger.', 'D. A man uses his right hand to pull out the little finger of his left hand and connect it to his middle finger.']",Anomaly Context Understanding_sample_6_4,multiple,Prior
Anomaly Context Understanding,What unusual event just occurred?,00:08:03,A,"['A. A man presses his left finger with the palm of his right hand and then teleports the ring on his left ring finger to his left middle finger.', 'B. A man presses the finger of his left hand with the palm of his right hand, and then teleports the ring of his left little finger onto his left thumb.', 'C. A man holds a card in his right hand and covers his left little finger, then holds the card with his right hand and folds it, causing his left little finger to disappear under the card.', 'D. A man presses the fingers of his left hand with the palm of his right hand, and then transforms his left hand into six fingers.']",Anomaly Context Understanding_sample_6_5,multiple,Prior
Anomaly Context Understanding,What unusual event just occurred?,00:00:25,B,"[""A. The magician's right hand turned the machine, and the white paper passed by the machine changed into dollars."", ""B. The magician's right index finger clicked on the lighter, and the flame ran from the right lighter to the man's finger."", ""C. The magician's left index finger clicked on the lighter, and the flame ran from the right lighter to the man's finger."", 'D. The magician squashed a paper bag containing a green bottle with his hands, and the green bottle in the paper bag disappeared.']",Anomaly Context Understanding_sample_7_1,multiple,Prior
Anomaly Context Understanding,What unusual event just occurred?,00:01:30,C,"[""A. The magician's left index finger clicked on the lighter, and the flame ran from the right lighter to the man's finger."", ""B. The magician's right index finger clicked on the lighter, and the flame ran from the right lighter to the man's finger."", ""C. The magician's left index finger and thumb press the index finger of the right hand, moving it to the right, and the fingers of the right hand are separated from the fingers."", 'D. The magician squashed a paper bag containing a green bottle with his hands, and the green bottle in the paper bag disappeared.']",Anomaly Context Understanding_sample_7_2,multiple,Prior
Anomaly Context Understanding,What unusual event just occurred?,00:02:34,D,"[""A. The magician's right hand turned the machine, and the white paper passed by the machine changed into dollars."", ""B. The magician's left index finger and thumb press the index finger of the right hand, moving it to the right, and the fingers of the right hand are separated from the fingers."", 'C. The magician raised his left hand, and the blue playing card in his left hand suddenly disappeared and then suddenly reappeared.', 'D. The magician raised his right hand, and the blue playing card in his right hand suddenly disappeared and then suddenly reappeared.']",Anomaly Context Understanding_sample_7_3,multiple,Prior
Anomaly Context Understanding,What unusual event just occurred?,00:03:34,A,"[""A. The magician's right hand held the metal ring on the little finger of his left hand, and the metal ring broke free from his finger."", 'B. The magician raised his right hand, and the blue playing card in his right hand suddenly disappeared and then suddenly reappeared.', ""C. The magician's left hand held the metal ring on the little finger of his right hand, and the metal ring broke free from his finger."", ""D. The magician's right hand turned the machine, and the white paper passed by the machine changed into dollars.""]",Anomaly Context Understanding_sample_7_4,multiple,Prior
Anomaly Context Understanding,What unusual event just occurred?,00:04:49,D,"['A. The magician squashed a paper bag containing a red bottle with his hands, and the red bottle in the paper bag disappeared.', ""B. The magician's right hand held the metal ring on the little finger of his left hand, and the metal ring broke free from his finger."", ""C. The magician's left hand held the metal ring on the little finger of his right hand, and the metal ring broke free from his finger."", 'D. The magician squashed a paper bag containing a green bottle with his hands, and the green bottle in the paper bag disappeared.']",Anomaly Context Understanding_sample_7_5,multiple,Prior
Anomaly Context Understanding,What unusual event just occurred?,00:00:40,B,"['A. Magician introduces himself in front of the audience.', 'B. The magician stretched out his left hand and lit the candle on the table.', 'C. The magician extinguishes the candle on the table with his right hand.', 'D. The magician lit a match.']",Anomaly Context Understanding_sample_8_1,multiple,Prior
Anomaly Context Understanding,What unusual event just occurred?,00:03:01,A,"[""A. The cards ripped from the magician's hand were restored."", 'B. The magician suddenly ripped open the playing card signed by the female guest.', 'C. The magician stretched out his left hand and lit the candle on the table.', ""D. The cards ripped from the magician's hand turned into two pigeons.""]",Anomaly Context Understanding_sample_8_2,multiple,Prior
Anomaly Context Understanding,What unusual event just occurred?,00:03:44,A,"['A. The magician took out a transparent object and ignited it, which went to the top of the deck and then quickly extinguished.', 'B. The magician took out a playing card and ignited it, which went to the top of the deck and then quickly extinguished.', ""C. The cards ripped from the magician's hand were restored."", 'D. The magician stretched out his left hand and lit the candle on the table.']",Anomaly Context Understanding_sample_8_3,multiple,Prior
Anomaly Context Understanding,What unusual event just occurred?,00:05:47,B,"[""A. The time on the phone in the magician's hand has changed from 7:48 to 7:51."", ""B. The time on the phone in the magician's hand has changed from 7:51 to 7:48."", ""C. The magician's playing card in his right hand was ignited by the flame of the candle."", ""D. The lighted playing card in the magician's right hand disappeared.""]",Anomaly Context Understanding_sample_8_4,multiple,Prior
Anomaly Context Understanding,What unusual event just occurred?,00:09:30,A,"[""A. The mutilated playing card disappeared from the magician's hand."", ""B. The full playing card disappeared from the magician's hand."", 'C. The magician suddenly ripped open the playing card signed by the female guest.', 'D. The time on all cell phones on your desktop has changed to seven forty-eight.']",Anomaly Context Understanding_sample_8_5,multiple,Prior
Anomaly Context Understanding,What unusual event just occurred?,00:01:15,D,"['A. The magician conjures an Ace of Hearts from the deck in his hand.', 'B. The magician has the judge tear off a small piece of the plastic outer wrapping of the playing card.', 'C. The magician spreads the playing cards in a fan shape on the table.', 'D. The magician conjures an ace of spades from the deck in his hand.']",Anomaly Context Understanding_sample_9_1,multiple,Prior
Anomaly Context Understanding,What unusual event just occurred?,00:02:11,D,"['A. The magician changes an ace of spades from the deck in his hand.', 'B. The playing cards on the table turned into two blue playing cards.', 'C. The magician spreads the playing cards on the table in a fan shape and then selects four playing cards to discard.', 'D. The playing cards on the table become two red playing cards.']",Anomaly Context Understanding_sample_9_2,multiple,Prior
Anomaly Context Understanding,What unusual event just occurred?,00:03:04,B,"[""A. The signed black Ace of Hearts playing card appears in the judge's hand."", ""B. The signed Ace of Hearts playing card appears in the judge's hand."", 'C. The magician draws an ace of spades from the deck in his hand.', 'D. The playing cards on the table become two red playing cards.']",Anomaly Context Understanding_sample_9_3,multiple,Prior
Anomaly Context Understanding,What unusual event just occurred?,00:04:23,D,"['A. The playing cards on the table become two red playing cards.', 'B. The magician takes out a signed Ace of Hearts playing card in a new deck.', ""C. The signed Ace of Hearts playing card appears in the judge's hand."", 'D. The magician pulls out a signed Ace of Spades playing card in a new deck of playing cards.']",Anomaly Context Understanding_sample_9_4,multiple,Prior
Anomaly Context Understanding,What unusual event just occurred?,00:05:38,A,"[""A. The box of blue playing cards in the magician's hand becomes a box of blue playing cards and a box of red playing cards."", ""B. A box of blue playing cards in the magician's hand becomes a box of blue playing cards and a box of green playing cards."", 'C. The magician produces a signed Ace of Spades playing card in a new deck of playing cards.', ""D. The signed Ace of Spades playing card appears in the judge's hand.""]",Anomaly Context Understanding_sample_9_5,multiple,Prior
Anomaly Context Understanding,What unusual event just occurred?,00:02:47,C,"['A. The magician places a long strip of paper on the table.', 'B. The magician is introducing himself to the guests.', ""C. The rectangular strip of paper in the magician's hand suddenly appeared on the table."", ""D. The triangular strip of paper in the magician's hand suddenly appears on the table.""]",Anomaly Context Understanding_sample_10_1,multiple,Prior
Anomaly Context Understanding,What unusual event just occurred?,00:03:35,D,"[""A. A rectangular piece of paper in the magician's hand suddenly appears on the table."", 'B. The magician draws a card from a deck of blue playing cards in his left hand and the color of the back of the card changes from blue to red.', 'C. The magician divides the playing cards on the table into two groups.', 'D. The magician draws a card from a deck of red playing cards and the color of the back of the card changes from red to blue.']",Anomaly Context Understanding_sample_10_2,multiple,Prior
Anomaly Context Understanding,What unusual event just occurred?,00:03:45,B,"[""A. One of the playing cards held in the magician's right hand flew off the table."", ""B. The magician's clothes changed from black to blue and red."", ""C. The square of paper in the magician's hand disappeared and became two square pieces of paper lying flat on the table."", 'D. The magician opened the playing cards on the table, and the color of the cards changed from red to blue.']",Anomaly Context Understanding_sample_10_3,multiple,Prior
Anomaly Context Understanding,What unusual event just occurred?,00:04:12,A,"['A. The magician turns over the playing cards on the table and the color of the cards changes from red to blue.', 'B. The magician turns over the playing cards on the table and the color of the cards changes from blue to red.', ""C. The magician's clothes changed from black to blue and red."", 'D. The magician draws a playing card from a deck of red playing cards and the color of the playing card suddenly changes to blue.']",Anomaly Context Understanding_sample_10_4,multiple,Prior
Anomaly Context Understanding,What unusual event just occurred?,00:05:32,B,"['A. As the strip of paper moves to the right, the blue playing card underneath the strip of paper slowly disappears.', 'B. As the strip of paper moves to the left, the blue playing card underneath the strip of paper slowly disappears.', 'C. The magician turns over the playing cards on the table and the color of the cards changes from red to blue.', 'D. The magician draws a playing card from a deck of red playing cards and the color of the playing card suddenly changes to blue.']",Anomaly Context Understanding_sample_10_5,multiple,Prior
Anomaly Context Understanding,What unusual event just occurred?,00:02:02,A,"[""A. The white marker in the magician's hand suddenly disappeared."", ""B. The black marker in the magician's hand suddenly disappeared."", 'C. The magician spread a deck of playing cards on the table for the female guest to pick.', 'D. The magician took the playing cards chosen by the female guest in his right hand and blew.']",Anomaly Context Understanding_sample_11_1,multiple,Prior
Anomaly Context Understanding,What unusual event just occurred?,00:02:35,C,"['A. The magician extends his right hand and white smoke begins to emanate from the table playing cards.\\', 'B. The magician opens his mouth and black smoke and a folded playing card appear in his mouth.\\', 'C. The magician opens his mouth and white smoke and a folded playing card emerge from his mouth.\\', ""D. The pen in the magician's hand suddenly disappears.\\""]",Anomaly Context Understanding_sample_11_2,multiple,Prior
Anomaly Context Understanding,What unusual event just occurred?,00:03:30,C,"['A. The magician opens his mouth and white smoke and a folded playing card come out of his mouth.', 'B. The magician finishes and the pen suddenly appears in his hand.', 'C. The magician blows into the white marker and the white marker suddenly disappears from his hand.', 'D. The magician blows on the black marker and the black marker suddenly disappears from his hand.']",Anomaly Context Understanding_sample_11_3,multiple,Prior
Anomaly Context Understanding,What unusual event just occurred?,00:04:03,D,"['A. The magician blows into the white marker, which suddenly disappears from his hand.', 'B. The magician snaps his fingers and the pile of playing cards in his right hand turns into a signed playing card.', 'C. The magician opened his mouth and black smoke and a folded playing card emerged from his mouth.', 'D. The magician snaps his fingers and the stack of playing cards in his left hand turns into a signed playing card.']",Anomaly Context Understanding_sample_11_4,multiple,Prior
Anomaly Context Understanding,What unusual event just occurred?,00:05:23,C,"['A. The magician opens his mouth and white smoke and a folded playing card emerge from his mouth.', ""B. The magician's right hand appears with the playing card that was supposed to be behind his back, and the one behind his back turns into a white sheet of paper."", ""C. In the magician's left hand, the playing card that was supposed to be behind his back appears and the one behind his back turns out to be a piece of white paper."", 'D. The magician snaps his fingers and the pile of playing cards in his left hand turns into a signed playing card.']",Anomaly Context Understanding_sample_11_5,multiple,Prior
Anomaly Context Understanding,What unusual event just occurred?,00:01:49,C,"[""A. A blonde man was electrocuted and screamed after touching the magician's forehead."", ""B. The magician puts a pamphlet in the blonde woman's hand."", ""C. A blonde woman was electrocuted and screamed after touching the magician's forehead."", 'D. The magician opens the booklet and shows its contents to the audience.']",Anomaly Context Understanding_sample_12_1,multiple,Prior
Anomaly Context Understanding,What unusual event just occurred?,00:02:55,A,"[""A. The magician spreads out the white paper and Beckham's head appears on it."", ""B. The female guest of honor spreads out the white paper and Messi's head appears on it."", 'C. The magician cut the white paper with scissors in front of the audience.', ""D. A blonde woman was electrocuted and screamed after touching the magician's forehead.""]",Anomaly Context Understanding_sample_12_2,multiple,Prior
Anomaly Context Understanding,What unusual event just occurred?,00:03:37,B,"[""A. The male guest is electrocuted by the magician's hat, he stands up and screams."", ""B. The male guest is electrocuted by the magician's finger, he bends down and screams."", ""C. The magician spreads out the white paper and Beckham's head appears on it."", ""D. A blonde woman was electrocuted and screamed after touching the magician's forehead.""]",Anomaly Context Understanding_sample_12_3,multiple,Prior
Anomaly Context Understanding,What unusual event just occurred?,00:04:22,D,"[""A. The magician spreads out the white paper and Beckham's head appears on it."", ""B. The male guest is electrocuted by the magician's finger, he bends down and screams."", 'C. Beer was poured out of the cup of tea with orange juice.', 'D. Tea was poured from a can containing orange juice.']",Anomaly Context Understanding_sample_12_4,multiple,Prior
Anomaly Context Understanding,What unusual event just occurred?,00:06:06,B,"[""A. The magician spreads out the white paper and Beckham's head appears on it."", 'B. The magician turned the small ticket in his hand into two bills.', 'C. Tea was poured from a can containing orange juice.', 'D. The magician turns the small bill in his hand into two small bills.']",Anomaly Context Understanding_sample_12_5,multiple,Prior
Anomaly Context Understanding,What unusual event just occurred?,00:00:32,C,"['A. The magician raised his right hand to waist height, spread it upward, his fingers moved flexibly, and suddenly a black smoke appeared in his palm.', 'B. The magician holds out his right hand to show the audience that there is nothing in his hand.', 'C. The magician raised his right hand to waist height, spread it upward, his fingers moved flexibly, and suddenly a white smoke appeared in his palm.', 'D. The magician raises his hands to shoulder height, spreads his hands out to the audience and waves to them.']",Anomaly Context Understanding_sample_13_1,multiple,Prior
Anomaly Context Understanding,What unusual event just occurred?,00:01:29,B,"['A. The magician raised his right hand to waist height, spread it upward, his fingers moved flexibly, and suddenly a black smoke appeared in his palm.', 'B. The magician quickly removed the black cloth with both hands to the left, and suddenly a black chair appeared behind the black cloth.', 'C. The magician quickly removed the black cloth with both hands to the left, and suddenly a red chair appeared behind the black cloth.', 'D. The magician raised his right hand to waist height, spread it upward, his fingers moved flexibly, and suddenly a white smoke appeared in his palm.']",Anomaly Context Understanding_sample_13_2,multiple,Prior
Anomaly Context Understanding,What unusual event just occurred?,00:03:04,A,"['A. After the magician removed the black cloth covering the chair, a little boy suddenly appeared on the chair.', 'B. The magician raised his right hand to waist height, spread it upward, his fingers moved flexibly, and suddenly a white smoke appeared in his palm.', 'C. The magician quickly removed the black cloth with both hands to the left, and suddenly a black chair appeared behind the black cloth.', 'D. After the magician removed the white cloth covering the chair, a little girl suddenly appeared on the chair.']",Anomaly Context Understanding_sample_13_3,multiple,Prior
Anomaly Context Understanding,What unusual event just occurred?,00:05:00,C,"['A. The magician quickly removed the black cloth with both hands to the left, and suddenly a black chair appeared behind the black cloth.', ""B. When the magician removed the black cloth from the chair, the boy's pants on the chair changed."", ""C. When the magician removed the black cloth covering the chair, the little boy's T-shirt changed."", 'D. After the magician removed the black cloth covering the chair, a little boy suddenly appeared on the chair.']",Anomaly Context Understanding_sample_13_4,multiple,Prior
Anomaly Context Understanding,What unusual event just occurred?,00:07:07,A,"['A. After the magician removed the black cloth, the little boy on the chair disappeared.', 'B. After the magician removed the black cloth, a little boy appeared on the chair.', ""C. When the magician removed the black cloth covering the chair, the little boy's T-shirt changed."", 'D. After the magician removed the black cloth covering the chair, a little boy suddenly appeared on the chair.']",Anomaly Context Understanding_sample_13_5,multiple,Prior
Anomaly Context Understanding,What unusual event just occurred?,00:00:58,A,"['A. A man dressed in yellow made a mistake while climbing a mountain and fell down.', 'B. A man in a black T-shirt tied so many rubber bands around a watermelon that it burst open.', 'C. A man wearing a white T-shirt and a black hat was running into the garage when he was hit in the head by the door and fell to the ground.', 'D. A man dressed in black made a mistake while climbing a mountain and fell.']",Anomaly Context Understanding_sample_14_1,multiple,Prior
Anomaly Context Understanding,What unusual event just occurred?,00:02:41,B,"['A. An old man in a white hat hit his head on a telegraph pole while crossing the street.', 'B. An old man in a red hat hit his head on a telegraph pole while crossing the street.', 'C. A raccoon tried to steal the bag of a woman in a white blouse.', 'D. a man in a mask was bounced in the face by a railroad track after cutting it.']",Anomaly Context Understanding_sample_14_2,multiple,Prior
Anomaly Context Understanding,What unusual event just occurred?,00:04:50,A,"['A. a man in blue pants and gray shirt crouched as a snake fell from the sky and landed on him.', 'B. A man in blue pants and gray clothes crouched as a tree branch fell from the sky and landed on him.', 'C. a man in red clothes walked across a freshly paved concrete pavement with an expressionless face while opening a plastic bag in his hand.', 'D. A courier, after making a delivery, found that his car had skidded for some distance because he had not tightened the handbrake.']",Anomaly Context Understanding_sample_14_3,multiple,Prior
Anomaly Context Understanding,What unusual event just occurred?,00:09:54,D,"['A. a brunette woman in a black tank top smashed a wall with a black ball until it was dented.', ""B. a little boy threw his toy sword at a man's stomach."", 'C. a man in a white top and beige pants sent skis flying off the hill.', 'D. a man in a purple top and beige pants flew his skis off the hill.']",Anomaly Context Understanding_sample_14_4,multiple,Prior
Anomaly Context Understanding,What unusual event just occurred?,00:10:54,D,"[""A. a black man on a bicycle hit a car because he didn't look ahead."", 'B. a white cat dry-heaved once after smelling a glass of liquid.', 'C. a man in a gray shirt dropped his cell phone into a crack in the ground below.', 'D. A man in a black shirt dropped his cell phone into a gap in the ground.']",Anomaly Context Understanding_sample_14_5,multiple,Prior
Anomaly Context Understanding,What unusual event just occurred?,00:00:18,A,"['A. The man in striped shorts slipped and fell into the water.', 'B. The woman with the yellow football hit a piece of yellow and black cloth and fell to the ground.', 'C. A silver sedan was involved in an accident on the side of the road.', 'D. The man in white shorts slipped and fell into the water.']",Anomaly Context Understanding_sample_15_1,multiple,Prior
Anomaly Context Understanding,What unusual event just occurred?,00:04:58,C,"['A. A woman in red left her dentures on a cake.', 'B. Iron Man flipped to the ground with his motorcycle.', 'C. An old man with a walking stick rubbed a bag of snacks on his butt and smelled it.', 'D. A blonde woman was left on the tracks after her roller coaster malfunctioned.']",Anomaly Context Understanding_sample_15_2,multiple,Prior
Anomaly Context Understanding,What unusual event just occurred?,00:08:44,A,"['A. A motorcycle drifts at an intersection and falls to the ground.', 'B. One dog was standing on top of another dog stealing food from the kitchen.', 'C. The woman in the white dress accidentally knocked the cake over.', 'D. A car drifted at an intersection and fell to the ground.']",Anomaly Context Understanding_sample_15_3,multiple,Prior
Anomaly Context Understanding,What unusual event just occurred?,00:11:58,D,"['A. A man in a black jacket was carrying the goods to the car when an accident occurred causing the goods to fall to the ground.', 'B. A man in a black T-shirt and sunglasses slipped in the mud.', 'C. A man in a white suit riding a bicycle collapsed on the lawn.', 'D. A man wearing a white T-shirt and riding a bicycle fell on the lawn.']",Anomaly Context Understanding_sample_15_4,multiple,Prior
Anomaly Context Understanding,What unusual event just occurred?,00:12:41,D,"['A. A woman in a black dress fell into the water while rowing.', 'B. A woman in a dark blue T-shirt slipped in the hallway.', 'C. A woman in a dark blue T-shirt slipped in the room.', 'D. A woman in a white blouse and white sneakers fell from a chair that people were carrying.']",Anomaly Context Understanding_sample_15_5,multiple,Prior
Anomaly Context Understanding,What unusual event just occurred?,00:00:35,D,"['A. A man in a white shirt was hitting a skateboard with a basketball, but it bounced and hit him.', 'B. On the podium, a man was talking with a microphone in his hand. When he walked forward, he did not expect to step on the edge of the stage and fell to the ground.', 'C. A player wearing jersey No. 40 grabs the ball from an opponent and runs towards the shot.', 'D. A player dressed in red stole the ball from his opponent and ran in the direction of shooting. When he was about to throw the ball, he slipped and fell.']",Anomaly Context Understanding_sample_16_1,multiple,Prior
Anomaly Context Understanding,Describe the unusual event that just occurred.,00:01:34,D,"['A. A man in a gray T-shirt with short sleeves was climbing a concrete wall on the roadside when he tripped over the wall and fell to the ground.', 'B. A man wearing shorts with an American flag design stood on a diving board and fell into the water just as he was about to jump.', 'C. Two men in an red soap car were coming from a distance, only to see them hit the curb and topple over.', 'D. Two men in an orange soap car were coming from a distance, only to see them hit the curb and topple over.']",Anomaly Context Understanding_sample_16_2,multiple,Prior
Anomaly Context Understanding,What unusual event just occurred?,00:02:53,D,"['A. A man wearing a white short-sleeved T-shirt was shoveling eggs, which flew over the counter as they were scooped up.', 'B. In a crowded room, a woman uses a hammer to tap into a bucket of wine, after which the wine gushes out and splashes all over the floor.', 'C. On stage, a group of people were playing when suddenly the green canopy was blown down by the wind.', 'D. On stage, a group of people were playing when suddenly the white canopy was blown down by the wind.']",Anomaly Context Understanding_sample_16_3,multiple,Prior
Anomaly Context Understanding,What unusual event just occurred?,00:03:41,D,"['A. A woman dressed in black, singing and dancing with a microphone in her hand, accidentally fell to the ground while shaking her head.', 'B. A woman dressed in gold, singing and dancing with a microphone in her hand, accidentally fell to the ground while shaking her head.', ""C. A model in high heels was walking on a high platform and ended up falling and kneeling on the platform because she didn't step firmly."", 'D. A man in black shorts stepped out of the bath and unexpectedly slipped and fell to the ground.']",Anomaly Context Understanding_sample_16_4,multiple,Prior
Anomaly Context Understanding,What unusual event just occurred?,00:04:56,A,"['A. A man wearing a black short-sleeved T-shirt and blue jeans, while preparing to skateboard, did not expect to fall directly to the ground before he had started.', 'B. A man wearing a blue short-sleeved T-shirt and blue jeans, while preparing to skateboard, did not expect to fall directly to the ground before he had started.', 'C. A man in a suit was conducting a chorus, after which the instrument played by the person next to him suddenly collapsed.', 'D. A man in a mascot costume is dancing on the table, but accidentally steps off with his left foot and falls to the ground.']",Anomaly Context Understanding_sample_16_5,multiple,Prior
Anomaly Context Understanding,What unusual event just occurred?,00:00:55,C,"['A. At the turn, a man in blue and green fell over on his bicycle, leaving both man and bike on the ground.', 'B. A man in a suit was walking when he stepped on the wedding dress of a woman in a wedding dress.', 'C. A female athlete fell to the ground while running over the hurdles. She hurriedly got up, got under the hurdles and continued to run.', 'D. A female athlete falls to the ground during a hurdle run. She got up, jumped over the bar and continued to run.']",Anomaly Context Understanding_sample_17_1,multiple,Prior
Anomaly Context Understanding,What unusual event just occurred?,00:01:58,D,"['A. In the wedding chapel, the crowd was listening to the bishop preach when A man in a gray suit suddenly collapsed on the red carpet of the stage.', 'B. On the podium, a man was talking with a microphone. As he was moving forward, he did not expect to step on the edge of the stage and then fell to the ground.', 'C. A woman in black No. 21 ran to the edge of the sports field and high-fived the audience, but did not expect to fall down with the hand fence, causing the audience in that row to fall down with her.', 'D. A woman in yellow No. 21 ran to the edge of the sports field and high-fived the audience, but did not expect to fall down with the hand fence, causing the audience in that row to fall down with her.']",Anomaly Context Understanding_sample_17_2,multiple,Prior
Anomaly Context Understanding,What unusual event just occurred?,00:02:55,B,"['A. A man wearing a yellow jacket and blue shorts pushed the boat into the water and later climbed aboard, but the boat failed to support the man and capsized.', 'B. In a room where many people were dancing, a woman in a gray and white plaid dress fell because she was unsteady on her feet.', 'C. In a room where many people were dancing, a woman in a blue and white plaid dress fell down because she was unsteady on her feet.', ""D. A man in blue stood on a plank and fell backwards, many women were waiting below to catch him, but they couldn't and he fell to the ground.""]",Anomaly Context Understanding_sample_17_3,multiple,Prior
Anomaly Context Understanding,What unusual event just occurred?,00:03:56,B,"['A. A female athlete, dressed in blue, fell forward as she was approaching the finish line.', 'B. A male was holding a yellow cake in his hand, but because of carelessness the cake slipped out of his hand.', 'C. A male was holding a green cake in his hand, but because of carelessness the cake slipped out of his hand.', 'D. An actor in costume walks onto the stage and a corner of his dress cape gets stuck in a gap at the edge of the stage.']",Anomaly Context Understanding_sample_17_4,multiple,Prior
Anomaly Context Understanding,What unusual event just occurred?,00:04:54,C,"[""A. A kid in a blue safety suit is riding his bike on a green track on the water, but he's about to reach the finish line when he falls."", 'B. A man finished drinking water, put down his bottle, and was about to walk to the stage when he tripped over an object on the floor.', 'C. A little red car was traveling down the road, came to a house, hit a curb, and flipped over.', 'D. A little black car was traveling down the road, came to a house, hit a curb, and flipped over.']",Anomaly Context Understanding_sample_17_5,multiple,Prior
Anomaly Context Understanding,What unusual event just occurred?,00:01:00,A,"['A. The man in the dark green coat questioned the man in the wine-colored top with a curious look on his face.', 'B. The man in the burgundy blouse looked around guiltily.', 'C. Man in wine-colored top is looked at skeptically from the sidelines.', 'D. The man in the dark black coat asked the man in the wine-colored, who had a curious expression on his face.']",Anomaly Context Understanding_sample_18_1,multiple,Prior
Anomaly Context Understanding,What unusual event just occurred?,00:02:00,D,"['A. The man in the wine-colored top is being looked at by the three with shocked expressions.', 'B. The man in the green coat is trying to explain something to the crowd.', 'C. The woman in white took off her glasses.', 'D. The man in the wine-colored top is trying to explain something to the crowd.']",Anomaly Context Understanding_sample_18_2,multiple,Prior
Anomaly Context Understanding,What unusual event just occurred?,00:03:57,B,"['A. The man in the green coat was tied up with a rope and surrounded by three men.', 'B. The man in the wine-colored coat was tied up with a rope and surrounded by three men.', 'C. The man in the wine-colored pulled out a gun and pointed it at them.', 'D. The man wearing a red wine-colored top was knocked out from behind by a woman in white.']",Anomaly Context Understanding_sample_18_3,multiple,Prior
Anomaly Context Understanding,What unusual event just occurred?,00:04:59,D,"['A. The man in the green coat pointed a pistol at the tied up man.', 'B. The man in the wine-colored coat is being lifted down from the stool.', 'C. The woman in black kisses the man in the wine-colored blouse.', 'D. The woman in white kisses the man in the wine-colored blouse.']",Anomaly Context Understanding_sample_18_4,multiple,Prior
Anomaly Context Understanding,What unusual event just occurred?,00:05:48,B,"[""A. Men dressed in black covered a woman's head from behind with a plastic bag."", 'B. A man dressed in Burgundy covered the head of a woman in a dark blue coat from behind with a plastic bag.', 'C. A man dressed in Burgundy covered the head of a woman wearing a white T-shirt from behind with a plastic bag.', 'D. The man in the dark green coat screamed.']",Anomaly Context Understanding_sample_18_5,multiple,Prior
Anomaly Context Understanding,What unusual event just occurred?,00:00:39,B,"['A. A woman in a white blouse and blue jeans and a man in a dark blue hoodie were startled by a group of people who jumped out of hiding.', 'B. A woman in a light blue top and blue jeans and a man in a dark blue hoodie are startled by a group of people who are hiding.', 'C. A man in a white shirt who is addressing a group of people.', 'D. A woman in a green shirt and blue jeans walks into the room with a cake.']",Anomaly Context Understanding_sample_19_1,multiple,Prior
Anomaly Context Understanding,What unusual event just occurred?,00:01:02,A,"['A. A man in a white jacket was laughed at by a group of people.', 'B. A man in a black jacket being laughed at by a group of people.', 'C. A man in a white coat is talking with a cake.', 'D. A lady in a light blue top and blue jeans is explaining her behavior.']",Anomaly Context Understanding_sample_19_2,multiple,Prior
Anomaly Context Understanding,What unusual event just occurred?,00:01:58,C,"['A. A woman wearing a light blue shirt is questioning everyone.', 'B. A man wearing white clothes was mocking a woman while holding hands and dancing with a gunman.', 'C. A woman wearing a purple shirt pretended to be angry and threw the door to play with a man.', 'D. A woman wearing a light blue shirt pretended to be angry and threw the door to play with a man.']",Anomaly Context Understanding_sample_19_3,multiple,Prior
Anomaly Context Understanding,What unusual event just occurred?,00:02:42,D,"['A. A lady in a light blue shirt speaks with an angry face.', 'B. A man in white clothes and a group of people laughed at a woman in a light blue shirt.', 'C. A woman in a purple shirt walked out of the door angry.', 'D. A woman in a light blue shirt walked out of the door angry.']",Anomaly Context Understanding_sample_19_4,multiple,Prior
Anomaly Context Understanding,What unusual event just occurred?,00:03:52,A,"['A. A police officer in a black uniform pulls out a gun and points it at the crowd at the party.', 'B. A policeman in a white uniform pulled out a gun and pointed it at the crowd at the party.', 'C. a police officer in a black uniform comes in and calls off the party.', 'D. a man in white held up his hands while laughing and talking to the police officer.']",Anomaly Context Understanding_sample_19_5,multiple,Prior
Anomaly Context Understanding,What unusual event just occurred?,00:00:30,C,"['A. A lady in a gray-green dress was sitting on a swing when suddenly the stake broke and she fell to the ground.', 'B. A shirtless man is using a zip line, after which the zip line rope breaks and he falls into a red and a green inflatable boat.', 'C. A woman wearing a black short-sleeved top was skateboarding. Her skateboard hit a ball and she fell to the ground.', 'D. A woman wearing a white short-sleeved top was skateboarding. Her skateboard hit a ball and she fell to the ground.']",Anomaly Context Understanding_sample_20_1,multiple,Prior
Anomaly Context Understanding,What unusual event just occurred?,00:01:31,B,"['A. A girl in an red dress and red pants held the end of the hose close to her mouth, after which water suddenly gushed out of the tube.', 'B. A girl in an orange dress and red pants held the end of the hose close to her mouth, after which water suddenly gushed out of the tube.', 'C. A lady in a red blouse was crouching on the ground when a ball flew violently and hit her on the head.', ""D. A woman wearing dark glasses, carrying a man's arm, and moments later she slipped and fell to the ground.""]",Anomaly Context Understanding_sample_20_2,multiple,Prior
Anomaly Context Understanding,What unusual event just occurred?,00:02:58,C,"['A. A child in a yellow hooded down jacket was skateboarding and he jumped up with his board, after which he fell and the board slid into the water.', 'B. A little monkey lunged at a lady and ran away with a quick tug on her shirt with one little paw.', 'C. A lady in a white shirt is on a swing. Two other men pushed her up high. When she swung back, the wooden stick that served as a seat broke.', 'D. A lady in a green shirt is on a swing. Two other men pushed her up high. When she swung back, the wooden stick that served as a seat broke.']",Anomaly Context Understanding_sample_20_3,multiple,Prior
Anomaly Context Understanding,What unusual event just occurred?,00:04:57,A,"['A. A male wearing a black hoodie was standing on the bridge. He threw his cell phone in the air and attempted to catch it, but it fell under the bridge.', 'B. A male wearing a white hoodie was standing on the bridge. He threw his cell phone in the air and attempted to catch it, but it fell under the bridge.', 'C. A truck with a yellow front was loaded with goods. The truck swung from side to side and eventually fell onto its side.', 'D. A man was riding a white horse on a beach when the horse jumped into a puddle, after which the man fell off the horse.']",Anomaly Context Understanding_sample_20_4,multiple,Prior
Anomaly Context Understanding,What unusual event just occurred?,00:05:53,B,"['A. A man wearing a black short-sleeved shirt jumped a few times on a trampoline before it suddenly broke through a hole, after which the man fell to the ground.', 'B. A male in blue was carrying a male in black, and then the male in blue slammed the male in black onto the hood of a car, resulting in his butt smashing through the front windshield.', 'C. A male in white was carrying a male in black, and then the male in blue slammed the male in black onto the hood of a car, resulting in his butt smashing through the front windshield.', 'D. A man dressed in gray and wearing an orange hard hat pedaled past on a skateboard, only to fall to the ground because he was going too fast.']",Anomaly Context Understanding_sample_20_5,multiple,Prior
Anomaly Context Understanding,What unusual event just occurred?,00:00:43,C,"['A. When A truck passed a railway track junction, the cargo on board was caught by the long-arm cargo on the train, and then overturned.', 'B. A car was going too fast and hit a blue truck in front of it, and the truck turned over.', 'C. On a side street, a black Mercedes was backing up and crashed into the car behind it.', 'D. On a side road, a car continued to move forward and hit a black Mercedes.']",Anomaly Context Understanding_sample_21_1,multiple,Prior
Anomaly Context Understanding,What unusual event just occurred?,00:00:55,D,"['A. Going too fast, a car slammed into a blue truck in front of it, causing it to flip over.', 'B. When a truck was passing through a train track junction, the long arm of the cargo on the train accidentally hooked the cargo on the truck, and eventually caused the truck to roll over.', 'C. On a road in a city block, a car trailing a cannon had one of its wheels come off.', 'D. On a road in a city block, a car was towing a cannon, and one of the wheels of the cannon came off.']",Anomaly Context Understanding_sample_21_2,multiple,Prior
Anomaly Context Understanding,What unusual event just occurred?,00:01:07,C,"['A. On a road in a city block, a car was towing a cannon, and one of the wheels of the cannon came off.', 'B. On a side street, a black Mercedes was backing up and crashed into the car behind it.', 'C. At a traffic light, a police car collided with a car, and then the police car hit two cars in succession.', 'D. At a traffic light, a police car was hit by a car turning left, causing the police car to crash into the next car.']",Anomaly Context Understanding_sample_21_3,multiple,Prior
Anomaly Context Understanding,What unusual event just occurred?,00:01:20,B,"['A. A silver car hit a pole on the side of the road, and was then hit by a black car behind it.', 'B. A silver-white car crashed into a utility pole on the side of the road and was then hit by a blue van from behind.', 'C. At a traffic light, a police car collided with a car, and then the police car hit two cars in succession.', 'D. On a road in a city block, a car was towing a cannon, and one of the wheels of the cannon came off.']",Anomaly Context Understanding_sample_21_4,multiple,Prior
Anomaly Context Understanding,What unusual event just occurred?,00:01:54,D,"['A. A silver and white car hit a pole on the side of the road and was then hit by a blue van behind it.', 'B. The vehicle carrying the video recorder that was recording this video crashed into a red car parked in front of it on the road.', 'C. A black car collided with a white car making a right turn. Then the black car hit a traffic sign on the side of the road.', 'D. A black car collided with a white car making a left turn, and then the black car hit a traffic sign on the side of the road.']",Anomaly Context Understanding_sample_21_5,multiple,Prior
Anomaly Context Understanding,What unusual event just occurred?,00:00:18,A,"['A. A white truck failed to control its direction while turning and collided with a stone wall on the roadside.', 'B. A black truck, while turning, failed to control its direction and collided with a stone wall on the roadside.', 'C. A white bus collided with a gray sedan.', 'D. A white sedan is driving on the road.']",Anomaly Context Understanding_sample_22_1,multiple,Prior
Anomaly Context Understanding,What unusual event just occurred?,00:00:43,B,"['A. Two green vans collided while passing through the intersection.', 'B. Two white vans collided while passing through the intersection.', 'C. A sedan rear ended a white sedan while driving.', 'D. A person wearing black clothes, pants, and a gray helmet is waiting for a red light in the car.']",Anomaly Context Understanding_sample_22_2,multiple,Prior
Anomaly Context Understanding,What unusual event just occurred?,00:01:19,A,"['A. A white sedan collided with other vehicles at the intersection.', 'B. A black sedan is waiting to pass on the road.', 'C. A yellow sedan was collided from the side by a white sedan while passing through the intersection.', 'D. A white sedan was collided from the side by a gray sedan while passing through the intersection.']",Anomaly Context Understanding_sample_22_3,multiple,Prior
Anomaly Context Understanding,What unusual event just occurred?,00:01:40,C,"['A. A black car collided with a normally traveling car.', 'B. A law enforcement officer is directing traffic on the road.', 'C. A car as video footage collides with a gray sedan while passing through an intersection.', 'D. The car as video footage collides with a white sedan while passing through an intersection.']",Anomaly Context Understanding_sample_22_4,multiple,Prior
Anomaly Context Understanding,What unusual event just occurred?,00:02:14,A,"['A. A purple bus quickly rushed to the roadside and had an accident.', 'B. A white bus quickly rushed to the roadside and had an accident.', 'C. A truck loaded with goods had its tires fall out while driving.', 'D. A black sedan collided with the roadside railing while driving.']",Anomaly Context Understanding_sample_22_5,multiple,Prior
Anomaly Context Understanding,What unusual event just occurred?,00:00:39,C,"['A. When A big truck was driving on the road, its left wheel suddenly fell off, hit the white bus on the left, bounced and rolled to the side of the road.', 'B. A motorcycle was driving on the road. When turning left, the motorcycle suddenly swerved out of control and the driver fell to the ground.', 'C. A truck loaded with goods was turning right when the left rear of the truck struck the car on the left, catching it and causing it to move.', 'D. A truck loaded with goods was making a left turn when the right rear of the truck struck the car on the right, catching it and causing it to move.']",Anomaly Context Understanding_sample_23_1,multiple,Prior
Anomaly Context Understanding,What unusual event just occurred?,00:00:58,B,"['A. When A big truck was driving on the road, its left wheel suddenly fell off, hit the white bus on the left, bounced and rolled to the side of the road.', 'B. As a large truck was moving from above to below, the rear of the truck hit a black car parked on the right and made it slide for some distance.', 'C. A truck loaded with goods was turning right when the left rear of the truck struck the car on the left, catching it and causing it to move.', 'D. As a large truck was moving from above to below, the rear of the truck hit a white car parked on the right and made it slide for some distance.']",Anomaly Context Understanding_sample_23_2,multiple,Prior
Anomaly Context Understanding,What unusual event just occurred?,00:01:08,D,"['A. A white dog turned off the road on the right and ran into a vehicle that was acting as a camera.', 'B. As a large truck was moving from above to below, the rear of the truck hit a black car parked on the right and made it slide for some distance.', 'C. A truck loaded with goods was turning right when the left rear of the truck struck the car on the left, catching it and causing it to move.', 'D. A black dog turned off the road on the right and ran into a vehicle that was acting as a camera.']",Anomaly Context Understanding_sample_23_3,multiple,Prior
Anomaly Context Understanding,What unusual event just occurred?,00:01:23,D,"['A. A black dog turned off the road on the right and ran into a vehicle acting as a camera as it rushed forward.', 'B. When a red and black taxi turned left, it accidentally ran up the stones on both sides of the sidewalk, stayed for a moment, then turned right and drove back to the road.', 'C. A truck loaded with goods was turning right when the left rear of the truck struck the car on the left, catching it and causing it to move.', 'D. When a yellow and white taxi turned left, it accidentally ran up the stones on both sides of the sidewalk, stayed for a moment, then turned right and drove back to the road.']",Anomaly Context Understanding_sample_23_4,multiple,Prior
Anomaly Context Understanding,What unusual event just occurred?,00:02:05,B,"['A. A black dog turned off the road on the right and ran into a vehicle acting as a camera as it rushed forward.', 'B. A white car stopped in front of the intersection was hit by a car coming out from the left.', 'C. A black car stopped in front of the intersection was hit by a car coming out from the left.', 'D. When a yellow and white taxi turned left, it accidentally ran up the stones on both sides of the sidewalk, stayed for a moment, then turned right and drove back to the road.']",Anomaly Context Understanding_sample_23_5,multiple,Prior
Anomaly Context Understanding,What unusual event just occurred?,00:01:30,A,"['A. A red and white Formula One car and a yellow and black Formula One car collided side by side, triggering a chain reaction that swept two other Formula One cars off the track.', 'B. The front wheel of a yellow, black and red Formula One car touched the rear wheel of a red and white Formula One car, resulting in the rear wheel of the red and white Formula One car breaking.', 'C. A green Formula One car collides with multiple other Formula One cars resulting in a rollover.', 'D. A black and white Formula One car and a yellow and black Formula One car collided side by side, triggering a chain reaction that swept two other Formula One cars off the track.']",Anomaly Context Understanding_sample_24_1,multiple,Prior
Anomaly Context Understanding,What unusual event just occurred?,00:01:50,B,"['A. A red and white Formula One car and a yellow and black Formula One car collided side by side, triggering a chain reaction that swept two other Formula One cars off the track.', 'B. A black and cyan Formula One car ran off the track out of control and crashed into another black and cyan Formula One car, causing both cars to run off the track together.', 'C. A green Formula One car collides with multiple other Formula One cars resulting in a rollover.', 'D. A black and blue Formula One car ran off the track out of control and crashed into another black and cyan Formula One car, causing both cars to run off the track together.']",Anomaly Context Understanding_sample_24_2,multiple,Prior
Anomaly Context Understanding,What unusual event just occurred?,00:02:50,D,"['A. A red and white Formula One car and a yellow and black Formula One car collided side by side, triggering a chain reaction that swept two other Formula One cars off the track.', 'B. A black and cyan Formula One car ran off the track out of control and crashed into another black and cyan Formula One car, causing both cars to run off the track together.', 'C. A red-and-black Formula One car lost control of its car at a corner and went off the track, hitting a guardrail.', 'D. A red-and-white Formula One car lost control of its car at a corner and went off the track, hitting a guardrail.']",Anomaly Context Understanding_sample_24_3,multiple,Prior
Anomaly Context Understanding,What unusual event just occurred?,00:03:16,D,"['A. A red Formula One car and a red Formula One car collided on the side of the corner, and then both cars went off the track.', 'B. A black and cyan Formula One car ran off the track out of control and crashed into another black and cyan Formula One car, causing both cars to run off the track together.', 'C. A red-and-white Formula One car lost control of its car at a corner and went off the track, hitting a guardrail.', 'D. A red Formula One car and a red and white Formula One car collided on the side of the corner, and then both cars went off the track.']",Anomaly Context Understanding_sample_24_4,multiple,Prior
Anomaly Context Understanding,What unusual event just occurred?,00:04:15,B,"['A. A white and dark blue Formula One car rear-ended a red Formula One car, causing the red Formula One car to spin out of control and slide off the track, while the white and dark blue Formula One car ran off the track.', 'B. A black and dark blue Formula One car rear-ended a red Formula One car, causing the red Formula One car to spin out of control and slide off the track, while the white and dark blue Formula One car ran off the track.', 'C. A red-and-white Formula One car lost control of its car at a corner and went off the track, hitting a guardrail.', 'D. A red Formula One car and a red and white Formula One car collided on the side of the corner, and then both cars went off the track.']",Anomaly Context Understanding_sample_24_5,multiple,Prior
Anomaly Context Understanding,What unusual event just occurred?,00:01:00,C,"['A. A red-and-white Formula One car suddenly lost control in the driveway, hitting a guardrail and flipping several times.', 'B. A red Formula One car and a red and black Formula One car spun out of control after colliding at a corner, before coming to a stop on the track.', 'C. A red Formula One car spun out of control after a side collision with a black and red Formula One car.', 'D. A black Formula One car spun out of control after a side collision with a black and red Formula One car.']",Anomaly Context Understanding_sample_25_1,multiple,Prior
Anomaly Context Understanding,What unusual event just occurred?,00:01:22,D,"['A. A red Formula One car has flipped after a collision with the side of a red and blue Formula One car.', 'B. A red Formula One car and a red and black Formula One car spun out of control after colliding at a corner, before coming to a stop on the track.', 'C. A red Formula One car spun out of control after a side collision with a black and red Formula One car.', 'D. A yellow Formula One car has flipped after a collision with the side of a red and blue Formula One car.']",Anomaly Context Understanding_sample_25_2,multiple,Prior
Anomaly Context Understanding,What unusual event just occurred?,00:01:52,A,"['A. Two Formula One cars with yellow, black, and red livery collided, with the rear-ended car losing control and skidding, while the other car__ front wing was damaged.', 'B. Two Formula One cars with green, black, and red livery collided, with the rear-ended car losing control and skidding, while the other car__ front wing was damaged.', 'C. A red Formula One car spun out of control after a side collision with a black and red Formula One car.', 'D. A yellow Formula One car has flipped after a collision with the side of a red and blue Formula One car.']",Anomaly Context Understanding_sample_25_3,multiple,Prior
Anomaly Context Understanding,What unusual event just occurred?,00:02:17,B,"['A. Two Formula One cars with yellow, black, and red livery collided, with the rear-ended car losing control and skidding, while the other car__ front wing was damaged.', 'B. A red and white Formula One car spun out of control and collided with a black and yellow Formula One car as well as a red and blue Formula One car.', 'C. A green and white Formula One car spun out of control and collided with a black and yellow Formula One car as well as a red and blue Formula One car.', 'D. A yellow Formula One car has flipped after a collision with the side of a red and blue Formula One car.']",Anomaly Context Understanding_sample_25_4,multiple,Prior
Anomaly Context Understanding,What unusual event just occurred?,00:02:28,C,"['A. Two Formula One cars with yellow, black, and red livery collided, with the rear-ended car losing control and skidding, while the other car__ front wing was damaged.', 'B. A red and white Formula One car spun out of control and collided with a black and yellow Formula One car as well as a red and blue Formula One car.', 'C. The rear wheel of a green and black Formula One car suddenly blew a tire.', 'D. A yellow Formula One car has flipped after a collision with the side of a red and blue Formula One car.']",Anomaly Context Understanding_sample_25_5,multiple,Prior
Anomaly Context Understanding,What unusual event just occurred?,00:01:29,D,"['A. A blue Formula One car and a white and red Formula One car collided sideways, sending both cars off the track.', 'B. The side of a red Formula One car hit the rear wheels of two yellow and black Formula One cars, which then slid out of control off the track.', 'C. A black-and-white Formula One car rear-ended a blue-and-white Formula One car, which then lost control of the blue-and-white Formula One car and came to rest across the track.', 'D. A red-and-white Formula One car rear-ended a blue-and-white Formula One car, which then lost control of the blue-and-white Formula One car and came to rest across the track.']",Anomaly Context Understanding_sample_26_1,multiple,Prior
Anomaly Context Understanding,What unusual event just occurred?,00:01:45,C,"['A. A pink and black Formula One car was stopped by a red Formula One car driving in from off the track, causing the pink and blue Formula One car to lose control and run off the track.', 'B. The side of a red Formula One car hit the rear wheels of two yellow and black Formula One cars, which then slid out of control off the track.', 'C. A pink and blue Formula One car was stopped by a red Formula One car driving in from off the track, causing the pink and blue Formula One car to lose control and run off the track.', 'D. A red-and-white Formula One car rear-ended a blue-and-white Formula One car, which then lost control of the blue-and-white Formula One car and came to rest across the track.']",Anomaly Context Understanding_sample_26_2,multiple,Prior
Anomaly Context Understanding,What unusual event just occurred?,00:01:52,A,"['A. A blue Formula One car was stopped by a pink and blue Formula One car driving in from off the track, causing the blue Formula One car to run off the track.', 'B. The side of a red Formula One car hit the rear wheels of two yellow and black Formula One cars, which then slid out of control off the track.', 'C. A pink and blue Formula One car was stopped by a red Formula One car driving in from off the track, causing the pink and blue Formula One car to lose control and run off the track.', 'D. A black Formula One car was stopped by a pink and blue Formula One car driving in from off the track, causing the blue Formula One car to run off the track.']",Anomaly Context Understanding_sample_26_3,multiple,Prior
Anomaly Context Understanding,What unusual event just occurred?,00:02:03,D,"['A. A blue Formula One car was stopped by a pink and blue Formula One car driving in from off the track, causing the blue Formula One car to run off the track.', 'B. A green Formula One car loses control on a bend, with tires emitting puffs of white smoke, and the red Formula car veers off the track.', 'C. A pink and blue Formula One car was stopped by a red Formula One car driving in from off the track, causing the pink and blue Formula One car to lose control and run off the track.', 'D. A red Formula One car loses control on a bend, with tires emitting puffs of white smoke, and the red Formula car veers off the track.']",Anomaly Context Understanding_sample_26_4,multiple,Prior
Anomaly Context Understanding,What unusual event just occurred?,00:03:59,B,"['A. A blue Formula One car was stopped by a pink and blue Formula One car driving in from off the track, causing the blue Formula One car to run off the track.', 'B. A black Formula One car has nudged a red Formula One car out of the track with its side.', 'C. A yellow Formula One car has nudged a red Formula One car out of the track with its side.', 'D. A red Formula One car loses control on a bend, with tires emitting puffs of white smoke, and the red Formula car veers off the track.']",Anomaly Context Understanding_sample_26_5,multiple,Prior
Anomaly Context Understanding,What unusual event just occurred?,00:00:52,A,"['A. A racing car acting as a camera went out of control on a corner, ran into the grass next to it, and the left front wheel hit the guardrail and came out of the car.', 'B. A racing car acting as a camera went out of control on a corner, ran into the grass next to it, and the right rear wheel hit the guardrail and broke free.', 'C. A purple racing car went out of control on a corner and crashed into a turquoise guardrail.', 'D. A black racing car was driving forward at the turn and hit the red and yellow guardrail.']",Anomaly Context Understanding_sample_27_1,multiple,Prior
Anomaly Context Understanding,What unusual event just occurred?,00:01:14,B,"['A. A racing car acting as a camera went out of control on a corner, ran into the grass next to it, and the left front wheel hit the guardrail and came out of the car.', 'B. A racing car acting as a camera went out of control on the straight, ran into the grass, continued on the road for some distance, swerved to the right on the sand and crashed into the green guardrail.', 'C. A racing car acting as a camera went out of control on the straightaway, ran into the grass, continued on the road some distance, swerved to the left on the sand and crashed into the white guardrail.', 'D. A black racing car was driving forward at the turn and hit the red and yellow guardrail.']",Anomaly Context Understanding_sample_27_2,multiple,Prior
Anomaly Context Understanding,What unusual event just occurred?,00:01:48,D,"['A. A racing car acting as a camera went out of control on a corner, ran into the grass next to it, and the left front wheel hit the guardrail and came out of the car.', 'B. A racing car acting as a camera went out of control on the straight, ran into the grass, continued on the road for some distance, swerved to the right on the sand and crashed into the green guardrail.', 'C. A red and black race car hit the guardrail on the right side of the road while turning and skidded on the grass for some distance before coming to a stop.', 'D. A blue and white race car hit the guardrail on the right side of the road while making a turn and skidded on the grass for some distance before coming to a stop.']",Anomaly Context Understanding_sample_27_3,multiple,Prior
Anomaly Context Understanding,What unusual event just occurred?,00:02:23,D,"['A. When A blue and black racing car was driving on the straight, white smoke suddenly emerged from the body, and after spinning out of control for a period of time, it crashed into the protective guardrail next to the road.', 'B. A racing car acting as a camera went out of control on the straight, ran into the grass, continued on the road for some distance, swerved to the right on the sand and crashed into the green guardrail.', 'C. A blue and white race car hit the guardrail on the right side of the road while making a turn and skidded on the grass for some distance before coming to a stop.', 'D. When a red and white racing car was driving on the straight, the body of the car suddenly emerged white smoke, spinning out of control for a period of time, and crashed into the guardrail next to the road.']",Anomaly Context Understanding_sample_27_4,multiple,Prior
Anomaly Context Understanding,What unusual event just occurred?,00:02:49,A,"['A. A blue racing car went out of control while turning left, veered to the right, skidded on the grass for some distance, and crashed into the guardrail next to the road.', 'B. A red racing car went out of control while turning left, veered to the right, skidded on the grass for some distance, and crashed into the guardrail next to the road.', 'C. A blue and white race car hit the guardrail on the right side of the road while making a turn and skidded on the grass for some distance before coming to a stop.', 'D. When a red and white racing car was driving on the straight, the body of the car suddenly emerged white smoke, spinning out of control for a period of time, and crashed into the guardrail next to the road.']",Anomaly Context Understanding_sample_27_5,multiple,Prior
Anomaly Context Understanding,What unusual event just occurred?,00:01:00,A,"['A. A white Formula car went off the track after its left front wheel failed on a turn.', 'B. A black Formula car went off the track after its left front wheel failed on a turn.', 'C. A red, black, and yellow Formula car was making a left turn when it lost control of its right front wheel and crashed into the guardrail.', 'D. A Formula Blue car went out of control in a turn and hit a guardrail.']",Anomaly Context Understanding_sample_28_1,multiple,Prior
Anomaly Context Understanding,What unusual event just occurred?,00:01:48,C,"['A. A white Formula car rear-ended a blue Formula car.', 'B. A Formula Blue car went out of control in a turn and hit a guardrail.', 'C. A Formula Blue car went out of control and hit a Formula White car, knocking it off the track.', 'D. A Formula black car went out of control and hit a Formula White car, knocking it off the track.']",Anomaly Context Understanding_sample_28_2,multiple,Prior
Anomaly Context Understanding,What unusual event just occurred?,00:02:24,B,"['A. A red-and-white Formula One car loses control in a turn, emits white smoke and crashes into the side of a race car.', 'B. A Formula Blue car was hit in a turn by a Formula Blue car, and the rear wheel of the Formula Yellow car in front of it was hit by a Formula Blue car.', 'C. A red and white formula car burst into smoke behind it as it turned a corner.', 'D. A black Formula car lost control of its rear wheel on a turn and crashed into the yellow Formula car in front of it.']",Anomaly Context Understanding_sample_28_3,multiple,Prior
Anomaly Context Understanding,What unusual event just occurred?,00:02:58,A,"['A. A Formula Blue car broke its left front wheel on the road and slid off the track out of control.', 'B. A Formula Black car broke its left front wheel on the road and slid off the track out of control.', 'C. A Formula Yellow car was hit by a car from behind on the road and turned upside down.', 'D. A red-and-white Formula One car loses control in a turn, emits white smoke and crashes into the side of a race car.']",Anomaly Context Understanding_sample_28_4,multiple,Prior
Anomaly Context Understanding,What unusual event just occurred?,00:03:23,D,"['A. A red and white Formula car suddenly lost control and crashed into the guardrail.', 'B. A white Formula car suddenly lost control and drove off the track.', 'C. A Formula Orange car was thrown into the air as it made a turn.', 'D. A Formula Yellow car rear-ended a Formula Orange car on a turn.']",Anomaly Context Understanding_sample_28_5,multiple,Prior
Anomaly Context Understanding,What unusual event just occurred?,00:00:32,A,"['A. A dark-brown man in a blue-and-white helmet and blue-and-white suit fell in the cycling team, triggering a series of falls and bicycle collisions.', 'B. A dark-brown man in a blue-and-red helmet and blue-and-white suit fell in the cycling team, triggering a series of falls and bicycle collisions.', 'C. A dark-brown man in a blue-and-white helmet and black-and-white suit fell in the cycling team, triggering a series of falls and bicycle collisions.', 'D. A light-brown man in a blue-and-white helmet and blue-and-white suit fell in the cycling team, triggering a series of falls and bicycle collisions.']",Anomaly Context Understanding_sample_29_1,multiple,Prior
Anomaly Context Understanding,What unusual event just occurred?,00:01:33,B,"['A. A yellow jeep left the highway and got its wheels stuck in the mud on the left side of the road and the driver fell to the ground.', 'B. A red jeep veered off the road and got its wheels stuck in the mud on the right side of the road and the driver fell to the ground.', 'C. A red jeep veered off the road and got its wheels stuck in the mud in the center and the driver fell to the ground.', 'D. A red tractor went off the road, its wheels got stuck in the mud on the right side of the road and the driver fell to the ground.']",Anomaly Context Understanding_sample_29_2,multiple,Prior
Anomaly Context Understanding,What unusual event just occurred?,00:02:10,D,"['A. Many white sailboat rushes out from the right side of the video and crashes into the tail of another white sailboat.', 'B. A white sailboat rushes out from the left side of the video and crashes into the sails of another white sailboat.', 'C. A pink sailboat rushes out from the left side of the video and crashes into the top of another white sailboat.', 'D. A white sailboat rushes out from the left side of the video and crashes into the tail of another white sailboat.']",Anomaly Context Understanding_sample_29_3,multiple,Prior
Anomaly Context Understanding,What unusual event just occurred?,00:03:17,C,"['A. A red car overtook a car on the right side of the road, colliding with a video camera car as it overtook. The video camera showed the car tipping to the right and falling onto the grass beside the road.', 'B. A black car overtook from the left side of the road, colliding with a video camera car as it overtook the road. The video camera recorded the car tipping to the left and falling onto the grass beside the road.', 'C. A black car overtook a car on the right side of the road, colliding with a video camera car as it overtook. The video camera showed the car tipping to the right and falling onto the grass beside the road.', 'D. A black car overtook a car on the right side of the road, colliding with a white car on the left as it passed. Video shows the car tilting to the right and falling onto the grass at the side of the road.']",Anomaly Context Understanding_sample_29_4,multiple,Prior
Anomaly Context Understanding,What unusual event just occurred?,00:04:12,A,"['A. A remote-controlled plane flying in the sky swerved and hit the photographer.', 'B. A remote-controlled plane flying in space swerved into the photographer.', 'C. A helicopter flying in the sky swerved into the photographer.', 'D. A remote-controlled plane flying in the sky swerved and collided with the pilot of the remote-controlled plane.']",Anomaly Context Understanding_sample_29_5,multiple,Prior
Anomaly Context Understanding,What unusual event just occurred?,00:00:26,B,"['A. A yellow car used as a camera lens was driving down the road, and after passing a truck moving in the wrong direction, the yellow car rolled to the right.', 'B. A black truck came out from the left and knocked down the gas station pillar and a red and black refueling machine.', 'C. An out-of-control navy blue car ran out from the right, it crashed through the guardrail and wall, and finally came to rest on the road.', 'D. A white truck came out from the left and knocked down the gas station pillar and a blue-and-white gas pump.']",Anomaly Context Understanding_sample_30_1,multiple,Prior
Anomaly Context Understanding,What unusual event just occurred?,00:01:01,D,"['A. A black car collided with a white car at the intersection.', 'B. The car used as a camera lens collided with the man in black on a bicycle in front of it.', 'C. An out-of-control black car careened down a snow-covered slope and crashed into the car where the camera was.', 'D. An out-of-control white car careened down a snow-covered slope and crashed into the car where the camera was.']",Anomaly Context Understanding_sample_30_2,multiple,Prior
Anomaly Context Understanding,What unusual event just occurred?,00:01:12,C,"['A. a red car crashed into a gymnasium, pushing a man on a treadmill', 'B. a black car is rear-ending the car that is the video footage, the collision rolls forward', 'C. a black sedan coming out of the left side, black out-of-control dumping, crashing into, and hitting the car used as video footage.', 'D. a white sedan coming out of the left side, the black out-of-control rear-end, crashed, hitting the car used as video footage.']",Anomaly Context Understanding_sample_30_3,multiple,Prior
Anomaly Context Understanding,What unusual event just occurred?,00:03:22,B,"['A. A car made a minor brush with a motorcycle that was used as a video camera while making a turn.', 'B. A man on a motorcycle collides with a red sedan coming out of the right side.', 'C. A man driving a motorcycle collides with a black sedan coming out of the right side.', 'D. A white car ran out from the left side at an intersection and hit another white car.']",Anomaly Context Understanding_sample_30_4,multiple,Prior
Anomaly Context Understanding,What unusual event just occurred?,00:05:19,D,"['A. a black sedan made a right turn and hit a blue bus.', 'B. a black sedan driving fast rear-ended a stopped gray sedan on the highway.', 'C. A white car came out of the right side at an intersection and hit a white car that was going straight.', 'D. A black car came out of the right side at an intersection and hit a white car that was going straight.']",Anomaly Context Understanding_sample_30_5,multiple,Prior
Anomaly Context Understanding,What unusual event just occurred?,00:00:37,B,"['A. When A big truck changed lanes on the road, it hit the white car on the right. The white car lost control and drove into the roadside lawn, and finally it turned over seriously.', 'B. When changing lanes on the road, a large truck hit the black car on the right. The black car lost control and drove into the grass on the side of the road, and finally turned over seriously.', 'C. A vehicle acting as a camera was driving on the road and struck a white car on the left that had made a sudden right turn.', 'D. A vehicle acting as a camera lost control while changing lanes from left to right on the road and drove for some time before hitting a black car parked on the side of the road.']",Anomaly Context Understanding_sample_31_1,multiple,Prior
Anomaly Context Understanding,What unusual event just occurred?,00:00:48,A,"['A. A red truck was driving from above down when it hit a black car parked on the side of the road. Then the black car collided with a white car parked behind it and another black car.', 'B. When changing lanes on the road, a large truck hit the black car on the right. The black car lost control and drove into the grass on the side of the road, and finally turned over seriously.', 'C. A white truck was driving from above down when it hit a black car parked on the side of the road, and then the black car collided with a white car parked behind and another black car.', 'D. A vehicle acting as a camera lost control while changing lanes from left to right on the road and drove for some time before hitting a black car parked on the side of the road.']",Anomaly Context Understanding_sample_31_2,multiple,Prior
Anomaly Context Understanding,What unusual event just occurred?,00:01:13,C,"['A. A red truck was driving from above down when it hit a black car parked on the side of the road. Then the black car collided with a white car parked behind it and another black car.', 'B. A black crane was driving on the left side of the road, and the boom of the crane hit the truck on the right side of the road, and the boom caught the truck for some distance, and finally stopped.', 'C. A white crane was driving on the left side of the road. When it was driving, the boom of the crane hit the truck on the right. The boom caught the truck for a distance and finally stopped.', 'D. A vehicle acting as a camera lost control while changing lanes from left to right on the road and drove for some time before hitting a black car parked on the side of the road.']",Anomaly Context Understanding_sample_31_3,multiple,Prior
Anomaly Context Understanding,What unusual event just occurred?,00:01:22,B,"['A. A red truck was driving from above down when it hit a black car parked on the side of the road. Then the black car collided with a white car parked behind it and another black car.', 'B. When a white car was driving on the road, a red and white car parked on the left suddenly opened the door on the right. The white car hit the door and finally stopped.', 'C. A white crane was driving on the left side of the road. When it was driving, the boom of the crane hit the truck on the right. The boom caught the truck for a distance and finally stopped.', 'D. When a black car was driving on the road, a blue and black car parked on the left suddenly opened the door on the right. The black car hit the door and finally stopped.']",Anomaly Context Understanding_sample_31_4,multiple,Prior
Anomaly Context Understanding,What unusual event just occurred?,00:01:37,D,"['A. A red truck was driving from above down when it hit a black car parked on the side of the road. Then the black car collided with a white car parked behind it and another black car.', 'B. When a white car was driving on the road, a red and white car parked on the left suddenly opened the door on the right. The white car hit the door and finally stopped.', 'C. When a green and black taxi was moving forward, it rubbed against a bicycle moving in the same direction. The man on the bicycle lost control and finally fell to the ground.', 'D. When a yellow and white taxi was moving forward, it rubbed against a bicycle moving in the same direction. The man on the bicycle lost control and finally fell to the ground.']",Anomaly Context Understanding_sample_31_5,multiple,Prior
Anomaly Context Understanding,Describe the unusual event that just occurred.,00:01:32,C,"['A. A car took over the road while turning, causing the motorcycle to hit trees on the roadside after driving for a while.', 'B. A off-road vehicle rider overturned while climbing a hill, causing both the person and the vehicle to roll down for a long distance.', 'C. A cyclist came down from the mountain and fell at the spot where two trees were standing, causing the person and bicycle to roll over.', 'D. A off-road vehicle rider rolled down the mountain while climbing, and the person was crushed by the vehicle several times.']",Anomaly Context Understanding_sample_32_2,multiple,Prior
Anomaly Context Understanding,What is the unusual event that first occurred in this video?,00:02:33,A,"['A. A silver white sedan turned around on the road and was hit by the front of a yellow truck, then drove away and collided with a black sedan on the right.', 'B. A black sedan collided with the car in front on the highway, then with the car on the right, and then drove off the road.', 'C. When the off-road vehicle overturned in a water filled area, it stood up from the side. After the rider in red clothes and black pants fell, he stood up.', 'D. A silver white sedan turned around on the road, and in order to avoid the impact of the yellow truck, the driver turned around again and collided with the black sedan on the right.']",Anomaly Context Understanding_sample_32_3,multiple,Prior
Anomaly Context Understanding,What unusual event occurred at the end of the video?,00:04:04,B,"['A. A black truck slowed down, and a white car behind changed lanes to avoid colliding with the black truck in front. The white car was hit by a red car in motion.', 'B. A white sedan changed lanes and was hit by a moving red car, with the white sedan lying horizontally in front of the red car.', 'C. A black sedan rolled over on the road, dropping many fragments on the ground. After rolling over, it stopped on the grass, facing upwards.', 'D. A long white tractor truck was driving at an intersection when it scraped a silver white sedan and a black sedan parked on the roadside.']",Anomaly Context Understanding_sample_32_4,multiple,Prior
Anomaly Context Understanding,What is the unusual event that first occurred in this video?,00:11:00,D,"['A. In places with billboards, motorcycle racers fell while climbing uphill, and many riders behind also fell down.', 'B. On the track inside the fence wall, an orange racing car overturned and slid towards the camera.', 'C. A racing car was driving on the track and collided with the left fence at the intersection, causing the vehicle to spin on the track.', 'D. A racing car is driving on the track, and when it reaches the intersection, it first collides with a racing car on the track, and then collides with the left fence.']",Anomaly Context Understanding_sample_32_5,multiple,Prior
Anomaly Context Understanding,What unusual event just occurred?,00:21:00,D,"['A. A white car driving towards the camera collided with a man wearing a camera on the roadside.', 'B. A motorcycle rider dressed in red suddenly flipped over due to hitting an obstacle.', 'C. The rider was flying an off-road vehicle in the air, but after landing, the vehicle overturned and he lay on the track unable to get up.', 'D. The rider drove an off-road vehicle through the air, but after landing, the vehicle overturned. He stood up and left the track.']",Anomaly Context Understanding_sample_32_1,multiple,Prior
Anomaly Context Understanding,What unusual event just occurred?,00:00:53,B,"['A. An out-of-control black car suddenly rushed out from the left. The car swerved to the right and hit a blue car moving forward.', 'B. An out-of-control white car suddenly rushed out from the left. The car swerved to the right and hit a blue car moving forward.', 'C. A red car driving on the far right side of the road suddenly lost control. After rocking from side to side for some time, the car hit a black car on the left, and finally, the two cars collided with the guardrail beside the road.', 'D. A truck full of goods was moving forward and hit a parked car. The goods rolled off the truck and fell on the car.']",Anomaly Context Understanding_sample_33_1,multiple,Prior
Anomaly Context Understanding,What unusual event just occurred?,00:01:16,A,"['A. A white car driving on the road suddenly lost control. After swaying from side to side for some time, it turned left and hit a black car driving in the opposite direction on the side of the road. The white car then spun and continued to hit a vehicle acting as a camera.', 'B. An out-of-control white car suddenly rushed out from the left. The car swerved to the right and hit a blue car moving forward.', 'C. A black car driving on the road suddenly lost control and, after swaying from side to side for some time, turned left and hit a black car driving in the opposite direction on the side of the road, after which the white car spun and continued to hit a vehicle acting as a camera.', 'D. A truck full of goods was moving forward and hit a parked car. The goods rolled off the truck and fell on the car.']",Anomaly Context Understanding_sample_33_2,multiple,Prior
Anomaly Context Understanding,What unusual event just occurred?,00:01:49,C,"['A. A white car driving on the road suddenly lost control. After swaying from side to side for some time, it turned left and hit a black car driving in the opposite direction on the side of the road. The white car then spun and continued to hit a vehicle acting as a camera.', 'B. When a black car was turning left, the right rear of the car was hit by the right front of a black car moving from right to left.', 'C. When a white car was turning left, the right rear of the car was hit by the right front of a white car moving from right to left.', 'D. A truck full of goods was moving forward and hit a parked car. The goods rolled off the truck and fell on the car.']",Anomaly Context Understanding_sample_33_3,multiple,Prior
Anomaly Context Understanding,What unusual event just occurred?,00:01:58,B,"['A. A white car driving on the road suddenly lost control. After swaying from side to side for some time, it turned left and hit a black car driving in the opposite direction on the side of the road. The white car then spun and continued to hit a vehicle acting as a camera.', 'B. A black car was passing the intersection from the top down when it collided with a black car that suddenly came out from the left.', 'C. When a white car was turning left, the right rear of the car was hit by the right front of a white car moving from right to left.', 'D. A white car was passing the intersection from the top down when it collided with a white car that suddenly rushed out from the left.']",Anomaly Context Understanding_sample_33_4,multiple,Prior
Anomaly Context Understanding,What unusual event just occurred?,00:02:29,D,"['A. A black car driving on the road suddenly slowed down and opened the door on the right, and a woman dressed in white got out of the car.', 'B. A black car was passing the intersection from the top down when it collided with a black car that suddenly came out from the left.', 'C. When a white car was turning left, the right rear of the car was hit by the right front of a white car moving from right to left.', 'D. A white car driving on the road suddenly slowed down and opened the door on the right, and a woman dressed in red got out of the car.']",Anomaly Context Understanding_sample_33_5,multiple,Prior
Anomaly Context Understanding,What unusual event just occurred?,00:00:26,A,"['A. A white small car skidded on the road at night and slid off the road', 'B. A gray small car skidded on the road at night and slid off the road', 'C. A white small car is driving normally on the road at night', 'D. A collision occurred between the sides of a gray sedan and a red sedan, which subsequently triggered a series of rear end collisions']",Anomaly Context Understanding_sample_34_1,multiple,Prior
Anomaly Context Understanding,What unusual event just occurred?,00:01:24,C,"['A. A gray small car slowly drove forward when the traffic light turned yellow', 'B. A gray sedan on the left lane turned around from the yellow and white zebra crossing and entered the right lane', 'C. A white sedan on the left lane turned around from the yellow and white zebra crossing and entered the right lane', 'D. A damaged white sedan is slowly making its way along the left-hand roadside']",Anomaly Context Understanding_sample_34_2,multiple,Prior
Anomaly Context Understanding,What unusual event just occurred?,00:02:48,D,"['A. A white SUV is speeding towards the power pole', 'B. A gray SUV hit a utility pole, and the pole and wires emitted white flames.', 'C. A small green crane collided with a wire, causing it to constantly shake', 'D. A white SUV hit a utility pole, and the pole and wires emitted white flames.']",Anomaly Context Understanding_sample_34_3,multiple,Prior
Anomaly Context Understanding,What unusual event just occurred?,00:03:17,B,"['A. A white small car rushed quickly from the left and collided with a black small car that was driving in a straight line.', 'B. A white small car rushed quickly from the left and collided with a gray small car that was driving in a straight line.', 'C. A small, gray car is driving straight on a cloudy road in the weather.', 'D. A gray SUV was caught between a light brown cable car and a black Land Rover']",Anomaly Context Understanding_sample_34_4,multiple,Prior
Anomaly Context Understanding,What unusual event just occurred?,00:04:36,C,"['A. A yellow car turned left quickly, only to be hit by a white car going straight ahead.', 'B. A large truck collided with the edge of the road while turning left', 'C. An orange car turned left quickly, only to be hit by a white car going straight ahead.', 'D. An orange car is slowly driving straight on the left side of the road.']",Anomaly Context Understanding_sample_34_5,multiple,Prior
Anomaly Context Understanding,What unusual event just occurred?,00:00:08,C,"['A. A red and black truck turned left at the intersection.', 'B. A passerby wearing black clothes and pants walked into a door.', 'C. A white car collided with a power pole.', 'D. A green car collided with a power pole.']",Anomaly Context Understanding_sample_35_1,multiple,Prior
Anomaly Context Understanding,What unusual event just occurred?,00:01:10,A,"['A. A black car collided with a truck ahead while changing lanes.', 'B. A purple car collided with a truck ahead while changing lanes.', 'C. A red car stops the car used as a video camera, after which a man gets out of a red automobile.', 'D. A light green car suddenly stopped on the roadside and was rear ended by a vehicle behind it.']",Anomaly Context Understanding_sample_35_2,multiple,Prior
Anomaly Context Understanding,What unusual event just occurred?,00:01:36,B,"['A. A black tractor is working on the roadside.', 'B. Two black cars collided at the intersection.', 'C. Two yellow cars collided at the intersection.', 'D. A white car was rear-ended by a car behind it while preparing to turn left.']",Anomaly Context Understanding_sample_35_3,multiple,Prior
Anomaly Context Understanding,What unusual event just occurred?,00:01:46,D,"['A. A pedestrian wearing black clothes and pants is crossing the road.', 'B. A white car suddenly slowed down and stopped at the intersection.', 'C. A black bus was waiting for a red light on the road when it was hit by another blue sedan.', 'D. A white bus was waiting for a red light on the road when it was hit by another white sedan.']",Anomaly Context Understanding_sample_35_4,multiple,Prior
Anomaly Context Understanding,What unusual event just occurred?,00:02:23,A,"['A. As the car serving as the video camera approached the T-junction, it collided with another red sedan.', 'B. As the car serving as the video camera approached the T-junction, it collided with another black sedan.', 'C. A black sedan lost control and collided with another black sedan on the road.', 'D. The car serving as the video camera is driving forward, and a red car ahead is attempting to make a turn.']",Anomaly Context Understanding_sample_35_5,multiple,Prior
Anomaly Context Understanding,What unusual event just occurred?,00:00:30,C,"['A. A player in a blue shirt fell to the ground while playing football, turned around a few times, and then clasped his calf tightly.', ""B. One of the commentators, imitating the players' movements, threw himself on the ground beside his chair and wrapped his hands around his calves."", 'C. A player in a red shirt hit another player in the face and, surprisingly, gave him a kiss.', 'D. A player in a red shirt, after being slapped, gently rubbed his cheek and then kissed the player who hit him.']",Anomaly Context Understanding_sample_36_1,multiple,Prior
Anomaly Context Understanding,What unusual event just occurred?,00:01:35,B,"[""A. A goalkeeper actually threw a football at the feet of the opponent's player No. 29. The player looked around and then quickly kicked the ball into the goal."", 'B. A red football player, wearing the number 20 shirt, kicked the ball into the forehead of a man dressed in black.', 'C. A player wearing a black jersey kicks the ball into a man wearing black, causing the man to fall to the ground.', 'D. A player wearing a white shirt kicked the ball into a man dressed in black, causing the man to fall to the ground.']",Anomaly Context Understanding_sample_36_2,multiple,Prior
Anomaly Context Understanding,What unusual event just occurred?,00:02:34,C,"['A. On the football field, there was A player dressed in red who stood there motionless, while other players were playing in full swing.', 'B. A red team player wearing jersey No. 66 accidentally kicked a blue team player while playing football, causing the blue team player to lie on the ground.', 'C. A white team player wearing jersey number 66 was playing football when the ball he kicked hit the red team player number 27, causing the red team player to lie on the ground.', 'D. A white team player wearing number 66 was playing football when the ball he kicked hit a red team player number 5, causing the red team player to lie on the ground.']",Anomaly Context Understanding_sample_36_3,multiple,Prior
Anomaly Context Understanding,What unusual event just occurred?,00:04:44,C,"['A. A player from the red team wearing the number 7 shirt was kicking the ball when the ball slammed into the calf of a player wearing the white shirt.', 'B. On the football field, there was a player dressed in red who stood motionless, while other players were playing with passion.', 'C. A man in a suit actually patted himself on the forehead, missing the man in green, and then turned around and gave him a hug.', 'D. A man in a suit actually patted his forehead because he missed the man in red and then turned around and gave him a hug.']",Anomaly Context Understanding_sample_36_4,multiple,Prior
Anomaly Context Understanding,What unusual event just occurred?,00:07:38,D,"['A. A red player No. 6 steals the ball from a white player No. 4, passes it to a teammate, and the teammate No. 10 kicks it away and the ball goes over the goal bar.', 'B. A player in blue dress No. 20 pushed the ball near the goal and then kicked it towards the goal, only to hit the goal shelf and the ball flew out of the field.', 'C. A man on the field had a large wine glass with a golden liquid in it, he took a sip, and then he spilled it on a player.', 'D. A man on the field had a large wine glass with a golden liquid in it, and he took a sip, only to spill it on a staff member of the program.']",Anomaly Context Understanding_sample_36_5,multiple,Prior
Anomaly Context Understanding,What unusual event just occurred?,00:01:14,C,"['A. The ball rolls towards the goalkeeper wearing yellow jersey number 1, and the goalkeeper stops it. Unexpectedly, a player wearing a white jersey No. 17 came running and kicked the ball into the goal from the side of the goalkeeper.', 'B. In the area of the pitch with the ""ALL.com"" sign, there was a player dressed in green, and he kicked the ball violently to the outside, which was jaw-dropping.', 'C. The football bounced against the player in yellow towards the left side of the goal. The player ran after the ball and the goalkeeper tried to grab it. The player accidentally fell to the ground.', 'D. The football bounced against yellow player No. 11 towards the left side of the goal. The player ran after the ball while the goalkeeper tried to grab it, and the player accidentally fell to the ground.']",Anomaly Context Understanding_sample_37_1,multiple,Prior
Anomaly Context Understanding,What unusual event just occurred?,00:01:50,C,"[""A. The goalkeeper in the green shirt was looking at the fallen player, and no one expected that A player in the yellow shirt No. 11 ran to snatch the ball away from the goalkeeper's feet, and then he kicked the ball into the goal."", 'B. The ball came flying. The goalkeeper in an orange shirt quickly fell to the ground and successfully caught the ball. However, it was extremely unexpected that the moment he got up, I do not know why he did not hold the football, and then the football flew into the goal.', 'C. A player No. 23 in yellow shoots the ball towards the goal, and the goalkeeper in green jumps up to grab it. Who would have thought that, in such an anomaly, he misses, allowing the ball to flutter through his hands and easily into the goal?', 'D. A player No. 23 in red shoots the ball towards the goal, and the goalkeeper in green jumps up to grab it. Who would have thought that, in such an anomaly, he misses, allowing the ball to swing through his hands and easily into the goal?']",Anomaly Context Understanding_sample_37_2,multiple,Prior
Anomaly Context Understanding,What unusual event just occurred?,00:03:51,A,"['A. A player in red No. 7 kicks the ball in the direction of the goal, and the goalkeeper in yellow No. 22 over there actually kicks the ball directly into his own goal.', 'B. A player in white, No. 5, kicks the ball towards the goal, and the goalkeeper in yellow, No. 22, over there, kicks the ball directly into his own goal.', 'C. The ball came flying over, and a player in red, No. 22, crouched down to try to block the ball, never thinking that the ball went under his knee behind him and scored.', ""D. The ball rolls in a straight line towards the goal frame and is stopped by the goalkeeper wearing green 13. To one's surprise, a running No. 10 red player kicked the ball into the goal.""]",Anomaly Context Understanding_sample_37_3,multiple,Prior
Anomaly Context Understanding,What unusual event just occurred?,00:04:56,C,"['A. After a player wearing a red shirt No. 9 took the ball back from an opponent wearing a blue shirt No. 12, the player actually stayed put, allowing the opponent to kick the ball into the goal.', 'B. While blocking the ball, a goalkeeper in green shirt No. 26 accidentally fell down. The player in blue shirt No. 9 continued to run and then kicked the ball into the goal.', 'C. When a goalkeeper wearing green dress No. 33 was playing, he actually walked into the middle of the field, leaving the goal unguarded and giving the opponent a direct chance to score.', 'D. A goalkeeper wearing blue dress No. 33, when playing, went to the middle of the field, leaving no one to keep the goal, providing the opponent with a direct opportunity to score.']",Anomaly Context Understanding_sample_37_4,multiple,Prior
Anomaly Context Understanding,What unusual event occurred at the end of the video?,00:08:00,C,"['A. When the goalkeeper was about to kick the ball, the red player No. 20, who had fallen to the ground, quickly got up, kicked the ball away from the goalkeeper, and then kicked the ball into the goal.', ""B. When a player in green No. 57 threw the ball, he didn't expect to be kicked back by a player in white No. 10, and the ball went straight into the goal."", 'C. A number 12 player kicks the ball in the direction of the goal, there is no goalkeeper to defend, a number 18 player in white can not catch up with the ball, and finally let the opponent score.', 'D. A number 12 player kicks the ball in the direction of the goal, there is no goalkeeper, a number 14 player in blue can not catch up with the ball, and finally let the opponent score.']",Anomaly Context Understanding_sample_37_5,multiple,Prior
Anomaly Context Understanding,What unusual event just occurred?,00:00:48,C,"['A. In the process of competing for the ball, A player wearing yellow dress No. 8 and a player wearing blue dress No. 5 collided, and the player in yellow dress No. 8 fell to the ground.', 'B. A player wearing red dress No. 14 in the process of pushing the ball towards the goal, just as the ball was about to enter the goal, did not expect to be behind a player wearing blue dress No. 3 stretched his foot to kick the ball away.', ""C. A player in red No. 19 kicked the ball on the side of the goal. The ball bounced between the goalkeeper's legs, and surprisingly the ball went behind him."", ""D. A player wearing red No. 19 on the side of the goal kicks the ball directly between the goalkeeper's legs and into the goal.""]",Anomaly Context Understanding_sample_38_1,multiple,Prior
Anomaly Context Understanding,What unusual event just occurred?_,00:03:22,A,"['A. In the process of sending the ball in the direction of the goal, A goalkeeper in green No. 1 accidentally tripped by a player in white No. 15.', 'B. In the process of sending the ball towards the goal, a goalkeeper in green No. 1 accidentally tripped by a player in white No. 18.', 'C. When a player dressed in orange kicked a football, he was accidentally kicked directly into the goal by a player dressed in black.', 'D. When a player dressed in white was kicking the ball, the ball hit the goalkeeper and bounced into the goal against a player dressed in black, who fell to the ground.']",Anomaly Context Understanding_sample_38_2,multiple,Prior
Anomaly Context Understanding,What unusual event just occurred?,00:03:52,C,"['A. A goalkeeper No. 1 in green is kicking the ball when he is not expected to be kicked aside by a player No. 10 in red, and the ball is then kicked into the goal.', ""B. The goalkeeper kicks the ball to a red player and the ball falls to the opponent's yellow player, resulting in a goal."", 'C. When a player No. 34 in blue was kicking the ball, he accidentally bumped into a player No. 9 in red, causing the ball to bounce into the goal.', 'D. A player in red, No. 27, was kicking the ball when he accidentally bumped into a player in red, No. 9, causing the ball to bounce into the goal.']",Anomaly Context Understanding_sample_38_3,multiple,Prior
Anomaly Context Understanding,What unusual event just occurred?_,00:04:29,A,"['A. In front of the player in blue dress No. 11, the player in white dress No. 9 actually kicked the ball out of the court with his heel.', 'B. In front of the player in blue dress No. 11, the player in green dress No. 95 kicked the football out of the field with his foot.', 'C. The football flew towards the goal and accidentally hit the head of a player in blue, number 9.', 'D. The football flew from the side of the goal, a player in green clothes No. 1 jumped up and caught the ball. Unexpectedly, the ball fell down and rolled into the goal.']",Anomaly Context Understanding_sample_38_4,multiple,Prior
Anomaly Context Understanding,What unusual event just occurred?_,00:05:03,C,"['A. In front of the goal, A player dressed in red and blue clothes, originally intended to fall into the goal, did not expect to kick the side, was held by the goalkeeper.', 'B. Two players were running for the ball, near the edge of the pitch, a player dressed in black threw himself over to push the ball back, did not expect to be kicked away by the player running with him, and easily scored a goal.', 'C. A No. 17 player dressed in red kicked the ball, a player dressed in black gently kicked back, the No. 17 player gently intercepted with his foot, but did not touch, the ball rolled into the goal.', 'D. A No. 17 player dressed in red kicked the ball, a player dressed in white gently kicked back, the No. 17 player gently intercepted with his foot, who knew not to touch, the ball rolled into the goal.']",Anomaly Context Understanding_sample_38_5,multiple,Prior
Anomaly Context Understanding,What unusual event just occurred?,00:00:59,C,"['A. Goalkeeper No. 23 on the white line, when the ball rolled, he raised his foot to block it, but it flew to an opponent, who then kicked it directly into the goal.', 'B. The goalkeeper in green No. 1 kicks the ball after it gets stuck, but it hits the player in red No. 10, who kicks it away, then runs after it and kicks it into the goal.', 'C. The ball flew to the goalkeeper wearing No. 1. Unexpectedly, the player wearing No. 11 red ran very fast and kicked the ball into the goal first.', 'D. The ball flew to the goalkeeper wearing No. 11, and unexpectedly the player wearing No. 1 red ran very fast and kicked the ball into the goal first.']",Anomaly Context Understanding_sample_39_1,multiple,Prior
Anomaly Context Understanding,What unusual event just occurred?,00:02:04,C,"['A. The football was rolling towards the goalkeeper in green shirt number 1. He put out his foot to try to stop the ball, but A player in white came and kicked it into the goal from the side.', 'B. The ball rolled towards the goalkeeper in green shirt No. 1. He put out his foot and kicked the ball. Surprisingly, the ball spun and still flew into the goal.', 'C. The football rolls towards the goal. The player in black, number 12, tries to kick the ball. Surprisingly, he fails to hit the ball and the ball rolls into the goal.', 'D. The ball rolls to the black player 12 next to the goal, and the red player 20 runs over and kicks the ball past the black player 12 into the goal.']",Anomaly Context Understanding_sample_39_2,multiple,Prior
Anomaly Context Understanding,What unusual event just occurred?,00:03:20,A,"['A. The soccer ball hit the goal pole and bounced violently. A player in yellow No. 1 jumped up to bat it out, but it was knocked into the goal.', 'B. The soccer ball hit the goal stick and bounced off. As the player in yellow No. 1 jumped, a player in blue No. 14 slapped the soccer ball into the goal.', ""C. The player in black No. 23 pounced on the edge of the pitch to catch the ball. Surprisingly, the ball dropped and was kicked away by the opponent's white player No. 5."", 'D. The player in red rolled the football to the ground, did not expect to be the player in white rushed up to kick the ball out, and then the player in white No. 9 kicked the ball into the goal.']",Anomaly Context Understanding_sample_39_3,multiple,Prior
Anomaly Context Understanding,What unusual event just occurred?,00:04:11,B,"['A. A player dressed in black kicked a football in the direction of the goal. The goalkeeper put his foot forward and failed to stop it, causing the ball to roll straight past him towards the goal, although he was too late to catch it.', 'B. A player in red kicks a football towards the goal, the goalkeeper reaches over and fails to stop it, causing the ball to roll straight past him towards the goal, though he is too late to catch it.', 'C. A player in yellow No. 23 kicks the ball towards the goal. The goalkeeper in green No. 1 jumps up and grabs the ball. Unexpectedly, the ball goes through his hand and into the goal.', 'D. The football was kicked towards the goal, and a player in orange No. 1 jumped up and tried to bat it out. Instead, he hit the ball into the goal.']",Anomaly Context Understanding_sample_39_4,multiple,Prior
Anomaly Context Understanding,What unusual event just occurred?,00:05:03,D,"['A. The football was heading towards the goal, and A player in white, No. 1, caught the ball on the way back, but he forgot to throw it.', 'B. When a player in green No. 57 threw the ball, he was not expected to be kicked back by a player in white No. 10, and the ball went straight into the goal.', 'C. A goalkeeper in orange, when he jumped up to pat the ball, the ball hit a white player No. 18 and flew directly into the goal.', 'D. A goalkeeper dressed in orange, when he jumped up to clap the ball, he actually hit the ball directly into the goal.']",Anomaly Context Understanding_sample_39_5,multiple,Prior
Anomaly Context Understanding,What unusual event just occurred?,00:00:48,C,"['A. A player in blue No. 10 was running towards the goal with the ball, but he kicked it sideways.', 'B. When a player wearing purple dress No. 1 was about to grab the ball with both hands, it was kicked into the goal by a player wearing white dress No. 10.', 'C. A player dressed in orange stole the ball from a player dressed in purple No. 95 and kicked it into the goal.', 'D. When a player in orange came running, the player in purple No. 95 threw the ball into the goal in the form of a flop.']",Anomaly Context Understanding_sample_40_1,multiple,Prior
Anomaly Context Understanding,What unusual event just occurred?,00:02:58,A,"['A. The ball came in from A distance and hit the back of a teammate who was standing in front of the player in green, number 18, sending it flying into the goal.', 'B. The football was flying from a distance, and at the edge of the goal, a player wearing green clothes, No. 18, kicked the football into the goal.', 'C. A player in white dress No. 9 steals the ball from a player in turquoise dress No. 1 and kicks it into the goal.', 'D. A player dressed in white No. 14 kicked the ball towards the goal and was unexpectedly held in his arms by the goalkeeper dressed in blue.']",Anomaly Context Understanding_sample_40_2,multiple,Prior
Anomaly Context Understanding,Describe the unusual event that just occurred.?,00:03:49,B,"['A. A player in red No. 9 was running and playing a football, but he missed and the ball rolled outside the goal.', 'B. The player in red, number 66, kicks the ball at his teammate. Over there, a player in red, number 27, kicks the ball away.', 'C. C.66, a player in red, kicks the ball at a teammate, and there, a player in red, No. 23, kicks the ball forward.', 'D. The player in blue, No. 22, shoots, and the goalkeeper in yellow, No. 1, bumps the ball into the air. When the ball hits the ground, the goalkeeper falls and bats it out.']",Anomaly Context Understanding_sample_40_3,multiple,Prior
Anomaly Context Understanding,What unusual event just occurred?,00:05:48,C,"['A. A.29 The player in black looked around and then kicked the football into the goal with A sudden kick.', 'B. The player in white shirt No. 11 kicks the ball towards the goal, it is kicked back by the goalkeeper in purple shirt No. 13, the player No. 11 kicks the ball back and it goes into the goal.', 'C. The player in blue No. 48 kicks the ball towards the goal, is kicked back by the goalkeeper in purple No. 13, and the player No. 11 kicks the ball into the goal.', 'D. The ball was flying towards the goal. The goalkeeper, dressed in grey and white No. 26, jumped up and slapped the ball. After a bump, the ball went into the goal.']",Anomaly Context Understanding_sample_40_4,multiple,Prior
Anomaly Context Understanding,What unusual event just occurred?,00:06:30,D,"['A. The football is flying. At the edge of the goal, A player in red dress No. 7 kicks the ball out of the field.', 'B. A player in blue runs over and kicks the ball into the goal in front of the player in red.', 'C. A player dressed in white heads the ball flying, and another player dressed in green kicks the ball flying out of the field.', 'D. A player dressed in white heads the ball and another player dressed in white kicks the ball out of the field.']",Anomaly Context Understanding_sample_40_5,multiple,Prior
Anomaly Context Understanding,What abnormal thing happened in the video?,00:00:54,D,"['A. The boxer in green shorts was kicked to the ground by the boxer in black shorts.', 'B. The boxer in black shorts kept attacking the boxer on the ground.', 'C. The boxer in green shorts is kicked to the ground by the boxer in black shorts.', 'D. The boxer in the blue shorts punched the boxer in the black shorts twice, knocking him to the ground and unconscious.']",Anomaly Context Understanding_sample_41_1,multiple,Prior
Anomaly Context Understanding,What unusual event just occurred?,00:03:36,A,"['A. The white skinned man fainted on the ground after being punched by the black skinned man.', 'B. The white man fainted on the ground after being kicked by Black.', 'C. The brown skinned man was kicked to the ground by the white skinned man.', 'D. The brown skinned man was punched to the ground by the white skinned man.']",Anomaly Context Understanding_sample_41_2,multiple,Prior
Anomaly Context Understanding,What unusual event just occurred?,00:04:40,C,"['A. The man wearing red shorts kicked the tattooed man unconscious on the ground.', 'B. The man with brown skin jumped up and kicked the man with black skin to the ground, losing consciousness.', 'C. The man with the tattoo punched another man and knocked him unconscious.', 'D. The man wearing red shorts launched a series of punches against the man with a tattoo.']",Anomaly Context Understanding_sample_41_3,multiple,Prior
Anomaly Context Understanding,What unusual event just occurred?,00:05:52,A,"['A. The man wearing the red boxing gloves locked the throat of the man wearing the blue boxing gloves.', 'B. The person wearing the red boxing gloves pushed the person wearing the blue boxing gloves to the ground.', 'C. The person wearing the red boxing gloves pushed the person wearing the blue boxing gloves to the corner.', 'D. The person wearing the red boxing gloves was knocked to the ground by the person wearing the blue boxing gloves with a punch.']",Anomaly Context Understanding_sample_41_4,multiple,Prior
Anomaly Context Understanding,What unusual event just occurred?,00:07:48,D,"['A. The man in the blue shorts punched the man in the white shorts in the face.', 'B. The man in blue shorts kicked the man in white shorts in the stomach.', 'C. The man in white shorts knocked the man in blue shorts to the ground.', 'D. The man in the blue shorts strangled the man in the white shorts with his arm.']",Anomaly Context Understanding_sample_41_5,multiple,Prior
Anomaly Context Understanding,What unusual event just occurred?,00:00:19,D,"['A. A person in blue pants is locking a person in white pants to the ground.', 'B. A man wearing gray pants punched a man wearing black pants down.', 'C. A man in a black uniform rushed forward to protect the man who was knocked down.', 'D. A person in black pants is locking a person in white pants to the ground.']",Anomaly Context Understanding_sample_42_1,multiple,Prior
Anomaly Context Understanding,What unusual event just occurred?,00:00:41,D,"['A. A person in black pants is locking a person in white pants to the ground.', 'B. A man in white shorts was struck continuously by a man in black shorts, and then the man in white shorts fell to the ground.', 'C. A man in black shorts is knocked to the ground by a roundhouse kick from a man in red shorts.', 'D. A man in yellow shorts is knocked to the ground by a roundhouse kick from a man in red shorts.']",Anomaly Context Understanding_sample_42_2,multiple,Prior
Anomaly Context Understanding,What unusual event just occurred?,00:01:03,C,"['A. A man in white shorts was struck continuously by a man in black shorts, and then the man in white shorts fell to the ground.', 'B. A man in yellow shorts is knocked to the ground by a roundhouse kick from a man in red shorts.', 'C. A man in black shorts is knocked to the ground by a man in red shorts with a series of elbow strikes.', 'D. A man in light blue shorts is knocked to the ground by a man in red shorts with a series of elbow strikes.']",Anomaly Context Understanding_sample_42_3,multiple,Prior
Anomaly Context Understanding,What unusual event just occurred?,00:01:20,A,"['A. A male wearing a white top draped a flag over the shoulders of a male wearing red shorts.', 'B. A man in yellow shorts is knocked to the ground by a roundhouse kick from a man in red shorts.', 'C. A man in black shorts is knocked to the ground by a man in red shorts with a series of elbow strikes.', 'D. A male wearing a white top draped a flag over the shoulders of a male wearing light blue shorts.']",Anomaly Context Understanding_sample_42_4,multiple,Prior
Anomaly Context Understanding,What unusual event just occurred?,00:01:26,B,"['A. A male wearing a white top draped a flag over the shoulders of a male wearing red shorts.', 'B. A male in blue shorts is pressing a male in black shorts to the ground and hitting him with his right hand.', 'C. A man in black shorts is knocked to the ground by a man in red shorts with a series of elbow strikes.', 'D. A male in black shorts is pressing a male in blue shorts to the ground and hitting him with his right hand.']",Anomaly Context Understanding_sample_42_5,multiple,Prior
Anomaly Context Understanding,What unusual event just occurred?,00:00:33,A,"['A. A male wearing white shorts was pushed to the sidelines and elbowed to the ground by a male wearing green shorts.', 'B. A male wearing black shorts was pushed to the sidelines and elbowed to the ground by a male wearing green shorts.', 'C. A male in white shorts joyfully performed a backflip.', 'D. A male in black shorts is kicked in the chin by a male in white shorts and then falls to the ground.']",Anomaly Context Understanding_sample_43_1,multiple,Prior
Anomaly Context Understanding,What unusual event just occurred?,00:01:30,C,"['A. A male wearing white shorts was pushed to the sidelines and elbowed to the ground by a male wearing green shorts.', 'B. A man in light blue shorts charges towards the man in white shorts lying on the ground and lands a punch on his face.', 'C. A man in black shorts charges towards the man in white shorts lying on the ground and lands a punch on his face.', 'D. A male in black shorts is kicked in the chin by a male in white shorts and then falls to the ground.']",Anomaly Context Understanding_sample_43_2,multiple,Prior
Anomaly Context Understanding,What unusual event just occurred?,00:02:59,B,"['A. A male wearing white shorts was pushed to the sidelines and elbowed to the ground by a male wearing green shorts.', 'B. A woman wearing a black athletic tank top and shorts was knocked to the ground by a back elbow from a woman wearing a white athletic tank top and shorts.', 'C. A man in black shorts charges towards the man in white shorts lying on the ground and lands a punch on his face.', 'D. A woman wearing a blue athletic tank top and shorts was knocked to the ground by a back elbow from a woman wearing a white athletic tank top and shorts.']",Anomaly Context Understanding_sample_43_3,multiple,Prior
Anomaly Context Understanding,What unusual event just occurred?,00:03:08,D,"['A. A woman wearing a black sports tank top and shorts ran off the field before raising her hands in the air and cheering in celebration.', 'B. A woman wearing a black athletic tank top and shorts was knocked to the ground by a back elbow from a woman wearing a white athletic tank top and shorts.', 'C. A man in black shorts charges towards the man in white shorts lying on the ground and lands a punch on his face.', 'D. A woman wearing a white sports tank top and shorts ran off the field before raising her hands in the air and cheering in celebration.']",Anomaly Context Understanding_sample_43_4,multiple,Prior
Anomaly Context Understanding,What unusual event just occurred?,00:03:28,A,"['A. A man in black shorts punched a man in red shorts continuously, eventually the man in red shorts was punched in the jaw and then fell to the ground.', 'B. A woman wearing a black athletic tank top and shorts was knocked to the ground by a back elbow from a woman wearing a white athletic tank top and shorts.', 'C. A man in black shorts charges towards the man in white shorts lying on the ground and lands a punch on his face.', 'D. A woman wearing a white sports tank top and shorts ran off the field before raising her hands in the air and cheering in celebration.']",Anomaly Context Understanding_sample_43_5,multiple,Prior
Anomaly Context Understanding,What unusual event just occurred?,00:00:56,A,"['A. A man in black shorts is punched in the chin by a man in green shorts and then falls forward onto the ground.', 'B. A man in blue shorts is punched in the chin by a man in green shorts and then falls forward onto the ground.', 'C. The male in red shorts struck the male in black shorts who was on the ground continuously.', 'D. A male wearing black shorts was knocked down by a flying knee from a male wearing red shorts.']",Anomaly Context Understanding_sample_44_1,multiple,Prior
Anomaly Context Understanding,What unusual event just occurred?,00:01:11,B,"['A. A man in black shorts is punched in the chin by a man in green shorts and then falls forward onto the ground.', 'B. A man in black shorts lies on the ground, getting hit in the head with a punch by a man in green shorts.', 'C. A man in blue shorts lies on the ground, getting hit in the head with a punch by a man in green shorts.', 'D. A male wearing black shorts was knocked down by a flying knee from a male wearing red shorts.']",Anomaly Context Understanding_sample_44_2,multiple,Prior
Anomaly Context Understanding,What unusual event just occurred?,00:01:14,C,"['A. A man in black shorts is punched in the chin by a man in green shorts and then falls forward onto the ground.', 'B. A man in black shorts lies on the ground, getting hit in the head with a punch by a man in green shorts.', 'C. A male in green shorts rode on a fence making a motion to spread money.', 'D. A male in black shorts rode on a fence making a motion to spread money.']",Anomaly Context Understanding_sample_44_3,multiple,Prior
Anomaly Context Understanding,What unusual event just occurred?,00:02:00,D,"['A. A male wearing white shorts passed out and sat down by a fence after being punched in the jaw by a male wearing dark purple shorts, after which the male wearing dark purple shorts threw several punches to the head.', 'B. A man in black shorts lies on the ground, getting hit in the head with a punch by a man in green shorts.', 'C. A male in green shorts rode on a fence making a motion to spread money.', 'D. A male wearing gray shorts passed out and sat down by a fence after being punched in the jaw by a male wearing dark purple shorts, after which the male wearing dark purple shorts threw several punches to the head.']",Anomaly Context Understanding_sample_44_4,multiple,Prior
Anomaly Context Understanding,What unusual event just occurred?,00:02:26,A,"['A. A male wearing dark blue shorts was punched in the jaw by a male wearing black shorts, and the male wearing dark blue shorts immediately fainted and sat down by the fence.', 'B. A male wearing black shorts was punched in the jaw by a male wearing black shorts, and the male wearing dark blue shorts immediately fainted and sat down by the fence.', 'C. A male in green shorts rode on a fence making a motion to spread money.', 'D. A male wearing gray shorts passed out and sat down by a fence after being punched in the jaw by a male wearing dark purple shorts, after which the male wearing dark purple shorts threw several punches to the head.']",Anomaly Context Understanding_sample_44_5,multiple,Prior
Anomaly Context Understanding,What unusual event just occurred?,00:00:33,A,"['A. A man in red shorts feints a punch, then follows up with a kick that hits the chin of the man in black shorts, who then falls to the ground.', 'B. A man in red shorts feints a punch, then follows up with a kick that hits the chin of the man in blue shorts, who then falls to the ground.', 'C. A male in white shorts joyfully performed a backflip.', 'D. A male in black shorts is kicked in the chin by a male in white shorts and then falls to the ground.']",Anomaly Context Understanding_sample_45_1,multiple,Prior
Anomaly Context Understanding,What unusual event just occurred?,00:01:20,B,"['A. A man in red shorts feints a punch, then follows up with a kick that hits the chin of the man in black shorts, who then falls to the ground.', 'B. A man in yellow shorts lands a punch on the chin of a man in white shorts, who then drops to one knee. Following another punch, the man in white shorts collapses completely.', 'C. A male in white shorts joyfully performed a backflip.', 'D. A man in yellow shorts lands a punch on the chin of a man in blue shorts, who then drops to one knee. Following another punch, the man in white shorts collapses completely.']",Anomaly Context Understanding_sample_45_2,multiple,Prior
Anomaly Context Understanding,What unusual event just occurred?,00:01:52,D,"['A. A man in red shorts feints a punch, then follows up with a kick that hits the chin of the man in black shorts, who then falls to the ground.', 'B. A man in yellow shorts lands a punch on the chin of a man in white shorts, who then drops to one knee. Following another punch, the man in white shorts collapses completely.', 'C. After blocking a punch from a man in blue shorts, a man in yellow shorts counters with a kick to the chin, causing the man in white shorts to fall down.', 'D. After blocking a punch from a man in white shorts, a man in yellow shorts counters with a kick to the chin, causing the man in white shorts to fall down.']",Anomaly Context Understanding_sample_45_3,multiple,Prior
Anomaly Context Understanding,What unusual event just occurred?,00:03:01,C,"['A. After a man in black shorts and a man in black shorts exchange crossing punches, the man in white shorts suddenly loses his balance and falls.', 'B. A man in yellow shorts lands a punch on the chin of a man in white shorts, who then drops to one knee. Following another punch, the man in white shorts collapses completely.', 'C. After a man in white shorts and a man in black shorts exchange crossing punches, the man in white shorts suddenly loses his balance and falls.', 'D. After blocking a punch from a man in white shorts, a man in yellow shorts counters with a kick to the chin, causing the man in white shorts to fall down.']",Anomaly Context Understanding_sample_45_4,multiple,Prior
Anomaly Context Understanding,What unusual event just occurred?,00:03:35,D,"['A. After a man in black shorts and a man in black shorts exchange crossing punches, the man in white shorts suddenly loses his balance and falls.', 'B. A man in yellow shorts lands a punch on the chin of a man in white shorts, who then drops to one knee. Following another punch, the man in white shorts collapses completely.', 'C. After a man in white shorts and a man in black shorts exchange crossing punches, the man in white shorts suddenly loses his balance and falls.', 'D. A woman wearing a black athletic tank top and shorts was knocked to the ground by a back elbow from a woman wearing a white athletic tank top and shorts.']",Anomaly Context Understanding_sample_45_5,multiple,Prior
Anomaly Context Understanding,What unusual event just occurred?,00:00:09,D,"['A. The man supports A motorcycle carrying a child, stands next to the motorcycle, and looks back to the left.', 'B. A truck came out on the right and hit the man and child next to the motorcycle.', 'C. A woman on a motorbike carrying a child sped past the man from right to left.', 'D. A truck came out from the left and hit the motorcycle next to the man and child.']",Anomaly Context Understanding_sample_46_1,multiple,Prior
Anomaly Context Understanding,What unusual event just occurred?,00:00:33,B,"['A. A little baby reached out, put both hands into the swimming pool, and fell into the water.', 'B. A little baby stretched out his legs, put his legs into the swimming pool, and fell into the water.', 'C. A truck came out from the left and hit the motorcycle next to the man and child.', 'D. The man supports A motorcycle carrying a child, stands next to the motorcycle, and looks back to the left.']",Anomaly Context Understanding_sample_46_2,multiple,Prior
Anomaly Context Understanding,What unusual event just occurred?,00:00:55,C,"['A. A truck came out from the left and hit the motorcycle next to the man and child.', 'B. A little baby stretched out his legs, put his legs into the swimming pool, and fell into the water.', 'C. The stroller was hanging on a door that automatically rises.', 'D. The stroller was hanging on a self-lowering door.']",Anomaly Context Understanding_sample_46_3,multiple,Prior
Anomaly Context Understanding,What unusual event just occurred?,00:01:05,B,"['A. The stroller was hanging on a door that automatically rises.', 'B. A man was walking down the stairs with a baby in his arms when he slipped, lost his balance, leaned forward and fell onto the grass.', 'C. A woman was walking down the stairs with a baby in her arms when she slipped, lost his balance, leaned forward and fell onto the grass.', 'D. A little baby stretched out his legs, put his legs into the swimming pool, and fell into the water.']",Anomaly Context Understanding_sample_46_4,multiple,Prior
Anomaly Context Understanding,What unusual event just occurred?,00:01:24,D,"['A. A man was walking down the stairs with a baby in his arms when he slipped, lost his balance, leaned forward and fell onto the grass.', 'B. A little baby stretched out his legs, put his legs into the swimming pool, and fell into the water.', 'C. An small orange dog was running from right to left by the swimming pool. While running, it fell into the pool.', 'D. A small black dog was running from right to left by the swimming pool. While running, it fell into the pool.']",Anomaly Context Understanding_sample_46_5,multiple,Prior
Anomaly Context Understanding,What unusual event just occurred?,00:00:06,A,"['A. A little boy riding his bicycle hit a post box and fell to the ground.', 'B. A little girl riding her bicycle hit a post box and fell to the ground.', 'C. A little boy was riding his bicycle on a flat road from left to right.', 'D. A woman trotted behind a little boy on a bicycle, protecting him.']",Anomaly Context Understanding_sample_47_1,multiple,Prior
Anomaly Context Understanding,What unusual event just occurred?,00:00:22,D,"['A. A little boy was riding his bicycle on a flat road from left to right.', 'B. A man rushing out of the slide hit the child, and then he quickly hugged the dog.', 'C. A little boy riding his bicycle hit a post box and fell to the ground.', 'D. A man rushing out of the slide hit the child, and then he quickly hugged the child.']",Anomaly Context Understanding_sample_47_2,multiple,Prior
Anomaly Context Understanding,What unusual event just occurred?,00:00:32,B,"['A. A little girl who was lying on the sofa fell under the sofa and the man caught her with his legs.', 'B. A little girl lying on the sofa fell under the sofa and the woman stretched her legs to catch her.', 'C. A little boy riding his bicycle hit a post box and fell to the ground.', 'D. A man rushing out of the slide hit the child, and then he quickly hugged the child.']",Anomaly Context Understanding_sample_47_3,multiple,Prior
Anomaly Context Understanding,What unusual event just occurred?,00:00:39,A,"['A. A girl fell off the slide while she was climbing up it.', 'B. A little girl lying on the sofa fell under the sofa and the woman stretched her legs to catch her.', 'C. A little boy riding his bicycle hit a post box and fell to the ground.', 'D. A boy fell off the slide while he was climbing up it.']",Anomaly Context Understanding_sample_47_4,multiple,Prior
Anomaly Context Understanding,What unusual event just occurred?,00:00:56,B,"['A. An adult sitting in A box fell down the stairs.', 'B. A child sitting in a box fell down the stairs.', 'C. A girl fell off the slide while she was climbing up it.', 'D. A man rushing out of the slide hit the child, and then he quickly hugged the child.']",Anomaly Context Understanding_sample_47_5,multiple,Prior
Anomaly Context Understanding,What unusual event just occurred?,00:00:15,B,"[""A. While playing happily with each other, the little boy who was riding on the woman's back fell off her back."", ""B. While playing happily with each other, the little girl who was riding on the man's back fell off his back."", 'C. A little girl on a four-wheeler was about to crash into the car in front of her, and the man next to her grabbed the back of her dress and pulled her out of the car.', 'D. A woman is sliding from left to right on a rope, and the man rushes forward and takes the child in the middle who is about to be hit by the woman.']",Anomaly Context Understanding_sample_48_1,multiple,Prior
Anomaly Context Understanding,What unusual event just occurred?,00:00:27,C,"['A. A woman is sliding from left to right on a rope, and the man rushes forward and takes the child in the middle who is about to be hit by the woman.', ""B. While playing happily with each other, the little girl who was riding on the man's back fell off his back."", 'C. When the man lifted the little girl up, the chair they were sitting on fell back.', 'D. When the man threw the little girl, the chair they were sitting on fell back.']",Anomaly Context Understanding_sample_48_2,multiple,Prior
Anomaly Context Understanding,What unusual event just occurred?,00:01:03,C,"['A. A little baby accidentally fell out of window while climbing to the right.', 'B. When the man lifted the little girl up, the chair they were sitting on fell back.', 'C. A little baby accidentally fell out of bed while climbing to the right.', ""D. While playing happily with each other, the little girl who was riding on the man's back fell off his back.""]",Anomaly Context Understanding_sample_48_3,multiple,Prior
Anomaly Context Understanding,What unusual event just occurred?,00:01:16,B,"['A. The little girl was sitting on the edge of the blue chair and was about to fall off when the woman sitting next to her rushed over and grabbed her.', 'B. The little girl was sitting on the edge of the blue chair and was about to fall off when the man sitting next to her rushed over and grabbed her.', ""C. The little girl who was riding on the man's back fell off his back."", 'D. A little baby accidentally fell out of bed while climbing to the right.']",Anomaly Context Understanding_sample_48_4,multiple,Prior
Anomaly Context Understanding,What unusual event just occurred?,00:01:34,B,"['A. A yellow car suddenly accelerated in reverse. It broke through the guardrail next to the lawn, nearly hit the man and child, and finally crashed into the left wall.', 'B. A gray car suddenly accelerated in reverse. It broke through the guardrail next to the lawn, nearly hit the man and child, and finally crashed into the left wall.', 'C. The little girl was sitting on the edge of the blue chair and was about to fall off when the man sitting next to her rushed over and grabbed her.', ""D. While playing happily with each other, the little girl who was riding on the man's back fell off his back.""]",Anomaly Context Understanding_sample_48_5,multiple,Prior
Anomaly Context Understanding,What unusual event just occurred?,00:00:26,A,"['A. A little girl came out on the left side of the road and almost hit the car where the camera was.', 'B. A little boy came out on the right side of the road and almost hit the car where the camera was.', 'C. A man on a bicycle rode out from the left and nearly hit the car where the camera was.', 'D. A brown sheep ran down a distant hill. Just as the sheep was about to run into a child walking behind the chicken, the woman took the child away in tim']",Anomaly Context Understanding_sample_49_1,multiple,Prior
Anomaly Context Understanding,What unusual event just occurred?,00:00:38,A,"['A. A man ran to catch a stroller that was about to run away. While holding onto the stroller, the man accidentally fell.', 'B. A little girl came out on the left side of the road and almost hit the car where the camera was.', 'C. A man on a bicycle rode out from the left and nearly hit the car where the camera was.', 'D. A woman ran to catch a stroller that was about to run away. While holding onto the stroller, the man accidentally fell.']",Anomaly Context Understanding_sample_49_2,multiple,Prior
Anomaly Context Understanding,What unusual event just occurred?,00:01:33,C,"['A. A little baby rolled over and accidentally fell off the bed, and the man next to the table caught him just in time.', 'B. A man ran to catch a stroller that was about to run away. While holding onto the stroller, the man accidentally fell.', 'C. A little baby rolled over and accidentally fell off the table, and the man next to the table caught him just in time.', 'D. A little girl came out on the left side of the road and almost hit the car where the camera was.']",Anomaly Context Understanding_sample_49_3,multiple,Prior
Anomaly Context Understanding,What unusual event just occurred?,00:01:52,B,"['A. A man ran to catch a stroller that was about to run away. While holding onto the stroller, the man accidentally fell.', 'B. The car with the camera was turning right when it almost hit a mini car going from right to left.', 'C. The car with the camera was turning left when it almost hit a mini car going from right to left.', 'D. A little baby rolled over and accidentally fell off the table, and the man next to the table caught him just in time.']",Anomaly Context Understanding_sample_49_4,multiple,Prior
Anomaly Context Understanding,What unusual event just occurred?,00:02:13,B,"['A. The car with the camera was turning right when it almost hit a mini car going from right to left.', 'B. As the car with the camera was driving down the road, it almost hit a man coming out on the left.', 'C. As the car with the camera was driving down the road, it almost hit a man coming out on the right.', 'D. A little baby rolled over and accidentally fell off the table, and the man next to the table caught him just in time.']",Anomaly Context Understanding_sample_49_5,multiple,Prior
Anomaly Context Understanding,What unusual event just occurred?,00:01:26,C,"['A. A player wearing the white jersey number 23 threw the basketball hard to the ground, but the basketball bounced back and hit him.', 'B. A player wearing a red jersey was distracted while defending against the opponent, resulting in good attacking conditions for the opponent.', 'C. A player wearing a yellow jersey passed the ball to a teammate off the field while launching an attack.', 'D. A player wearing a black jersey passed the ball to a teammate off the field while launching an attack.']",Anomaly Context Understanding_sample_50_1,multiple,Prior
Anomaly Context Understanding,What unusual event just occurred?,00:02:27,C,"['A. A player wearing a white jersey ran in the opposite direction when his teammate launched an attack.', 'B. A player wearing a blue jersey chose to pass the ball to the referee outside after receiving a pass from his teammate.', 'C. A player wearing a white jersey took a jump and shot while launching an attack, but the basketball did not touch the basket.', 'D. A player wearing a purple jersey took a jump and shot while launching an attack, but the basketball did not touch the basket.']",Anomaly Context Understanding_sample_50_2,multiple,Prior
Anomaly Context Understanding,What unusual event just occurred?,00:03:45,C,"['A. A player wearing a purple jersey failed to dribble during the attack, causing the ball to go out of bounds and lose the right to attack.', 'B. A player wearing a blue jersey was preparing to dunk, but the ball was not firmly grasped, causing the dunk to tilt.', 'C. A player wearing a red jersey was applauding with people outside the field, while the opponent secretly dribbled the ball and scored during this time.', 'D. A player wearing a black jersey was applauding with people outside the field, while the opponent secretly dribbled the ball and scored during this time.']",Anomaly Context Understanding_sample_50_3,multiple,Prior
Anomaly Context Understanding,What unusual event just occurred?,00:05:50,D,"['A. Two players wearing red clothes passed the ball to each other on the serve line, causing the ball to go out of bounds.', 'B. A player wearing a blue jersey committed a foul and lost possession of the ball by walking five steps with the ball after kickoff.', 'C. A player wearing a black jersey helped the opponent put the ball into the basket while fighting for rebounds, giving the opponent points.', 'D. A player wearing a white jersey helped the opponent put the ball into the basket while fighting for rebounds, giving the opponent points.']",Anomaly Context Understanding_sample_50_4,multiple,Prior
Anomaly Context Understanding,What unusual event just occurred?,00:07:27,C,"['A. A player wearing a black jersey helped his teammate score a basket when their attack failed.', 'B. A player wearing a white jersey steals the ball and scores when the opponent kicks off.', 'C. A player wearing a red jersey completed the ultimate goal before the end of the game time.', 'D. A player wearing a green jersey completed the ultimate goal before the end of the game time.']",Anomaly Context Understanding_sample_50_5,multiple,Prior