question_id,task_type,question,time_stamp,answer,options,temporal_clue_type,frames_required
Emotion Recognition_sample_1_1,Emotion Recognition,What is the current emotion of the man on the right side of the video?,00:00:14,D,"['A. He is very excited.', 'B. He is very Happy.', 'C. He is very anxious.', 'D. He is very flustered.']",Concurrent,multiple
Emotion Recognition_sample_1_2,Emotion Recognition,"What is the current mood of the man on the left side of the video, and what is causing his emotional changes?",00:01:15,B,"['A. He is very happy because of the cheers and applause from the audience.', 'B. He is very happy because there happens to be the equipment he mentioned here.', 'C. He is very happy because he is given a computer as a gift.', 'D. He is very happy because he just told a joke.']",Concurrent,multiple
Emotion Recognition_sample_1_3,Emotion Recognition,"What is the current mood of the man on the right side of the video, and what is causing his emotional changes?",00:02:34,D,"['A. He is very excited because the joke from the man on the left made the audience laugh.', 'B. He is very elated because he is watching the man on the left use a cup to make music.', 'C. He is very thrilled because the joke from the man on the left made the audience laugh.', 'D. He is very excited because he is watching the man on the left use a cup to make music.']",Concurrent,multiple
Emotion Recognition_sample_1_4,Emotion Recognition,"What is the current mood of the man on the right side of the video, and what is causing his emotional changes?",00:03:33,C,"['A. He is very excited because the man on the left is dancing to the rhythm.', 'B. He is shocked because the man on the left used the cup to create a rhythm.', 'C. He is very excited because the man on the left used the cup to create a rhythm.', 'D. He is very happy because the audience is cheering.']",Concurrent,multiple
Emotion Recognition_sample_1_5,Emotion Recognition,"What is the current mood of the man on the right side of the video, what caused his emotional changes?",00:04:02,B,"['A. He is very confused because the man on the right pointed to the right.', 'B. He is excited because he liked the rhythm.', 'C. He is excited because of the cheers from the audience.', 'D. He is very excited because the man on the right pointed to the right.']",Concurrent,multiple
Emotion Recognition_sample_2_1,Emotion Recognition,What is the mood of the male in the suit in the video now?,00:00:41,B,"['A. he is helpless.', 'B. he is excited.', 'C. he is anxious.', 'D. he is desperate.']",Concurrent,multiple
Emotion Recognition_sample_2_2,Emotion Recognition,What is the mood of the male in the suit in the video now?,00:01:15,D,"['A. He is excitement.', 'B. He is joy.', 'C. He is confident', 'D. He is confused']",Concurrent,multiple
Emotion Recognition_sample_2_3,Emotion Recognition,"What is the current mood of the lady in the black and white plaid clothing in the video, and what has caused her mood to change?",00:02:39,C,"['A. She is anxious because her teammates had difficulty understanding the cues she gave.', 'B. She is nervous because she was worried about time passing without an answer.', 'C. She is excited because her teammates guessed the answer.', 'D. She is expectations, because she wants to win this round.']",Concurrent,multiple
Emotion Recognition_sample_2_4,Emotion Recognition,"What is the current mood of the woman in the video wearing black pants underneath, and what has caused her mood to change?",00:03:28,B,"['A. She is nervous because she was worried about the passage of time and still could not guess the answer.', 'B. She is surprised that she guessed the answer herself.', 'C. She is of expectation because she expected to win the game.', 'D. She is helpless because she could not guess the answer anyway.']",Concurrent,multiple
Emotion Recognition_sample_2_5,Emotion Recognition,What is the mood of the male in the suit in the video now?,00:05:21,B,"['A. He is despair.', 'B. He is excited.', 'C. He is nervous.', 'D. He is happy']",Concurrent,multiple
Emotion Recognition_sample_3_1,Emotion Recognition,What is the emotion of the woman in black in the video now?,00:01:32,B,"[""A. She's feeling nervous."", 'B. Her heart rejoiced.', 'C. She feels anticipation.', 'D. She feels anxious.']",Concurrent,multiple
Emotion Recognition_sample_3_2,Emotion Recognition,What is the mood of the man in the black hat in the video now?,00:02:27,B,"['A. He is filled with a sense of accomplishment.', 'B. He exuded pride.', 'C. He looked extremely excited.', 'D. He was full of expectations.']",Concurrent,multiple
Emotion Recognition_sample_3_3,Emotion Recognition,What is the emotion of the man in the grey suit in the video now?,00:03:12,B,"['A. He has expectations.', 'B. He was excited.', 'C. He has a sense of loss.', 'D. He is nervous.']",Concurrent,multiple
Emotion Recognition_sample_3_4,Emotion Recognition,What is the emotion of the man in the grey suit in the video now?,00:04:43,B,"['A. He is cheerful.', 'B. He has a sense of loss.', 'C. He is excited.', 'D. He is nervous.']",Concurrent,multiple
Emotion Recognition_sample_3_5,Emotion Recognition,What is the emotion of the woman in black in the video now?,00:06:02,B,"['A. She feels a little lost.', 'B. She was very happy.', 'C. She was nervous.', 'D. She is looking forward to it.']",Concurrent,multiple
Emotion Recognition_sample_4_1,Emotion Recognition,What is the emotion of the lady with blonde hair in the video now?,00:00:47,B,"['A. She felt nervous.', 'B. Her heart is full of joy.', 'C. She had expectations in her heart.', 'D. She felt uneasy in her heart.']",Concurrent,multiple
Emotion Recognition_sample_4_2,Emotion Recognition,What is the emotion of the man in the suit in the video now?,00:02:19,B,"['A. He feels nervous.', 'B. He was so excited.', ""C. He's looking forward to it."", 'D. He was greatly surprised.']",Concurrent,multiple
Emotion Recognition_sample_4_3,Emotion Recognition,What is the emotion of the man in the suit in the video now?,00:03:48,D,"[""A. He's very nervous."", 'B. He feels thoroughly satisfied.', 'C. His excitement was at its peak.', 'D. He was very surprised.']",Concurrent,multiple
Emotion Recognition_sample_4_4,Emotion Recognition,What is the emotion of the lady with blonde hair in the video now?,00:05:22,C,"['A. She was very excited.', 'B. She felt surprised.', 'C. She has a very quiet mind.', 'D. She was a little uneasy.']",Concurrent,multiple
Emotion Recognition_sample_4_5,Emotion Recognition,What is the emotion of the man in the suit in the video now?,00:07:08,B,"['A. He feels very peaceful.', 'B. He was so excited.', ""C. He's looking forward to it."", 'D. He was greatly surprised.']",Concurrent,multiple
Emotion Recognition_sample_5_1,Emotion Recognition,"What is the current emotion of the dark-skinned man wearing a plaid suit jacket over a white shirt on the right side of the video, and what caused his emotional changes?",00:01:35,B,"[""A. He is a bit surprised that the person next to him says they have Dwayne Johnson's phone number in their mobile phone."", ""B. He was unhappy because a man named 'Dwayne Johnson' didn't answer his call but answered the call of the man in dark gray suit instead."", ""C. He is very happy because of the audience's laughter."", 'D. He is a bit excited because he said he knows Dwayne Johnson.']",Concurrent,multiple
Emotion Recognition_sample_5_2,Emotion Recognition,"What is the current emotion of the man in the dark gray suit wearing a dark blue tie on the left side of the video, and what caused his emotional changes?",00:02:15,B,"['A. He was very unhappy because Dwayne Johnson answered the call of the dark-skinned man instead of his.', ""B. He smiled happily because Dwayne Johnson answered his call and didn't answer the dark-skinned man's, and Dwayne Johnson even said, 'We are the best friends,' which was quite entertaining and amusing for the show."", ""C. He was very anxious because the audience's reaction was not very good."", 'D. He was worried because the dark-skinned man looked very sad.']",Concurrent,multiple
Emotion Recognition_sample_5_3,Emotion Recognition,"What is the current emotion of the dark-skinned man wearing a plaid suit jacket over a white shirt on the right side of the video, and what caused his emotional changes?",00:02:36,C,"['A. He was very angry because Dwayne Johnson preferred the man in dark gray suit on the left.', ""B. He was very happy to hear Dwayne Johnson call him 'little gremlin'."", ""C. He was unhappy to hear Dwayne Johnson call him 'little gremlin'."", 'D. He cried sadly, thinking that Dwayne Johnson was speaking ill of him.']",Concurrent,multiple
Emotion Recognition_sample_5_4,Emotion Recognition,"What is the current emotion of the man in the dark gray suit wearing a dark blue tie on the left side of the video, and what caused his emotional changes?",00:02:43,D,"[""A. He was calm because he didn't care about Dwayne Johnson speaking ill of Kevin."", 'B. He was very sad because Dwayne Johnson was actually speaking ill of Kevin.', 'C. He was happy because he could speak ill of Kevin together with Dwayne Johnson. (This option may not be socially appropriate or respectful, but it translates the given sentence literally.)', 'D. He frantically tried to stop it, worried that Dwayne Johnson would continue saying bad things about Kevin.']",Concurrent,multiple
Emotion Recognition_sample_5_5,Emotion Recognition,"What is the current emotion of the man in the dark gray suit wearing a dark blue tie on the left side of the video, and what caused his emotional changes?",00:02:58,B,"['A. He was very sad because Dwayne Johnson was actually speaking ill of Kevin.', ""B. He was calm because he didn't care about Dwayne Johnson speaking ill of Kevin."", 'C. He was happy because he could speak ill of Kevin together with Dwayne Johnson. (This option may not be socially appropriate or respectful, but it translates the given sentence literally.)', 'D. He frantically tried to stop it, worried that Dwayne Johnson would continue saying bad things about Kevin.']",Concurrent,multiple
Emotion Recognition_sample_6_1,Emotion Recognition,"What is the current emotion of the dark-skinned man wearing a plaid suit jacket over a white shirt of the video, and what caused his emotional changes?",00:00:20,D,"['A. He is a bit scared because the sudden appearance of the ostrich startled him.', 'B. He is a bit embarrassed because he was scared by the ostrich.', ""C. He is a bit happy because of the audience's cheers."", 'D. He is very happy because he finds it funny how scared he just looked.']",Concurrent,multiple
Emotion Recognition_sample_6_2,Emotion Recognition,"What is the current emotion of the young boy wearing a uniform with short sleeves and shorts of the video, and what caused his emotional changes?",00:00:50,B,"['A. He is very happy because he really likes the ostrich in his hands.', 'B. He is very calm because he is introducing the ostrich.', 'C. He is very happy because the person in the beige coat got scared by the ostrich.', 'D. He was very happy because the dark-skinned man said something funny that made him laugh.']",Concurrent,multiple
Emotion Recognition_sample_6_3,Emotion Recognition,"What is the current emotion of the dark-skinned man wearing a plaid suit jacket over a white shirt of the video, and what caused his emotional changes?",00:02:26,C,"['A. He is a bit scared because the sudden appearance of the ostrich startled him.', 'B. He is a bit embarrassed because he was scared by the ostrich.', ""C. He is a bit scared because he doesn't know what else the boy in uniform will bring out."", 'D. He is very happy because he finds it funny how scared he just looked.']",Concurrent,multiple
Emotion Recognition_sample_6_4,Emotion Recognition,"What is the current emotion of the dark-skinned man wearing a plaid suit jacket over a white shirt of the video, and what caused his emotional changes?",00:02:31,B,"['A. He is a bit scared because the sudden appearance of the ostrich startled him.', 'B. He was frightened and retreated to the right side of the stage because the young boy in uniform pulled out a snake.', ""C. He is a bit scared because he doesn't know what else the boy in uniform will bring out."", 'D. He is very happy because he finds it funny how scared he just looked.']",Concurrent,multiple
Emotion Recognition_sample_6_5,Emotion Recognition,"What is the current emotion of the dark-skinned man wearing a plaid suit jacket over a white shirt of the video, and what caused his emotional changes?",00:04:12,B,"['A. He was frightened and retreated to the right side of the stage because the young boy in uniform pulled out a snake.', 'B. He was very happy because he was amused by what the man in dark gray suit said.', ""C. He is a bit scared because he doesn't know what else the boy in uniform will bring out."", 'D. He is very happy because he finds it funny how scared he just looked.']",Concurrent,multiple
Emotion Recognition_sample_7_1,Emotion Recognition,"What is the current emotion of the woman wearing a white suit with patterns and a low ponytail on the left side of the video, and what caused his emotional changes?",00:00:56,A,"['A. She is very happy because the man in the dark gray suit took out her wedding photos.', 'B. She is very happy because of what the man in the dark gray suit said.', 'C. She is very happy because of the praise from the man in the dark gray suit.', 'D. She is very calm because she is discussing her life.']",Concurrent,multiple
Emotion Recognition_sample_7_2,Emotion Recognition,"What is the current emotion of the man in the dark gray suit wearing a dark blue tie on the right side of the video, and what caused his emotional changes?",00:03:05,B,"['A. He is very calm because they are talking.', 'B. He is happy because he was amused by what the woman with low ponytail said.', 'C. He is happy because they are talking.', 'D. He is very happy because he took out the wedding photos of the woman next to him to talk about.']",Concurrent,multiple
Emotion Recognition_sample_7_3,Emotion Recognition,What is the current emotion of the woman wearing a white suit with patterns and a low ponytail on the left side of the video?,00:03:35,A,"['A. She is happy.', 'B. She is sad.', 'C. She is nervous.', 'D. She is angry.']",Concurrent,multiple
Emotion Recognition_sample_7_4,Emotion Recognition,"What is the current emotion of the man in the dark gray suit wearing a dark blue tie on the right side of the video, and what caused his emotional changes?",00:03:52,D,"['A. He was very happy because he liked the photo in his hand very much.', 'B. He was calm because he knew who took that photo.He is happy because they are talking.', 'C. He was very happy because he knew who took that photo.', ""D. He was confused because he didn't know who took that photo.""]",Concurrent,multiple
Emotion Recognition_sample_7_5,Emotion Recognition,"What is the current emotion of the man in the dark gray suit wearing a dark blue tie on the right side of the video, and what caused his emotional changes?",00:06:05,C,"['A. He was very happy because he found the story the woman told very interesting.', 'B. He is happy because he was amused by what the woman with low ponytail said.', 'C. He was surprised to hear the woman with low ponytail say that her dog had peed on the carpet.', 'D. He is happy because they are talking.']",Concurrent,multiple
Emotion Recognition_sample_8_1,Emotion Recognition,What is the current emotion of the man wearing a black shirt with dreadlocks on the left side of the video?,00:00:51,B,"['A. He is sad.', 'B. He is happy.', 'C. He is angry.', 'D. He is calm.']",Concurrent,multiple
Emotion Recognition_sample_8_2,Emotion Recognition,"What is the current emotion of the man wearing a smoky gray suit with a black tie adorned with fine stripes on the right side of the video, and what caused his emotional changes?",00:02:00,B,"['A. He was calm because the story told by the man with dreadlocks was boring.', 'B. He was surprised and delighted because the story told by the man with dreadlocks was well-told and interesting.', 'C. He was angry because the story told by the man with dreadlocks was made up.', ""D. He was confused because he couldn't understand what the man with dreadlocks was saying.""]",Concurrent,multiple
Emotion Recognition_sample_8_3,Emotion Recognition,"What is the current emotion of the man wearing a black shirt with dreadlocks on the left side of the video, and what caused his emotional changes?",00:03:14,B,"['A. He was speechless because he thought the question asked by the man in the smoky gray suit was absurd.', 'B. He smiled because he found the question asked by the man in the smoky gray suit amusing.', 'C. He was angry because he felt the question asked by the man in the smoky gray suit was offensive.', ""D. He was calm because he didn't care about the question asked by the man in the smoky gray suit.""]",Concurrent,multiple
Emotion Recognition_sample_8_4,Emotion Recognition,What was the emotion before and after the emotional change of the man wearing a black shirt with dreadlocks of the video?,00:04:22,D,"['A. He changed from being calm to being angry.', 'B. He changed from smiling to being angry.', 'C. He changed from smiling to crying sadly.', 'D. He transitioned from smiling to a state of calmness.']",Concurrent,multiple
Emotion Recognition_sample_8_5,Emotion Recognition,"What is the current emotion of the man wearing a black shirt with dreadlocks on the left side of the video, and what caused his emotional changes?",00:08:29,B,"['A. He was excited because he enjoyed acting.', 'B. He was calm because he needed to get into character and say a line for the play.', 'C. He was angry because the man in the smoky gray suit asked him to act.', ""D. He was sad because he didn't like acting.""]",Concurrent,multiple
Emotion Recognition_sample_9_1,Emotion Recognition,"What is the current emotion of the woman wearing an off-the-shoulder shirt on the left side of the video, and what caused his emotional changes?",00:00:08,B,"['A. She was happy because she could come to this program.', ""B. She was confused because she didn't know how the man in the black suit on her right knew she had undergone LASIK surgery."", 'C. She was calm because she was already used to coming to this program.', 'D. She was happy because the man on her right noticed that she had undergone LASIK surgery.']",Concurrent,multiple
Emotion Recognition_sample_9_2,Emotion Recognition,What is the current emotion of the woman wearing an off-the-shoulder shirt on the left side of the video?,00:00:28,D,"['A. She cried sadly.', 'B. She was angry.', 'C. She was calm.', 'D. She was confused.']",Concurrent,multiple
Emotion Recognition_sample_9_3,Emotion Recognition,"What is the current emotion of the woman wearing an off-the-shoulder shirt on the left side of the video, and what caused his emotional changes?",00:01:03,B,"[""A. She was sad because her mother didn't care about her."", 'B. She was shocked to learn that her mother had sent a video of her undergoing LASIK surgery to the program.', 'C. She was happy because her mother cared about her very much.', ""D. She was angry because her mother didn't respect her.""]",Concurrent,multiple
Emotion Recognition_sample_9_4,Emotion Recognition,What is the current emotion of the woman wearing a pink sweater of the video?,00:01:33,B,"['A. She was angry.', 'B. She cried sadly.', 'C. She was happy.', 'D. She was confused.']",Concurrent,multiple
Emotion Recognition_sample_9_5,Emotion Recognition,"What is the current emotion of the woman wearing an off-the-shoulder shirt on the left side of the video, and what caused his emotional changes?",00:03:17,D,"[""A. She's unhappy because the man on her right hasn't introduced her album yet."", ""B. She's happy because the man on her right has taken out her album."", ""C. She's unhappy because the man on her right is saying something boring."", ""D. She's happy because the man on her right said something that made her laugh.""]",Concurrent,multiple
Emotion Recognition_sample_10_1,Emotion Recognition,What is the mood of this man in a suit with black hair? Why is he in this mood?,00:00:35,C,"['A. He is happy because he shook hands with the host.', 'B. He is happy because the host introduced him.', 'C. He is embarrassed because he is speaking at the same time as the host.', 'D. He is happy because he has come to this project.']",Concurrent,multiple
Emotion Recognition_sample_10_2,Emotion Recognition,What is the mood of this man in a suit with black hair? Why is he in this mood?,00:01:20,B,"['A. He is happy because he shook hands with the host.', 'B. He is excited because he and his partner are shouting with passion.', 'C. He is embarrassed because he is speaking at the same time as the host.', 'D. He is excited because the host introduced a child as his partner.']",Concurrent,multiple
Emotion Recognition_sample_10_3,Emotion Recognition,What is the mood of this man in a suit with black hair? Why is he in this mood?,00:02:22,C,"['A. He is a bit embarrassed because he is talking about what kind of student he was in elementary school.', 'B. He is excited because he and his partner are shouting with passion.', 'C. He is a bit excited because the host is introducing the rules.', 'D. He is excited because the host introduced a child as his partner.']",Concurrent,multiple
Emotion Recognition_sample_10_4,Emotion Recognition,What is the mood of this man in a suit with black hair? Why is he in this mood?,00:03:37,B,"['A. He is a bit embarrassed because he is talking about what kind of student he was in elementary school.', 'B. He is a bit nervous because he is answering the question.', 'C. He is a bit excited because the host is introducing the rules.', 'D. He is a bit excited because he is eager to have a try.']",Concurrent,multiple
Emotion Recognition_sample_10_5,Emotion Recognition,What is the mood of this man in a suit with black hair? Why is he in this mood?,00:04:42,C,"['A. He is a bit excited because he is shaking hands with his partner.', 'B. He is a bit nervous because he is answering the question.', 'C. He is very happy because the answer he gave was correct.', 'D. He is a bit excited because he is eager to have a try.']",Concurrent,multiple
Emotion Recognition_sample_11_1,Emotion Recognition,"What is the mood of this white man in a suit, dark purple tie, blue shirt underneath, blue tag on his left breast, and dark hair? Why is he in this mood?",00:00:48,A,"['A. He was happy because the host introduced their team.', 'B. He was happy because the audience laughed.', 'C. He was happy because the host was walking up to the stage.', 'D. He was happy because the host he knew.']",Concurrent,multiple
Emotion Recognition_sample_11_2,Emotion Recognition,"What is the mood of this white man in a suit, dark purple tie, blue shirt underneath, blue tag on his left breast, and dark hair? Why is he in this mood?",00:01:06,A,"['A. He is a little bit happy that he and his opponent are shaking hands.', 'B. He is happy because of the cheering of the crowd.', 'C. He is happy because the host introduced their team.', 'D. He is happy because the host he knew.']",Concurrent,multiple
Emotion Recognition_sample_11_3,Emotion Recognition,"What is the mood of this white man in a suit, dark purple tie, blue shirt underneath, blue tag on his left breast, and dark hair? Why is he in this mood?",00:01:27,D,"['A. He is a little bit happy that he and his opponent are shaking hands.', 'B. He is a little embarrassed because his opponent told him to use his injured hand.', 'C. He was happy because the host introduced their team.', 'D. He is excited because the host is introducing the rules.']",Concurrent,multiple
Emotion Recognition_sample_11_4,Emotion Recognition,"What is the mood of this white man in a suit, dark purple tie, blue shirt underneath, blue tag on his left breast, and dark hair? Why is he in this mood?",00:02:10,A,"['A. He was a little happy that he answered the question correctly.', 'B. He is a little embarrassed because his opponent told him to use his injured hand.', 'C. He was happy because the host introduced their team.', 'D. He is excited because the host is introducing the rules.']",Concurrent,multiple
Emotion Recognition_sample_11_5,Emotion Recognition,"What is the mood of this white man in a suit, dark purple tie, blue shirt underneath, blue tag on his left breast, and dark hair? Why is he in this mood?",00:03:52,B,"['A. He was a little happy that he answered the question correctly.', ""B. He was happy because his opponent didn't answer the question correctly."", 'C. He was happy because the host introduced their team.', ""D. He was a little disappointed that he didn't grab the question.""]",Concurrent,multiple
Emotion Recognition_sample_12_1,Emotion Recognition,What is the mood of this man with a pet in his arms and a black T-shirt? Why is he in this mood?,00:00:22,B,"['A. He is happy because he was on TV with his pet tiger cub.', 'B. He is happy because the crowd is cheering.', 'C. He is happy because of his handshake with the host.', 'D. He is happy because he liked the tiger cub in his arms.']",Concurrent,multiple
Emotion Recognition_sample_12_2,Emotion Recognition,What is the mood of this man with a pet in his arms and a black T-shirt? Why is he in this mood?,00:00:30,B,"['A.He is happy because the crowd is cheering.', 'B. He was happy because the host congratulated him on his engagement.', 'C. He is happy because of his handshake with the host.', 'D. He was happy because he liked the tiger cub in his arms.']",Concurrent,multiple
Emotion Recognition_sample_12_3,Emotion Recognition,What is the mood of this man with a pet in his arms and a black T-shirt? Why is he in this mood?,00:03:07,B,"['A. He was happy because the host was hugging the tiger cubs.', 'B. He was excited because he introduced his other pet python to the audience.', 'C. He was happy because the host congratulated him on his engagement.', 'D. He was happy because he liked the tiger cub in his arms.']",Concurrent,multiple
Emotion Recognition_sample_12_4,Emotion Recognition,What is the mood of this man with a pet in his arms and a black T-shirt? Why is he in this mood?,00:03:36,D,"[""A. He was calm because the host didn't want to hold the python."", 'B. He is calm because the audience is frightened by the python.', 'C. He was calm because he was used to holding the python.', 'D. He was calm because he introduced the pet in his hand to the host.']",Concurrent,multiple
Emotion Recognition_sample_12_5,Emotion Recognition,What is the mood of this man with a pet in his arms and a black T-shirt? Why is he in this mood?,00:05:04,C,"['A. He was happy because he heard the applause of the audience.', ""B. He was happy because the presenter didn't want to hold the python."", 'C. He was happy to be introduced to his Binturong pets.', ""D. He was happy because he didn't have to hold the python.""]",Concurrent,multiple
Emotion Recognition_sample_13_1,Emotion Recognition,What's the mood of the man in the T-shirt with the blonde hair? Why is he in that mood?,00:00:17,D,"['A. He was calm as he presented the ingredients.', 'B. He was happy because he was shaking hands and saying hello to a man wearing a black suit with a black dress underneath.', 'C. He was happy because he was shaking hands and saying hello to a man in a black suit with a purple tie.', 'D. He was calm because he was talking about a dish he was going to cook.']",Concurrent,multiple
Emotion Recognition_sample_13_2,Emotion Recognition,What's the mood of the man in the T-shirt with the blonde hair? Why is he in that mood?,00:00:35,D,"['A. He was happy because he is teaching the two hosts how to cut oranges.', 'B. He was happy because he was shaking hands and saying hello to a man wearing a black suit with a black dress underneath.', 'C. He was happy because he was shaking hands and saying hello to a man in a black suit with a purple tie.', 'D. He was happy because of what the man in the black suit and black shirt said.']",Concurrent,multiple
Emotion Recognition_sample_13_3,Emotion Recognition,What's the mood of the man in the T-shirt with the blonde hair? Why is he in that mood?,00:02:25,D,"['A. He was happy because of what the man in the black suit and black shirt said.', ""B. He was surprised because the presenter didn't know how to cut an orange."", 'C. He was happy because he is teaching the two hosts how to cut oranges.', 'D. He was surprised because the audience gasped.']",Concurrent,multiple
Emotion Recognition_sample_13_4,Emotion Recognition,What's the mood of the man in the T-shirt with the blonde hair? Why is he in that mood?,00:03:29,D,"['A. He was happy because he was infected by the atmosphere of the audience.', 'B. He was happy because of what the man in the black suit and black shirt said.', 'C. He was happy because he is teaching the two hosts how to cut oranges.', 'D. He was happy because he said something bad and scared the host next to him.']",Concurrent,multiple
Emotion Recognition_sample_13_5,Emotion Recognition,What's the mood of the man in the T-shirt with the blonde hair? Why is he in that mood?,00:04:48,C,"['A. He was happy because he said something bad and scared the host next to him.', 'B. He was happy because he felt the cheers of the audience.', 'C. He was happy because the cooking was finished.', 'D. He was happy because of what the man in the black suit and black shirt said.']",Concurrent,multiple
Emotion Recognition_sample_14_1,Emotion Recognition,"What's the mood of the man in the suit, black sneakers, holding a book? Why is he in that mood?",00:00:52,D,"['A. He is happy because he and the host are talking about a book.', 'B. He is happy because the audience cheered.', 'C. He is happy because of the praise from the hosts.', 'D. He is happy because he and the host are making jokes about book titles.']",Concurrent,multiple
Emotion Recognition_sample_14_2,Emotion Recognition,"What's the mood of the man in the suit, black sneakers, holding a book?",00:01:05,C,"['A. he is excited.', 'B. he is relaxed.', 'C. he is happy.', 'D. He is calm.']",Concurrent,multiple
Emotion Recognition_sample_14_3,Emotion Recognition,"What's the mood of the bright brown-haired man in the suit, sitting at the table? Why is he in that mood?",00:01:35,D,"['A. He is happy because he asked the male next to him if he was gay and the male next to him said he is deeply closeted.', 'B. He is a little confused and surprised because the male next to him says he is gay.', 'C. He is a little confused because the male next to him says he is not gay.', 'D. He is happy because the male next to him says he is as straight as an arrow.']",Concurrent,multiple
Emotion Recognition_sample_14_4,Emotion Recognition,"What's the mood of the bright brown-haired man in the suit, sitting at the table? Why is he in that mood?",00:02:13,C,"['A. He is happy because the male next to him says he is as straight as an arrow.', 'B. He is a little happy because the wife of the male next to him calls him a dirty dog.', 'C. He is a little amused because the male next to him compares his wife to a battle axe.', 'D. He is a little confused because the male next to him says he is not gay.']",Concurrent,multiple
Emotion Recognition_sample_14_5,Emotion Recognition,"What's the mood of the bright brown-haired man in the suit, sitting at the table? Why is he in that mood?",00:03:33,D,"['A. He is happy because the male next to him says he is as straight as an arrow.', 'B. He is a little happy because the wife of the male next to him calls him a dirty dog.', 'C. He is a little amused because the male next to him compares his wife to a battle axe.', 'D. He is excited because the male next to him jokes about his wife.']",Concurrent,multiple
Emotion Recognition_sample_15_1,Emotion Recognition,"What is the mood of this man in jeans, white sneakers and a brown beard?",00:00:17,C,"['A. he is calm.', 'B. he is relaxed.', 'C. he is happy.', 'D. he is excited.']",Concurrent,multiple
Emotion Recognition_sample_15_2,Emotion Recognition,"What is the mood of this man in jeans, white sneakers and a brown beard? Why is he in this mood?",00:01:05,C,"['A. he is happy because of the analogy of the male sitting next to him.', 'B. he is happy because of his own analogy.', 'C. he is calm because he is reminiscing about the past.', 'D. he is calm because the man next to him is laughing.']",Concurrent,multiple
Emotion Recognition_sample_15_3,Emotion Recognition,"What is the mood of this man in jeans, white sneakers and a brown beard? Why is he in this mood?",00:05:40,C,"['A. He is calm because he is recounting a bad event.', 'B. He is calm because he has the same unpleasant experience as the presenter.', ""C. He is calm because he's remembering what he's encountered before."", 'D. He is calm because he says something boring.']",Concurrent,multiple
Emotion Recognition_sample_15_4,Emotion Recognition,What's the mood of this lady in jeans and long brown hair? Why does she feel that way?,00:07:33,C,"['A. She was surprised because the presenter said something bad.', 'B. She was surprised because she saw something that made her uncomfortable.', 'C. She was surprised because she heard the man next to her talk about an embarrassing experience on an airplane.', 'D. She was surprised because she was frightened by what the host said.']",Concurrent,multiple
Emotion Recognition_sample_15_5,Emotion Recognition,"What is the mood of this man in jeans, white sneakers and a brown beard? Why is he in this mood?",00:08:51,C,"['A. He is calm as he recounts an embarrassing experience to the host.', 'B. He is calm because he has the same unpleasant experience as the presenter.', 'C. He is happy because he told the host a very funny experience.', 'D. He was happy because he was infected by the laughter of the woman next to him.']",Concurrent,multiple
Emotion Recognition_sample_16_1,Emotion Recognition,What is the current emotion of the man in the middle of the video?,00:00:53,C,"['A. He is very upset and angry.', 'B. He is very moved and excited.', 'C. He is very happy and proud.', 'D. He is very sad and upset.']",Concurrent,multiple
Emotion Recognition_sample_16_2,Emotion Recognition,What is the current emotion of the man in the middle of the video?,00:01:40,A,"['A. He was very proud and tries to stay calm.', 'B. He was very upset and angry.', 'C. He was very moved and could not contain his excitement.', 'D. He was very sad and could not contain his sadness.']",Concurrent,multiple
Emotion Recognition_sample_16_3,Emotion Recognition,"What is the current mood of the man in the left of the video, and what is causing his emotional changes?",00:02:01,B,"['A. He was very happy because he heard the host say his name when he announced the nominations.', 'B. He was very happy because he was about to get his own trophy.', 'C. He was very excited because he heard the applause and cheers of the people around him.', 'D. He was very excited because he was able to have an intimate hug with the host.']",Concurrent,multiple
Emotion Recognition_sample_16_4,Emotion Recognition,"What is the current mood of the man in the middle of the video, and what is causing his emotional changes?",00:02:08,A,"[""A. He was very surprised because he didn't expect to win the award."", 'B. He was very happy because he was about to get his own trophy.', 'C. He was very excited because he heard the applause and cheers of the people around him.', 'D. He was very excited because he was able to have an intimate hug with the host.']",Concurrent,multiple
Emotion Recognition_sample_16_5,Emotion Recognition,"What is the current mood of the man in the middle of the video, and what is causing his emotional changes?",00:03:53,A,"['A. He went from calm to a little embarrassed because he had just made a very spontaneous speech.', 'B. He went from happy to somewhat sad because he was about to separate from his director.', 'C. He changed from excitement to some calm as he heard the applause and cheers of those around him slow down.', 'D. He went from calm to somewhat emotional as he prepared to kiss the trophy he had won.']",Concurrent,multiple
Emotion Recognition_sample_17_1,Emotion Recognition,"What is the current mood of the man on the right side of the video, and what is causing his emotional changes?",00:01:19,C,"['A. He is delighted by the cheers and applause of the audience.', 'B. He is excited because of the commendation from the person on the left.', 'C. He is happy because the guy on the left is telling jokes.', 'D. He is excited because of the joke told by the person on the left.']",Concurrent,multiple
Emotion Recognition_sample_17_2,Emotion Recognition,What is the current emotion of the man in the middle of the video?,00:02:05,C,"['A. He is very sad.', 'B. He is very thrilled.', 'C. He is very elated.', 'D. He is very moved.']",Concurrent,multiple
Emotion Recognition_sample_17_3,Emotion Recognition,What is the current emotion of the man in the middle of the video?,00:03:37,B,"['A. He is so moved that he almost cried.', 'B. He is so happy that he almost cried.', 'C. He is so excited that he almost cried.', 'D. He is in so much pain that he almost cried.']",Concurrent,multiple
Emotion Recognition_sample_17_4,Emotion Recognition,What is the current emotion of the man in the middle of the video?,00:04:37,C,"['A. He is a bit nervous and at a loss.', 'B. He is a bit confused and at a loss.', 'C. He is so happy that he is a bit at a loss.', 'D. He is shocked and a bit at a loss.']",Concurrent,multiple
Emotion Recognition_sample_17_5,Emotion Recognition,What is the current emotion of the man in the middle of the video?,00:05:52,D,"['A. He is very excited.', 'B. He is very sad.', 'C. He is very moved.', 'D. He is very happy.']",Concurrent,multiple
Emotion Recognition_sample_18_1,Emotion Recognition,What is the current emotion of the woman in the middle of the video?,00:00:40,A,"['A. She is very happy and proud.', 'B. She is deeply saddened and disappointed.', 'C. She is filled with anxiety and uncertainty.', 'D. She feels a sense of calm and contentment.']",Concurrent,multiple
Emotion Recognition_sample_18_2,Emotion Recognition,"What is the current mood of the woman in the middle of the video, and what is causing her emotional changes?",00:01:39,B,"['A. She was very happy because she saw the beautiful fireworks.', 'B. She was very happy because she heard the host accidentally pause while introducing herself.', ""C. She was very sad because she didn't win the championship."", 'D. She was very sad because she heard the host say bad things about herself on stage.']",Concurrent,multiple
Emotion Recognition_sample_18_3,Emotion Recognition,"What is the current mood of the woman in the middle of the video, and what is causing her emotional changes?",00:02:14,C,"[""A. She's A little shy because she said the wrong thing."", 'B. She was embarrassed because she heard people booing from the audience.', 'C. She was a little shy because she heard the crowd cheering.', 'D. She was sad because she saw the film.']",Concurrent,multiple
Emotion Recognition_sample_18_4,Emotion Recognition,What is the current emotion of the woman in the left of the video?,00:03:12,D,"['A. She is incredibly excited and energetic.', 'B. She is visibly nervous and jittery.', 'C. She is deeply thoughtful and contemplative.', 'D. She is very serious and calm.']",Concurrent,multiple
Emotion Recognition_sample_18_5,Emotion Recognition,"What is the current mood of the woman in the right of the video, and what is causing her emotional changes?",00:04:32,A,"['A. She was very moved because she won the Oscar.', 'B. She was very embarrassed because she heard people booing in the audience.', 'C. She was very happy because she saw her good friend win the Oscar.', 'D. She was very calm because she knew she was leaving.']",Concurrent,multiple
Emotion Recognition_sample_19_1,Emotion Recognition,What is the current emotion of the woman in the middle of the video?,00:00:18,A,"['A. She is very happy and proud.', 'B. She is extremely frustrated.', 'C. She is overwhelmed with anger.', 'D. She is deeply sad.']",Concurrent,multiple
Emotion Recognition_sample_19_2,Emotion Recognition,"What is the current mood of the man in the middle of the video, and what is causing his emotional changes?",00:01:08,B,"[""A. He was very confused because he couldn't understand what the host was saying."", 'B. He is very serious because he is listening carefully to the host.', 'C. He was very happy because he heard the applause and cheering.', 'D. He is very calm because he wants to maintain a calm image.']",Concurrent,multiple
Emotion Recognition_sample_19_3,Emotion Recognition,"What is the current mood of the man in the right of the video, and what is causing his emotional changes?",00:01:48,C,"[""A. He was very confused because he couldn't understand what the host was saying."", 'B. He is very serious because he is listening carefully to the host.', 'C. He was very pleased because he heartily congratulated him on winning the prize.', 'D. He is very calm because he wants to maintain a calm image.']",Concurrent,multiple
Emotion Recognition_sample_19_4,Emotion Recognition,What is the current emotion of the man in the middle of the video?,00:02:39,D,"['A. He is utterly calm and serene.', 'B. He is filled with sadness and melancholy.', 'C. He is brimming with confidence and anticipation.', 'D. He is very nervous and excited.']",Concurrent,multiple
Emotion Recognition_sample_19_5,Emotion Recognition,"What is the current mood of the man in the middle of the video, and what is causing his emotional changes?",00:04:32,C,"['A. He was very serious because he was giving an acceptance speech.', 'B. He is very serious because he is listening carefully to the host.', 'C. He was very pleased because he heartily congratulated him on winning the prize.', 'D. He was very happy because he saw his wife.']",Concurrent,multiple
Emotion Recognition_sample_20_1,Emotion Recognition,What is the current emotion of the woman in the middle of the video?,00:00:53,A,"['A. She is very serious and calm.', 'B. She is extremely frustrated.', 'C. She is overwhelmed with anger.', 'D. She is deeply sad.']",Concurrent,multiple
Emotion Recognition_sample_20_2,Emotion Recognition,"What is the current mood of the woman in the middle of the video, and what is causing her emotional changes?",00:01:20,A,"['A. She was very excited because she hear that she would be nominated for more awards in the future.', 'B. She was very sad, because she knew that she was sadly not nominated for this award.', 'C. She was very angry because she saw her husband getting intimate with the host on stage.', 'D. She was very calm, because she was trying to contain her frustration at losing the election.']",Concurrent,multiple
Emotion Recognition_sample_20_3,Emotion Recognition,"What is the current mood of the woman in the right of the video, and what is causing her emotional changes?",00:03:02,C,"['A. She was very excited because she hear that she would be nominated for more awards in the future.', 'B. She was very sad, because she knew that she was sadly not nominated for this award.', 'C. She was very happy because she could hear the applause and cheers of the people around her.', 'D. She was very calm, because she was trying to contain her frustration at losing the election.']",Concurrent,multiple
Emotion Recognition_sample_20_4,Emotion Recognition,"What is the current mood of the woman in the left of the video, and what is causing her emotional changes?",00:03:58,A,"['A. She was very happy because she heard her name read by the host when she announced the nominations.', 'B. She was very sad, because she knew that she was sadly not nominated for this award.', 'C. She was very excited because she heard the applause and cheers of the people around her.', 'D. She was very calm, because she was trying to contain her frustration at losing the election.']",Concurrent,multiple
Emotion Recognition_sample_20_5,Emotion Recognition,What is the current emotion of the woman in the middle of the video?,00:06:41,B,"['A. She is very serious and calm.', 'B. She is very upset and angry.', 'C. She is very moved and excited.', 'D. She is very sad and upset.']",Concurrent,multiple
Emotion Recognition_sample_21_1,Emotion Recognition,What is the current emotion of the man in the right of the video?,00:00:23,A,"['A. He is happy.', 'B. He is upset.', 'C. He is angry.', 'D. He is sad.']",Concurrent,multiple
Emotion Recognition_sample_21_2,Emotion Recognition,"What is the current mood of the woman in the left of the video, and what is causing her emotional changes?",00:00:40,A,"['A. She was very happy because she saw the man on her right gesticulating excitedly.', 'B. She was very angry because she heard the man on her right complaining.', 'C. She was very calm because she saw that the man on her right was going to come forward and speak.', 'D. She was very upset because she heard the man on her right interrupting her speech.']",Concurrent,multiple
Emotion Recognition_sample_21_3,Emotion Recognition,"What is the current mood of the man in the middle of the video, and what is causing his emotional changes?",00:01:22,A,"['A. He was very proud because he heard the host say his name.', 'B. He was very angry because his host kept complaining.', ""C. He was very calm because he couldn't understand what the host was saying."", ""D. He was very upset because he couldn't understand what the host was saying.""]",Concurrent,multiple
Emotion Recognition_sample_21_4,Emotion Recognition,"What is the current mood of the man in the middle of the video, and what is causing his emotional changes?",00:01:32,A,"['A. He was very happy because he looked up and saw himself on the big screen.', 'B. He was very angry because his host kept complaining.', ""C. He was very calm because he couldn't understand what the host was saying."", ""D. He was very upset because he couldn't understand what the host was saying.""]",Concurrent,multiple
Emotion Recognition_sample_21_5,Emotion Recognition,What is the current emotion of the man in the middle of the video?,00:02:07,C,"['A. He is very proud and tries to stay calm.', 'B. He is very upset and angry.', 'C. He is very moved and could not contain his excitement.', 'D. He is very sad and could not contain his sadness.']",Concurrent,multiple
Emotion Recognition_sample_22_1,Emotion Recognition,What is the current emotion of the woman in the middle of the video?,00:00:25,C,"['A. She is profoundly sad and dejected.', 'B. She is extremely anxious and agitated.', 'C. She is very happy and excited.', 'D. She is perfectly content and serene.']",Concurrent,multiple
Emotion Recognition_sample_22_2,Emotion Recognition,"What is the current mood of the man in the middle of the video, and what is causing his emotional changes?",00:00:56,B,"['A. He was very excited because he knew he had won the prize.', 'B. He was very proud because he was showing himself to the camera.', ""C. He was very upset because he didn't know the camera had moved away."", 'D. He is very calm because he wants to maintain a calm image.']",Concurrent,multiple
Emotion Recognition_sample_22_3,Emotion Recognition,"What is the current mood of the man in the middle of the video, and what is causing his emotional changes?",00:01:09,C,"['A. He was very proud because he was showing himself to the camera.', 'B. He was very excited because he knew he had won the prize.', 'C. He was very happy, because he could hear the applause and cheering of the people around him.', 'D. He is very calm because he wants to maintain a calm image.']",Concurrent,multiple
Emotion Recognition_sample_22_4,Emotion Recognition,What is the current emotion of the woman in the left of the video?,00:01:34,D,"['A. She is perfectly content and serene.', 'B. She is profoundly sad and dejected.', 'C. She is extremely anxious and agitated.', 'D. She is very happy and excited.']",Concurrent,multiple
Emotion Recognition_sample_22_5,Emotion Recognition,"What is the current mood of the man in the middle of the video, and what is causing his emotional changes?",00:02:34,C,"['A. He was very proud because he was showing Leonardo himself.', ""B. He was very happy because he heard Leonardo's applause and cheering."", 'C. He was very happy because Leonardo mentioned him in his speech.', 'D. He is very calm because he wants to maintain a calm image.']",Concurrent,multiple
Emotion Recognition_sample_23_1,Emotion Recognition,What is the mood of this lady in a red evening dress with blonde hair? Why is she in that mood?,00:00:12,C,"['A. She is puzzled because she saw the audience laughing all the time.', 'B. She is a bit dissatisfied because that audience member keeps laughing.', 'C. She is a bit angry because that person keeps laughing.', 'D. She is a bit happy because she is giving a speech on stage.']",Concurrent,multiple
Emotion Recognition_sample_23_2,Emotion Recognition,What is the mood of this lady in a red evening dress with blonde hair?,00:00:19,D,"['A. She is puzzled.', 'B. She is a bit dissatisfied.', 'C. She is a bit angry.', 'D. She is a bit happy.']",Concurrent,multiple
Emotion Recognition_sample_23_3,Emotion Recognition,What is the mood of this lady in a red evening dress with blonde hair? Why is she in that mood?,00:00:46,A,"['A. She is a bit angry because the envelope is a bit tight.', 'B. She is a bit anxious because the envelope is a bit tight.', 'C. She is a bit angry because that person keeps laughing.', 'D. She is a bit happy because she is giving a speech on stage.']",Concurrent,multiple
Emotion Recognition_sample_23_4,Emotion Recognition,What is the mood of the black-haired man in a white suit in the video? Why does he have such a mood?,00:01:24,B,"['A. He is very happy because he is kissing his wife.', 'B. He is extremely delighted because he won an Oscar.', 'C. He is very happy because he is hugging the host.', 'D. He is happy because of the audience__ applause.']",Concurrent,multiple
Emotion Recognition_sample_23_5,Emotion Recognition,What is the mood of the black-haired man in a white suit in the video?,00:01:30,C,"['A. he is nervous', 'B. he is excited', 'C. he is happy', 'D. he is calm']",Concurrent,multiple
Emotion Recognition_sample_24_1,Emotion Recognition,"What is the current mood of the second man from the right in the video, and what caused his emotional changes?",00:01:06,A,"['A. He is very happy that the host mentioned his name.', 'B. He is embarrassed because the host teased him.', 'C. He is very happy because the people around him encourage him.', 'D. He is very happy because he won the award.']",Concurrent,multiple
Emotion Recognition_sample_24_2,Emotion Recognition,What is the current emotion of the black short haired man in a suit in the middle of the video?,00:01:22,A,"['A. He is very happy and excited.', 'B. He fell into a deep sadness.', 'C. He is very confused and perplexed.', 'D. He revealed emotions of pleasure and satisfaction.']",Concurrent,multiple
Emotion Recognition_sample_24_3,Emotion Recognition,"What is the current mood of the man in the middle of the video, and what is causing his emotional changes?",00:01:53,B,"['A. He is very excited because the host called his name.', 'B. He expressed gratitude because his mother was present at the award ceremony.', 'C. He is looking forward to it because the host is revealing the winners.', 'D. He is confused because he cannot understand what the host is saying.']",Concurrent,multiple
Emotion Recognition_sample_24_4,Emotion Recognition,"What is the current mood of the man in the middle of the video, and what is causing his emotional changes?",00:03:53,D,"['A. He is very excited because he won the award.', 'B. He is grateful because many people have helped him.', ""C. He is very sad because he didn't win the award."", 'D. He is very emotional because he recalled his previous experience of making movies.']",Concurrent,multiple
Emotion Recognition_sample_24_5,Emotion Recognition,What is the current emotion of the black short haired man in a suit in the middle of the video?,00:04:43,C,"['A. He is very nervous and looking forward to it.', 'B. He is very optimistic and confident.', 'C. He is proud and satisfied.', 'D. He is very excited and happy.']",Concurrent,multiple
Emotion Recognition_sample_25_1,Emotion Recognition,"What is the emotion of this man in a suit, with glasses and brown hair? What makes him in this mood?",00:01:44,A,"['A. He is happy because the host is putting his jokes.', 'B. He is happy because the lady next to him is laughing.', 'C. He is happy because the host told a funny joke.', 'D. He is happy because everyone around him was laughing, so he laughed along with them.']",Concurrent,multiple
Emotion Recognition_sample_25_2,Emotion Recognition,"What is the emotion of this man in a suit, with glasses and brown hair? What makes him in this mood?",00:02:22,A,"['A. He is grateful because the presenter congratulated him on his Oscar win and praised his acting skills.', 'B. He is grateful because the lady next to him applauds him.', 'C. He is grateful because the crowd around him has been applauding him.', 'D. He is grateful because the hosts tell his jokes.']",Concurrent,multiple
Emotion Recognition_sample_25_3,Emotion Recognition,"What is the emotion of this man in a black suit, glasses and white hair? What makes him in this mood?",00:03:01,D,"['A. He is a little happy that he won an Oscar.', 'B. He is a little happy because of the applause and cheers from the audience.', 'C. He is calm because he won an Oscar.', 'D. He is a little happy that the host said the wrong thing.']",Concurrent,multiple
Emotion Recognition_sample_25_4,Emotion Recognition,What is the emotion of this man in a suit with white hair? What makes him in this mood?,00:04:50,C,"['A. He is happy because of the applause from the hosts on stage.', 'B. He is happy because of the thanks from the hosts on stage.', 'C. He is happy because of the appreciation of the host.', 'D. He is happy because the audience applauds.']",Concurrent,multiple
Emotion Recognition_sample_25_5,Emotion Recognition,"What is the emotion of this man in a suit, with glasses and brown hair? What makes him in this mood?",00:05:43,D,"['A. He is grateful because he is going to be on stage to give a speech.', 'B. He is happy because he and his wife kissed.', 'C. He is grateful because he won an Oscar.', 'D. He is grateful that the audience applauds.']",Concurrent,multiple
Emotion Recognition_sample_26_1,Emotion Recognition,What is the mood of this black man in a suit with curly black hair? Why is he in this mood?,00:00:21,D,"['A. He was surprised because he likes crowded places.', 'B. He was surprised because he saw a star.', 'C. He was surprised because he was dressed smartly today.', 'D. He was surprised because he said hello to his acquaintances.']",Concurrent,multiple
Emotion Recognition_sample_26_2,Emotion Recognition,What is the mood of this black man in a suit with curly black hair?,00:00:45,B,"['A. He is excited.', 'B. He is happy.', 'C. He is a little disappointed.', 'D. He is a little sad.']",Concurrent,multiple
Emotion Recognition_sample_26_3,Emotion Recognition,What is the mood of this black man in a suit with curly black hair? Why is he in this mood?,00:01:44,A,"['A. He is happy because he is taking a photo with other people.', 'B. He is happy of himself because he came to a party with many stars today.', 'C. He is happy of himself because he was well-dressed today.', 'D. He is happy because he knows a lot of people.']",Concurrent,multiple
Emotion Recognition_sample_26_4,Emotion Recognition,What is the mood of this black man in a suit with curly black hair? Why is he in this mood?,00:04:15,B,"['A. He was calm because he talked to the stars.', ""B. He's calm because he's talking about his childhood."", 'C. He was calm because he saw a lot of people at the party.', ""D. He's calm because he knows a lot of people.""]",Concurrent,multiple
Emotion Recognition_sample_26_5,Emotion Recognition,What is the mood of this black man in a suit with curly black hair? Why is he in this mood?,00:07:47,A,"['A. He is very happy because of what the blonde lady said.', 'B. He is very happy because he is taking a photo with his fans.', 'C. He is very happy because he shook hands with the blonde lady.', 'D. He is very happy because he knew a lot of people.']",Concurrent,multiple
Emotion Recognition_sample_27_1,Emotion Recognition,"What is the current emotion of the man in the upper left corner of the video, and what caused his emotional changes?",00:02:19,B,"['A. He appreciates it very much because the man in the video keeps flipping his head in the sand slope', 'B. He was very happy because of the jokes told by the little girl in the video', 'C. He was very happy because he saw the man in the red clothes swallow the food that flew over with his mouth.', 'D. He was surprised because he saw the elephant use its trunk to hit the woman taking a photo with her phone']",Concurrent,multiple
Emotion Recognition_sample_27_2,Emotion Recognition,"What is the current emotion of the man in the upper left corner of the video, and what caused his emotional changes?",00:02:47,A,"['A. He was very happy because the person he saw in the video slapped the dummy during CPR.', 'B. He was very happy because of the jokes told by the little girl in the video.', 'C. He was very happy because he saw the man in the red clothes swallow the food that flew over with his mouth.', ""D. He was very happy because he saw the man's car roof being lifted off in the video.""]",Concurrent,multiple
Emotion Recognition_sample_27_3,Emotion Recognition,"What is the current emotion of the man in the upper left corner of the video, and what caused his emotional changes?",00:03:38,D,"['A. He was very happy because the person he saw in the video slapped the dummy during CPR', 'B. He was very happy because he saw various forms of throwing blankets at people in the video', 'C. He was amazed because the person he saw the video flattened their nose', 'D. He was amazed because of the sound of the artificial heart in the video']",Concurrent,multiple
Emotion Recognition_sample_27_4,Emotion Recognition,"What is the current emotion of the man in the upper left corner of the video, and what caused his emotional changes?",00:07:41,C,"['A. He was very happy because one of the animals in the video slipped while running to the left', 'B. He was very happy because the woman in the video burned the food and triggered the fire alarm', 'C. He was very happy because in the video, he was riding a bicycle alone in the tram and eventually fell and broke the glass', 'D. He was very happy because in the video, an orange cat got stuck in a white iron fence door and even shouted angrily']",Concurrent,multiple
Emotion Recognition_sample_27_5,Emotion Recognition,"What is the current emotion of the man in the upper left corner of the video, and what caused his emotional changes?",00:10:14,B,"['A. He was puzzled because of the slugs in the video and the introduction to slugs', 'B. He was amazed because the man in the video threw the stone skipping far across the water', 'C. He was very puzzled because the dog in the video spat out a coin', ""D. He was very happy because the squirrel in the video buried food in the girl's hair""]",Concurrent,multiple
Emotion Recognition_sample_28_1,Emotion Recognition,"What is the current emotion of the man on the left lower corner of the video, and what caused his emotional changes?",00:01:17,A,"['A. He is very excited because the player in the red jersey kicked the ball away blindfolded.', 'B. He is looking forward to it because he was watching the player in the red jersey as he was about to kick the ball.', 'C. He is surprised because soccer players have great skills.', 'D. He is happy because he was watching soccer animation.']",Concurrent,multiple
Emotion Recognition_sample_28_2,Emotion Recognition,"What is the current emotion of the man on the left lower corner of the video, and what caused his emotional changes?",00:01:32,B,"['A. He is very excited because the player wear a red jersey kicked the ball away blindfolded.', 'B. He is very excited and shocked because the player in black kicked a topspin.', 'C. he is surprised because soccer players have great skills.', 'D. he is happy because he was watching soccer animation.']",Concurrent,multiple
Emotion Recognition_sample_28_3,Emotion Recognition,"What is the current emotion of the man on the left lower corner of the video, and what caused his emotional changes?",00:02:29,C,"['A. He is very excited because the player wear a red jersey kicked the ball away blindfolded.', 'B. He is very excited and shocked because the player in black kicked a topspin.', ""C. He is confused because he didn't understand what happened to the player Ronaloo in the video he was watching."", 'D. He is somewhat happy because he is watching football videos.']",Concurrent,multiple
Emotion Recognition_sample_28_4,Emotion Recognition,"What is the current emotion of the man on the left lower corner of the video, and what caused his emotional changes?",00:07:10,D,"['A. He is very excited because the player wear a red jersey kicked the ball away blindfolded.', 'B. He is very excited and shocked because the player in black kicked a topspin.', ""C. He is confused because he didn't understand what happened to the player Ronaloo in the video he was watching."", 'D. He is incredulous because the goalkeeper intercepted the ball.']",Concurrent,multiple
Emotion Recognition_sample_28_5,Emotion Recognition,"What is the current emotion of the man on the left lower corner of the video, and what caused his emotional changes?",00:08:12,D,"['A. He is very excited because the player wear a red jersey kicked the ball away blindfolded.', 'B. He is very excited and shocked because the player in black kicked a topspin.', 'C. He is incredulous because the goalkeeper intercepted the ball.', 'D. He is excited as the player in the red jersey kicks the ball into the goal.']",Concurrent,multiple
Emotion Recognition_sample_29_1,Emotion Recognition,"What is the current emotion of the man on the left lower corner of the video, and what caused his emotional changes?",00:00:57,D,"['A. He is confused because a baby appeared in the video he was watching.', ""B. He is calm because he's talking to the audience."", 'C. He is looking forward to it as he received videos sent to him by viewers.', 'D. He is confused because there are some children playing soccer in the video he is watching.']",Concurrent,multiple
Emotion Recognition_sample_29_2,Emotion Recognition,"What is the current emotion of the man on the left lower corner of the video, and what caused his emotional changes?",00:01:32,B,"['A. He is confused because a baby appeared in the video he watched.', 'B. He is sorry and surprised because the doctor said that the young player would not grow any taller.', ""C. He is calm because he's talking to the audience."", 'D. He is confused because the video he was watching had some children playing soccer.']",Concurrent,multiple
Emotion Recognition_sample_29_3,Emotion Recognition,"What is the current emotion of the man on the left lower corner of the video, and what caused his emotional changes?",00:03:19,B,"['A. He is a little confused because a baby appeared in the video he was watching.', 'B. He is surprised because the video showed God blowing the ball away from the goal.', 'C. He is confused because there were some children playing soccer in the video he watched.', 'D. He is a bit shocked because the young player had signed with FCB when he was 10 years old.']",Concurrent,multiple
Emotion Recognition_sample_29_4,Emotion Recognition,"What is the current emotion of the man on the left lower corner of the video, and what caused his emotional changes?",00:04:10,C,"['A. He is somewhat puzzled because a baby appeared in the video he was watching.', 'B. He is surprised because the video showed God blowing the ball away from the goal.', 'C. He is happy Because the guy in the video was working out hard.', 'D. He is shocked because the young player signed with FCB when he was 10 years old.']",Concurrent,multiple
Emotion Recognition_sample_29_5,Emotion Recognition,"What is the current emotion of the man on the left lower corner of the video, and what caused his emotional changes?",00:05:02,A,"['A. He is excited because he thinks Messi is awesome.', 'B. He is surprised because the video showed God blowing the ball away from the goal.', 'C. He is a bit sorry and surprised because the doctor said the young player could not grow any taller.', 'D. He is a bit shocked because the young player signed with FCB when he was 10 years old.']",Concurrent,multiple
Emotion Recognition_sample_30_1,Emotion Recognition,"What is the current emotion of the man on the left lower corner of the video, and what caused his emotional changes?",00:04:09,A,"['A. He is incredulous because he saw a successful take-off by a motorcycle loaded with a glider.', 'B. He is shocked because he saw a metal circular saw rushing very fast towards the building.', 'C. He is shocked because he saw a metal circular saw stuck into the doorframe.', 'D. He is shocked because he saw a by a motorcycle loaded with a glider successfully take off.']",Concurrent,multiple
Emotion Recognition_sample_30_2,Emotion Recognition,"What is the current emotion of the man on the left lower corner of the video, and what caused his emotional changes?",00:04:28,B,"['A. He is incredulous because he saw a successful take-off by a motorcycle loaded with a glider.', 'B. He is very happy because he sees a bear with something in its mouth grabbing the top of a wooden wall and kicking it open with its feet.', 'C. He is a little in admiration because he saw a man dressed in black throw something onto a boat in the distance.', 'D. He is shocked because he saw a by a motorcycle loaded with a glider successfully take off.']",Concurrent,multiple
Emotion Recognition_sample_30_3,Emotion Recognition,"What is the current emotion of the man on the left lower corner of the video, and what caused his emotional changes?",00:05:33,D,"['A. He is a bit shocked because a squirrel is jumping onto a woman wearing a red dress.', 'B. He is very happy because he sees a bear with something in its mouth grabbing the top of a wooden wall and kicking it open with its feet.', 'C. He is a little in admiration because he saw a man dressed in black throw something onto a boat in the distance.', 'D. He is a little happy because a tree is spraying water.']",Concurrent,multiple
Emotion Recognition_sample_30_4,Emotion Recognition,"What is the current emotion of the man on the left lower corner of the video, and what caused his emotional changes?",00:06:11,C,"['A. He is a bit shocked because a squirrel is jumping onto a woman wearing a red dress.', 'B. He is somewhat joyful because he thinks the man__ voice in the video is a bit cool.', ""C. He is a little disgusted because he sees beetle tattoos on other people's thighs."", 'D. He is a little happy because a tree is spraying water.']",Concurrent,multiple
Emotion Recognition_sample_30_5,Emotion Recognition,"What is the current emotion of the man on the left lower corner of the video, and what caused his emotional changes?",00:08:38,A,"['A. He is shocked because he sees an elderly man, bare-chested, sitting in a rocking chair which then falls backward.', 'B. He is somewhat joyful because he thinks the man__ voice in the video is a bit cool.', ""C. He is a little disgusted because he sees beetle tattoos on other people's thighs."", 'D. He is very shocked because he is seeing a crocodile chasing a fish that has jumped onto land.']",Concurrent,multiple
Emotion Recognition_sample_31_1,Emotion Recognition,"What is the current emotion of the man on the top left corner of the video, and what caused his emotional changes?",00:03:56,A,"['A. He is feeling confused because he is seeing two people dressed as horses walking around in the supermarket.', 'B. He was disgusted because he thought the apology in the video was stupid.', 'C. He is feeling discomfort because he is seeing the comments on a beer advertisement.', 'D. He is feeling discomfort because he is reading that the hamburger contains 29% horse meat in the article.']",Concurrent,multiple
Emotion Recognition_sample_31_2,Emotion Recognition,"What is the current emotion of the man on the top left corner of the video, and what caused his emotional changes?",00:05:15,B,"['A. He is feeling confused because he is seeing two people dressed as horses walking around in the supermarket.', 'B. He is experiencing some discomfort because he is seeing tweets in response to the Syrian civil war.', ""C. He is confused because he doesn't know who the Kenneth Cole is that appears in the video."", 'D. He is feeling discomfort because he is reading that the hamburger contains 29% horse meat in the article.']",Concurrent,multiple
Emotion Recognition_sample_31_3,Emotion Recognition,"What is the current emotion of the man on the top left corner of the video, and what caused his emotional changes?",00:06:37,D,"['A. He is a bit confused by the questions being written in the live chat.', 'B. He is experiencing some discomfort because he is seeing tweets in response to the Syrian civil war.', ""C. He is confused because he doesn't know who the Kenneth Cole is that appears in the video."", ""D. He's a little Agitation because he saw the video advertised similar to the 9/11 scene done.""]",Concurrent,multiple
Emotion Recognition_sample_31_4,Emotion Recognition,"What is the current emotion of the man on the top left corner of the video, and what caused his emotional changes?",00:07:32,C,"['A. He is a bit confused by the questions being written in the live chat.', 'B. He is feeling a bit of aversion because he is seeing the content in the live chat.', 'C. He is a bit confused because he is seeing the comments about the Subway coupon.', ""D. He's a little Agitation because he saw the video advertised similar to the 9/11 scene done.""]",Concurrent,multiple
Emotion Recognition_sample_31_5,Emotion Recognition,"What is the current emotion of the man on the top left corner of the video, and what caused his emotional changes?",00:10:20,A,"['A. He is a bit surprised because he is seeing a person in a gorilla costume sitting between two Black people in the video.', 'B. He is feeling a bit of aversion because he is seeing the content in the live chat.', 'C. He is a bit confused because he is seeing the comments about the Subway coupon.', 'D. He is a bit confused because he is seeing the Twitter comments in the video.']",Concurrent,multiple
Emotion Recognition_sample_32_1,Emotion Recognition,"What is the current emotion of the man on the left lower corner of the video, and what caused his emotional changes?",00:01:18,A,"[""A. He is a little shocked because he saw white smoke suddenly coming out of the man's cell phone."", 'B. He is a little uncomfortable because he saw the man who was working out accidentally smash his cell phone with a dumbbell.', 'C. He is very confused because he does not understand why the woman in the video is screaming after being tased.', 'D. He is feeling a bit of discomfort because he is seeing someone rubbing away splinters from a piece of wood with their hands.']",Concurrent,multiple
Emotion Recognition_sample_32_2,Emotion Recognition,"What is the current emotion of the man on the left lower corner of the video, and what caused his emotional changes?",00:02:30,B,"[""A. He is a little shocked because he saw white smoke suddenly coming out of the man's cell phone."", 'B. He is a bit happy because of the sound the pump is making in the video.', ""C. He is a little confused because he doesn't know why the man's cell phone is emitting white smoke."", 'D. He is feeling a bit of discomfort because he is seeing someone rubbing away splinters from a piece of wood with their hands.']",Concurrent,multiple
Emotion Recognition_sample_32_3,Emotion Recognition,"What is the current emotion of the man on the left lower corner of the video, and what caused his emotional changes?",00:02:54,D,"['A. He was surprised because the video showed a man swimming in a pool during an earthquake.', 'B. He is a bit happy because of the sound the pump is making in the video.', ""C. He is a little confused because he doesn't know why the man's cell phone is emitting white smoke."", 'D. He is a little surprised because the black car in the video has long cobwebs at the door.']",Concurrent,multiple
Emotion Recognition_sample_32_4,Emotion Recognition,"What is the current emotion of the man on the left lower corner of the video, and what caused his emotional changes?",00:03:35,B,"[""A. He is a little shocked because he saw white smoke suddenly coming out of the man's cell phone."", 'B. He is somewhat admiring because the person in the video has tattooed the measurement readings onto his own hand.', 'C. He is a little confused because the floor in the video rises and falls as if he were breathing.', 'D. He is feeling a bit of discomfort because he is seeing someone rubbing away splinters from a piece of wood with their hands.']",Concurrent,multiple
Emotion Recognition_sample_32_5,Emotion Recognition,"What is the current emotion of the man on the top left corner of the video, and what caused his emotional changes?",00:04:07,D,"['A. He is very shocked because a tire is suddenly flying past in the video.', 'B. He is somewhat admiring because the person in the video has tattooed the measurement readings onto his own hand.', 'C. He is a little confused because the floor in the video rises and falls as if he were breathing.', 'D. He is very happy because the woman in the video, who is on the phone, is seeing the reaction to the tattoo.']",Concurrent,multiple
Emotion Recognition_sample_33_1,Emotion Recognition,"What is the current emotion of the man on the left lower corner of the video, and what caused his emotional changes?",00:01:51,A,"['A. He is a little surprised because he sees blind and deaf people using devices to communicate.', 'B. He is a little disgusted because he saw that the person in the video has a tattoo on his lip.', 'C. He is shocked because he sees the man in the video riding a suitcase as if it were a bicycle.', 'D. He is a bit embarrassed because he sees the little boy run around the female wearing a black dress with a floral pattern to the male behind her.']",Concurrent,multiple
Emotion Recognition_sample_33_2,Emotion Recognition,"What is the current emotion of the man on the left lower corner of the video, and what caused his emotional changes?",00:02:15,B,"['A. He is a little surprised because he sees blind and deaf people using devices to communicate.', 'B. He is a little confused because he sees that the tires on the car in the video are made of rocks.', ""C. He is a little surprised because the woman in the video uses the visual illusion to look like she is standing on a dog's head."", 'D. He is a bit embarrassed because he sees the little boy run around the female wearing a black dress with a floral pattern to the male behind her.']",Concurrent,multiple
Emotion Recognition_sample_33_3,Emotion Recognition,"What is the current emotion of the man on the top left corner of the video, and what caused his emotional changes?",00:04:20,A,"['A. He is a little shocked because the man in the video is holding himself up with four fingers.', 'B. He is a little confused because he sees that the tires on the car in the video are made of rocks.', ""C. He is a little surprised because the woman in the video uses the visual illusion to look like she is standing on a dog's head."", 'D. He is a little surprised because the video shows the person driving almost hitting the car in front of him, during which the passenger is screaming in terror.']",Concurrent,multiple
Emotion Recognition_sample_33_4,Emotion Recognition,"What is the current emotion of the man on the top left corner of the video, and what caused his emotional changes?",00:04:45,C,"['A. He is a little shocked because the man in the video is holding himself up with four fingers.', 'B. He is a little happy because the little girl in the video says her father is diabetic.', 'C. He is a little confused because the two young boys in the video fell down at the same time after an accident while playing with a ball.', 'D. He is a little surprised because the video shows the person driving almost hitting the car in front of him, during which the passenger is screaming in terror.']",Concurrent,multiple
Emotion Recognition_sample_33_5,Emotion Recognition,"What is the current emotion of the man on the top left corner of the video, and what caused his emotional changes?",00:05:55,D,"['A. He is a little surprised because one of the hippos in the video is nibbling on the engine of the boat.', 'B. He is a little happy because the little girl in the video says her father is diabetic.', 'C. He is a little confused because the two young boys in the video fell down at the same time after an accident while playing with a ball.', 'D. He is confused because the man in the video is holding a brown water bamboo shoot and rubbing it on the ground.']",Concurrent,multiple
Emotion Recognition_sample_34_1,Emotion Recognition,"What is the current emotion of the man on the left lower corner of the video, and what caused his emotional changes?",00:01:15,D,"['A. He is a little disgusted because he is seeing someone__ leg muscles throbbing.', 'B. He is happy because an obese kid stabbed through the floor while playing with a high jump stick.', 'C. He is a little surprised because a girl is throwing her cell phone into the pool behind her.', 'D. He is a little surprised because he is seeing a moving truck on fire.']",Concurrent,multiple
Emotion Recognition_sample_34_2,Emotion Recognition,"What is the current emotion of the man on the left lower corner of the video, and what caused his emotional changes?",00:01:58,A,"['A. He is shocked because a child is driving a toy jeep and the head is lifting up.', 'B. He is a little surprised to see the suction toilet in the video drain a roll of paper.', 'C. He is a little surprised because a girl is throwing her cell phone into the pool behind her.', 'D. He is a little surprised because he is seeing a moving truck on fire.']",Concurrent,multiple
Emotion Recognition_sample_34_3,Emotion Recognition,"What is the current emotion of the man on the left lower corner of the video, and what caused his emotional changes?",00:03:45,D,"['A. He is shocked because a child is driving a toy jeep and the head is lifting up.', 'B. He is a little surprised to see the suction toilet in the video drain a roll of paper.', 'C. He is feeling very repulsed because he is seeing many bamboo stick insects crawling on a man__ back.', 'D. He was surprised to see the male in the video tensing his pants so tightly that his leg hair was oozing out.']",Concurrent,multiple
Emotion Recognition_sample_34_4,Emotion Recognition,"What is the current emotion of the man on the left lower corner of the video, and what caused his emotional changes?",00:04:35,A,"['A. He is a little surprised because the little girl is hit by the balloon and falls into the water.', 'B. He is a little disgusted because he sees thick black smoke coming out of the lunch box when he opens it.', 'C. He is feeling very repulsed because he is seeing many bamboo stick insects crawling on a man__ back.', 'D. He was surprised to see the male in the video tensing his pants so tightly that his leg hair was oozing out.']",Concurrent,multiple
Emotion Recognition_sample_34_5,Emotion Recognition,"What is the current emotion of the man on the left lower corner of the video, and what caused his emotional changes?",00:05:25,C,"['A. He is a little surprised because the little girl is hit by the balloon and falls into the water.', 'B. He is a little disgusted because he sees thick black smoke coming out of the lunch box when he opens it.', 'C. He is shocked for a moment because the video shows a man accidentally disengaging his hand while using a hammer, which results in the hammer handle hitting the man in the head.', 'D. He is slightly shocked because he is seeing two women quickly crossing between two bookcases, with one side of the bookcase increasingly closing in on them.']",Concurrent,multiple
Emotion Recognition_sample_35_1,Emotion Recognition,"What is the current emotion of the man on the top left corner of the video, and what caused his emotional changes?",00:02:27,A,"['A. He is a little surprised because he saw the prosthetic leg of the man playing on the trampoline fall off.', ""B. He is a little disgusted because he sees the women in the video saddened by the sight of their son's tattoos."", 'C. He is a bit surprised because he saw a man pulling a green parasol blown away by the wind.', 'D. He is a bit excited because of the questions being raised by the live chat audience.']",Concurrent,multiple
Emotion Recognition_sample_35_2,Emotion Recognition,"What is the current emotion of the man on the top left corner of the video, and what caused his emotional changes?",00:02:53,C,"['A. He is a little surprised because he saw the prosthetic leg of the man playing on the trampoline fall off.', 'B. He is a little surprised because he saw an orca jumping out of the water.', 'C. He is a little surprised because he sees because females do push-ups with the ball on their backs and afterward back-kick the ball into the basketball hoop.', 'D. He is a bit excited because of the questions being raised by the live chat audience.']",Concurrent,multiple
Emotion Recognition_sample_35_3,Emotion Recognition,"What is the current emotion of the man on the left lower corner of the video, and what caused his emotional changes?",00:04:36,A,"['A. He is a little confused because he saw someone else gluing a bottle to a car door.', 'B. He is a little surprised because he saw an orca jumping out of the water.', 'C. He is a little surprised because he sees because females do push-ups with the ball on their backs and afterward back-kick the ball into the basketball hoop.', 'D. He is a little confused because he saw a car dive into the pool.']",Concurrent,multiple
Emotion Recognition_sample_35_4,Emotion Recognition,"What is the current emotion of the man on the left lower corner of the video, and what caused his emotional changes?",00:07:10,C,"['A. He is a little confused because he saw someone else gluing a bottle to a car door.', 'B. He is somewhat surprised because the solar flares in the video he is watching are astonishing.', 'C. He is somewhat surprised because the solar flares in the video he is watching are astonishing.', 'D. He is a little confused because he saw a car dive into the pool.']",Concurrent,multiple
Emotion Recognition_sample_35_5,Emotion Recognition,"What is the current emotion of the man on the top left corner of the video, and what caused his emotional changes?",00:10:15,D,"['A. He is a little confused because he saw someone else gluing a bottle to a car door.', 'B. He is somewhat surprised because the solar flares in the video he is watching are astonishing.', 'C. He is somewhat surprised because the solar flares in the video he is watching are astonishing.', 'D. He is somewhat puzzled and dissatisfied because the lady is saying that Jeff Bezos is a garbage collector.']",Concurrent,multiple
Emotion Recognition_sample_36_1,Emotion Recognition,What is the current mood of the man in the video wearing a light blue top and headphones?,00:00:43,A,"['A. He is happy', 'B. He is serious.', 'C. He is sad.', 'D. He is angry.']",Concurrent,multiple
Emotion Recognition_sample_36_2,Emotion Recognition,What is the current mood of the man in the video wearing a light blue top and headphones? What has caused his mood to change?,00:02:22,D,"['A. He is happy because of the sudden appearance of the fawn.', 'B. He is happy because he sees the fawn jumping into the water.', ""C. He is sad because the deer can't swim."", 'D. He is a little surprised because he sees the fawn swimming.']",Concurrent,multiple
Emotion Recognition_sample_36_3,Emotion Recognition,What is the current mood of the man in the video wearing a light blue top and headphones? What has caused his mood to change?,00:02:45,B,"['A. He is a little happy because the man in the video bowled the ball and himself.', 'B. He is a little awestruck because the video shows the bowling ball hitting all the marks.', 'C. He is a bit happy because the kitten runs over to him.', 'D. He is a little surprised because he sees the deer swimming.']",Concurrent,multiple
Emotion Recognition_sample_36_4,Emotion Recognition,What is the current mood of the man in the video wearing a light blue top and headphones?,00:04:57,A,"['A. he is a bit shocked.', 'B. he is a bit excited.', 'C. He is a bit sad.', 'D. He is a bit angry.']",Concurrent,multiple
Emotion Recognition_sample_36_5,Emotion Recognition,What is the current mood of the man in the video wearing a light blue top and headphones? What has caused his mood to change?,00:06:18,C,"[""A. He is a little confused because he doesn't know what is happening with the shaking of the video."", 'B. He is a little disgusted because the puppy in the video is dancing.', 'C. He is shocked because in the video he watched, the volleyball hit a cell phone that was placed on a stand to take a picture and it flew over a high railing.', 'D. He is calm because nothing happened at the volleyball game.']",Concurrent,multiple
Emotion Recognition_sample_37_1,Emotion Recognition,What is the current mood of the man in the video wearing a black top and headphones?,00:00:27,C,"['A. He is very angry.', 'B. He is very happy.', 'C. He is very confused.', 'D. He is very sad.']",Concurrent,multiple
Emotion Recognition_sample_37_2,Emotion Recognition,What is the current mood of the man in the video wearing a black top and headphones? What has caused his mood to change?,00:01:28,A,"['A. He is happy because he sees the cat attacking the TV.', 'B. He is confused because the man in the video continuously somersaults and then hits his head against the machine.', 'C. He is a little surprised because the chicken in the video is big.', 'D. He is a little happy because the sheep in the video is cute.']",Concurrent,multiple
Emotion Recognition_sample_37_3,Emotion Recognition,What is the current mood of the man in the video wearing a black top and headphones? What has caused his mood to change?,00:02:31,C,"['A. He is happy because he sees the cat attacking the TV.', 'B. He is a little surprised because the hippo is chasing the hounds.', 'C. He is amazed as the hound escapes the hippo.', 'D. He is a little happy because the sheep in the video is cute.']",Concurrent,multiple
Emotion Recognition_sample_37_4,Emotion Recognition,What is the current mood of the man in the video wearing a black top and headphones?,00:07:00,D,"['A. he is disgusted.', 'B. he is shocked.', 'C. he is confused.', 'D. he is happy.']",Concurrent,multiple
Emotion Recognition_sample_37_5,Emotion Recognition,What is the current mood of the man in the video wearing a black top and headphones? What has caused his mood to change?,00:09:19,D,"['A. He is happy because he sees the cat attacking the TV.', 'B. He is a little surprised because the hippo is chasing the hounds.', 'C. He is amazed as the hound escapes the hippo.', 'D. He is a little happy because in the video he sees the man who was captured trying to escape.']",Concurrent,multiple
Emotion Recognition_sample_38_1,Emotion Recognition,What is the current mood of the man in the video wearing a white top and headphones?,00:00:20,A,"['A. He is serious.', 'B. He is angry.', 'C. He is happy.', 'D. He is sad.']",Concurrent,multiple
Emotion Recognition_sample_38_2,Emotion Recognition,What is the current mood of the man in the video wearing a white top and headphones? What is causing his mood to change?,00:01:09,C,"['A. He was very happy because the data in the video he watched showed that France ranked first in the list of military spending countries.', 'B. He was very disappointed because France was not ranked first in the list of military spending countries.', 'C. He was very puzzled because the amount of military spending by Italy in the video he watched gradually increased, making it the fifth on the list.', ""D. He was very confused because he couldn't understand the video at all.""]",Concurrent,multiple
Emotion Recognition_sample_38_3,Emotion Recognition,What is the current mood of the man in the video wearing a white top and headphones?,00:01:45,A,"['A. he is calm.', 'B. he is sad.', 'C. He is happy.', 'D. he is nervous.']",Concurrent,multiple
Emotion Recognition_sample_38_4,Emotion Recognition,What is the current mood of the man in the video wearing a white top and headphones? What is causing his mood to change?,00:02:30,B,"[""A. He is very confused because he doesn't know what happened in 1900."", 'B. He is very puzzled because he is watching a video and discovering that the data for the UK in 1900 is very high.', 'C. He is very sad because there was a war in 1900.', 'D. He is very serious because he is watching a video to confirm what happened in the year 1900.']",Concurrent,multiple
Emotion Recognition_sample_38_5,Emotion Recognition,What is the current mood of the man in the video wearing a white top and headphones? What is causing his mood to change?,00:03:35,D,"[""A. He is very happy because France's military expenditure is less than that of the UK."", ""B. He is very calm because he doesn't care about which country is ranked on the list."", ""C. He is very confused because France's ranking has dropped."", ""D. He is very shocked because the UK's military expenditure, which ranks first on the list, exceeds 5 billion.""]",Concurrent,multiple
Emotion Recognition_sample_39_1,Emotion Recognition,What is the current mood of the man in the video wearing a black top and headphones?,00:00:22,A,"['A. He is very happy.', 'B. He is very upset.', 'C. He is very angry.', 'D. He is very calm.']",Concurrent,multiple
Emotion Recognition_sample_39_2,Emotion Recognition,What is the current mood of the man in the video wearing a black top and headphones?,00:00:51,D,"['A. He is very angry.', 'B. He is very nervous.', 'C. He is very serious.', 'D. He is very happy.']",Concurrent,multiple
Emotion Recognition_sample_39_3,Emotion Recognition,What is the current mood of the man in the video wearing a black top and headphones? What caused his mood to change?,00:02:36,B,"['A. He is very happy because the fishing rod is reeling in quickly.', 'B. He is amazed because the drone show in the video is very spectacular.', 'C. He is very happy because the drone performance in the video is spectacular.', 'D. He is very surprised because the fishing line is coming out quickly.']",Concurrent,multiple
Emotion Recognition_sample_39_4,Emotion Recognition,What is the current mood of the man in the video wearing a black top and headphones? What caused his mood to change?,00:03:22,D,"['A. He is a bit surprised because the horse almost bit the woman.', 'B. He is amazed because the drone show in the video is very spectacular.', 'C. He is very happy because the drone performance in the video is spectacular.', 'D. He is a bit saddened because the lady was knocked down by the horse.']",Concurrent,multiple
Emotion Recognition_sample_39_5,Emotion Recognition,What is the current mood of the man in the video wearing a black top and headphones?,00:04:09,A,"['A. He is very scared.', 'B. He is very happy.', 'C. He is very sad.', 'D. He is very angry.']",Concurrent,multiple
Emotion Recognition_sample_40_1,Emotion Recognition,"What is the current emotion of the man wearing a blue long-sleeved shirt, with platinum blonde hair and headphones of the video, and what caused his emotional changes?",00:00:38,C,"['A. He is a bit frightened because of the child__ scream.', 'B. He is a bit shocked because the man just spat out the water he had just drunk.', 'C. He is a bit scared because he doesn__ know what is crawling on the woman in the video.', 'D. He is a bit scared because of the woman__ scream.']",Concurrent,multiple
Emotion Recognition_sample_40_2,Emotion Recognition,"What is the current emotion of the man wearing a blue long-sleeved shirt, with platinum blonde hair and headphones of the video?",00:01:02,A,"['A. he is happy.', 'B. he is sad.', 'C. He is angry.', 'D. he is nervous.']",Concurrent,multiple
Emotion Recognition_sample_40_3,Emotion Recognition,"What is the current emotion of the man wearing a blue long-sleeved shirt, with platinum blonde hair and headphones of the video, and what caused his emotional changes?",00:02:37,B,"['A. He is a bit frightened because of the child__ scream.', ""B. He is very confused because he doesn't understand why someone would raise a piggy as cats."", 'C. He is a bit scared because he doesn__ know what is crawling on the woman in the video.', 'D. He is a bit scared because of the woman__ scream.']",Concurrent,multiple
Emotion Recognition_sample_40_4,Emotion Recognition,"What is the current emotion of the man wearing a blue long-sleeved shirt, with platinum blonde hair and headphones of the video, and what caused his emotional changes?",00:05:57,D,"['A. He is a bit frightened because of the child__ scream.', ""B. He is very confused because he doesn't understand why someone would raise a piggy as cats."", 'C. He is a bit scared because he doesn__ know what is crawling on the woman in the video.', 'D. He is a bit angry because the sound of the remote-controlled plane suddenly taking off in the video startled him.']",Concurrent,multiple
Emotion Recognition_sample_40_5,Emotion Recognition,"What is the current emotion of the man wearing a blue long-sleeved shirt, with platinum blonde hair and headphones of the video, and what caused his emotional changes?",00:07:07,A,"['A. He is a bit scared because a large black dog suddenly jumped out from the left side of the video screen and startled the mailman.', ""B. He is very confused because he doesn't understand why someone would raise a piggy as cats."", 'C. He is a bit scared because he doesn__ know what is crawling on the woman in the video.', 'D. He is a bit angry because the sound of the remote-controlled plane suddenly taking off in the video startled him.']",Concurrent,multiple
Emotion Recognition_sample_41_1,Emotion Recognition,"What is the current emotion of the man standing on the stage of the video, and what caused his emotional changes?",00:01:30,C,"['A. He was some dissatisfied because the man in the defense seat spoke in a vulgar manner.', 'B. He was a little angry because the man in the defense seat refuted him.', 'C. He was a little angry because the words of the man in the defense seat made him feel a bit excessive.', 'D. He was a little dissatisfied because he thinks the male student in the defense seat is a fraud.']",Concurrent,multiple
Emotion Recognition_sample_41_2,Emotion Recognition,"What is the current emotion of the man on the left of the video, and what caused his emotional changes?",00:02:28,A,"['A. He is very angry because he is dissatisfied with the educational methods of the school.', 'B. He became calm because he had finished expressing his opinions.', 'C. He was very angry because he felt that the man on stage was speaking incorrectly.', 'D. He was a little excited because he was expressing his opinion.']",Concurrent,multiple
Emotion Recognition_sample_41_3,Emotion Recognition,"What is the current mood of the brown-haired male in formal attire in the video, and what is causing his mood to change?",00:05:50,D,"['A. He was a bit nervous because the man on stage said he was going to be Expelled.', 'B. He is calm because he is listening to others.', 'C. He was a little happy because the man on his left was defending him.', 'D. He was somewhat delighted and admired because of the speech made by the man on his left.']",Concurrent,multiple
Emotion Recognition_sample_41_4,Emotion Recognition,"What is the current mood of the brown-haired man in the formal school uniform on the right side of the video, and what is causing his mood to change?",00:07:37,D,"['A. He is very angry because he is dissatisfied with the educational methods of the school.', 'B. He became calm because he had finished expressing his opinions.', 'C. He was very angry because he felt that the man on stage was speaking incorrectly.', 'D. He felt relaxed because the school committee lifted the punishment for the male student sitting next to him.']",Concurrent,multiple
Emotion Recognition_sample_41_5,Emotion Recognition,What is the current mood of the blonde man in the formal school uniform on the left?,00:07:45,C,"['A. he is calm.', 'B. he is a little confused.', 'C. he is disappointed.', 'D. he is a little shocked']",Concurrent,multiple
Emotion Recognition_sample_42_1,Emotion Recognition,"What is the current emotion of the man wearing glasses of the video, and what caused his emotional changes?",00:00:53,A,"['A. he is angry because he finds the man in the black suit unfriendly.', 'B. he is happy because he is meeting his friend.', 'C. he is relaxing because he is talking to his friend.', 'D. he is angry because the man in the black suit says he wants to buy all his stock.']",Concurrent,multiple
Emotion Recognition_sample_42_2,Emotion Recognition,"What is the current emotion of the man wearing a black suit of the video, and what caused his emotional changes?",00:01:15,D,"['A. he is serious because he is thinking about how to talk to the man who wears glasses.', 'B. he is very happy because he has met his friend.', 'C. he is relaxed because he is talking to his friend.', 'D. he is calm because he is listening to the man who wears glasses.']",Concurrent,multiple
Emotion Recognition_sample_42_3,Emotion Recognition,What is the man wearing glasses emotion now?,00:02:13,A,"['A. he is angry.', 'B. he is happy.', 'C. he is relaxing.', 'D. he is shocked.']",Concurrent,multiple
Emotion Recognition_sample_42_4,Emotion Recognition,"What is the current emotion of the man wearing a yellow suit of the video, and what caused his emotional changes?",00:02:34,C,"['A. he is very happy because he has met his friend.', 'B. he is calm because he is listening to the man who wears glasses.', 'C. he is angry because the man in the black suit told the man with the glasses to leave angrily.', 'D. he is shocked because the man in the black suit mentioned him in the conversation.']",Concurrent,multiple
Emotion Recognition_sample_42_5,Emotion Recognition,"What is the current emotion of the man wearing a black suit of the video, and what caused his emotional changes?",00:02:50,A,"['A. He is serious because he is teaching his brother not to help outsiders.', 'B. he is serious because he is thinking about how to talk to the man in yellow.', 'C. he is calm because he is listening to the man with glasses.', 'D. he is calm because he is listening to someone else.']",Concurrent,multiple
Emotion Recognition_sample_43_1,Emotion Recognition,What is the emotion of the man with the blue crossbody bag in the video now?,00:00:52,A,"['A. He feels confused.', 'B. He feels at ease.', 'C. He feels at peace.', 'D. He feels calm.']",Concurrent,multiple
Emotion Recognition_sample_43_2,Emotion Recognition,What is the emotion of the man with the blue crossbody bag in the video now?,00:00:56,C,"['A. He feels confused.', 'B. He feels at ease.', 'C. He feels grateful.', 'D. He feels calm.']",Concurrent,multiple
Emotion Recognition_sample_43_3,Emotion Recognition,What is the emotion of the man with the blue crossbody bag in the video now?,00:01:20,B,"['A. He feels confused.', 'B. He feels urgent.', 'C. He feels grateful.', 'D. He feels helpless.']",Concurrent,multiple
Emotion Recognition_sample_43_4,Emotion Recognition,What is the emotion of the man with the blue crossbody bag in the video now?,00:02:02,D,"['A. He feels at peace.', 'B. He feels anxious.', 'C. He feels grateful.', 'D. He feels anger.']",Concurrent,multiple
Emotion Recognition_sample_43_5,Emotion Recognition,What is the emotion of the man with the blue crossbody bag in the video now?,00:03:08,C,"['A. He feels helpless.', 'B. He feels calm.', 'C. He feels joy.', 'D. He feels discontent.']",Concurrent,multiple
Emotion Recognition_sample_44_1,Emotion Recognition,"What is the current emotion of the man with buzz cut of the video, and what caused his emotional changes?",00:00:50,D,"['A. He was very happy because the chef praised him.', 'B. He was very disappointed because the chef said the dishes he made are not tasty.', 'C. He felt nervous because the chef was tasting the dishes he had made.', 'D. He felt relieved because the chef did not criticize the dishes he made as not delicious.']",Concurrent,multiple
Emotion Recognition_sample_44_2,Emotion Recognition,What is the man with buzz cut 's emotion now?,00:00:58,C,"['A. He is very happy.', 'B. He is very disappointed.', 'C. He is very confused.', 'D. He is very relieved.']",Concurrent,multiple
Emotion Recognition_sample_44_3,Emotion Recognition,"What is the current emotion of the man with buzz cut of the video, and what caused his emotional changes?",00:01:17,A,"['A. He was very happy because the chef praised him should be working in the finest restaurant in the world.', 'B. He was very disappointed because the chef said the dishes he made are not tasty.', 'C. He felt nervous because the chef was tasting the dishes he had made.', 'D. He felt relieved because the chef did not criticize the dishes he made as not delicious.']",Concurrent,multiple
Emotion Recognition_sample_44_4,Emotion Recognition,"What is the current emotion of the bareheaded man of the video, and what caused his emotional changes?",00:01:35,C,"['A. He is very satisfied because he thinks the chef with he talking to is cooked delicious food.', 'B. He is unhappy because he felt that the chef with he talking to was cooked taste bad.', 'C. He is very angry because he thinks his food is fit for human use.', 'D. He is very calm because he is tasting the food made by other chefs.']",Concurrent,multiple
Emotion Recognition_sample_44_5,Emotion Recognition,"What is the current emotion of the man with buzz cut of the video, and what caused his emotional changes?",00:01:55,D,"['A. He was very happy because the chef praised him.', 'B. He was very disappointed because the chef said the dishes he made are not tasty.', 'C. He felt nervous because the chef was tasting the dishes he had made.', 'D. He was shocked and painful because the chef stabbed him with a knife.']",Concurrent,multiple
Emotion Recognition_sample_45_1,Emotion Recognition,What is the emotion of the silver-haired man in the video now?,00:00:46,A,"['A. He has a sense of pleasure.', 'B. He resisted.', 'C. He became conceited.', 'D. He is full of confusion.']",Concurrent,multiple
Emotion Recognition_sample_45_2,Emotion Recognition,What is the emotion of the man in the video now with a dress over his shoulders?,00:01:13,D,"['A. He was confused.', 'B. He has confidence.', 'C. He feels relaxed.', 'D. He was full of surprises.']",Concurrent,multiple
Emotion Recognition_sample_45_3,Emotion Recognition,What is the emotion of the woman now with the dark red lipstick in the video?,00:01:40,C,"['A. She became conceited.', 'B. She was pleasantly surprised.', 'C. She was very excited.', 'D. She is full of joy.']",Concurrent,multiple
Emotion Recognition_sample_45_4,Emotion Recognition,What is the emotion of the woman now with the dark red lipstick in the video?,00:03:19,C,"['A. She was confused.', 'B. She gets a surprise.', ""C. She's looking forward to it."", 'D. She is full of joy.']",Concurrent,multiple
Emotion Recognition_sample_45_5,Emotion Recognition,What is the emotion of the silver-haired man in the video now?,00:03:52,C,"['A. He was rather pleased.', 'B. His heart is full of surprises.', 'C. He was in shock.', 'D. He is full of expectations.']",Concurrent,multiple
Emotion Recognition_sample_46_1,Emotion Recognition,What is the emotion of the woman in red in the video now?,00:00:41,A,"['A. She feels dissatisfied.', 'B. She was confused.', 'C. She looks nervous.', 'D. She is so focused.']",Concurrent,multiple
Emotion Recognition_sample_46_2,Emotion Recognition,"What is the emotion of the man in the video now, who is wearing a white shirt and tie?",00:01:31,B,"['A. He feels confused.', 'B. He feels angry.', 'C. He looks nervous.', 'D. He looked helpless.']",Concurrent,multiple
Emotion Recognition_sample_46_3,Emotion Recognition,"What is the emotion of the man in the video now, who is wearing a white shirt and tie?",00:02:22,D,"['A. He feels helpless.', 'B. He feels fear.', 'C. He looks nervous.', 'D. He is angry.']",Concurrent,multiple
Emotion Recognition_sample_46_4,Emotion Recognition,What is the emotion of the man in the red short sleeve in the video now?,00:04:08,B,"['A. He feels dissatisfied.', 'B. He feels fear.', 'C. He looks nervous.', 'D. He is angry.']",Concurrent,multiple
Emotion Recognition_sample_46_5,Emotion Recognition,"What is the emotion of the man in the video now, who is wearing a white shirt and tie?",00:05:45,D,"['A. He feels helpless.', 'B. He feels fear.', 'C. He looks nervous.', 'D. He is angry.']",Concurrent,multiple
Emotion Recognition_sample_47_1,Emotion Recognition,"What is the emotion of the man in the video now, who is dressed in fancy clothes and wearing round glasses?",00:00:57,C,"[""A. He's full of joy."", 'B. He was very satisfied.', 'C. He feels angry.', 'D. He was full of expectations.']",Concurrent,multiple
Emotion Recognition_sample_47_2,Emotion Recognition,"What is the emotion of the man in the video now, who is dressed in fancy clothes and wearing round glasses?",00:02:15,C,"[""A. He's full of joy."", 'B. He was very satisfied.', 'C. He feels angry.', 'D. He was full of expectations.']",Concurrent,multiple
Emotion Recognition_sample_47_3,Emotion Recognition,What is the emotion of the emotion in red in the video now?,00:02:40,D,"[""A. She's full of joy."", 'B. She was very afraid.', 'C. She feels angry.', 'D. She was filled with confusion.']",Concurrent,multiple
Emotion Recognition_sample_47_4,Emotion Recognition,What is the emotion of the woman with the braid in the video now?,00:03:04,C,"[""A. She's full of joy."", 'B. She was very afraid.', 'C. She feels angry.', 'D. She was filled with confusion.']",Concurrent,multiple
Emotion Recognition_sample_47_5,Emotion Recognition,What is the emotion of the man in blue in the video now?,00:03:44,A,"['A. He is full of accomplishment.', 'B. He was very confused.', 'C. He feels angry.', 'D. He was full of expectations.']",Concurrent,multiple
Emotion Recognition_sample_48_1,Emotion Recognition,"What is the current emotion of the man in a suit with a red tie of the video, and what caused his emotional changes?",00:00:30,A,"['A. He is serious because he is about to present a Power Point to everyone.', 'B. He is very happy because he can hold a meeting with his employees.', ""C. He is very sad because he doesn't want to have the meeting."", 'D. He is very angry because the employees are not doing well.']",Concurrent,multiple
Emotion Recognition_sample_48_2,Emotion Recognition,What is the current emotion of the woman with platinum blonde hair tied in a high ponytail of the video?,00:00:58,D,"['A. She smiled happily.', 'B. She cried sadly.', 'C. She was calm and expressionless.', 'D. She rolled her eyes in disbelief.']",Concurrent,multiple
Emotion Recognition_sample_48_3,Emotion Recognition,"What is the current emotion of the man wearing a black suit with a beard of the video, and what caused his emotional changes?",00:01:47,C,"['A. He is very happy because the man with the red tie has a second job.', ""B. He is calm because he doesn't care if others have a second job."", 'C. He is serious because he is stating that having a second job is not allowed.', ""D. He is upset because the man with the red tie didn't tell him about his second job in advance.""]",Concurrent,multiple
Emotion Recognition_sample_48_4,Emotion Recognition,What is the current emotion of the black-skinned woman wearing purple clothes of the video?,00:02:00,A,"['A. She laughs happily.', 'B. She is nervous.', 'C. She cries sadly.', 'D. She is angry.']",Concurrent,multiple
Emotion Recognition_sample_48_5,Emotion Recognition,"What is the current emotion of the man wearing orange-red clothes with curly hair flowing freely of the video, and what caused his emotional changes?",00:02:14,B,"[""A. She is calm because she doesn't care about the meeting at all."", 'B. She is shocked because the woman in purple kissed a black-skinned man in front of everyone.', 'C. She is annoyed because she finds it boring.', 'D. She is happy because she can leave.']",Concurrent,multiple
Emotion Recognition_sample_49_1,Emotion Recognition,"What is the current emotion of the lady with long golden hair of the video, and what caused his emotional changes?",00:02:38,D,"[""A. She is a little excited because she is asking for people's names."", 'B. She is a bit calm because she is explaining the rules of the game.', 'C. She is a little confused because she forgot to flip a coin while someone else was telling her to flip a coin.', 'D. She is a little amused because the crowd shouts for her to flip a coin.']",Concurrent,multiple
Emotion Recognition_sample_49_2,Emotion Recognition,"What is the current emotion of the man in gray suits of the video, and what caused his emotional changes?",00:03:14,D,"['A. He is a little excited because the hostess forgot to flip a coin.', 'B. He is excited because he just flipped a coin.', 'C. He is a bit nervous because the anchorwoman asked him to flip a coin.', 'D. He is very excited because the contestant answered the question correctly.']",Concurrent,multiple
Emotion Recognition_sample_49_3,Emotion Recognition,"What is the current mood of the blonde man in the dark blue suit on the left side of the video, and what is causing his mood to change?",00:05:06,C,"[""A. He is very focused because he is listening to the hostess's questions."", 'B. He is calm because he was thinking about the answer to the problem.', 'C. He was happy because he answered the question correctly.', 'D. He was very disappointed because he answered the question incorrectly.']",Concurrent,multiple
Emotion Recognition_sample_49_4,Emotion Recognition,"What is the current emotion of the man wearing a green suit on the right on of the video, and what caused his emotional changes?",00:10:48,D,"['A. He is a little disappointed because their team answered the question incorrectly.', 'B. He is happy because the opposing team answered wrong.', 'C. He is calm because he is discussing the answer to the problem with his teammates.', 'D. He is happy because their team answered the question correctly.']",Concurrent,multiple
Emotion Recognition_sample_49_5,Emotion Recognition,What is the current mood of the bald man in the dark blue suit in the video and what is causing his mood to change?,00:14:45,A,"['A. He is a little disappointed that their team lost.', 'B. He is very nervous because there is not enough time to answer questions.', 'C. He is very calm because he is listening to others.', 'D. He is a little disappointed that his team answered the question incorrectly.']",Concurrent,multiple
Emotion Recognition_sample_50_1,Emotion Recognition,"What is the current emotion of the lady with golden curly hair of the video, and what caused his emotional changes?",00:03:49,D,"['A. She is happy because she is saying hello.', 'B. She is happy because she is introducing people.', 'C. She is happy because someone told a joke.', ""D. She is a bit unhappy because she and her teammates didn't win the first question.""]",Concurrent,multiple
Emotion Recognition_sample_50_2,Emotion Recognition,"What is the current mood of the gray and black haired man in the suit in the video, and what is causing his mood change?",00:04:40,A,"['A. He is happy that his words are recognized.', 'B. He is happy because someone told a joke.', 'C. He is somewhat excited and confident because answering this question was easy for him.', 'D. He is disappointed because he answered the question incorrectly.']",Concurrent,multiple
Emotion Recognition_sample_50_3,Emotion Recognition,What is the men wearing green clothes's emotion now?,00:06:45,A,"['A. He is surprised.', 'B. He is happy.', 'C. He is calm.', 'D. He is serious.']",Concurrent,multiple
Emotion Recognition_sample_50_4,Emotion Recognition,"What is the current emotion of the lady in a black suit of the video, and what caused his emotional changes?",00:08:06,A,"['A. She is a little happy because she won rock-paper-scissors.', 'B. She is a little excited because she is playing rock-paper-scissors with someone.', 'C. She is happy because someone told a joke.', 'D. She is excited because she answered the question correctly.']",Concurrent,multiple
Emotion Recognition_sample_50_5,Emotion Recognition,"What is the current emotion of the man with black skin of the video, and what caused his emotional changes?",00:08:10,B,"['A. He is happy because someone told a joke.', 'B. He is somewhat disappointed because He lost a rock paper scissors game.', 'C. He is a little excited because he is yelling cheers at the guy in green.', 'D. he was very excited because he answered the question correctly.']",Concurrent,multiple
Multimodal Alignment_sample_1_1,Multimodal Alignment,Describe the correspond scene when a man said 'Thank you.'.,00:02:03,B,"['A. In the living room, the man in yellow is talking to the man in blue on the left.', 'B. In one room, the person on the left puts down his water glass and talks, while the person on the right sits at a table and listens.', 'C. Three men are standing around the refrigerator, all checking it carefully.', 'D. In the cafeteria, three men are sitting at a table with a lot of food and drinks.']",Prior,multiple
Multimodal Alignment_sample_1_2,Multimodal Alignment,"Describe the correspond scene when a man said 'I know, I just need you to stop talking.'.",00:03:18,B,"['A. In one room, the person on the left puts down his water glass and talks, while the person on the right sits at a table and listens.', 'B. In a bar, a blonde woman with a beer bottle in her hand talks to a man in a red sweatshirt and glasses next to her.', 'C. Three men are standing around the refrigerator, all checking it carefully.', 'D. In the cafeteria, three men are sitting at a table with a lot of food and drinks.']",Prior,multiple
Multimodal Alignment_sample_1_3,Multimodal Alignment,Describe the correspond scene when a man said 'Come in.'.,00:04:58,C,"['A. In one room, the person on the left puts down his water glass and talks, while the person on the right sits at a table and listens.', 'B. In a bar, a blonde woman with a beer bottle in her hand talks to a man in a red sweatshirt and glasses next to her.', 'C. At the bedroom door, a man in his pajamas with a glowing green light in his hand was inviting the woman in.', 'D. In the cafeteria, three men are sitting at a table with a lot of food and drinks.']",Prior,multiple
Multimodal Alignment_sample_1_4,Multimodal Alignment,"Describe the correspond scene when a man said 'You can try, but you never catch me.'.",00:05:42,D,"['A. In one room, the person on the left puts down his water glass and talks, while the person on the right sits at a table and listens.', 'B. In a bar, a blonde woman with a beer bottle in her hand talks to a man in a red sweatshirt and glasses next to her.', 'C. At the bedroom door, a man in his pajamas with a glowing green light in his hand was inviting the woman in.', 'D. A black hair, wearing a black man standing in the sea of colorful plastic ball inside to speak right.']",Prior,multiple
Multimodal Alignment_sample_1_5,Multimodal Alignment,Describe the correspond scene when a man said 'would you please turn the shirt off?'.,00:06:34,B,"['A. In a bar, a blonde woman with a beer bottle in her hand talks to a man in a red sweatshirt and glasses next to her.', 'B. At the comic-themed store, a bespectacled man, with a resigned expression, talks to a man with a red horn strapped to his chest.', 'C. At the bedroom door, a man in his pajamas with a glowing green light in his hand was inviting the woman in.', 'D. A black hair, wearing a black man standing in the sea of colorful plastic ball inside to speak right.']",Prior,multiple
Multimodal Alignment_sample_2_1,Multimodal Alignment,"Describe the correspond scene when a man said 'Well, never have lever used Sheldon's toothbrush to clean the sink.'.",00:02:23,D,"['A. A dark-haired male wearing a black blazer and white shirt and a dark-haired female wearing a dark pink color and glasses are talking on a couch.', 'B. A brunette male wearing a white blouse order and a brunette female wearing a lace white blouse talking on a beige bed with a floral pattern.', 'C. A brunette male and a brunette female holding hands on a beige bed with a floral pattern.', 'D. A brown-haired male wearing a gray shirt and black-framed glasses sat in a sofa chair and talked.']",Prior,multiple
Multimodal Alignment_sample_2_2,Multimodal Alignment,Describe the correspond scene when a woman said 'Never have I ever completely rockedmy girlfriend's world in bed.'.,00:02:52,B,"['A. A blonde woman wearing a white blouse with a floral pattern and black pants sat on a sofa chair holding a glass with red wine.', 'B. Thought a brown-haired female wearing a purple vest with a conversation shirt and glasses and a dark-haired male with a graphic green T-shirt and gray long-sleeved top were sitting together on a beige couch.', 'C. A brunette male and a brunette female holding hands on a beige bed with a floral pattern.', 'D. A brown-haired male wearing a gray shirt and black-framed glasses sat in a sofa chair and talked.']",Prior,multiple
Multimodal Alignment_sample_2_3,Multimodal Alignment,Describe the correspond scene when a man said 'Will you marry me?'.,00:05:12,C,"['A. A blonde woman wearing a white blouse with a floral pattern and black pants sat on a sofa chair holding a glass with red wine.', 'B. Thought a brown-haired female wearing a purple vest with a conversation shirt and glasses and a dark-haired male with a graphic green T-shirt and gray long-sleeved top were sitting together on a beige couch.', 'C. A brown-haired male wearing a green T-shirt and a watch on his left hand holds an open ring box with a ring inside, facing a female in a white bathrobe.', 'D. A brunette woman wearing a purple jacket with a floral print skirt and glasses was talking to a brunette man wearing a green T-shirt with a gray long-sleeved blouse at the door.']",Prior,multiple
Multimodal Alignment_sample_2_4,Multimodal Alignment,"Describe the correspond scene when a man said 'Oh, hey, where have you been?'.",00:05:26,B,"['A. A dark-haired male wearing a green T-shirt with a beige long-sleeved top, a watch in his left hand, and a cell phone in both hands was speaking to a woman in a white bathrobe.', 'B. A dark-haired male wearing a beige shirt with a blue blouse underneath, black pants, and black-rimmed glasses is talking on a cell phone while a blonde female wearing a blue blouse sits next to him.', 'C. A brown-haired male wearing a green T-shirt and a watch on his left hand holds an open ring box with a ring inside, facing a female in a white bathrobe.', 'D. A brunette woman wearing a purple jacket with a floral print skirt and glasses was talking to a brunette man wearing a green T-shirt with a gray long-sleeved blouse at the door.']",Prior,multiple
Multimodal Alignment_sample_2_5,Multimodal Alignment,Describe the correspond scene when a man said 'I've thought about it and I really want to spend the rest of my life with Amy.'.,00:06:14,D,"['A. A dark-haired male wearing a beige shirt with a blue blouse underneath, black pants, and black-rimmed glasses is talking on a cell phone while a blonde female wearing a blue blouse sits next to him.', 'B. A dark-haired male wearing a green T-shirt with a beige long-sleeved top, a watch in his left hand, and a cell phone in both hands was speaking to a woman in a white bathrobe.', 'C. A brunette woman in a white bathrobe and red glasses talks in the doorway.', 'D. A brown-haired male wearing a green T-shirt with a white long-sleeved top underneath and brown pants had his laptop on his lap and he was talking into it.']",Prior,multiple
Multimodal Alignment_sample_3_1,Multimodal Alignment,Describe the correspond scene when a woman said 'Did you bring your jerky in again?'.,00:01:16,D,"['A. A brown-haired male wearing a black blazer with a yellow shirt and silver and black striped tie and white-framed glasses stood in front of the window.', 'B. A brown-haired male wearing a black suit jacket with a yellow shirt and silver and black striped tie and white-framed glasses sprayed the doorknob with a flamethrower.', 'C. A brown-haired male wearing a black suit jacket with a yellow shirt and silver and black striped tie and white-framed glasses stood in front of the door smoking a cigarette, holding a lighter and a can of something in his left hand.', 'D. A blonde woman wearing a gray blouse and a watch on her left hand, she is looking at a paper she is holding in her right hand as she talks.']",Prior,multiple
Multimodal Alignment_sample_3_2,Multimodal Alignment,"Describe the correspond scene when a man said 'Oh, my God!'.",00:01:36,A,"['A. A dark-haired male wearing a black blazer with a white shirt and black-and-white tie exited the door and yelled.', 'B. A brunette woman wearing a dark purple jacket with a purple blouse was flustered with a phone in her hand.', 'C. A brown-haired male wearing a black suit jacket with a yellow shirt and silver and black striped tie and white-framed glasses stood in front of the door smoking a cigarette, holding a lighter and a can of something in his left hand.', 'D. A blonde woman wearing a gray blouse and a watch on her left hand, she is looking at a paper she is holding in her right hand as she talks.']",Prior,multiple
Multimodal Alignment_sample_3_3,Multimodal Alignment,Describe the correspond scene when a woman said 'It's warm'.,00:01:59,D,"['A. A dark-haired male wearing a black blazer with a white shirt and black-and-white tie exited the door and yelled.', 'B. A brunette woman wearing a dark purple jacket with a purple blouse was flustered with a phone in her hand.', 'C. A dark-haired male wearing a black suit jacket with a white shirt and black and white tie touched the doorknob with his left hand.', 'D. A dark-haired male wearing a brown blazer with a blue shirt underneath and black pants held the doorknob with both hands.']",Prior,multiple
Multimodal Alignment_sample_3_4,Multimodal Alignment,Describe the correspond scene when a man said 'my hand! That's hot!'.,00:02:16,B,"['A. A brown-haired male wearing a black blazer with a yellow shirt and silver and black striped tie and white-framed glasses with his arms crossed is talking to the camera.', 'B. A dark-haired male wearing a beige shirt with a black tie and dark brown pants underneath, gripped the doorknob for a moment before turning around and shaking his hand, shaking it and shouting.', 'C. A dark-haired male wearing a black suit jacket with a white shirt and black and white tie touched the doorknob with his left hand.', 'D. A dark-haired male wearing a brown blazer with a blue shirt underneath and black pants held the doorknob with both hands.']",Prior,multiple
Multimodal Alignment_sample_3_5,Multimodal Alignment,Describe the correspond scene when a man said 'Stay alive! I'm getting help!'.,00:02:52,C,"['A. A brown-haired male wearing a black blazer with a yellow shirt and silver and black striped tie and white-framed glasses with his arms crossed is talking to the camera.', 'B. A dark-haired male wearing a beige shirt with a black tie and dark brown pants underneath, gripped the doorknob for a moment before turning around and shaking his hand, shaking it and shouting.', 'C. A dark-haired male in a beige shirt and black tie spoke from inside the ceiling.', 'D. A blonde woman in a gray turtleneck top holding a black cat was talking to someone.']",Prior,multiple
Multimodal Alignment_sample_4_1,Multimodal Alignment,"Describe the correspond scene when a man angrily said 'Yes, it's working.'.",00:00:20,C,"['A. A man in a black coat is pushing open the door and walking in.', 'B. A dark-haired lady picked up the white telephone from her desk.', 'C. A man appeared in the room. He is holding a black telephone in his left hand and talking with an angry frown on his face.', 'D. Four people sitting around a wooden table playing a game looked at the man who walked in with surprise.']",Prior,multiple
Multimodal Alignment_sample_4_2,Multimodal Alignment,Describe the correspond scene when a man said 'What will you thinking.'.,00:01:43,B,"['A. A blonde woman walks up, her hair disheveled and tired.', 'B. A man in red stood up. He was frowning and looked confused.', 'C. A blonde woman and a man in red are sitting on a light brown couch.', 'D. A blonde woman turned to her right and spoke to the man sitting next to her.']",Prior,multiple
Multimodal Alignment_sample_4_3,Multimodal Alignment,Describe the correspond scene when a man said 'I am late for keeping up with this.'.,00:02:29,D,"['A. A man in red straightened the clothes hanging from his arms as he crossed the crowd to the left.', 'B. A man in red turned to the right and spoke to a blonde woman sitting on the couch.', 'C. A man in red walked between the two women while he was talking.', 'D. A man in red turned and walked out the door after saying his piece.']",Prior,multiple
Multimodal Alignment_sample_4_4,Multimodal Alignment,Describe the correspond scene when a man said 'I wanna go to the bathroom.'.,00:03:45,C,"['A. A man in a long purple sleeve was talking as he walked to the door.', 'B. A woman in a black coat opened the door and went out, closing it behind her.', 'C. A man and a woman are sitting around a small wooden table, talking face to face.', ""D. A man in a long purple sleeve stopped at the closed door, turned around, said that's fine, then reached out, opened the door and walked out.""]",Prior,multiple
Multimodal Alignment_sample_4_5,Multimodal Alignment,"Describe the correspond scene when a man said 'She's on the other line,just gonna call me back.'.",00:04:35,C,"['A. A man with short black hair sits in a chair with a black telephone in his right hand and is talking on the phone.', ""B. The woman puts a white cloth under the man's shoes."", 'C. A man jumps up from his chair and begins to dance happily on the floor. On the left, a woman sits at a round table in the center of the kitchen and looks up at the man.', 'D. As the man sits on the back of the chair and talks, the woman looks up at him and picks up a bottle of mineral water from the table with her left hand.']",Prior,multiple
Multimodal Alignment_sample_5_1,Multimodal Alignment,"Describe the correspond scene when a man angrily said 'Oh, Mam'.",00:01:51,C,"['A. a man in a white, red and blue top and a man in a black top, sitting together at a dinner table.', 'B. a little girl in a blue, orange and pink blouse and a woman in a black blouse, sitting together at the dinner table', 'C. a woman in a flower-patterned blouse, standing next to a decorated Christmas tree', 'D. a woman in a red top approaching, followed by a man in a black and white plaid top and a woman in a floral patterned dress']",Prior,multiple
Multimodal Alignment_sample_5_2,Multimodal Alignment,Describe the correspond scene when a man angrily said 'My organs are shutting down'.,00:02:29,D,"['A. a woman in a black patterned blouse standing in front of a fireplace', 'B. a woman in a red blouse standing with a man in a white plaid blouse', 'C. a man trapped in a chimney with only a pair of brown and black boots leaking out', 'D. a woman wearing a green blouse, tan hat, and black glasses, sitting on a couch']",Prior,multiple
Multimodal Alignment_sample_5_3,Multimodal Alignment,"Describe the correspond scene when a man angrily said 'Oh, outside on the inside. I'm you.'.",00:03:17,C,"['A. a woman in a black patterned blouse standing in front of a fireplace', 'B. a woman in a red blouse standing with a man in a white plaid blouse full of surprise', 'C. a woman in a red blouse and an old man in a black plaid shirt embracing each other', 'D. a man in a red plaid shirt puts his hand on the shoulder of the man in a white plaid shirt']",Prior,multiple
Multimodal Alignment_sample_5_4,Multimodal Alignment,"Describe the correspond scene when a man angrily said 'I have done it before, and l can do it now'.",00:05:22,C,"['A. A female in a blue and white dress standing with a male in a pink and white shirt and a male in a green dress', 'B. A male wearing an orange and white shirt standing next to a staircase with a white bulldog on it.', 'C. A woman in red and black is saying something to a man in gray', 'D. A boy wearing a gray shirt with a pattern and a male wearing a white, black, and orange shirt standing together talking about something']",Prior,multiple
Multimodal Alignment_sample_5_5,Multimodal Alignment,Describe the correspond scene when a man angrily said 'No. But you do'.,00:08:20,B,"['A. A woman in a black dress kissing a man in a suit', 'B. A woman in a black dress.', 'C. A male sitting at a table wearing a suit.', 'D. A woman sitting at a table wearing a work uniform.']",Prior,multiple
Multimodal Alignment_sample_6_1,Multimodal Alignment,Describe the correspond scene when a woman said 'Episodes of subpsychotic rage.'.,00:02:04,D,"['A. A brown-haired male wearing a light blue T-shirt with a black long-sleeved top and black pants sat on a beige sofa chair playing electronic drums.', 'B. A blonde woman in a yellow blouse and flowered pants held the door handle in one hand.', 'C. A brown-haired male wearing a beige hooded jacket with a patterned green top and black-framed glasses leans over a table to talk on the phone.', 'D. A dark-haired male wearing a green T-shirt with a red long-sleeved top held a notepad in his left hand and took notes with a pen in his right.']",Prior,multiple
Multimodal Alignment_sample_6_2,Multimodal Alignment,Describe the correspond scene when a woman said 'I think Penny has a point. We can see it another day.'.,00:03:36,B,"['A. A dark-haired male wearing a graphic blue T-shirt with a long-sleeved gray top sits at a table and engages in conversation.', 'B. A dark-haired male wearing a graphic red T-shirt and black-rimmed glasses sits at a table, talking with a fork in his right hand.', 'C. A brown-haired male wearing a beige hooded jacket with a patterned green top and black-framed glasses leans over a table to talk on the phone.', 'D. A dark-haired male wearing a green T-shirt with a red long-sleeved top held a notepad in his left hand and took notes with a pen in his right.']",Prior,multiple
Multimodal Alignment_sample_6_3,Multimodal Alignment,Describe the correspond scene when a woman said 'How did you even understand what they were saying?'.,00:03:55,C,"['A. A dark-haired male wearing a graphic blue T-shirt with a long-sleeved gray top sits at a table and engages in conversation.', 'B. A white-haired sex in a black blazer with a black shirt and black and gray striped tie stood on the stage.', 'C. A dark-haired male wearing a black blazer with a pink shirt and black vest underneath, a pink floral tie, and a small pink flower on his chest was gesturing with his hands as he talked.', 'D. A dark-haired male wearing a graphic red T-shirt and black-rimmed glasses sits at a table, talking with a fork in his right hand.']",Prior,multiple
Multimodal Alignment_sample_6_4,Multimodal Alignment,Describe the correspond scene when a woman said 'You are so hot.'.,00:04:40,A,"['A. A brunette female wearing a light blue dress with a floral pattern talks to a dark-haired male wearing a gray plaid blazer with a white shirt and a red and black bow.', 'B. A white-haired sex in a black blazer with a black shirt and black and gray striped tie stood on the stage.', 'C. A dark-haired male wearing a black blazer with a pink shirt and black vest underneath, a pink floral tie, and a small pink flower on his chest was gesturing with his hands as he talked.', 'D. A dark-haired male wearing a gray plaid blazer with a white shirt and a red and black bow sat in a dark brown chair.']",Prior,multiple
Multimodal Alignment_sample_6_5,Multimodal Alignment,Describe the correspond scene when a woman said 'There's an infinite number of possibilities.'.,00:04:54,B,"['A. A brunette female wearing a light blue dress with a floral pattern talks to a dark-haired male wearing a gray plaid blazer with a white shirt and a red and black bow.', 'B. A dark-haired male wearing a dark blue jacket with a purple blouse and black-rimmed glasses sits on a brown couch and talks.', 'C. A dark-haired male wearing a graphic red T-shirt with a green long-sleeved top underneath and beige pants with a cell phone in his hand is talking to the current person.', 'D. A dark-haired male wearing a gray plaid blazer with a white shirt and a red and black bow sat in a dark brown chair.']",Prior,multiple
Multimodal Alignment_sample_7_1,Multimodal Alignment,Describe the correspond scene when a man said 'That one was clever.'.,00:01:25,A,"['A. In a dark room, a man in a long-sleeved suit, standing next to a green skeleton model that glowing in the dark, speaks to it.', 'B. Two men are standing in the dining room, hugging each other. The man on the left, wearing a black suit jacket and striped shirt, looks away awkwardly to his left, and the man on the right, wearing a light shirt and tie, speaks excitedly.', 'C. A man in a plaid suit reaches out, picks up a glass glass on the table, looks to the right, toasts while talking, and the person sitting next to him looks at him and smiles.', 'D. Two men are talking in a restaurant. The man on the left sits at a table, wearing a black suit jacket and striped shirt, and looks at the man on the right. The man on the right, wearing a light-colored shirt and tie, stands talking excitedly.']",Prior,multiple
Multimodal Alignment_sample_7_2,Multimodal Alignment,Describe the correspond scene when a man said 'You should see your face.'.,00:01:38,B,"['A. In a dark room, a man in a long-sleeved suit, standing next to a green skeleton model that glowing in the dark, speaks to it.', 'B. In come two men on the right, the man on the left wearing a red jacket and sweater vest, and the man on the right wearing a green plaid shirt. They joking with the man on the left. In the middle is a skeleton model hanging from the ceiling.', 'C. A man in a plaid suit reaches out, picks up a glass glass on the table, looks to the right, toasts while talking, and the person sitting next to him looks at him and smiles.', 'D. Two men are talking in a restaurant. The man on the left sits at a table, wearing a black suit jacket and striped shirt, and looks at the man on the right. The man on the right, wearing a light-colored shirt and tie, stands talking excitedly.']",Prior,multiple
Multimodal Alignment_sample_7_3,Multimodal Alignment,Describe the correspond scene when a man said 'He's probably right.' .,00:02:04,C,"['A. In a dark room, a man in a long-sleeved suit, standing next to a green skeleton model that glowing in the dark, speaks to it.', 'B. In come two men on the right, the man on the left wearing a red jacket and sweater vest, and the man on the right wearing a green plaid shirt. They joking with the man on the left. In the middle is a skeleton model hanging from the ceiling.', 'C. Three men are standing in a room. The man in the middle, wearing a red coat and an orange sweater vest, dropped his head quickly as he finished speaking.', 'D. Two men are talking in a restaurant. The man on the left sits at a table, wearing a black suit jacket and striped shirt, and looks at the man on the right. The man on the right, wearing a light-colored shirt and tie, stands talking excitedly.']",Prior,multiple
Multimodal Alignment_sample_7_4,Multimodal Alignment,"Describe the correspond scene when a man said 'OK, show's over.'.",00:02:57,D,"['A. In a dark room, a man in a long-sleeved suit, standing next to a green skeleton model that glowing in the dark, speaks to it.', 'B. In come two men on the right, the man on the left wearing a red jacket and sweater vest, and the man on the right wearing a green plaid shirt. They joking with the man on the left. In the middle is a skeleton model hanging from the ceiling.', 'C. Three men are standing in a room. The man in the middle, wearing a red coat and an orange sweater vest, dropped his head quickly as he finished speaking.', 'D. Three women in the living room. The woman in the middle sits on the couch, preventing the woman standing on the left from continuing with her camera.']",Prior,multiple
Multimodal Alignment_sample_7_5,Multimodal Alignment,Describe the correspond scene when a man said 'Trick or treat.'.,00:03:51,A,"['A. A man lying on the ground suddenly opened his eyes and looked up to speak to another man who was performing first aid.', 'B. In come two men on the right, the man on the left wearing a red jacket and sweater vest, and the man on the right wearing a green plaid shirt. They joking with the man on the left. In the middle is a skeleton model hanging from the ceiling.', 'C. Three men are standing in a room. The man in the middle, wearing a red coat and an orange sweater vest, dropped his head quickly as he finished speaking.', 'D. Three women in the living room. The woman in the middle sits on the couch, preventing the woman standing on the left from continuing with her camera.']",Prior,multiple
Multimodal Alignment_sample_8_1,Multimodal Alignment,Describe the correspond scene when a woman said 'Don't have one.'.,00:02:06,D,"['A. A black male wearing a gray T-shirt with graphics and a blue top underneath is talking to a brown-haired female wearing purple stripes and glasses.', 'B. A dark brown-haired male wearing a green jacket with a yellow and white striped shirt and a yellow undershirt and a brown-haired male wearing a purple and black plaid shirt with a purple blouse sit in front of a computer.', 'C. A dark-haired male wearing a red T-shirt with a graphic, a purple long-sleeved top, and white, blue, and red plaid pants ran in place while knocking on the door.', 'D. A blonde female wearing a gray tank top with a purple undershirt underneath talks to a black-haired male wearing a red T-shirt with a purple long-sleeved shirt underneath while doing warm-up exercises.']",Prior,multiple
Multimodal Alignment_sample_8_2,Multimodal Alignment,Describe the correspond scene when a woman said 'An accident.'.,00:02:45,C,"['A. A brown-haired male wearing a dark purple jacket with a blue blouse and yellow jacket underneath and black-rimmed glasses stood in front of the door to the room.', 'B. A dark-haired male wearing a red T-shirt with a graphic, a purple long-sleeved top, and white, blue, and red plaid pants ran in place while knocking on the door.', 'C. A brown-haired male in a green top sat in front of a red laptop with a joystick in his right hand.', 'D. A blonde female wearing a gray tank top with a purple undershirt underneath talks to a black-haired male wearing a red T-shirt with a purple long-sleeved shirt underneath while doing warm-up exercises.']",Prior,multiple
Multimodal Alignment_sample_8_3,Multimodal Alignment,Describe the correspond scene when a woman said 'you two are definitely not suited for each other.'.,00:03:23,C,"['A. A dark-haired male wearing a graphic blue T-shirt with a long-sleeved gray top sits at a table and engages in conversation.', 'B. A white-haired sex in a black blazer with a black shirt and black and gray striped tie stood on the stage.', 'C. A dark-haired male wearing a black blazer with a pink shirt and black vest underneath, a pink floral tie, and a small pink flower on his chest was gesturing with his hands as he talked.', 'D. A dark-haired male wearing a graphic red T-shirt and black-rimmed glasses sits at a table, talking with a fork in his right hand.']",Prior,multiple
Multimodal Alignment_sample_8_4,Multimodal Alignment,"Describe the correspond scene when a woman said 'It's Leonard, code Milky Green.'.",00:04:58,D,"['A. A dark-haired male wearing a graphic red T-shirt with a blue long-sleeved blouse and a silver watch sits on a dark brown couch.', 'B. An older white male wearing blue striped pajamas and sunglasses stands in front of a large red door.', 'C. A brunette woman wearing a long-sleeved black dress with a blue-green floral print sat in a beige sofa chair.', 'D. A brown-haired male wearing a black tank top with a gray hoodie underneath, brown pants, and black-framed glasses sits on the stairs tying his shoes while listening to a phone call.']",Prior,multiple
Multimodal Alignment_sample_8_5,Multimodal Alignment,"Describe the correspond scene when a woman said 'It's my problem, not yours.'.",00:05:56,C,"['A. A brown-haired male in red pajamas sits on a black bed listening to a phone.', 'B. An older white male wearing blue striped pajamas and sunglasses stands in front of a large red door.', 'C. A brown-haired male wearing a beige jacket with a patterned red top and black-framed glasses is talking to a blonde female wearing a yellow tank top and a white top with lace.', 'D. A brown-haired male wearing a black tank top with a gray hoodie underneath, brown pants, and black-framed glasses sits on the stairs tying his shoes while listening to a phone call.']",Prior,multiple
Multimodal Alignment_sample_9_1,Multimodal Alignment,Describe the correspond scene when a man said 'How did you get this number?'.,00:00:43,C,"['A. Two men in suits are talking and playing with each other in the office.', 'B. A blond man in a light shirt and dark tie held out the thumbs of his hands to himself and made a face.', 'C. A man in a black suit behind a desk is looking forward and seriously questioning the person on the phone.', 'D. A blond man in a light shirt and dark tie sits behind his desk and looks away in slight embarrassment.']",Prior,multiple
Multimodal Alignment_sample_9_2,Multimodal Alignment,Describe the correspond scene when a man said 'Who the hill is that?'.,00:02:24,B,"['A. A man in a black suit behind a desk is looking forward and seriously questioning the person on the phone.', 'B. Two men ase standing next to a red convertible, and the one on the right, with his waist forked, is talking angrily to the one on the left.', 'C. A blond man in a light shirt and dark tie held out the thumbs of his hands to himself and made a face.', 'D. A blond man in a light shirt and dark tie sits behind his desk and looks away in slight embarrassment.']",Prior,multiple
Multimodal Alignment_sample_9_3,Multimodal Alignment,Describe the correspond scene when a man said 'I do know how to read though.'.,00:03:40,C,"['A. A man in a black suit behind a desk is looking forward and seriously questioning the person on the phone.', 'B. Two men ase standing next to a red convertible, and the one on the right, with his waist forked, is talking angrily to the one on the left.', 'C. A man in a black suit, white shirt and striped tie, smiling in the office, first turns his head to the right and finally returns to the front, looking at the man on his left to speak.', 'D. A blond man in a light shirt and dark tie sits behind his desk and looks away in slight embarrassment.']",Prior,multiple
Multimodal Alignment_sample_9_4,Multimodal Alignment,Describe the correspond scene when a man said 'Check this out'.,00:06:03,D,"['A. A man in a black suit behind a desk is looking forward and seriously questioning the person on the phone.', 'B. Two men ase standing next to a red convertible, and the one on the right, with his waist forked, is talking angrily to the one on the left.', 'C. A man in a black suit, white shirt and striped tie, smiling in the office, first turns his head to the right and finally returns to the front, looking at the man on his left to speak.', 'D. A man with short black hair sat behind his desk, his hand on the mouse, looking solemnly at the computer screen.']",Prior,multiple
Multimodal Alignment_sample_9_5,Multimodal Alignment,Describe the correspond scene when a man said 'That's a lot of reasons'.,00:08:05,A,"['A. A man in a light shirt, sitting behind an office desk, is looking solemnly at the man on his right as he speaks.', 'B. Two men ase standing next to a red convertible, and the one on the right, with his waist forked, is talking angrily to the one on the left.', 'C. A man in a black suit, white shirt and striped tie, smiling in the office, first turns his head to the right and finally returns to the front, looking at the man on his left to speak.', 'D. A man with short black hair sat behind his desk, his hand on the mouse, looking solemnly at the computer screen.']",Prior,multiple
Multimodal Alignment_sample_10_1,Multimodal Alignment,Describe the correspond scene when a man said 'I don't understand.'.,00:01:19,A,"['A. At night, two people are sitting in the back seat of A car. The woman wearing glasses and a red top is smiling at the person talking next to her.', 'B. Two men with curly hair and beards stand by the door, looking to the left in slight surprise.', 'C. A man wearing a green T-shirt with long orange sleeves and a backpack enters the house from outside and is talking on the phone.', 'D. A man in a green T-shirt with long orange sleeves underneath is bent over in the living room, talking to a reddish-brown sofa.']",Prior,multiple
Multimodal Alignment_sample_10_2,Multimodal Alignment,Describe the correspond scene when a man said 'You live with your mother?'.,00:02:25,B,"['A. At night, two people are sitting in the back seat of A car. The woman wearing glasses and a red top is smiling at the person talking next to her.', 'B. A man in a black suit looked up and smiled at a woman in red sitting at the dinner table.', 'C. A man wearing a green T-shirt with long orange sleeves and a backpack enters the house from outside and is talking on the phone.', 'D. A man in a green T-shirt with long orange sleeves underneath is bent over in the living room, talking to a reddish-brown sofa.']",Prior,multiple
Multimodal Alignment_sample_10_3,Multimodal Alignment,Describe the correspond scene when a man said 'Is that my arm?'.,00:04:14,C,"['A. At night, two people are sitting in the back seat of A car. The woman wearing glasses and a red top is smiling at the person talking next to her.', 'B. A man in a black suit looks up and smiles at a woman in red sitting at the dinner table.', 'C. A blonde woman speaks to her left, asking about a man in a green T-shirt who is helping her get dress.', 'D. A man in a green T-shirt with long orange sleeves underneath is bent over in the living room, talking to a reddish-brown sofa.']",Prior,multiple
Multimodal Alignment_sample_10_4,Multimodal Alignment,Describe the correspond scene when a man said 'I'm sorry.'.,00:05:07,D,"['A. At night, two people are sitting in the back seat of A car. The woman wearing glasses and a red top is smiling at the person talking next to her.', 'B. A man in a black suit looks up and smiles at a woman in red sitting at the dinner table.', 'C. A blonde woman speaks to her left, asking about a man in a green T-shirt who is helping her get dress.', 'D. A man in a green T-shirt and a red suit has finish talking to a woman sitting next to him in navy blue, and he looks to the left.']",Prior,multiple
Multimodal Alignment_sample_10_5,Multimodal Alignment,Describe the correspond scene when a man said 'I think we should talk now.'.,00:09:45,A,"['A. In the laundry room, a woman in a pink top comes out from the right and talks to a man standing on the left in a black jacket and gray hoodie, who is holding white clothes.', 'B. A man in a black suit looks up and smiles at a woman in red sitting at the dinner table.', 'C. A blonde woman speaks to her left, asking about a man in a green T-shirt who is helping her get dress.', 'D. A man in a green T-shirt and a red suit has finish talking to a woman sitting next to him in navy blue, and he looks to the left.']",Prior,multiple
Multimodal Alignment_sample_11_1,Multimodal Alignment,Describe the correspond scene when a man said 'They say a cluttered desk means a cluttered mind.'.,00:00:50,D,"['A. A brown-haired male wearing a white shirt and brown tie sits at a computer desk and converses.', 'B. A brown-haired male wearing a gray blazer with a white shirt and silver-and-white striped tie and glasses, pulling a black trash can in his right hand is engaged in a conversation with someone else.', 'C. A brunette woman in a purple blouse and blue skirt throws a clear glass bottle into a trash can.', 'D. A brown-haired male wearing a black blazer with a white shirt and brown and black textured tie sits in front of the shutters and engages in conversation.']",Prior,multiple
Multimodal Alignment_sample_11_2,Multimodal Alignment,Describe the correspond scene when a woman said 'They say a cluttered desk means a cluttered mind.'.,00:01:19,B,"['A. A brown-haired male wearing a gray blazer with a gray shirt and silver-gray striped tie stands in front of a coat rack and wooden cabinet looking at the lower left corner talking about something.', 'B. A blonde woman wearing a gray sweater and gold studs stood in front of a whiteboard filled with text talking about something.', 'C. A brunette woman in a purple blouse and blue skirt throws a clear glass bottle into a trash can.', 'D. A brown-haired male wearing a black blazer with a white shirt and brown and black textured tie sits in front of the shutters and engages in conversation.']",Prior,multiple
Multimodal Alignment_sample_11_3,Multimodal Alignment,Describe the correspond scene when a man confused said 'What are you guys doing?'.,00:01:30,C,"['A. A brown-haired male wearing a gray blazer with a gray shirt and silver-gray striped tie stands in front of a coat rack and wooden cabinet looking at the lower left corner talking about something.', 'B. A brown-haired male wearing a gray shirt and silver-gray tie underneath black suit pants and white-framed glasses was talking to a blonde woman with a notepad in his hand.', 'C. A balding male wearing a gray blazer with a white shirt and green and gray patterned tie looked both ways with confusion.', 'D. A blonde woman wearing a gray sweater and gold studs stood in front of a whiteboard filled with text talking about something.']",Prior,multiple
Multimodal Alignment_sample_11_4,Multimodal Alignment,"Describe the correspond scene when a man confused said 'Eighteen across. Mary, Kate, and Ashley blank.'.",00:01:45,D,"['A. A brown-haired male wearing a gray blazer with a white shirt and textured black and brown tie underneath sits in front of a computer with a white mug with text in his right hand and a newspaper in his left.', 'B. A brown-haired male wearing a gray shirt and silver-gray tie underneath black suit pants and white-framed glasses was talking to a blonde woman with a notepad in his hand.', 'C. A balding male wearing a gray blazer with a white shirt and green and gray patterned tie looked both ways with confusion.', 'D. A dark brown male wearing a black blazer with a white shirt and blue patterned tie stood by the louvers holding a magazine with a crossword puzzle in it.']",Prior,multiple
Multimodal Alignment_sample_11_5,Multimodal Alignment,Describe the correspond scene when a man confused said 'The liar will avoid direct eye contact.'.,00:02:55,A,"['A. A dark brown haired male wearing a black blazer with a gray shirt and silver and gray striped tie and white framed glasses leaned his back against the front of a beige wall.', 'B. A brown-haired male wearing a gray blazer with a white shirt and textured black and brown tie underneath sits in front of a computer with a white mug with text in his right hand and a newspaper in his left.', 'C. A brown-haired male wearing a gray shirt and silver-gray striped tie and white-framed glasses holds a red ballpoint pen in his hand and a gray telephone receiver.', 'D. A dark brown male wearing a black blazer with a white shirt and blue patterned tie stood by the louvers holding a magazine with a crossword puzzle in it.']",Prior,multiple
Multimodal Alignment_sample_12_1,Multimodal Alignment,Describe the correspond scene when a man said 'I'm sorry?'.,00:01:02,A,"['A. A woman wraps in a dark towel stood in the middle of the room, confused, talking to the man in red who was leaning against the door frame.', 'B. A man with black hair, wearing a red shirt and a black turtleneck, who is facing to the left and talking to the person next to him.', 'C. A man wearing glasses and a dark coat with a green hoodie underneath, he faces to the right and looks solemnly at the woman who suddenly enters.', 'D. A woman with dark towel, ties up her hair, put one hand at her waist, hold a towel in the other, and looking around with a smile.']",Prior,multiple
Multimodal Alignment_sample_12_2,Multimodal Alignment,Describe the correspond scene when a man said 'Go away.'.,00:03:41,B,"['A. A woman wraps in a dark towel stood in the middle of the room, confused, talking to the man in red who was leaning against the door frame.', 'B. A man wearing a gray short sleeve with a black long sleeve underneath, with stripes of different colors like pink, yellow, and blue, was talking seriously to the person in front of him.', 'C. A man wearing glasses and a dark coat with a green hoodie underneath, he faces to the right and looks solemnly at the woman who suddenly enters.', 'D. A woman with dark towel, ties up her hair, put one hand at her waist, hold a towel in the other, and looking around with a smile.']",Prior,multiple
Multimodal Alignment_sample_12_3,Multimodal Alignment,Describe the correspond scene when a man said 'Never mind.'.,00:04:23,C,"['A. A woman wraps in a dark towel stood in the middle of the room, confused, talking to the man in red who was leaning against the door frame.', 'B. A man wearing a gray short sleeve with a black long sleeve underneath, with stripes of different colors like pink, yellow, and blue, was talking seriously to the person in front of him.', 'C. A man in a dark coat with a red suit underneath and black glasses bowed his head to the left in frustration as he speaks.', 'D. A woman with dark towel, ties up her hair, put one hand at her waist, hold a towel in the other, and looking around with a smile.']",Prior,multiple
Multimodal Alignment_sample_12_4,Multimodal Alignment,Describe the correspond scene when a man said 'You're welcome.'.,00:05:42,D,"['A. A woman wraps in a dark towel stood in the middle of the room, confused, talking to the man in red who was leaning against the door frame.', 'B. A man wearing a gray short sleeve with a black long sleeve underneath, with stripes of different colors like pink, yellow, and blue, was talking seriously to the person in front of him.', 'C. A man in a dark coat with a red suit underneath and black glasses bowed his head to the left in frustration as he speaks.', 'D. A man in a green T-shirt is holding a Batman doll in both hands, facing to the left, and talking to others in the room.']",Prior,multiple
Multimodal Alignment_sample_12_5,Multimodal Alignment,Describe the correspond scene when a man said 'Some things are more important than toys.'.,00:06:26,A,"[""A. A man in a dark jacket with a red coat under him hugs a woman in a blue floral hoodie with her arms crossed over her chest as they stand in front of an elevator looking into each other's eyes and talking."", 'B. A man wearing a gray short sleeve with a black long sleeve underneath, with stripes of different colors like pink, yellow, and blue, was talking seriously to the person in front of him.', 'C. A man in a dark coat with a red suit underneath and black glasses bowed his head to the left in frustration as he speaks.', 'D. A man in a green T-shirt is holding a Batman doll in both hands, facing to the left, and talking to others in the room.']",Prior,multiple
Multimodal Alignment_sample_13_1,Multimodal Alignment,Describe the correspond scene when a man said 'Blowing the gates.'.,00:00:37,A,"['A. A man sitting on the sofa, wearing headphones and looking at his laptop. He is dressed in a purple jacket, white shirt and brown sweater vest. ', 'B. A man is sitting at a computer desk wearing a contrasting striped suit and headphones. He stared intently at the screen of his laptop.', 'C. Two men sit on brown sofas, both wearing headphones, focused on laptop screens in front of them. The man on the left is wearing a purple jacket and the man on the right is wearing a green T-shirt.', 'D. A man is sitting under a couch, wearing glasses and headphones, with a laptop on the table in front of him. He was wearing a black coat and a purple hoodie. He looked down at his laptop screen and was talking.']",Prior,multiple
Multimodal Alignment_sample_13_2,Multimodal Alignment,Describe the correspond scene when a man said 'Somebody just clicked buy it now.'.,00:01:39,B,"['A. A man sitting on the sofa, wearing headphones and looking at his laptop. He is dressed in a purple jacket, white shirt and brown sweater vest. ', ""B. A man sits on a couch, wearing a green T-shirt and headphones, looking at his laptop screen and talking. The man on the left leans over to look at the man's screen. The laptop has an American flag sticker on it."", 'C. Two men sit on brown sofas, both wearing headphones, focused on laptop screens in front of them. The man on the left is wearing a purple jacket and the man on the right is wearing a green T-shirt.', 'D. A man is sitting under a couch, wearing glasses and headphones, with a laptop on the table in front of him. He was wearing a black coat and a purple hoodie. He looked down at his laptop screen and was talking.']",Prior,multiple
Multimodal Alignment_sample_13_3,Multimodal Alignment,Describe the correspond scene when a man said 'What can i help you with?'.,00:02:07,C,"['A. Two men sit on brown sofas, both wearing headphones, focused on laptop screens in front of them. The man on the left is wearing a purple jacket and the man on the right is wearing a green T-shirt.', ""B. A man sits on a couch, wearing a green T-shirt and headphones, looking at his laptop screen and talking. The man on the left leans over to look at the man's screen. The laptop has an American flag sticker on it."", 'C. A woman with glasses and a black clothes with blonde hair sitting next to a neatly arranged comic book shelf. A woman with curly brown hair, wearing a dark clothes, and carrying a box walking past her as she speak.', 'D. A man is sitting under a couch, wearing glasses and headphones, with a laptop on the table in front of him. He was wearing a black coat and a purple hoodie. He looked down at his laptop screen and was talking.']",Prior,multiple
Multimodal Alignment_sample_13_4,Multimodal Alignment,"Describe the correspond scene when a man said 'Hey, guys.'.",00:03:00,D,"['A. Two men sit on brown sofas, both wearing headphones, focused on laptop screens in front of them. The man on the left is wearing a purple jacket and the man on the right is wearing a green T-shirt.', ""B. A man sits on a couch, wearing a green T-shirt and headphones, looking at his laptop screen and talking. The man on the left leans over to look at the man's screen. The laptop has an American flag sticker on it."", 'C. A woman with glasses and a black clothes with blonde hair sitting next to a neatly arranged comic book shelf. A woman with curly brown hair, wearing a dark clothes, and carrying a box walking past her as she speak.', 'D. A woman with curly blond hair, black glasses, and blue clothes is coming in through the door. She is smiling and talking to the people in the room.']",Prior,multiple
Multimodal Alignment_sample_13_5,Multimodal Alignment,"Describe the correspond scene when a man said 'How's it feel, penny?'.",00:04:15,A,"['A. A woman with blonde hair, a patterned red dress, and black glasses is sitting on a couch, her mouth open, talking into a laptop computer, where she is playing a game.', ""B. A man sits on a couch, wearing a green T-shirt and headphones, looking at his laptop screen and talking. The man on the left leans over to look at the man's screen. The laptop has an American flag sticker on it."", 'C. A woman with glasses and a black clothes with blonde hair sitting next to a neatly arranged comic book shelf. A woman with curly brown hair, wearing a dark clothes, and carrying a box walking past her as she speak.', 'D. A woman with curly blond hair, black glasses, and blue clothes is coming in through the door. She is smiling and talking to the people in the room.']",Prior,multiple
Multimodal Alignment_sample_14_1,Multimodal Alignment,Describe the correspond scene when a man said 'I'll stick with my jerky.'.,00:00:39,D,"['A. A balding male wearing a black blazer with a black and blue striped shirt and black tattoo-dot tie is eating and talking.', 'B. A blonde woman wearing a brown coat with a black top underneath carries on a conversation.', 'C. A brown-haired male wearing a yellow blazer with a red and white plaid shirt and green tie with a horse design and rainbow stripes rests his left hand on the shoulder of a blonde female wearing a brown tunic with a black blouse underneath, and holds a piece of black food in his right hand.', 'D. A brown-haired male wearing a brown blazer with a yellow shirt and yellow and green striped tie and glasses spoke as he ate the beef jerky he held in his right hand.']",Prior,multiple
Multimodal Alignment_sample_14_2,Multimodal Alignment,Describe the correspond scene when a man said 'so I can parcel them up and eat them at my leisure later on. Much healthier.'.,00:00:50,B,"['A. A brown-haired male wearing a white shirt and black tie sits in front of the blinds with a brown-haired female wearing a black and purple blouse.', 'B. A dark-haired male wearing a dark blue blazer with a white and gray striped shirt and black and silver striped tie was talking as he reached for his food.', 'C. A brown-haired male wearing a yellow blazer with a red and white plaid shirt and green tie with a horse design and rainbow stripes rests his left hand on the shoulder of a blonde female wearing a brown tunic with a black blouse underneath, and holds a piece of black food in his right hand.', 'D. A brown-haired male wearing a brown blazer with a yellow shirt and yellow and green striped tie and glasses spoke as he ate the beef jerky he held in his right hand.']",Prior,multiple
Multimodal Alignment_sample_14_3,Multimodal Alignment,"Describe the correspond scene when a man said 'Yeah, why don't you send that to him in Costa Rica?'.",00:00:57,C,"['A. A brown-haired male wearing a white shirt and black tie sits in front of the blinds with a brown-haired female wearing a black and purple blouse.', 'B. A dark-haired male wearing a dark blue blazer with a white and gray striped shirt and black and silver striped tie was talking as he reached for his food.', 'C. A dark-haired male wearing a dark blue blazer with a white and gray striped shirt and black and silver striped tie stood in the doorway, holding a plate of food as he spoke.', 'D. A dark-haired male wearing a white light brown shirt and black tie is talking to a dark-haired female wearing a light brown jacket and a dark blue top with an orange and white pattern.']",Prior,multiple
Multimodal Alignment_sample_14_4,Multimodal Alignment,Describe the correspond scene when a man said 'She's probably going to because theysit next to each other.'.,00:01:09,A,"['A. A brown-haired male wearing a white shirt and black tie sits in front of the blinds and carries on a conversation.', 'B. A dark-haired woman wearing a light brown jacket and a dark blue blouse with an orange and white pattern carries on a conversation facing left.', 'C. A dark-haired male wearing a dark blue blazer with a white and gray striped shirt and black and silver striped tie stood in the doorway, holding a plate of food as he spoke.', 'D. A dark-haired male wearing a white light brown shirt and black tie is talking to a dark-haired female wearing a light brown jacket and a dark blue top with an orange and white pattern.']",Prior,multiple
Multimodal Alignment_sample_14_5,Multimodal Alignment,"Describe the correspond scene when a man said 'No, God!'.",00:01:48,D,"['A. A brown-haired male wearing a white shirt and black tie sits in front of the blinds and carries on a conversation.', 'B. A dark-haired woman wearing a light brown jacket and a dark blue blouse with an orange and white pattern carries on a conversation facing left.', 'C. A dark-haired male wearing a dark blue blazer with a white and gray striped shirt and black and silver striped tie stood in the doorway, holding a plate of food as he spoke.', 'D. A dark-haired man in a dark blue blazer, white and gray striped shirt, and black and silver striped tie was yelling at a brown-haired male in a brown top.']",Prior,multiple
Multimodal Alignment_sample_15_1,Multimodal Alignment,Describe the correspond scene when a man said 'I would love a picture of the two of us.'.,00:00:29,D,"['A. A brown-haired male wearing a black blazer with a blue shirt and dark blue spotted tie sits holding a videotape and examining it.', 'B. A brown-haired male wearing a dark blue blazer with a blue shirt underneath and gray pants and a blonde female wearing a red V-neck top and black pants are standing by a burning fireplace.', 'C. A brown-haired male wearing a black blouse with a white shirt underneath and a brown-haired female wearing a purple blouse with patterned holes stand in front of a wall decorated with framed photographs.', 'D. A brown-haired male wearing a brown blazer with a brown shirt and tie is talking to a brown-haired female wearing a purple blouse while placing a black object in his right hand.']",Prior,multiple
Multimodal Alignment_sample_15_2,Multimodal Alignment,Describe the correspond scene when a man said 'Text went through.'.,00:00:59,B,"['A. A brown-haired male in a blue shirt and black tie sits at his computer looking to his left with a confused face.', 'B. A brown-haired male wearing a white tank top and glasses is holding a cell phone and talking face-to-face with a blonde female wearing a black top in front of him.', 'C. A brown-haired male wearing a black blouse with a white shirt underneath and a brown-haired female wearing a purple blouse with patterned holes stand in front of a wall decorated with framed photographs.', 'D. A brown-haired male wearing a brown blazer with a brown shirt and tie is talking to a brown-haired female wearing a purple blouse while placing a black object in his right hand.']",Prior,multiple
Multimodal Alignment_sample_15_3,Multimodal Alignment,Describe the correspond scene when a man said 'Second Life is not a game.'.,00:01:28,C,"['A. A brown-haired male in a blue shirt and black tie sits at his computer looking to his left with a confused face.', 'B. A brown-haired male wearing a white tank top and glasses is holding a cell phone and talking face-to-face with a blonde female wearing a black top in front of him.', 'C. A brown-haired male wearing a brown blazer with a white shirt and gray-and-silver-striped tie underneath, glasses and headphones sits in front of a computer.', 'D. A brown-haired male in a white shirt was reading an email on his cell phone and later talking to the person next to him.']",Prior,multiple
Multimodal Alignment_sample_15_4,Multimodal Alignment,"Describe the correspond scene when a man said 'In my second life, l was also a paper salesman.'.",00:01:45,B,"['A. A brown-haired male wearing a brown blazer with a white shirt and gray-and-silver-striped tie stood in front of the shutters talking about something.', 'B. A brown-haired male wearing a gray shirt and tie with gray and silver stripes, glasses and headphones sits at a computer.', 'C. A brown-haired male wearing a brown blazer with a white shirt and gray-and-silver-striped tie underneath, glasses and headphones sits in front of a computer.', 'D. A brown-haired male in a white shirt was reading an email on his cell phone and later talking to the person next to him.']",Prior,multiple
Multimodal Alignment_sample_15_5,Multimodal Alignment,"Describe the correspond scene when a man said 'Additionally, Pam, you win 10.'.",00:02:34,D,"['A. A brown-haired male wearing a brown blazer with a white shirt and gray-and-silver-striped tie stood in front of the shutters talking about something.', 'B. A brown-haired male wearing a gray shirt and tie with gray and silver stripes, glasses and headphones sits at a computer.', 'C. A dark-haired woman in a pale pink blouse is talking about something.', 'D. A balding male wearing a gray blazer with a white shirt and brown patterned tie says something, and standing next to him is a dark-haired male wearing a white and purple shirt and purple striped tie.']",Prior,multiple
Multimodal Alignment_sample_16_1,Multimodal Alignment,Describe the correspond scene when a woman said 'If that's true.'.,00:02:43,B,"['A. In a not-so-bright interior, a woman with blonde hair is talking to the camera. There are various electronic devices and tools in the background, as well as items hanging on the wall, and a lit desk lamp at the bottom left corner of the table.', 'B. On a grey desktop, there are two notebooks with a pen in them, a cup of coffee to the right of the notebooks, and a pair of glasses and a potted plant to the left.', ""C. The video screen shows a virtual image of a computer screen with a purple background, a column of icons on the left and right sides of the interface, and a narrator's lines in English in the centre."", 'D. The video screen shows a virtual demonstration animation about a Turing machine with a red background. The Turing machine consists of a main part in the middle and a conveyor belt underneath. There are also two cog-like patterns located on the left and right sides of the conveyor belt.']",Prior,multiple
Multimodal Alignment_sample_16_2,Multimodal Alignment,Describe the correspond scene when a woman said 'ls there an algorithm that can determine.'.,00:05:06,D,"['A. On a wooden table sits a laptop with a pair of hands on the keyboard, to the right is a cup of coffee and an open notebook with a pen on it. On the left side there is a tablet computer and a potted plant in the upper left corner.', 'B.The video screen shows a virtual demonstration animation about a Turing machine with a red background. The Turing machine consists of a main part in the middle and a conveyor belt underneath. There are also two cog-like patterns located on the left and right sides of the conveyor belt.', 'C.In a not-so-bright interior, a woman with blonde hair is talking to the camera. There are various electronic devices and tools in the background, as well as items hanging on the wall, and a lit desk lamp at the bottom left corner of the table.', ""D. This is a screenshot of a computer screen with a background that fades from blue to pink from top to bottom, and weather information is displayed in the upper left, with a weather icon for cloudy. In the middle part of the screen, there is a quoted text that is the narrator's lines.""]",Prior,multiple
Multimodal Alignment_sample_16_3,Multimodal Alignment,Describe the correspond scene when a woman said 'The concurrent efforts by Church and Turing to determine the limits of computation.'.,00:07:34,A,"['A. The video screen shows a screenshot with a blue background colour and a red-bordered text editor window with a large paragraph of text in the editor window. There is also a text editor window with a yellowish border at the bottom.', ""B. This is a screenshot of a computer screen with a background that fades from blue to pink from top to bottom, and weather information is displayed in the upper left, with a weather icon for cloudy. In the middle part of the screen, there is a quoted text that is the narrator's lines."", 'C. In a not-so-bright interior, a woman with blonde hair is talking to the camera. There are various electronic devices and tools in the background, as well as items hanging on the wall, and a lit desk lamp at the bottom left corner of the table.', 'D. The video shows an animated virtual presentation with a gray machine in the middle of the screen with three red knobs and a number of buttons and wires on the top, left, and right side of the machine.']",Prior,multiple
Multimodal Alignment_sample_16_4,Multimodal Alignment,Describe the correspond scene when a woman said 'So the allies had to break the code.'.,00:08:54,C,"['A. This image shows the keyboard portion of an old typewriter with 26 letter keys that are arranged on a black metal plate. The black metal plate directly in front of the camera is labelled with the 26 letters of the alphabet, with two round holes below each letter mark.', 'B. In a not-so-bright interior, a woman with blonde hair is talking to the camera. There are various electronic devices and tools in the background, as well as items hanging on the wall, and a lit desk lamp at the bottom left corner of the table.', 'C. The video shows a black-and-white image of two soldiers in military uniforms and helmets operating a machine. One of the soldiers is typing intently while the other is taking notes next to him and there is another person standing between them. Trees and other vegetation can be seen in the background.', 'D. The video footage shows several magnificent buildings. The buildings have uniquely designed windows with spires and arched frames. In front of the buildings are spacious roads with a few trees and some bushes planted on the left side. A few white clouds can be seen in the sky.']",Prior,multiple
Multimodal Alignment_sample_16_5,Multimodal Alignment,Describe the correspond scene when a woman said 'A computer would deserve to be called intelligent.'.,00:10:39,B,"['A. In a not-so-bright interior, a woman with blonde hair is talking to the camera. There are various electronic devices and tools in the background, as well as items hanging on the wall, and a lit desk lamp at the bottom left corner of the table.', 'B. The video shows a text box with yellow borders above and below the text box and a paragraph of text in the middle. The background is primarily black. There is also an icon of a human face in the upper left corner.', 'C. The video shows a black and white image of a room with several women each sitting at a table, looking down at the task at hand. The upper portion of the left side is curtained. The table on the right side has various items on it.', 'D. The video shows a black-and-white image of a group of men in formal attire, with five men sitting on the grass in front of them and the rest standing behind them. In the background is the facade of a building.']",Prior,multiple
Multimodal Alignment_sample_17_1,Multimodal Alignment,"Describe the correspond scene when a woman said we need a circuit that checks if this opcode matches 0010, which we could do witha handful of logic gates.'.",00:03:37,B,"['A. A woman wearing glasses and a plaid shirt speaks to the camera in a room with various electronic devices and tools such as robots, books, and other items in the background.', ""B. The video shows an image of a virtual presentation animation with a purple background. On the right side of the screen there are two square boxes with '0010' written in them, and on the left side there are some inverted triangles and U-shaped icons that are connected to the square boxes on the right side by blue and yellow lines."", 'C. The video shows an image of a virtual presentation animation with an orange background. There is a vertical table on the right side of the screen and a total of six rectangular boxes with a string of the number 0 on the left side.', 'D. The screen shows a reference data table for a computer system. The table lists various instruction sets, opcodes, and related functional descriptions. The background color is primarily beige.']",Prior,multiple
Multimodal Alignment_sample_17_2,Multimodal Alignment,Describe the correspond scene when a woman said 'It loaded two values from memory.'.,00:07:54,A,"['A. A woman wearing glasses and a plaid shirt speaks to the camera in a room with various electronic devices and tools such as robots, books, and other items in the background, and a lit table lamp to the left.', 'B. The video shows a virtually animated image of a woman in a yellow dress standing in front of an elevator with an orange computer monitor and keyboard on the right. The background on the left and right sides is purple, and there is text on the wall on the left side.', 'C. The video shows an image of a virtual presentation animation with an orange background. In the middle of the screen there is a rectangular table with five rows, the first row is yellow, the second, third, and fifth rows are purple, and the table contains some data information.', 'D. The video shows an image of a virtual presentation animation with an orange background. There is a vertical table on the right side of the screen and four rectangular boxes in horizontal rows on the left side. There is also a large rectangular box in the center and a large V-shaped icon on the left side, and all of the boxes and the table on the right side are connected by either a blue line.']",Prior,multiple
Multimodal Alignment_sample_17_3,Multimodal Alignment,"Describe the correspond scene when a woman said 'The very first single chip CPU was the Intel 4004, a 4-bit CPU released in 1971.'.",00:09:10,C,"['A. The video shows an image of a virtual presentation animation with an orange background. In the middle of the screen there is a rectangular table with five rows, the first row is yellow, the second, third, and fifth rows are purple, and the table contains some data information.', 'B. The video shows an image of a virtual presentation animation with an orange background. There is a vertical table on the right side of the screen and four rectangular boxes in horizontal rows on the left side. There is also a large rectangular box in the center and a large V-shaped icon on the left side, and all of the boxes and the table on the right side are connected by either a blue line or a yellow line.', ""C. This picture shows a four-bit CPU with a gold rectangular chip with the model numbers 'C4004' and 'H9157' printed on it. The CPU consists of a white base with gold pins."", 'D. A woman wearing glasses and a plaid shirt speaks to the camera in a room with various electronic devices and tools such as robots, books, and other items in the background, and a lit table lamp to the left.']",Prior,multiple
Multimodal Alignment_sample_17_4,Multimodal Alignment,Describe the correspond scene when a woman said 'Its microarchitecture is actually pretty similar to our example CPU.'.,00:09:14,B,"['A. The video shows an image of a virtual presentation animation with an orange background. A vertical table on the right and many boxes with text and numbers on the left are connected by blue lines. There is a face icon in the upper left corner.', 'B. The video shows an animated image of a virtual presentation with a purple background. This is a diagram of the structure of an INTEL 4004 CPU. A large box with black edges circles the inner white box, and there are additional white boxes outside the black box to the right and down the side.', 'C. A woman wearing glasses and a plaid shirt speaks to the camera in a room with various electronic devices and tools such as robots, books, and other items in the background, and a lit table lamp to the left.', ""D. This picture shows a four-bit CPU with a gold rectangular chip with the model numbers 'C4004' and 'H9157' printed on it. The CPU consists of a white base with gold pins.""]",Prior,multiple
Multimodal Alignment_sample_17_5,Multimodal Alignment,Describe the correspond scene when a woman said 'Is no doubt a few gigahertz.'.,00:09:36,D,"['A. The video footage shows a woman in a red camisole sitting in front of a computer with her back to the camera, looking at two computer screens that show data. There are also some papers and a keyboard on the table. Some blurred lights can be seen in the background.', 'B. The video footage shows a young woman sitting at her desk, talking on her mobile phone while looking at a laptop screen. She is wearing a yellow blazer and a white undershirt, and her hair is tied back in a high ponytail. In the background is a minimalist office setting with some decorative plants and shelves visible.', 'C. The video shows an animated image of a virtual presentation with a purple background. This is a diagram of the structure of an INTEL 4004 CPU. A large box with black edges circles the inner white box, and there are additional white boxes outside the black box to the right and down the side.', ""D. This picture shows a close-up of an Intel processor with'INTEL CORE i7'engraved on it. The main part of the centre is silver and the surrounding edges are green.""]",Prior,multiple
Multimodal Alignment_sample_18_1,Multimodal Alignment,Describe the correspond scene when a woman said 'Today you might even have a hard drive that has 1 terabyte of storage.'.,00:04:17,B,"['A. The video screen shows an old computer with a beige-coloured main case, a keyboard and a monitor with a lit screen. To the right of the mainframe, there is an external hard drive and a red desk lamp. The screen shows a green grassy field and several trees.', ""B. The video screen displays a virtual image of a computer screen with a purple background, a column of food or animal-patterned icons on the left and right sides of the interface, and the text in the center is the narrator's lines."", 'C. A woman wearing glasses and a plaid shirt speaks to the camera in a room with various electronic devices and tools such as robots, books, and other items in the background, and a lit table lamp to the left.', 'D. The background of the video is purple. The video shows two images, both of which show a man sitting in a bathtub filled with flower petals, holding a laptop in one hand. There are green plants and cups of water jugs in the background.']",Prior,multiple
Multimodal Alignment_sample_18_2,Multimodal Alignment,"Describe the correspond scene when a woman said 'Of course, not everything is a positive number, like my bank account in college.'.",00:05:02,A,"['A. The video footage shows a man in a suit sitting by a swimming pool, his feet submerged in the water and a laptop computer in his lap. Next to him, there is a pair of black shoes and he is holding a document. In the background a woman can be seen sitting on the grass, she is holding a book and wearing sunglasses. The surroundings are green and tree-lined.', 'B. The video footage shows a man holding a smartphone in his hand, with a social media application open on the screen of the phone showing multiple thumbnails of photos, including photos of people, animals, and natural landscapes with different themes.', ""C. The video screen displays a virtual image of a computer screen with a purple background, a column of food or animal-patterned icons on the left and right sides of the interface, and the text in the center is the narrator's lines."", 'D. A woman wearing glasses and a plaid shirt speaks to the camera in a room with various electronic devices and tools such as robots, books, and other items in the background, and a lit table lamp to the left.']",Prior,multiple
Multimodal Alignment_sample_18_3,Multimodal Alignment,Describe the correspond scene when a woman said 'Most importantly as we'll discuss in a later episode.'.,00:05:39,D,"['A. The video screen shows a list of numbers on a piece of paper that includes both positive and negative numbers. The positive numbers font colour is black, while the negative sayings are marked in red.', 'B. The video footage shows a man in a suit sitting by a swimming pool, his feet submerged in the water and a laptop computer in his lap. Next to him, there is a pair of black shoes and he is holding a document. In the background a woman can be seen sitting on the grass, she is holding a book and wearing sunglasses. The surroundings are green and tree-lined.', ""C. The video screen shows a large electronic display mounted on a brick wall with a light blue background and a number of dollar notes printed on it. At the top are the words 'OUR NATIONAL DEBT' and the display shows numbers in orange."", 'D. A woman wearing glasses and a plaid shirt speaks to the camera in a room with various electronic devices and tools such as robots, books, and other items in the background, and a lit table lamp to the left.']",Prior,multiple
Multimodal Alignment_sample_18_4,Multimodal Alignment,Describe the correspond scene when a woman said 'The line of text would literally continue off the edge of the screen if you didn't include a newline character.'.,00:08:00,D,"['A. The video shows a virtual image of a man wearing 16th century clothing and a hat, with his face rendered in purple. In the background is a complex electronic circuit board design consisting of various wires and nodes, with the main colors rendered in purple and green.', 'B. A woman wearing glasses and a plaid shirt speaks to the camera in a room with various electronic devices and tools such as robots, books, and other items in the background, and a lit table lamp to the left.', ""C. The video shows a decrypted diagram of 'THE BACONIAN BILITERAL CIPHER,' demonstrating the process of manipulating the cryptographic mechanism through successive steps. On the left side of the diagram is a series of numerical and alphabetic combinations, and on the right side is a cipher conversion table showing how to convert from plaintext to ciphertext."", 'D. The video screen shows a black-and-white image of a man in uniform standing next to a woman wearing a hat, who is seated at a desk with a telephone handset in her hand and an electronic device in front of her. Desks and cabinets and other items can be seen in the background.']",Prior,multiple
Multimodal Alignment_sample_18_5,Multimodal Alignment,Describe the correspond scene when a woman said 'As languages like Chinese and Japanese have thousands of characters.'.,00:09:00,C,"['A. A woman wearing glasses and a plaid shirt speaks to the camera in a room with various electronic devices and tools such as robots, books, and other items in the background, and a lit table lamp to the left.', 'B. The video screen shows a black-and-white image of a man in uniform standing next to a woman wearing a hat, who is seated at a desk with a telephone handset in her hand and an electronic device in front of her. Desks and cabinets and other items can be seen in the background.', 'C. The video shows a handwritten text of Chinese characters on a piece of off-white paper in a cursive font. It is not a stand-alone poem, but more like a text with multiple words and phrases connected together.', 'D. The video shows an old personal computer system, including the main case, monitor, and keyboard. The main case is white, the monitor is also white, the screen displays a paragraph of text, and the keyboard color matches the main case.']",Prior,multiple
Multimodal Alignment_sample_19_1,Multimodal Alignment,Describe the correspond scene when a woman said 'your beloved dog came by tripped and pulled the power cord out the wall.'.,00:00:34,D,"['A. A woman wearing a plaid shirt speaks to the camera in a room with books, and other various electronic devices and tools in the background, and a lighted desk lamp to the left.', 'B. A man sits on a white couch in a bright home setting with windows, plants, and other furniture, he is wearing a white long-sleeved shirt and smiling at the camera, his hands hold a black gamepad and he appears to be playing a game.', 'C. In a white office with gray shelves next to white walls, three person sit in front of an office computer screen analyzing it. On the left is a lady with long hair, wearing a pink blouse, who is looking intently at a computer screen. In the center is a man with a mustache and glasses, wearing a white shirt and black slacks, who is explaining or discussing something with gestures. On the right is another lady, wearing a yellow blouse, who seems to be listening intently.', 'D. In an indoor setting with black sofas blurry pictures and other furniture etc., a black Labrador dog is in front of the camera with a black nose. The dog bites a stuffed animal.']",Prior,multiple
Multimodal Alignment_sample_19_2,Multimodal Alignment,Describe the correspond scene when a woman said 'this is called a latch.'.,00:03:02,B,"['A. A circuit diagram is presented on a pink background that consists of one input, A and B, and one output, 1 and 0. There is a 1 on input A and a 0 on input B. This circuit is an or gate (OR) because its function is to add the values of inputs A and B and return their logical sum. On the right side of the circuit, there is an output 1 and a 0 indicating the result of the logic gate. The entire circuit is drawn in yellow lines.', ""B. The screen has a black background with two yellow lines at the top and bottom and a text display in the center that says: 'THIS IS CALLED A 'LATCH' BECAUSE IT 'LATCHES ONTO' A PARTICULAR VALUE AND STAYS THAT WAY. THE ACTION OF PUTTING DATA INTO MEMORY IS CALLED WRITING. WHEREAS GETTING THE DATA OUT IS CALLED READING.'."", 'C. On a light red background there is a circuit gate diagram with two inputs and three logic symbols linked in the middle, one is an OR, one is an AND and the last is a NOT and finally there is an output and they are all connected together with light yellow lines.', 'D. There are two circuit gate diagrams against a light red background, they have the same wiring but different logic symbols, one is an or gate (OR) connected with a yellow wire and the other is an and gate (AND) connected with a purple wire.']",Prior,multiple
Multimodal Alignment_sample_19_3,Multimodal Alignment,Describe the correspond scene when a woman said 'if we toggle the data wire from zero to one or one to zero.'.,00:03:59,C,"[""A. Against a green background, a circuit diagram contains several logic gates and connections. From left to right, the first is a 'NOT' symbol, followed by an 'AND' symbol, and finally an 'OR' symbol. The first two endpoints are the input and output. These symbols are connected by lines to form a combination of logical operations."", ""B. Against a green background, the inputs and outputs are labeled in red at the top of the screen. The text 'GATED LATCH' is at the top center and 'AND NOT OR' is at the bottom center. The circuit consists of several logic gates, including three 'AND' gates, one 'OR' gate and two 'NOT' gates. These gates are connected together by lines to form a complex network."", 'C. Elements highlighted in purple against a blue background clearly depict the structure and function of the circuit, including the input and output points connected to the outside world, all three of which signal zero.', 'D. A woman wearing a plaid shirt speaks to the camera in a room with books, and other various electronic devices and tools in the background, and a lighted desk lamp to the left. lighted desk lamp to the left.']",Prior,multiple
Multimodal Alignment_sample_19_4,Multimodal Alignment,Describe the correspond scene when a woman said 'let's zoom in and see how this works.'.,00:06:00,C,"[""A. The structure of an 8-bit register. The capital letters '8-BIT REGISTER' at the top indicate that this is an 8-bit register. The register consists of four parts: data input (D), write enable (E), data output (Q), and address lines (A). Each section consists of a series of squares representing the various parts of the register."", ""B. On a light blue background, a cross with a yellow color and a bend in the intersection represents the data input/output (DIN) port. Below the cross is a label that reads 'WRITE ENABLE' and 'READ ENABLE', and next to them are two gates with latch symbols labeles as 'WRITE LATCH and READ LATCH. These doors are connectes to each other by a purple wire one."", ""C. Shows a 16x16 latch matrix layout. The background of the image is blue, and the central portion is a large rectangular grid that is meticulously divid into 16 rows and 16 columns, totaling 256 small cells. Each cell contains a latch symbol consisting of two crosses arrows, and the words '16 x 16 LATCH MATRIX' appear above the matrix."", 'D. A woman in a plaid shirt speaks to the camera in a room with books, and various other electronic devices and tools in the background, a lighted lamp to her left, and two black chairs beside her.']",Prior,multiple
Multimodal Alignment_sample_19_5,Multimodal Alignment,Describe the correspond scene when a woman said 'and it connects the input line to a corresponding output line so if we pass in zero zero zero zero.'.,00:08:01,A,"[""A. The screen displays a table structure on an orange background. The table consists of a number of small squares arranges vertically and horizontally that are labeles with a number at the top. Above the form is a line of English text: 'MULTIPLEXER'."", 'B. In the center of the video frame, at the intersection of an intersection with yellow cabs, buses and some pedestrians. The road is flanked by tall buildings, four of which display messages on billboards.', ""C. A woman in a plaid shirt speaks to the camera in a room with books, and various electronic devices and tools in the background; there is a lighted lamp to her left and two black chairs next to her; in the foreground of the image, there is a passage of text in Chinese that reads, '11001000,' which may be some kind of code data."", ""D. A woman in a plaid shirt speaks to the camera in a room with robots, books, and various electronic devices and tools in the background. There is a lighted lamp to her left, two black chairs next to her, and in the upper right corner there is a red seal shaped pattern that says 'Mega Savings' and 'Special Savings'. In the right corner, there is a red seal shaped pattern that reads 'Mega Savings' and 'Special Offer'.""]",Prior,multiple
Multimodal Alignment_sample_20_1,Multimodal Alignment,Describe the correspond scene when a woman said 'but rather as the instruction LOAD A 14.'.,00:01:30,A,"['A. A computer instruction table featuring RAM & memory operations with 4-bit opcodes & addresses, outlined against an orange backdrop, elucidating binary interactions.', 'B. A blonde woman in glasses, a black cardigan and a plaid shirt, sitting in the middle, speaks intently against a backdrop of a room full of small scientific machines, including a monitor and a green robot model, conveying an air of professional technology.', 'C. The animated scene, in which Kelly Anne in a yellow top holds a cell phone and is surrounded by tech gadgets, including a TV, a personal computer, a robot dog and a raspberry PI board, embodies a tech-centric studio of Geek Girl Diaries.', 'D. A hand wields a rectangular chip with pinholes and metal contacts, amidst a backdrop of electronics, emphasizing a futuristic tech scene with blurred blue hues.']",Prior,multiple
Multimodal Alignment_sample_20_2,Multimodal Alignment,"Describe the correspond scene when a woman said 'First, LOAD A14 loads the value 1 intoreqister A.'.",00:04:03,B,"['A. A computer instruction table featuring RAM & memory operations with 4-bit opcodes & addresses, outlined against an orange backdrop, elucidating binary interactions.', 'B. A detailed schematic of a CPU chip, featuring control units, ALU, registers, & opcodes, illustrated on a blue backdrop, showcasing its intricate computing architecture.', 'C. The animated scene, in which Kelly Anne in a yellow top holds a cell phone and is surrounded by tech gadgets, including a TV, a personal computer, a robot dog and a raspberry PI board, embodies a tech-centric studio of Geek Girl Diaries.', 'D. A hand wields a rectangular chip with pinholes and metal contacts, amidst a backdrop of electronics, emphasizing a futuristic tech scene with blurred blue hues.']",Prior,multiple
Multimodal Alignment_sample_20_3,Multimodal Alignment,Describe the correspond scene when a woman said 'Remember our AlU didn't have the functionaity to divide two numbers.'.,00:07:27,D,"['A. A computer instruction table featuring RAM & memory operations with 4-bit opcodes & addresses, outlined against an orange backdrop, elucidating binary interactions.', 'B. A detailed schematic of a CPU chip, featuring control units, ALU, registers, & opcodes, illustrated on a blue backdrop, showcasing its intricate computing architecture.', 'C. The animated scene, in which Kelly Anne in a yellow top holds a cell phone and is surrounded by tech gadgets, including a TV, a personal computer, a robot dog and a raspberry PI board, embodies a tech-centric studio of Geek Girl Diaries.', 'D. A blonde woman wearing a black jacket with a white and navy blue plaid shirt and black-rimmed glasses is talking to the video camera.']",Prior,multiple
Multimodal Alignment_sample_20_4,Multimodal Alignment,"Describe the correspond scene when a woman said 'In 1971, lntel released the 4004 processor.'.",00:09:12,A,"['A. An office scene from the 70s and 80s shows a woman facing a large computer while another man stands next to her, looking down at a machine surrounded by old-fashioned electronics.', 'B. A detailed schematic of a CPU chip, featuring control units, ALU, registers, & opcodes, illustrated on a blue backdrop, showcasing its intricate computing architecture.', 'C. The animated scene, in which Kelly Anne in a yellow top holds a cell phone and is surrounded by tech gadgets, including a TV, a personal computer, a robot dog and a raspberry PI board, embodies a tech-centric studio of Geek Girl Diaries.', 'D. A cartoon scene of a blonde woman standing inside a red elevator with an orange computer floating in the air on the right with the number 010 on the screen and pixelated text on the left with A NEW LEVEL OF ABSTRACTION.']",Prior,multiple
Multimodal Alignment_sample_20_5,Multimodal Alignment,Describe the correspond scene when a woman said 'It also uses 8-bit immediate values.'.,00:09:31,B,"[""A. An office scene from the '70s and '80s shows a woman facing a large computer while another man stands next to her, looking down at a machine surrounded by old-fashioned electronics."", 'B. The INTEL 4004 INSTRUCTION SET is detailed in a blue-hued display, showcasing opcodes, operands, & operation types for various computing tasks, including data transfers, arithmetic, & logic.', 'C. The animated scene, in which Kelly Anne in a yellow top holds a cell phone and is surrounded by tech gadgets, including a TV, a personal computer, a robot dog and a raspberry PI board, embodies a tech-centric studio of Geek Girl Diaries.', 'D. A cartoon scene of a blonde woman standing inside a red elevator with an orange computer floating in the air on the right with the number 010 on the screen and pixelated text on the left with A NEW LEVEL OF ABSTRACTION.']",Prior,multiple
Multimodal Alignment_sample_21_1,Multimodal Alignment,"Describe the correspond scene when a man said 'Remember that in binary, one is the same as true, and zero is the same as false.'.",00:02:37,D,"[""A. There is a blackboard with the words '4+2=6' written on it, and a short-haired woman in a white long-sleeved and checkered vest is pointing with her left hand to the words on the blackboard."", 'B. The scene shows a room with a table with clutter and a woman with long blonde hair in a pink checkered shirt sitting in the room and speaking.', ""C. The background of the picture is red, and in the centre of the picture is written 'Input Combination' in white and three vertical formulas in yellow."", ""D. The background of the screen is red, and in the middle of the screen there are three yellow vertical formulas with a green line '1=TRUE' and a red line '0=FALSE'.""]",Prior,multiple
Multimodal Alignment_sample_21_2,Multimodal Alignment,Describe the correspond scene when a man said 'This circuit is called a half adder.'.,00:03:21,A,"[""A. The background of the picture is red, and in the picture there are white letters that say 'HALF ADDER' and 'SUM CARRY', and 'A B' and in the picture there are two yellow A pattern made up of two yellow shapes."", ""B. The background of the screen is red, and at the top of the screen there is a table that says 'INPUT OUTPUT A B SUM' and some numbers '0' and '1', and at the bottom of the table there is a table that says 'INPUT OUTPUT A B SUM' and some numbers '0' and '1'. Below the table there is a yellow pattern that says 'XOR'."", ""C. The screen has a red background with four yellow vertical formulas and a white line 'BOOLEAN LOGIC TABLE FOR XOR' with a table and a pattern."", ""D. The background of the screen is red, and in the middle of the screen there are three yellow vertical formulas with a green line '1=TRUE' and a red line '0=FALSE'.""]",Prior,multiple
Multimodal Alignment_sample_21_3,Multimodal Alignment,Describe the correspond scene when a man said 'We can build a full adder using half adders.'.,00:04:16,B,"['A. The picture shows a blonde woman in a pink checkered shirt sitting inside a room and talking.', ""B. The background of the picture is yellow, with the words 'BUILDING A FULL ADDER' written in red at the top of the picture, and there is also a box and a pattern of horizontal lines in the picture, with 'HALF ADDER' written inside the box."", ""C. There is a blonde woman in a pink checkered shirt speaking, and on the right side of the picture there is a yellow vertical formula that reads '101+101=1010'."", ""D. The background of the screen is purple, and at the top of the screen there is a line in yellow that says 'FULL ADDER TABLE', and there is a table on the screen that says 'A B C CARRY SUM' and many numbers There is a table with 'A B C CARRY SUM' and many numbers '0' and '1'.""]",Prior,multiple
Multimodal Alignment_sample_21_4,Multimodal Alignment,Describe the correspond scene when a man said 'This can usually cause errors and unexpected behavior.'.,00:05:48,C,"['A. The scene shows a blonde woman in a pink checkered shirt waving her hands around the room and talking.', ""B. The background of the screen is green, there is a line in red at the top of the screen that reads 'BUILDING AN 8-BIT ADDER', and in the middle of the screen there is a box with a line that reads 'HALF ADDER'."", 'C. The screen shows a glowing screen with two yellow horizontal lines at the top and bottom, and orange writing in the screen.', ""D. The background of the screen is green, there is a line in red at the top of the screen that reads 'BUILDING AN 8-BIT ADDER', there is a box in the middle of the screen with a line that reads 'HALF ADDER', and on the left side of the box it reads 'A0 B0'.""]",Prior,multiple
Multimodal Alignment_sample_21_5,Multimodal Alignment,"Describe the correspond scene when a man said 'Okay, let's move on to the other half of the ALU, the logic unit.'.",00:07:38,D,"['A. The scene shows a blonde woman in a pink checkered shirt sitting in the middle of the room talking.', ""B. There is a blonde woman in a pink checkered shirt sitting in the middle of the picture speaking, and in the middle of the picture there is a line in yellow that reads 'CARRY-LOOK-AHEAD ADDER'."", 'C. A hand is shown resting on the right button of a microwave oven.', ""D. A blonde woman in a pink checkered shirt sits in the middle of the picture and speaks, and in the middle of the picture there is a line in yellow that says 'LOGIC UNIT'.""]",Prior,multiple
Multimodal Alignment_sample_22_1,Multimodal Alignment,Describe the correspond scene when a woman said 'And it was these machines that wouldset the stage for future innovation.'.,00:00:57,A,"['A. Oppenheimer and another man in a suit discussed in a lab filled with metal-clad electronics, in black and white tones, scenes from the 20th century of the last century.', 'B. Soldiers in uniform, guns in their hands, strode along the coast past a harbor and a large ship, their expressions calm and solemn.', 'C. Women in various attires occupy a bustling office, seated at long tables, intently typing and reading amidst rows of typewriters, conveying a sense of productivity.', 'D. Three women in period attire occupy a vintage workplace, one typing on an old typewriter, others observing, amidst desks cluttered with books and charts.']",Prior,multiple
Multimodal Alignment_sample_22_2,Multimodal Alignment,Describe the correspond scene when a woman said 'And that's not all engineers had to contend with.'.,00:03:18,B,"['A. Oppenheimer and another man in a suit discussed in a lab filled with metal-clad electronics, in black and white tones, scenes from the 20th century of the last century.', 'B. A man kneels in front of vintage electronics, intently studying the controls, surrounded by a pile of similar machines.', 'C. Women in various attires occupy a bustling office, seated at long tables, intently typing and reading amidst rows of typewriters, conveying a sense of productivity.', 'D. Three women in period attire occupy a vintage workplace, one typing on an old typewriter, others observing, amidst desks cluttered with books and charts.']",Prior,multiple
Multimodal Alignment_sample_22_3,Multimodal Alignment,Describe the correspond scene when a woman said 'This was the first vacuum tube.'.,00:03:57,C,"['A. Oppenheimer and another man in a suit discussed in a lab filled with metal-clad electronics, in black and white tones, scenes from the 20th century of the last century.', 'B. A man kneels in front of vintage electronics, intently studying the controls, surrounded by a pile of similar machines.', 'C. A woman in a light-colored shirt speaks intently against a blurred background, and to her right is an animated scene of a purple-green diamond with a lightbulb icon.', 'D. Three women in period attire occupy a vintage workplace, one typing on an old typewriter, others observing, amidst desks cluttered with books and charts.']",Prior,multiple
Multimodal Alignment_sample_22_4,Multimodal Alignment,Describe the correspond scene when a woman said 'American inventor Lee de Forest added a third control electrode.'.,00:04:30,D,"['A. Oppenheimer and another man in a suit discussed in a lab filled with metal-clad electronics, in black and white tones, scenes from the 20th century of the last century.', 'B. A man kneels in front of vintage electronics, intently studying the controls, surrounded by a pile of similar machines.', 'C. A woman in a light-colored shirt speaks intently against a blurred background, and to her right is an animated scene of a purple-green diamond with a lightbulb icon.', 'D. A woman in a light-colored shirt talking intently in a blurred background with a cartoon character De Forest in a green suit inside a purple diamond to her left.']",Prior,multiple
Multimodal Alignment_sample_22_5,Multimodal Alignment,"Describe the correspond scene when a woman said 'Further, unlike vacuum tubes madeof glass and with carefully suspended fragile components.'.",00:08:37,A,"['A. A table with old electronic components, including resistors, capacitors and transistors, marked with logos and wear marks, lay cluttered on the table.', 'B. A man kneels in front of vintage electronics, intently studying the controls, surrounded by a pile of similar machines.', 'C. A woman in a light-colored shirt speaks intently against a blurred background, and to her right is an animated scene of a purple-green diamond with a lightbulb icon.', 'D. A woman in a light-colored shirt speaks next to a cartoon character De Forest in a green suit against a tech-themed purple and green background, and the room behind the woman is blurry.']",Prior,multiple
Multimodal Alignment_sample_23_1,Multimodal Alignment,Describe the correspond scene when a woman said 'like DFTBA shirts and the chair I'm sitting on.'.,00:00:43,A,"['A. A blond-haired woman in a brown coat and light-colored blouse sits in a room, and as she explains, three T-shirts with bold slogans show out, surrounded by colorful toys.', 'B. A financial trader in a white shirt faces a large screen displaying stock market data, surrounded by computer monitors, reflecting a busy and professional environment.', 'C. Man and dog wear VR glasses, excitedly engaging in a virtual game on a cozy wooden-backed sofa.', 'D. Two pilots, wearing headphones and glasses, sat in the cockpit of the plane, flying it over green fields and mountains, surrounded by sophisticated flight controls.']",Prior,multiple
Multimodal Alignment_sample_23_2,Multimodal Alignment,Describe the correspond scene when a woman said 'but let's look at a really basic version.'.,00:02:59,B,"['A. A financial trader in a white shirt faces a large screen displaying stock market data, surrounded by computer monitors, reflecting a busy and professional environment.', 'B. A wooden toy shelf with colored bars in red, yellow, green, blue frames a simple platform, against a deep blue backdrop.', 'C. Man and dog wear VR glasses, excitedly engaging in a virtual game on a cozy wooden-backed sofa.', 'D. Two pilots, wearing headphones and glasses, sat in the cockpit of the plane, flying it over green fields and mountains, surrounded by sophisticated flight controls.']",Prior,multiple
Multimodal Alignment_sample_23_3,Multimodal Alignment,Describe the correspond scene when a woman said 'positions of celestial bodies.'.,00:04:05,C,"['A. A financial trader in a white shirt faces a large screen displaying stock market data, surrounded by computer monitors, reflecting a busy and professional environment.', 'B. A wooden toy shelf with colored bars in red, yellow, green, blue frames a simple platform, against a deep blue backdrop.', 'C. An intricate astronomical clock face, decorated with celestial bodies and constellation symbols, showcases exquisite craftsmanship in shades of blue and gold.', 'D. Two pilots, wearing headphones and glasses, sat in the cockpit of the plane, flying it over green fields and mountains, surrounded by sophisticated flight controls.']",Prior,multiple
Multimodal Alignment_sample_23_4,Multimodal Alignment,Describe the correspond scene when a woman said 'which by the eighteen hundreds could travel well over a kilometer.',00:06:52,D,"['A. A financial trader in a white shirt faces a large screen displaying stock market data, surrounded by computer monitors, reflecting a busy and professional environment.', 'B. A wooden toy shelf with colored bars in red, yellow, green, blue frames a simple platform, against a deep blue backdrop.', 'C. An intricate astronomical clock face, decorated with celestial bodies and constellation symbols, showcases exquisite craftsmanship in shades of blue and gold.', 'D. The image is in black and white, with a cannon in the centre of the image, and a couple of people wearing hats next to it.']",Prior,multiple
Multimodal Alignment_sample_23_5,Multimodal Alignment,Describe the correspond scene when a woman said 'Babbage started construction in eighteen twenty three and over the next two decades tried to fabricate and assemble the twenty five thousand components.'.,00:08:00,A,"['A. A cartoon duo in a creative studio, surrounded by mechanical tools and woodwork, the figure on the left is using hammers and nails to assemble a black iron frame, and another figure is thinking about building a green machine.', 'B. A wooden toy shelf with colored bars in red, yellow, green, blue frames a simple platform, against a deep blue backdrop.', 'C. An intricate astronomical clock face, decorated with celestial bodies and constellation symbols, showcases exquisite craftsmanship in shades of blue and gold.', 'D. The image is in black and white, with a cannon in the centre of the image, and a couple of people wearing hats next to it.']",Prior,multiple
Multimodal Alignment_sample_24_1,Multimodal Alignment,"Describe the correspond scene when a man said 'I am here in Shanghai, China.'.",00:00:38,A,"[""A. A man wearing a black coat, gray hoodie and olive green pants. On his hands, he's doing a prayer gesture."", 'B. There is a bridge with two men walking on it. The man on the left is wearing a red jacket and black pants, while the man on the right is wearing a black coat and black pants. ', 'C. This is a city park on a sunny day. There are many people walking in the park, some alone and some in groups.', 'D. This is a beautiful night view of Shanghai. The Oriental Pearl Tower, Shanghai World Financial Center, Jin Mao Tower and other landmarks are shining with lights.']",Prior,multiple
Multimodal Alignment_sample_24_2,Multimodal Alignment,Describe the correspond scene when a man said 'But now china is back open.'.,00:00:45,B,"['A. This is a beautiful night view of Shanghai. The Oriental Pearl Tower, Shanghai World Financial Center, Jin Mao Tower and other landmarks are shining with lights.', 'B. A man wearing a black coat, gray hoodie and green pants, with a backpack on his back. He has a baseball cap on his head, hands spread out, and looks surprised. ', 'C. This is a city park on a sunny day. There are many people walking in the park, some alone and some in groups.', ""D. A man wearing a black coat, gray hoodie and olive green pants. On his hands, he's doing a prayer gesture. The background features several trees and some buildings.""]",Prior,multiple
Multimodal Alignment_sample_24_3,Multimodal Alignment,Describe the correspond scene when a man said 'It's firday.'.,00:01:06,C,"['A. A park scene with a photographer in camo and a young man in blue, red lanterns, and modern skyline in clear blue sky.', 'B. A man wearing a black coat, gray hoodie and green pants, with a backpack on his back. He has a baseball cap on his head, hands spread out, and looks surprised. ', 'C. A scene in a city street has some people walking. In the background there is a modern building with a unique design and a white awning structure on top.', ""D. A man wearing a black coat, gray hoodie and olive green pants. On his hands, he's doing a prayer gesture. The background features several trees and some buildings.""]",Prior,multiple
Multimodal Alignment_sample_24_4,Multimodal Alignment,Describe the correspond scene when a man said 'All of this is different vegetable.'.,00:02:09,D,"['A. There is a man and a woman in the kitchen. The woman is wearing a white shirt, a purple apron, and a mask, pointing at the stove. The man is wearing a gray sweater and a mask, standing by the shelf. ', 'B. A chef cooking in the kitchen. She is wearing a mask and an apron, using a spatula to stir the food on the hot plate.', 'C. Some people walking on the street. Specifically, there are two white buildings in the background with a round tower to the right. ', ""D. In the restaurant's kitchen, bowls of small, colorful ingredients sit on metal counters.""]",Prior,multiple
Multimodal Alignment_sample_24_5,Multimodal Alignment,Describe the correspond scene when a man said 'The perfect breakfast in Shanghai.'.,00:04:43,A,"['A. A foreigner eating on the street. He is wearing a black coat, gray hoodie and a hat, with a microphone around his neck. The man is holding food in his hand.', 'B. A hand holding a half-eaten sandwich. The sandwich is wrapped in brown paper, with green vegetables and meat filling visible inside. ', 'C. Some people walking on the street. Specifically, there are two white buildings in the background with a round tower to the right. ', 'D. A foreigner eating on the street. He is wearing a black coat, gray hoodie and a hat, holding a plastic bag with food in his hands. His expression seems to be very delicious.']",Prior,multiple
Multimodal Alignment_sample_25_1,Multimodal Alignment,Describe the correspond scene when a woman said 'But we'll talk about that in the next episode.'.,00:01:17,C,"['A. The background of the image is white, and the image shows a trio of cabinet-like devices in shades of black and white.', 'B. The screen displays a blue-and-white browser, a yellow-and-white browser, and a red-and-white browser interface with red-and-blue characters within the red-and-white browser interface.', 'C. The scene shows a room with many small holes in the walls, two stools and a table with miscellaneous items, and a woman with long blonde hair wearing a black long-sleeved shirt talking in the middle of the room.', ""D. The background of the picture is grey-green, and the picture is covered with many numbers '0' and '1'.""]",Prior,multiple
Multimodal Alignment_sample_25_2,Multimodal Alignment,"Describe the correspond scene when a woman said 'In regular algebra, the type you probably learned in high school.'.",00:02:32,D,"[""A. The background of the screen is green, there is a coordinate system in the screen, there is a white letter that says 'QIONARY SYSTEM' on the top of the screen, there are several numbers from 0-9 on the right side of the screen, and there is a green curve inside the coordinate system."", ""B. The background of the screen is green, there is a coordinate system in the middle of the screen, 'BINARY SYSTEM' is written in white at the top of the screen, '1' and '0' are two numbers on the right side of the screen, and there is a green curve on the coordinate system. On the right side of the screen, there are two numbers '1' and '0', and a green curve on the coordinate system."", 'C. The colours of the picture are black and white, and in the middle of the picture there is a girl writing against a textbook.', 'D. The picture shows a white book with some equations written in black handwriting on top of it, and a pen writing on the book.']",Prior,multiple
Multimodal Alignment_sample_25_3,Multimodal Alignment,"Describe the correspond scene when a woman said 'Instead of having the output wire at the end of the transistor, we can move it before.'.",00:04:09,A,"[""A. The background of the screen is blue, and in the upper left corner of the screen there is a white text that says 'NOT GATE', and there are also several straight lines in the screen that form a graphic with two white arrows and the words 'INPUT' and 'OUTPUT'."", ""B. The background of the screen is yellow, the words 'BOOLEAN LOGIC TABLE FOR NOT' are written at the top of the screen, and in the middle of the screen there is a table with six squares."", ""C. The background of the screen is yellow, the words at the top of the screen say 'BOOLEAN LOGIC TABLE FOR NOT', and the table in the middle of the screen says 'INPUT' and 'OUTPUT' as well as 'TRUE' and 'FALSE'. "", 'D. There is a room with small holes in the walls, a table with miscellaneous items, and in the middle of the room sits a woman with long blonde hair and a black long-sleeved shirt talking.']",Prior,multiple
Multimodal Alignment_sample_25_4,Multimodal Alignment,"Describe the correspond scene when a woman said 'Both of those facts are true, so the whole statemerit is true.'.",00:05:05,B,"['A. The picture shows a row of pipes being drained and a pond.', ""B. The background of the picture is purple, and in the middle of the picture there is a line that reads 'MY NAME IS CARRIE ANNE AND I'M WEARING A BLUE DRESS.', and there is also a green hook pattern around the word."", ""C. The background of the screen is blue, in the upper left corner of the screen there is a white word that says 'NOT GATE', and in the middle of the screen there is a pattern consisting of several blue and yellow lines with four white arrows and the words 'INPUT', 'OUTPUT', 'CURRENT' and 'GROUND'. "", ""D. The scene shows a room with small holes in the walls, a table with miscellaneous items, a seated woman with long blonde hair wearing a black long-sleeved shirt talking in the middle of the room, and a word in the middle of the scene that reads 'GATES.'.""]",Prior,multiple
Multimodal Alignment_sample_25_5,Multimodal Alignment,"Describe the correspond scene when a woman said 'OK, now we've got NOT, AND, and OR gates.'.",00:06:52,C,"[""A. The background of the screen is orange, there are words written on the top of the screen 'BOOLEAN LOGIC TABLE FOR AND', there is a table inside the screen, and at the top of the table is 'INPUT A INPUT B OUTPUT', and there are also 'TRUE' and 'FALSE' written in the table. Inside the table, there is a table with 'INPUT A INPUT B OUTPUT' at the top and 'TRUE' and 'FALSE' written on it."", ""B. The background of the picture is blue, with the words 'AND GATE' written in white at the top of the picture, and a pattern of blue lines and circles inside the picture."", 'C. The scene shows a room with small holes in all the walls, two black stools and a table with miscellaneous items, and a woman with long blonde hair wearing a black long-sleeved shirt sitting in the middle of the scene and speaking.', ""D. The background of the screen is green, the top of the screen says 'BOOLEAN LOGIC TABLE FOR OR', there is a table in the screen, the top of the table says 'INPUT A INPUT B OUTPUT', and inside the table it says 'TRUE' inside the table.""]",Prior,multiple
Multimodal Alignment_sample_26_1,Multimodal Alignment,"Describe the correspond scene when a woman said 'All of which are operations that would take many, many, many clock cycles to perform with standard operatlons.'.",00:01:51,A,"['A. There is a cell phone on a white desktop with a hand sliding over it.', 'B. A boy in a shirt, with light brown hair, intently uses a tablet in a dim room, his face and hands illuminated by its screen, immersed in activity amidst an indistinct backdrop.', ""C. Only the top half of a man's face is visible, surrounded by dim lights, and the light from a small square screen is reflected in the lenses of his black-rimmed glasses."", 'D. The scene depicts a high-quality IC microelectronic component, with golden and black pins contrasting against a black background, featuring intricate green and blue patterns within.']",Prior,multiple
Multimodal Alignment_sample_26_2,Multimodal Alignment,Describe the correspond scene when a woman said 'It's like having a powerful steam locomotive.'.,00:02:39,B,"['A. There is a cell phone on a white desktop with a hand sliding over it.', 'B. In the black and white scene, a train loaded with goods frives on the track from right to left, and the front of the train emitte white smoke.', ""C. Only the top half of a man's face is visible, surrounded by dim lights, and the light from a small square screen is reflected in the lenses of his black-rimmed glasses."", 'D. The scene depicts a high-quality IC microelectronic component, with golden and black pins contrasting against a black background, featuring intricate green and blue patterns within.']",Prior,multiple
Multimodal Alignment_sample_26_3,Multimodal Alignment,"Describe the correspond scene when a woman said 'lmagine you have to wash an entire hotel's worth of sheets, but you've only got one washing machine and one dryer.'.",00:05:43,C,"['A. There is a cell phone on a white desktop with a hand sliding over it.', 'B. In the black and white scene, a train loaded with goods frives on the track from right to left, and the front of the train emitte white smoke.', 'C. In a neat bedroom with red walls, two women in black and white uniforms spread out a white sheet and making the bed, and a lamp is beside a half-drawn curtain.', 'D. The scene depicts a high-quality IC microelectronic component, with golden and black pins contrasting against a black background, featuring intricate green and blue patterns within.']",Prior,multiple
Multimodal Alignment_sample_26_4,Multimodal Alignment,Describe the correspond scene when a woman said 'our example processor performed the fetch-decode-execute cycle.'.,00:06:39,D,"['A. There is a cell phone on a white desktop with a hand sliding over it.', 'B. In the black and white scene, a train loaded with goods frives on the track from right to left, and the front of the train emitte white smoke.', 'C. In a neat bedroom with red walls, two women in black and white uniforms spread out a white sheet and making the bed, and a lamp is beside a half-drawn curtain.', ""D. On the red background there are three different colored rectangles next to each other with 'FETCH', 'DECODE' and 'EXECUTE' written in brown. 'The color of the FETCH rectangle is green, the color of the DECODE rectangle is light blue, and the color of the EXECUTE rectangle is purple.""]",Prior,multiple
Multimodal Alignment_sample_26_5,Multimodal Alignment,Describe the correspond scene when a woman said 'which is called out-of-order execution.'.,00:07:42,A,"[""A. Firmly mounted on the board is Apple's A8 processor IC, displaying the 'A8' and Apple's watermark logo, surrounded by pins and connectors on a white background, with 'OUT-OF-ORDER EXECUTION' written in blue letters on the front of the chip."", 'B. In the black and white scene, a train loaded with goods frives on the track from right to left, and the front of the train emitte white smoke.', 'C. In a neat bedroom with red walls, two women in black and white uniforms spread out a white sheet and making the bed, and a lamp is beside a half-drawn curtain.', ""D. On the red background there are three different colored rectangles next to each other with 'FETCH', 'DECODE' and 'EXECUTE' written in brown. 'The color of the FETCH rectangle is green, the color of the DECODE rectangle is light blue, and the color of the EXECUTE rectangle is purple.""]",Prior,multiple
Multimodal Alignment_sample_27_1,Multimodal Alignment,"Describe the correspond scene when a woman said 'For this, computer scientists use data structures.'.",00:00:31,B,"[""A. The background of the screen is white, with 'MERGE SORT' written in black on a line at the top of the screen, and several lines of small black numbers in the screen."", 'B. The background of the scene is a room with two stools and a table with miscellaneous items on it, and a blonde woman wearing black rimmed glasses, a black long-sleeved jacket and a white shirt is sitting in the middle of the room talking.', 'C. The scene shows a cluttered room with a white couch, a table with lots of clutter and a half-eaten pizza, and a man in a white shirt and plaid jacket leaning against the white couch talking on the phone.', 'D. The image shows a woman in a blue backless shirt sitting at a computer, holding a mobile phone in her left hand and making a phone call, with a pen basket for pens sitting on the computer in front of her.']",Prior,multiple
Multimodal Alignment_sample_27_2,Multimodal Alignment,"Describe the correspond scene when a woman said 'Like letters, numbers, punctuation, and other written symbols.'.",00:02:15,C,"[""A. The background of the screen is pink, there is a purple table in the middle of the screen, the top of the table is yellow, and 'MEMORY LOCATION' and 'VALUE' are written in it, and many numbers are written in the purple table."", ""B. The screen shows a room with many small holes in the walls, two stools and a table with miscellaneous items, a blonde woman in a black jacket and white shirt speaking in the middle, a blue rectangle and a pink rectangle on the left side of the screen, and inside the pink pattern is written 'a=j[0]+j[2]'.'."", 'C. The screen shows a room with many small holes in the walls, two stools and a table with miscellaneous items, and a blonde woman in a black jacket and white shirt in the centre talking.', 'D. The screen shows a blue and white browser, a yellow and white browser and a red and white browser page in the middle, with some blue and red words inside the red and white browser page in the middle.']",Prior,multiple
Multimodal Alignment_sample_27_3,Multimodal Alignment,Describe the correspond scene when a woman said 'or the pixels no your computer screen.'.,00:03:14,D,"[""A. The background of the screen is red, there is a table in the middle of the screen, the top of the table is yellow and it says 'MEMORY LOCATION' and 'VALUE', and there are some numbers written on the orange part of the table."", ""B. The background of the picture is blue, and in the centre of the picture there is a box with the words 'STRING CONCATENATION' written in pink."", ""C. The background of the screen is blue with the word 'strcat' written in pink in the middle of the screen and the words 'FIRST = 'ADA' LAST = 'LOVELACE' NAME = STRCAT(FIRST,LAST)' and 'OUTPUT = ADA LOVELACE' written in black below. PRINT(NAME)' and 'OUTPUT = ADA LOVELACE'."", 'D. The screen shows a room with many small holes in the walls, two stools and a table with miscellaneous items, and a blonde woman in a black jacket and white shirt in the centre talking.']",Prior,multiple
Multimodal Alignment_sample_27_4,Multimodal Alignment,Describe the correspond scene when a woman said 'with each index storing an array of size three.'.,00:03:24,A,"[""A. The background of the screen is green with 'ARRAY OF SIZE 3' written in yellow at the top of the screen and 'SUB-ARRAY 0 10 15 12', 'SUB-ARRAY 1 8 7 42', 'SUB-ARRAY 2 18 12 7' in the middle of the screen. "", ""B. The screen is green and there is a yellow font in the centre of the screen that says 'MATRIX'."", ""C. The background of the image is green, with 'MATRIX' written in yellow letters at the top of the image and the numbers '10 15 12 8 7 42 18 12 7' written in the centre of the image."", ""D. The background of the picture is blue, and in the centre of the picture there is a box with the words 'STRING CONCATENATION' written in pink.""]",Prior,multiple
Multimodal Alignment_sample_27_5,Multimodal Alignment,Describe the correspond scene when a woman said 'Like you might want to store a bank account number along with its balance.'.,00:04:07,B,"[""A. The background of the picture is blue, and in the middle of the picture there is a line in yellow that says 'FIVE DIMENSIONAL MATRIX'."", 'B. The background of the screen is brown, there is a pair of hands in the screen, the left hand holding a mobile phone right hand clicking on the screen, the screen of the mobile phone to show the online banking related information.', ""C. The background of the screen is blue, and in the middle of the screen there is a line in yellow lettering that says 'FIVE DIMENSIONAL MATRIX', and underneath there is a dark blue box that says 'a =j[2][0][18][13][3]'. "", 'D. The screen shows a room with many small holes in the walls, two stools and a table with miscellaneous items, and a blonde woman in a black jacket and white shirt in the centre talking.']",Prior,multiple
Multimodal Alignment_sample_28_1,Multimodal Alignment,"Describe the correspond scene when a woman said 'such that the cross thread, called the weft, passed above or below the thread.'.",00:01:32,D,"['A. A blonde woman in a gray T-shirt is talking to the camera.', 'B. In a picture of an oil painting, a woman in a red dress sits with her hands on her head in front of a loom with a river and a castle outside the circular window.', 'C. In a black-and-white illustration, a woman in traditional medieval dress operates a large wooden loom.', 'D. There is a hand operating a loom weaving fabric, the colors of the fabric are white and red.']",Prior,multiple
Multimodal Alignment_sample_28_2,Multimodal Alignment,Describe the correspond scene when a woman said 'Their operation was fixed and not programmable.'.,00:02:26,A,"['A. A woman in a black blouse and black bow tie punching holes with an old-fashioned hole punch.', 'B. A woman in a white blouse is operating an old tabulating machine.', 'C. In a black-and-white illustration, a woman in traditional medieval dress operates a large wooden loom.', 'D. There is a hand operating a loom weaving fabric, the colors of the fabric are white and red.']",Prior,multiple
Multimodal Alignment_sample_28_3,Multimodal Alignment,Describe the correspond scene when a woman said 'they were also called plugboards.'.,00:02:54,C,"['A. A woman in a black blouse and black bow tie punching holes with an old-fashioned hole punch.', 'B. A woman in a white blouse is operating an old tabulating machine.', ""C. Against a white background sits an old plugboards, and right in front of the machine is 'PLUGBOARDS.' written in orange letters."", 'D. A male wearing a black vest with a white striped shirt and black tie is operating a machine.']",Prior,multiple
Multimodal Alignment_sample_28_4,Multimodal Alignment,"Describe the correspond scene when a woman said 'This not only made programming a lot more comfortable, but also allowed for different programs to be plugged into a machine.'.",00:03:09,A,"['A. A male wearing a white top and gray pants was checking out a machine.', 'B. A blonde woman in a gray T-shirt is talking to the camera.', ""C. Against a white background sits an old plugboards, and right in front of the machine is 'PLUGBOARDS.' written in orange letters."", 'D. A male wearing a black vest with a white striped shirt and black tie is operating a machine.']",Prior,multiple
Multimodal Alignment_sample_28_5,Multimodal Alignment,"Describe the correspond scene when a woman said 'Even after a program had been completely figured out on paper, physically wiring up.'.",00:03:40,D,"['A. A male wearing a white top and gray pants was checking out a machine.', 'B. A blonde woman in a gray T-shirt is talking to the camera.', 'C. A large circuit board filled with various interconnected wires.', 'D. In an animation-style scene, a man in a gray suit and black pants is operating a machine on a wall, while another man in a white coat and white glasses is holding a notepad in his left hand and wires in his right.']",Prior,multiple
Multimodal Alignment_sample_29_1,Multimodal Alignment,"Describe the correspond scene when a woman said 'you guessed it, computer science.'.",00:01:04,D,"['A. A blonde woman wearing a long-sleeved white and crimson blouse and blue-framed glasses is talking to the camera.', ""B. A gray background with three lines of text reading 'APPLES = 5.', 'PEARS = 10.', 'FRUITS = APPLES + PEARS.'."", ""C. A blonde woman wearing a white and crimson long-sleeved blouse and blue-rimmed glasses is talking to the camera with a line of yellow text in front of her that reads 'ALGORITHM.'."", 'D. A young dark-haired boy wearing a black jacket with white stripes and glasses sat in front of an old computer with another young dark-haired boy wearing a white top.']",Prior,multiple
Multimodal Alignment_sample_29_2,Multimodal Alignment,Describe the correspond scene when a woman said 'Computers sort all the time.'.,00:01:21,B,"[""A. A blonde woman wearing a white and crimson long-sleeved blouse and blue-rimmed glasses is talking to the camera with a line of green text in front of her that reads 'SORTING.'."", ""B. A blonde woman wearing a white and crimson long-sleeved blouse and blue-rimmed glasses is talking to the camera, and to her left there is an orange computer with the word '010' displayed on the screen."", ""C. A blonde woman wearing a white and crimson long-sleeved blouse and blue-rimmed glasses is talking to the camera with a line of yellow text in front of her that reads 'ALGORITHM.'."", 'D. A young dark-haired boy wearing a black jacket with white stripes and glasses sat in front of an old computer with another young dark-haired boy wearing a white top.']",Prior,multiple
Multimodal Alignment_sample_29_3,Multimodal Alignment,"Describe the correspond scene when a woman said 'It's called selection sort, and it's pretty basic.'.",00:03:07,C,"[""A. A blonde woman wearing a white and crimson long-sleeved blouse and blue-rimmed glasses is talking to the camera with a line of green text in front of her that reads 'SORTING.'."", ""B. A blonde woman wearing a white and crimson long-sleeved blouse and blue-rimmed glasses is talking to the camera, and to her left there is an orange computer with the word '010' displayed on the screen."", ""C. A blonde woman wearing a white and crimson long-sleeved blouse and blue-rimmed glasses is talking to the camera with a line of light blue text in front of her that reads 'SELECTION SORT.'."", ""D. On a yellow background with purple lettering that reads 'FLIGHTS TO INDIANAPOLIS', underneath the text is a column of price tags that, from top to bottom, reads $307, $239, $214, $250, $384, $299, $223, and $312, all pointing to the same label, 'ARRAY.'.""]",Prior,multiple
Multimodal Alignment_sample_29_4,Multimodal Alignment,Describe the correspond scene when a woman said 'Our example array had n equals 8 items.'.,00:04:01,A,"[""A. A blonde woman wearing a white and crimson long-sleeved blouse and blue-rimmed glasses is talking to the camera, and to her left is a purple lozenge containing a paragraph of light blue text that reads 'n=8 items.'."", 'B. A blonde woman wearing a long-sleeved white and crimson blouse and blue-rimmed glasses is talking to the camera, and to her left is a purple lozenge containing a paragraph of yellow text that says n squared.', ""C. A blonde woman wearing a white and crimson long-sleeved blouse and blue-rimmed glasses is talking to the camera with a line of light blue text in front of her that reads 'SELECTION SORT.'."", ""D. On a yellow background with purple lettering that reads 'FLIGHTS TO INDIANAPOLIS', underneath the text is a column of price tags that, from top to bottom, reads $307, $239, $214, $250, $384, $299, $223, and $312, all pointing to the same label, 'ARRAY.'.""]",Prior,multiple
Multimodal Alignment_sample_29_5,Multimodal Alignment,"Describe the correspond scene when a woman said 'That's a big problem for a company like Google, which has to sort arrays with millions.'.",00:04:25,D,"[""A. A blonde woman wearing a white and crimson long-sleeved blouse and blue-rimmed glasses is talking to the camera, and to her left is a purple lozenge containing a paragraph of light blue text that reads 'n=8 items.'."", 'B. A blonde woman wearing a long-sleeved white and crimson blouse and blue-rimmed glasses is talking to the camera, and to her left is a purple lozenge containing a paragraph of yellow text that says n squared.', 'C. A blonde woman wearing a white and crimson long-sleeved blouse and blue-rimmed glasses is talking to the camera .', 'D. A row of yellow, green, blue, and red bicycles were parked in front of the Google building.']",Prior,multiple
Multimodal Alignment_sample_30_1,Multimodal Alignment,Describe the correspond scene when a woman said 'That doesn't make grammatical sense.'.,00:00:57,D,"[""A. A blonde woman in an orange sweater is facing the camera with 'PROGRAMMING LANGUAGES.' written in yellow letters on her front."", ""B. A blonde woman in an orange sweater is facing the camera with 'STATEMENTS.' written in green letters on her front."", ""C. A blonde in an orange sweater is facing the camera with 'I WANT TEA.' written in blue on her left and 'IT IS RAINING.' written in yellow on her right."", ""D. A blonde in an orange sweater is facing the camera, and to her left is a paragraph that reads 'I WANT UNICORNS.' in blue letters, covered by a beige X.""]",Prior,multiple
Multimodal Alignment_sample_30_2,Multimodal Alignment,Describe the correspond scene when a woman said 'This is called an assignment statement because we're assigning a value to a variable.'.,00:01:16,A,"[""A. A blonde woman in an orange sweater is facing the camera, and in front of her is a yellow text that reads 'ASSIGNMENT STATEMENT.'."", ""B. A blonde in an orange sweater is facing the camera, and to her right is a pink diamond with 'a=5' written in white."", ""C. A blonde in an orange sweater is facing the camera with 'I WANT TEA.' written in blue on her left and 'IT IS RAINING.' written in yellow on her right."", ""D. A blonde in an orange sweater is facing the camera, and to her left is a paragraph that reads 'I WANT UNICORNS.' in blue letters, covered by a beige X.""]",Prior,multiple
Multimodal Alignment_sample_30_3,Multimodal Alignment,"Describe the correspond scene when a woman said 'The computer doesn't care, as longas variables are uniquely named.'.",00:01:41,C,"[""A. A blonde woman in an orange sweater is facing the camera, and in front of her is a yellow text that reads 'ASSIGNMENT STATEMENT.'."", ""B. A blonde in an orange sweater is facing the camera, and to her right is a pink diamond with 'a=5' written in white."", ""C. A blonde in an orange sweater is facing the camera, and to her left are three yellow paragraphs that read 'APPLES=5.', 'PEARS=10.', 'FRUITS= APPLES+PEARS.'."", ""D. A blonde woman in an orange sweater is facing the camera, and to her right are three yellow paragraphs that read 'A=5.', 'b=10.', and 'c=a+b.'.""]",Prior,multiple
Multimodal Alignment_sample_30_4,Multimodal Alignment,Describe the correspond scene when a woman said 'But if statements are the most common.'.,00:02:57,A,"[""A. A blonde woman in an orange sweater is facing the camera, and in front of her is a yellow text that reads 'IF STATEMENTS.'."", ""B. A blonde woman in an orange sweater is facing the camera, and in front of her is a light blue text that reads 'CONTROL FLOW STATEMENTS.'."", ""C. A blonde in an orange sweater is facing the camera, and to her left are three yellow paragraphs that read 'APPLES=5.', 'PEARS=10.', 'FRUITS= APPLES+PEARS.'."", ""D. A blonde woman in an orange sweater is facing the camera, and to her right are three yellow paragraphs that read 'A=5.', 'b=10.', and 'c=a+b.'.""]",Prior,multiple
Multimodal Alignment_sample_30_5,Multimodal Alignment,"Describe the correspond scene when a woman said 'If 'l am tired' is false, then l will not go get it.'.",00:03:11,B,"[""A. A blonde woman in an orange sweater is facing the camera, and in front of her is a yellow text that reads 'IF STATEMENTS.'."", 'B. A dark-haired male wearing a yellow-green long-sleeved shirt sat at a desk working with a tablet.', ""C. A blonde woman in an orange sweater is facing the camera, and in front of her is a light blue text that reads 'CONTROL FLOW STATEMENTS.'."", 'D. A dark-haired male in a yellow-green long-sleeved shirt slumped over a desk with various books, a mug, a calculator, a tablet, a laptop, and glasses.']",Prior,multiple
Multimodal Alignment_sample_31_1,Multimodal Alignment,"Describe the correspond scene when a woman said 'English has 26 different letters in itsalphabet, and way more possible sounds.'.",00:01:29,D,"[""A. A blonde woman in an orange sweater is facing the camera with a pink diamond on her right hand side that says '00101110.' in yellow."", ""B. A blonde woman in an orange sweater is facing the camera with a pink diamond on her left hand side that reads 'LOAD_A 1110.' in yellow."", ""C. A blonde woman in an orange sweater is facing the camera with 'LOAD ADDRESS 14 INTO REGISTER A.' written on her front."", 'D. A blackboard has 26 letters of the alphabet written on it, and the letters of the alphabet, from left to right and top to bottom, are a, b, c, d, e, f, g, h, i, j, k, e, m, n, o, p, q, r, s, t, u, v, w, x, y, z.']",Prior,multiple
Multimodal Alignment_sample_31_2,Multimodal Alignment,"Describe the correspond scene when a woman said 'An informal, high-level description of a program like this is called pseudocode.'.",00:02:09,B,"[""A. In the purple background is a white piece of paper that says 'Retrieve the next salefrom memory, then add this to therunning total for the day, week and year, then calculate any tax to be added.'."", ""B. A blonde woman in an orange sweater is facing the camera with 'PSEUDO-CODE.' written in light blue letters on her front."", ""C. A blonde woman in an orange sweater is facing the camera, and on her front, in yellow letters, it says 'LOAD ADDRESS 14 INTO REGISTER A.'."", 'D. A blackboard has 26 letters of the alphabet written on it, and the letters of the alphabet, from left to right and top to bottom, are a, b, c, d, e, f, g, h, i, j, k, e, m, n, o, p, q, r, s, t, u, v, w, x, y, z.']",Prior,multiple
Multimodal Alignment_sample_31_3,Multimodal Alignment,Describe the correspond scene when a woman said 'write something like load A14.'.,00:02:42,C,"[""A. In the purple background is a white piece of paper that says 'Retrieve the next salefrom memory, then add this to therunning total for the day, week and year, then calculate any tax to be added.'."", ""B. A blonde woman in an orange sweater is facing the camera with 'PSEUDO-CODE.' written in light blue letters on her front."", ""C. A blonde woman in an orange sweater is facing the camera with a pink diamond on her right hand side that says 'LOAD_A 14.' in white."", 'D. A woman wearing a patterned white dress sits in front of a large electronic device and operates it.']",Prior,multiple
Multimodal Alignment_sample_31_4,Multimodal Alignment,"Describe the correspond scene when a woman said 'This program is called, you guessed it, an assembler.'.",00:03:04,A,"[""A. A blonde woman in an orange sweater is facing the camera with 'ASSEMBLER.' written in green letters on her front."", 'B. A male wearing a white shirt and gray pants sat in front of a large electronic device and operated it while another male wearing a white shirt and gray pants stood next to him.', ""C. A blonde woman in an orange sweater is facing the camera with a pink diamond on her right hand side that says 'LOAD_A 14.' in white."", 'D. A woman wearing a patterned white dress sits in front of a large electronic device and operates it.']",Prior,multiple
Multimodal Alignment_sample_31_5,Multimodal Alignment,Describe the correspond scene when a woman said 'This problem did not escape Dr Grace Hopper.'.,00:04:34,D,"[""A. A blonde woman in an orange sweater is facing the camera with 'ASSEMBLER.' written in green letters on her front."", 'B. A male wearing a white shirt and gray pants sat in front of a large electronic device and operated it while another male wearing a white shirt and gray pants stood next to him.', 'C. A blonde in an orange sweater is talking to the camera.', ""D. In the background of the board is an elderly woman wearing a black blouse, glasses and a military cap, her face is purple with text underneath that says 'DR. GRACE HOPPER.' in green, and on the right side there is a green rectangle that says in black, 'GIGGLE BYTE Hopper would go on to attain the rank of Rear Admiral in the US Navy'. GIGGLE BYTE Hopper would go on to attain the rank of Rear Admiral in the US Navy.'.""]",Prior,multiple
Multimodal Alignment_sample_32_1,Multimodal Alignment,Describe the correspond scene when a person said 'So peaceful.'.,00:02:19,C,"['A. There is a man walking along the bank of a river. To his right is a white safety sign. Over his head is a rope with many colored flags.', 'B. Near is a rope, there are many colorful flags on the rope, the colorful flags are blowing in the air, the distance is white clouds and blue sky.', 'C. Near was a calm, uneventful river, with a gap in the sloping mountain, and in the distance thick white clouds floated over the mountains.', 'D. A fair-skinned woman with black hair, dress in white and elegant clothes, is speaking in a dark room.']",Prior,multiple
Multimodal Alignment_sample_32_2,Multimodal Alignment,Describe the correspond scene when a person said 'This is the restaurant at our hotal.'.,00:02:49,A,"[""A. The man is holding A mobile phone in his hand with only his thumb exposed, while the woman's index finger is pointing to the food picture taken in the phone."", 'B. On a brown tabletop, there is a beer mug and a bantam cup. Both cups are filled with floating brown drinks, among which there are three coffee beans on the foam of the bantam cup.', 'C. The man on the left lowers his head, the woman on the right raises her head, and they kiss under the white shed.', ""D. On a gray chair, the woman's index finger point to a bantam cup containing a brown drink, the white foam of the bantam cup turn pale brown, and three coffee beans are floating on the left.""]",Prior,multiple
Multimodal Alignment_sample_32_3,Multimodal Alignment,Describe the correspond scene when a person said 'Although i hear it like getting stronger day by day.' .,00:06:22,C,"['A. The man on the left turns his head to look to the left, and the woman on the right faces to the left, gesturing with her left hand while talking.', 'B. The man on the left turns his head and looks to the left. The woman on the right faces to the left and looks up at the man on the left as she speaks.', 'C. The man on the left picks up the beer mug with his right hand and drinks the rest of the drink. The woman on the right is facing to the left, gesturing with her left hand while talking.', ""D. The woman on the right is facing to the left, gesturing with her left hand while talking, and the man on the left is turning his head to the right and joining the woman's conversation.""]",Prior,multiple
Multimodal Alignment_sample_32_4,Multimodal Alignment,Describe the correspond scene when a person said 'I'm really glad I brought a sweater today.'.,00:09:10,B,"['A. A dark-haired woman turns and raises her clenched hands to speak to a man sitting with his back to him on the bed.', 'B. A dark-haired woman is wearing a sweater, akimbo, standing frontal, and talking while showing off her sweater.', 'C. A dark-haired, bearded man is standing by the bed, facing to the right, talking to the woman in front of him.', 'D. A dark-haired woman raises her hands in the motion of holding a game console, standing front and speaking.']",Prior,multiple
Multimodal Alignment_sample_32_5,Multimodal Alignment,Describe the correspond scene when a person said I have to say.'.,00:11:49,D,"['A. A dark-haired woman is sitting on the edge of the bed. She faces to the right and raises her left hand to stroke her long hair.', 'B. In the warm atmosphere of the restaurant, a dark-haired woman in black clothes holds a white teapot in her hands and pours hot tea into white coffee cups on the table.', 'C. A white menu covering almost the entire screen, and the woman holds out her left index finger to select dishes from the menu.', 'D. At breakfast time, the man holds a sauce packet in his right hand and squeezes ketchup onto the plate in front of him.']",Prior,multiple
Multimodal Alignment_sample_33_1,Multimodal Alignment,Describe the correspond scene when a person said 'I've made it to the beautiful state of kerala.'.,00:00:40,B,"['A. There were A few clouds floating in the orange sky and a dark sea below.', 'B. A fair-skinned woman with blond hair was sitting on a large white bed talking.', 'C. In the evening sky, ahead was a forked path with several coconut trees on both sides of the road.', 'D. A black car was driving on an S-shaped curve in the mountains.']",Prior,multiple
Multimodal Alignment_sample_33_2,Multimodal Alignment,Describe the correspond scene when a person said 'Just to check what the weather was doing.'.,00:01:37,C,"['A. In the distance was A sea of clouds and a tall mountain, and a black cow was grazing on the hillside.', 'B. A brown cow faces forward, raises its head, and chews grass in its mouth.', 'C. A fair-skinned blonde woman was standing on a green hillside talking.', 'D. There is a brown road and a house on a green hill, and behind the hill are green mountains.']",Prior,multiple
Multimodal Alignment_sample_33_3,Multimodal Alignment,Describe the correspond scene when a person said 'It's so quiet.'.,00:02:03,D,"['A. Near is A tree stump, on which is pinned an irregularly shaped wooden board with white English words.', 'B. Looking down from a high altitude, there were several houses with black roofs in the distance, surrounded by lush woods.', 'C. Looking down from a high altitude, the white mist drifted over the forest and the mountains continued.', 'D. Near by was a cabin in the woods, with luxuriant trees growing outside.']",Prior,multiple
Multimodal Alignment_sample_33_4,Multimodal Alignment,"Describe the correspond scene when a person said 'And If like monkeys, this is the place for you.'.",00:02:21,A,"['A. A little monkey sits on a stack of stones. It faces to the left, slightly lowers its head, and eats a biscuit in its hand.', 'B. A wide-format map with a aqua blue line running down from MUNNAR to THEKKADY.', 'C. Four passenger ferries were moored on the bank of the river, with a number of passengers and staff around them.', 'D. Looking down from a high altitude, the two rows of houses are located in the lush forest, and in the distance, the white fog covers the forest.']",Prior,multiple
Multimodal Alignment_sample_33_5,Multimodal Alignment,Describe the correspond scene when a person said 'Teams of rowers Raceing these long skinny boats.'.,00:04:54,A,"['A. Boaters dressed in blue raised their oars in the boat, later many men were sitting in A yellow racing boat rowing neatly to the right.', 'B. There were many rowers competing on the river. Among them, five rowers dressed in orange and white clothes were standing in a black and yellow racing boat, holding their oars.', 'C. The boaters on the river were divided into three groups. They were dressed in white, red and yellow. Those in red and those in yellow were rowing to the left.', 'D. Boaters dressed in blue raised their oars in the boat. There were many competitors in front of them, and many spectators on the shore not far away.']",Prior,multiple
Multimodal Alignment_sample_34_1,Multimodal Alignment,"Describe the correspond scene when a man said 'And now, time to board the flight.'.",00:00:26,B,"['A. A man in a yellow hoodie and black pants and a woman in a blue and white striped hoodie and jeans are walking side by side, against the bright sun and smiling.', 'B. A man with white skin, short blond hair, wearing a white hoodie and a black backpack was walking in the departure hall of the airport.', 'C. A man with only the upper half of his body exposed, wearing a red and white hoodie with love over fear printed on it in white English and a blurry building in the background.', 'D. Next to a shop near the street, a woman with brown hair and a green hoodie smiles and spins her body.']",Prior,multiple
Multimodal Alignment_sample_34_2,Multimodal Alignment,Describe the correspond scene when a man said 'Are the people there truly the happiest?'.,00:01:02,C,"['A. It is a city surrounded by mountains, with a thick white mist at the far end and the Bhutan-writing in the middle.', 'B. Looking down from the air, there was a lush forest growing on the steep hill.', 'C. Next to a gilded building, an old man in traditional dress reaches out and flips a golden sutra tube.', 'D. It is a tall tree with blue sky and white clouds above, arrows on both sides of the tree radiating outward, and 3x more oxygen text below.']",Prior,multiple
Multimodal Alignment_sample_34_3,Multimodal Alignment,Describe the correspond scene when a man said 'You like it?'.,00:02:14,B,"['A. In an open-air waiting area decorated with gold and black patterns, a man in traditional dress holds a document in his left hand and greets him.', 'B. In the open space between the parking lot and the building, a man in traditional dress turned his head and asked.', 'C. In an empty hall in the terminal, a man in a white hoodie looked down to talk.', 'D. At the door of a parked white plane, a man wearing a white hoodie and sunglasses, next to the waiting hall.']",Prior,multiple
Multimodal Alignment_sample_34_4,Multimodal Alignment,"Describe the correspond scene when a man said 'But first, what are we doing right now?' .",00:03:01,A,"['A. A man in black sunglasses and a white hoodie and a man in traditional dress were talking while walking along a parked side street.', 'B. In the distance was a thick forest, with a huge Buddha standing in the middle of the forest, and the weather was clear.', 'C. A man wearing black sunglasses and a white hoodie was talking next to a white car.', 'D. There are many small colored flags hanging on the building, and the small colored flags are floating in the air against the wind, and the atmosphere is quiet and peaceful.']",Prior,multiple
Multimodal Alignment_sample_34_5,Multimodal Alignment,Describe the correspond scene when a man said 'Anyway thanks.'.,00:09:34,C,"['A. A man in traditional dress came down the stairs and smiled as he passed a garage, the building behind him emitting a soft yellow light.', 'B. A man wearing glasses and wearing a red plaid traditional dress shakes hands and waves goodbye to the camera as the lights in the room glow a soft yellow.', 'C. A man dressed in traditional clothes frowns with nervousness. Behind him is the garage of a traditional building, illuminated by a yellow car light.', 'D. A man in a shirt and jeans is talking to a man wearing glasses and a plaid traditional dress sitting in a room where the lights are bright and soft.']",Prior,multiple
Multimodal Alignment_sample_35_1,Multimodal Alignment,Describe the correspond scene when a person said 'This is what we call a DA PAI DANG.'.,00:00:15,C,"['A. A man in a black T-shirt folds his hands, faces the front, and speaks.', 'B. A man in a black T-shirt approached a stall near a number of stainless steel pots and clean dinner plates.', 'C. In a small open-air restaurant, two chefs wearing vests are cooking on a stainless steel stove, there are many clean plates on the table, and a waiter wearing a mask on either side is walking quickly by.', 'D. A man in a black T-shirt hold out his right hand, and the master in a yellow vest turn around and greeted the man with a smile.']",Prior,multiple
Multimodal Alignment_sample_35_2,Multimodal Alignment,Describe the correspond scene when a person said 'This is a really traditional old school types of restaurants in Hong Kong.'.,00:01:09,B,"['A. There are five people in the picture, one wearing a yellow vest and shorts, holding a wok, and four others standing around. The man in the yellow vest is stirring the food in the pan with a spatula.', ""B. He is wearing a black short-sleeved shirt and making a 'wait' gesture with his hand. There are several people around him, some sitting and others standing."", 'C. The man on the right is wearing a yellow tank top and yellow pants, holding a ladle and stirring a pot. The man on the left is wearing a black sleeveless shirt and mask, cooking something.', 'D. The man on the left is wearing a blue mask and a gray hat, while the man on the right is wearing a gold necklace and cooking. There are many bowls and plates stacked on the table in front of them.']",Prior,multiple
Multimodal Alignment_sample_35_3,Multimodal Alignment,Describe the correspond scene when a person said 'The chefs don't even need to see the order.'.,00:02:53,A,"['A. Two men are cooking in the kitchen. They are wearing black and yellow clothes, respectively. There is a stove in front of them with various ingredients and utensils on it. ', 'B. He is holding a red strainer and taking something out of a wok. The stove is burning with fire, and there are many bowls and pots on it.', 'C. Two men are cooking in the kitchen. They are wearing aprons and masks, preparing ingredients and using various utensils. ', 'D. A person cutting seafood on a black stone board with a knife. He is wearing white gloves and a red bracelet, and there are many different types of seafood on the stone board, including crabs and shrimp. There is also a stainless steel bowl next to it.']",Prior,multiple
Multimodal Alignment_sample_35_4,Multimodal Alignment,Describe the correspond scene when a person said 'The key is to serve more people.'.,00:05:00,B,"['A. The stove is burning with fire, and there are many cooking utensils on the stove, including various sizes of pots and pans. ', 'B. A chef cooking in the kitchen. He is wearing a mask and stirring a pot with a ladle. In front of him are several plates of food, including meat and potatoes. There are also some ingredients and utensils on the table, such as lettuce and oil.', 'C. The man on the left is wearing a black short sleeve shirt and is talking to the man on the right, who is wearing a yellow tank top and holding white gloves. They seem to be having a conversation about cooking.', 'D. A person cutting seafood on a black stone board with a knife. He is wearing white gloves and a red bracelet, and there are many different types of seafood on the stone board, including crabs and shrimp.']",Prior,multiple
Multimodal Alignment_sample_35_5,Multimodal Alignment,Describe the correspond scene when a person said 'The number of tables that are in this restaurant.'.,00:05:15,B,"['A. The stove is burning with fire, and there are many cooking utensils on the stove, including various sizes of pots and pans.', 'B. A man sitting in an outdoor restaurant. He is wearing a black short-sleeved shirt and has his eyes closed, smiling with his hands crossed on the table.', 'C. This is a night market. There are several stalls in the market, selling various kinds of food. In the foreground, there is a stall where a man in a yellow tank top is cooking.', 'D. A person cutting seafood on a black stone board with a knife. He is wearing white gloves and a red bracelet, and there are many different types of seafood on the stone board, including crabs and shrimp.']",Prior,multiple
Multimodal Alignment_sample_36_1,Multimodal Alignment,Describe the correspond scene when a man said 'If you walk along this structure you can actually see calcium deposits at a certain level.'.,00:00:47,B,"['A. This is an outdoor scene where the camera is placed on the ground and shot at an elevated angle, with a hand reaching out on the left side of the frame, caressing a rock wall. Grass grows around the rock, and trees, and a blue sky can be seen in the background.', 'B. This is an outdoor scene where a man wearing a red hiking suit with a white shirt and a beard faces the camera and speaks, with rocky slopes and grass growing in the background, and a line of lush trees can be seen in the distance.', 'C. This is a virtual map scene with city buildings and routes at the bottom, mainly in an earthy yellow colour. There is also a blue-green hexagon slightly to the right of the screen, and a yellow olive-shaped pattern with yellow lines connecting them slightly to the left of the screen.', 'D. There are three caves in a tall stone wall with weeds growing on it, trees on the right side of the screen, and a blue sky at the top.']",Prior,multiple
Multimodal Alignment_sample_36_2,Multimodal Alignment,"Describe the correspond scene when a man said 'Rather than having a V shape, as you would have with a seagoing ship,'.",00:02:55,A,"['A. A man in a white shirt with a beard speaks to the camera, waving his hand as he looks back to the back. The background is located in a bright and spacious interior.', 'B. A man in a white shirt with a beard is pacing and visiting a huge wooden ship.', 'C. This is an outdoor scene where a man wearing a red hiking suit with a white shirt and a beard faces the camera and speaks, with rocky slopes and grass growing in the background, and a line of lush trees can be seen in the distance.', 'D. This is a virtual map scene with city buildings and routes at the bottom, mainly in an earthy yellow colour. There is also a blue-green hexagon slightly to the right of the screen, and a yellow olive-shaped pattern with yellow lines connecting them slightly to the left of the screen.']",Prior,multiple
Multimodal Alignment_sample_36_3,Multimodal Alignment,Describe the correspond scene when a man said 'How could a cargo carrying vessel reach the river?'.,00:03:22,D,"['A. A man in a white shirt with a beard is pacing and visiting a huge wooden ship.', 'B. In a room, a man in a white shirt takes a roll of maps out of a long drawer in a wooden cabinet and places them on a table. The white table holds many items, from maps to books. Chairs are placed on either side of the table, and a computer can be seen on the far side of the table.', 'C. This is an outdoor scene where a man wearing a red hiking suit with a white shirt and a beard faces the camera and speaks, with rocky slopes and grass growing in the background, and a line of lush trees can be seen in the distance.', 'D. The video camera focuses on the face of a man, a man with a beard, white skin, and light coloured eyebrows, who is looking intently at the bottom of the video screen.']",Prior,multiple
Multimodal Alignment_sample_36_4,Multimodal Alignment,Describe the correspond scene when a man said 'Peter consults the archaeological surveys.'.,00:03:27,C,"['A. The video camera focuses on the face of a man, a man with a beard, white skin, and light coloured eyebrows, who is looking intently at the bottom of the video screen.', 'B. This is an outdoor scene where a man wearing a red hiking suit with a white shirt and a beard faces the camera and speaks, with rocky slopes and grass growing in the background, and a line of lush trees can be seen in the distance.', 'C. A man in a white shirt and beard is looking intently at the map in his hand, the fingers of his right hand tracing it.', 'D. A man in a white shirt with a beard is pacing and visiting a huge wooden ship.']",Prior,multiple
Multimodal Alignment_sample_36_5,Multimodal Alignment,Describe the correspond scene when a man said 'If you look at the landscape of the river today.'.,00:04:00,A,"['A. A man wearing a red hiking suit, a white shirt and a beard sits in the cabin of a boat and speaks to the camera. In the background are many trees along the shore, with green trees colouring the lake.', 'B. A man in a white shirt with a beard is pacing and visiting a huge wooden ship.', 'C. The video camera focuses on the face of a man, a man with a beard, white skin, and light coloured eyebrows, who is looking intently at the bottom of the video screen.', 'D. A man in a white shirt and beard is looking intently at the map in his hand, the fingers of his right hand tracing it.']",Prior,multiple
Multimodal Alignment_sample_37_1,Multimodal Alignment,"Describe the correspond scene when a man said 'Without the sea and without controlling the traderates of the sea, there would have been no empire.'.",00:00:35,D,"['A. Above the sea, a sun hangs in the sky, and the light it gives off colors the surrounding sky orange. On the left side of the picture is a silhouette of a seaside reef.', 'B. The camera takes an aerial shot of the ground, on which some buildings are neatly arranged, on the right side of the picture are flat grass and trees, and in the lower left part of the picture, there are trees and a turquoise lake.', 'C. Above the wide sea, in the distant sky, the sun shines through the thick clouds. In the distance, on the left side, you can also see rolling mountains.', 'D. A man wearing a black short-sleeved top speaks to the camera. He is located on a long corridor of an old building, with several thick, tall columns on the right side of the frame and an archway visible in the background.']",Prior,multiple
Multimodal Alignment_sample_37_2,Multimodal Alignment,Describe the correspond scene when a man said 'Imagine if we could empty the oceans.'.,00:00:40,A,"['A. The sea churns, the tide rises and falls, and the waves wash over the shore, lapping against the reefs and stirring up a white wave.', 'B. A man wearing a black short-sleeved top speaks to the camera. He is located on a long corridor of an old building, with several thick, tall columns on the right side of the frame and an archway visible in the background.', 'C. Above the sea, a sun hangs in the sky, and the light it gives off colors the surrounding sky orange. On the left side of the picture is a silhouette of a seaside reef.', 'D. The camera sits on the ground for the shot as waves wash up on the shore, stirring up foam. The sun in the distance emits a blinding golden light that colors the surrounding sky orange, and there are silhouettes of trees on the right side of the frame.']",Prior,multiple
Multimodal Alignment_sample_37_3,Multimodal Alignment,Describe the correspond scene when a man said 'How does a mysterious lake miles from the city?'.,00:01:08,C,"['A. This is a virtual demonstration animation. A lot of blue virtual data formed a huge boat. Columns of numbers are displayed in the picture and on both sides.', 'B. The sea churns, the tide rises and falls, and the waves wash over the shore, lapping against the reefs and stirring up a white wave.', 'C. A circular lake surrounded by a ring of trees, the water was green in colour, and in the distance you could see flat green lawns, trees, and rolling downhill mountains with white clouds floating in the blue sky.', 'D. There was a derelict shipwreck, with only some part of the hull left, rust all over the hull and white mould growing on the supports. The sea dropped and the derelict ship surfaced']",Prior,multiple
Multimodal Alignment_sample_37_4,Multimodal Alignment,Describe the correspond scene when a man said 'It was built on a scale unlike anything else.'.,00:01:16,B,"['A. A circular lake surrounded by a ring of trees, the water was green in colour, and in the distance you could see flat green lawns, trees, and rolling downhill mountains with white clouds floating in the blue sky.', 'B. In a brightly lit room, a man in a white shirt and beard sits on a red sofa chair and talks facing the camera. There is a lot of furniture in the background with a red sofa, wooden cabinets, a fireplace, and a large window to the left and right.', 'C. There was a derelict shipwreck, with only some part of the hull left, rust all over the hull and white mould growing on the supports. The sea dropped and the derelict ship surfaced.', 'D. It is a reservoir surrounded by a high fence with some moss covering the wall, a dense canopy of trees can be seen above the fence, and there is a large rock on the right side of the picture with white clouds floating in the blue sky.']",Prior,multiple
Multimodal Alignment_sample_37_5,Multimodal Alignment,Describe the correspond scene when a man said 'What can a maritime graveyard.'.,00:01:21,C,"['A. It is a reservoir surrounded by a high fence with some moss covering the wall, a dense canopy of trees can be seen above the fence, and there is a large rock on the right side of the picture with white clouds floating in the blue sky.', 'B. A circular lake surrounded by a ring of trees, the water was green in colour, and in the distance you could see flat green lawns, trees, and rolling downhill mountains with white clouds floating in the blue sky.', 'C. An uneven field was covered with weeds, and many red flowers were in bloom. In a midden there were the remains of a ship. In the distance are rolling mountains, and large clouds float in the sky.', 'D. In a brightly lit room, a man in a white shirt and beard sits on a red sofa chair and talks facing the camera. There is a lot of furniture in the background with a red sofa, wooden cabinets, a fireplace, and a large window to the left and right.']",Prior,multiple
Multimodal Alignment_sample_38_1,Multimodal Alignment,Describe the correspond scene when a man said 'Flying over this country's vast and varied landscape.'.,00:00:43,D,"['A. The camera is facing the front of the sphinx, and you can see signs of damage to the nose area of the sphinx. To the left is the road with stone pillars forming a fence. A pyramid can be seen in the background in the distance to the left.', 'B. A pink hot air balloon floats above a somewhat dilapidated, earthy yellow, old stone and brick building. There is grass and trees in the upper left corner of the frame.', 'C. Two pyramids stand on a dirt-coloured flat ground with a long road between them. Some earth-coloured stone and brick buildings, some of which are in disrepair, are spread out on the left and right sides of the picture.', 'D. Under the blue sky, on the left side is the blue sea with a curved coastline. On the right are high yellow slopes and hills with a few white buildings.']",Prior,multiple
Multimodal Alignment_sample_38_2,Multimodal Alignment,"Describe the correspond scene when a man said 'To build a nation, like no other.'.",00:00:59,A,"['A. The camera captures the city from an aerial view. In the middle of the screen, a pyramid can be seen, with relatively low buildings surrounding it. Trees are planted among the buildings. Boats are moored along the riverbank, and on the other side of the river, there are many buildings of varying heights. A bridge connects the two banks.', 'B. Two pyramids stand on a dirt-coloured flat ground with a long road between them. Some earth-coloured stone and brick buildings, some of which are in disrepair, are spread out on the left and right sides of the picture.', 'C. Under the blue sky, on the left side is the blue sea with a curved coastline. On the right are high yellow slopes and hills with a few white buildings.', 'D. A pink hot air balloon floats above a somewhat dilapidated, earthy yellow, old stone and brick building. There is grass and trees in the upper left corner of the frame.']",Prior,multiple
Multimodal Alignment_sample_38_3,Multimodal Alignment,Describe the correspond scene when a man said 'It's the biggest and most populous country in the Arab world.'.,00:01:31,B,"['A. This is a scene from a virtual presentation animation. The video shows the border between northeastern Africa and southwestern Asia, with the blue line circling the part of Egypt.', 'B. In the lower left corner of a building in the center of the video screen is a small tower erected high above the ground, with a round white roof to the right. As far as the eye can see there is a dense cluster of buildings with many people on the ground. There are also trees in the lower and lower right part of the video screen.', 'C. The camera captures the city from an aerial view. In the middle of the screen, a tall tower can be seen, with relatively low buildings surrounding it. Trees are planted among the buildings. Boats are moored along the riverbank, and on the other side of the river, there are many buildings of varying heights. A bridge connects the two banks.', 'D. This is a virtual presentation animation. There is a globe in the middle of a black background, with light coming from the left side, illuminating the left half of the globe. The outer ring of the globe is fluorescent blue.']",Prior,multiple
Multimodal Alignment_sample_38_4,Multimodal Alignment,Describe the correspond scene when a man said 'Life here has always been a challenge.'.,00:01:39,A,"['A. It was an endless desert, with a strong glow from the sun in the upper right corner, and the entire sky was a pale yellow color.', 'B. In the lower left corner of a building in the center of the video screen is a small tower erected high above the ground, with a round white roof to the right. As far as the eye can see there is a dense cluster of buildings with many people on the ground. There are also trees in the lower and lower right part of the video screen.', 'C. This is a virtual presentation animation. There is a globe in the middle of a black background, with light coming from the left side, illuminating the left half of the globe. The outer ring of the globe is fluorescent blue.', 'D. This is a scene from a virtual presentation animation. The video shows the border between northeastern Africa and southwestern Asia, with the blue line circling the part of Egypt.']",Prior,multiple
Multimodal Alignment_sample_38_5,Multimodal Alignment,Describe the correspond scene when a man said 'Father and son Yousef and Carrie Mohammed.'.,00:08:10,D,"['A. Two small boats were traveling from right to left on the lake, the sky reflected the lake in a dim yellow color, and the bank above was planted with trees whose shadows were reflected in the water.', 'B. The video footage shows the lake separated by an island of varying sizes, with the complex of buildings clearly visible on the island in the center of the video and trees planted on the lower part of the island.', 'C. Two pyramids stand on a dirt-coloured flat ground with a long road between them. Some earth-coloured stone and brick buildings, some of which are in disrepair, are spread out on the left and right sides of the picture.', 'D. On one of the shores, there was a small boat with a mainly blue hull and green fishing nets at the ends of the boat. A father and his son are sitting in the boat, with the father holding the oars in both hands. Another small boat can be seen on the right side of the video frame.']",Prior,multiple
Multimodal Alignment_sample_39_1,Multimodal Alignment,Describe the correspond scene when a man said 'Well garum or fish sauce is basically a condiment.'.,00:02:50,B,"['A. Two men were cleaning and handling a large, very old bottle container, with the man standing on the right holding the bottle in both hands and the man on the left holding a blue hose in his right hand and rinsing the inside of the bottle against the mouth.', 'B. A man wearing a black short-sleeved top speaks to the camera. He is located on a long corridor of an old building, with several thick, tall columns on the right side of the frame and an archway visible in the background.', 'C. A white-haired man in a light blue short-sleeved shirt speaks to the camera, with several blue artificial pools of water propped up in the background and four people standing to the right. There are also boxes of various colors stacked in the distance to the left and in the background.', 'D. The pool was filled with many old bottles, most of which were characterized by large, rounded bodies, handles on either side of the mouth, and slender, narrow bottoms.']",Prior,multiple
Multimodal Alignment_sample_39_2,Multimodal Alignment,Describe the correspond scene when a man said 'The team prizes 22 of them from the wreck.'.,00:04:15,C,"['A. There is a ship traveling on a vast expanse of sea, with the sea shimmering in the lower right corner, and large mountains looming in the background in the distance to the left.', 'B. In a brightly lit chamber, many shelves held many, many bottles, all of which had large, round bodies with handles on either side of the mouth, and slender, narrow bottoms.', 'C. Two men in diving suits are carrying out underwater archaeology, the man on the left holding a white container in one hand and using a tool to shovel over the object with the other. The man in the red helmet on the right assists.', 'D. A man wearing a black short-sleeved top speaks to the camera. He is located on a long corridor of an old building, with several thick, tall columns on the right side of the frame and an archway visible in the background.']",Prior,multiple
Multimodal Alignment_sample_39_3,Multimodal Alignment,Describe the correspond scene when a man said 'So which emperor could it be destined for?'.,00:05:56,A,"['A. There was a boat travelling on a wide sea, with its yellow sails spread out, and the sun was giving off golden rays that shone in the sky, and the sunlight was reflecting on the sea.', 'B. In a dimly lit room, a man in a black blazer with a blue-grey shirt faces the camera and speaks. To the right are blue shelves. In the background rows of shelves are lined with old antique bottles.', 'C. In a brightly lit interior, a man wearing a black blazer with a blue-grey shirt underneath and blue gloves walks over to a row of shelves and examines artefacts. The shelves on the right side of the video screen hold large, ancient bottles.', ""D. A woman wearing a white institute costume with white hair sits in a red chair with yellow gloves on her hands, cleaning artifacts that are covered in clear containers. To the left of the woman stands a man, who watches the woman's work with his hands clasped over his chest.""]",Prior,multiple
Multimodal Alignment_sample_39_4,Multimodal Alignment,Describe the correspond scene when a man said 'Almost invisible marks prove the coins were stamped around AD 66.'.,00:07:04,D,"['A. The sea is churning, the water strikes the reefs and stirs up white waves, there is a mountain range in the background to the far left, the sea horizon is streaked with orange and dark clouds.', 'B. The ground on either side of the watercourse was lined with bottles, some sunk in the mud and sand, others submerged beneath the surface of the water, and through the crystal clear water could be seen planks crossed horizontally and vertically at the bottom.', 'C. There was a boat travelling on a wide sea, with its yellow sails spread out, and the sun was giving off golden rays that shone in the sky, and the sunlight was reflecting on the sea.', 'D. In a brightly lit room, a man wearing a black blazer with a short-sleeved blue shirt sits at a white table with a large desk lamp on the right side of the table. Behind the man there are baskets of various colours on shelves along the wall, and a computer sits on a table to the right.']",Prior,multiple
Multimodal Alignment_sample_39_5,Multimodal Alignment,"Describe the correspond scene when a man said 'In 64 AD, an inferno ravages the city for six days.'.",00:07:44,B,"['A. In a brightly lit room, a man wearing a black blazer with a short-sleeved blue shirt sits at a white table with a large desk lamp on the right side of the table. Behind the man there are baskets of various colours on shelves along the wall, and a computer sits on a table to the behind.', 'B. The fire burned so brightly that it collapsed the wooden door of an arched doorway, through which multiple fires and smoke could be seen inside the building.', 'C. The ground on either side of the watercourse was lined with bottles, some sunk in the mud and sand, others submerged beneath the surface of the water, and through the crystal clear water could be seen planks crossed horizontally and vertically at the bottom.', 'D. Against a dark background, the camera focuses on the head of a statue of a figure, which is male with curly hair and a beard.']",Prior,multiple
Multimodal Alignment_sample_40_1,Multimodal Alignment,Describe the correspond scene when a person said 'Historical records reveal that Roman engineers ferry tons of pozzolana to Caesarea.'.,00:01:41,A,"['A. A hand takes a small rock out of a beaker and rinses the rock with a thin stream of water from a white hose.', 'B. A woman wearing a black short-sleeved T-shirt with loose curls speaks to the camera, with a computer on a table behind her and a number of glassware on shelves in the background.', 'C. The video shows a virtual presentation animation of a map where a yellow line connects from Mount Vesuvius to the port of Caesarea.', 'D. A woman wearing a black T-shirt and having curly hair is operating a microscope, looking at the eyepiece with both eyes to observe an object as an image is displayed on a computer to her right. Many utensils and test tubes are arranged on a shelf in front of the woman.']",Prior,multiple
Multimodal Alignment_sample_40_2,Multimodal Alignment,Describe the correspond scene when a person said 'But it only hardens when you pour water on it.'.,00:02:19,C,"['A. The video shows the sea in a turquoise color, with many buildings around the coastline, and flat grassy areas. There is also a platform on the left side of the video screen that extends out into the sea.', 'B. A hand takes a small rock out of a beaker and rinses the rock with a thin stream of water from a white hose.', 'C. A man wearing a black short-sleeved top speaks to the camera. He is located on a long corridor of an old building, with several thick, tall columns on the right side of the frame and an archway visible in the background.', 'D. A woman wearing a black short-sleeved T-shirt with loose curls speaks to the camera, with a computer on a table behind her and a number of glassware on shelves in the background.']",Prior,multiple
Multimodal Alignment_sample_40_3,Multimodal Alignment,"Describe the correspond scene when a person said '2000 years ago, the Romans work with concrete just like we do today.'.",00:03:13,D,"['A. A woman wearing a black short-sleeved T-shirt with loose curls speaks to the camera, with a computer on a table behind her and a number of glassware on shelves in the background.', 'B. A man wearing a black short-sleeved top speaks to the camera. He is located on a long corridor of an old building, with several thick, tall columns on the right side of the frame and an archway visible in the background.', 'C. The video shows the sea in a turquoise color, with many buildings around the coastline, and flat grassy areas. There is also a platform on the left side of the video screen that extends out into the sea.', 'D. A potential seabed, he was wearing a black wetsuit and carrying an oxygen tank. The clear seabed is dotted with many rocks.']",Prior,multiple
Multimodal Alignment_sample_40_4,Multimodal Alignment,Describe the correspond scene when a person said 'Contemporary accounts suggest the harbor disappears.'.,00:03:59,B,"['A. A potential seabed, he was wearing a black wetsuit and carrying an oxygen tank. The clear seabed is dotted with many rocks.', 'B. The scene in the video is a coastal landscape. In the foreground, there are several large rock structures. In the background, you can see a calm sea with some rocks on the right side of the sea, covered with vegetation, including a prominent palm tree. The sky is clear and cloudless.', 'C. This is a virtual presentation animation where there is a rectangular glass cabinet submerged under the surface of the sea and this one is divided into a square grid.', 'D. A woman in black short sleeves, jeans, and a duffel bag stood on the reef looking out to sea.']",Prior,multiple
Multimodal Alignment_sample_40_5,Multimodal Alignment,Describe the correspond scene when a person said 'So we can see that it's in fact.'.,00:04:53,A,"['A. A woman wearing a black short-sleeved T-shirt with loose curls speaks to the camera, with a computer on a table behind her and a number of glassware on shelves in the background.', 'B. A woman in black short sleeves, jeans, and a duffel bag stood on the reef looking out to sea.', 'C. The scene in the video is a coastal landscape. In the foreground, there are several large rock structures. In the background, you can see a calm sea with some rocks on the right side of the sea, covered with vegetation, including a prominent palm tree. The sky is clear and cloudless.', 'D. The foreground is a clear sea surface, scattered with some rocks. In the distance you can see a beach and rock buildings, there are several trees.']",Prior,multiple
Multimodal Alignment_sample_41_1,Multimodal Alignment,Describe the correspond scene when a person said 'Or can wen change them?'.,00:01:00,D,"['A. There is a white bird sticking its head out from inside a leaf on the branch of a tree, and a yellow sun on the left side of the tree.', ""B. There is an owl in a tree holding a cup of coffee with the words 'PARTY ON' written on it."", 'C. There were two tents and two trees, the tent on the left next to a man with a backpack and a bird that had been flying, with a campfire in the middle, the tent on the right with a man in a sleeping bag, and the tree on the right with a sleeping bird.', 'D. There is a tent, a sleeping bag inside the tent, a book in front of the tent, and a tree to the right of the tent.']",Prior,multiple
Multimodal Alignment_sample_41_2,Multimodal Alignment,Describe the correspond scene when a person said 'The system can make predictions about when you're likely to need sleep and prepareyour body accordingly.'.,00:01:59,A,"['A. There is a bed with a man sitting on the left side of the bed looking at the yellow sun outside the window on the left, and on each side of the bed there is a table with a charged mobile phone on it.', 'B. There are two men with backpacks standing in a grassy field, with a white bird in flight behind the man on the right, and a yellow sun in the upper left corner of the image.', ""C. The picture contains a portrait of a person's head, which shows the structure of a person's brain."", 'D. There is a man carrying a satchel and holding a mobile phone in his hand, he walks inside a circle while looking at his phone, there is a yellow sun in the upper left corner of the screen, a light blue moon in the lower right corner, and a few white clouds in the screen.']",Prior,multiple
Multimodal Alignment_sample_41_3,Multimodal Alignment,"Describe the correspond scene when a person said 'For example, where early birds generally flood with cortisol just before waking up.'.",00:02:33,D,"['A. There is a man sleeping in a bed with two nightstands with mobile phones on either side of the bed, and on the left side of the bed there is another man standing next to the window looking out of the window at the pale blue moon.', ""B. There is a person sleeping in bed with headphones connected to a mobile phone next to him, which is playing an audio clip that reads 'DOLPHINS SOUNDS 10 HOURS'."", 'C. There is a table in the middle of the picture, on the left side of the table there is a man in yellow striped clothes, next to him there is a cup of ah yellow drink with yellow bubbles coming out of his head; on the right side of the table there are three cups of coffee in front of the man with blue bubbles coming out of his head.', ""D. There is a bed with a person sleeping on it, and to the left of the bed there is a table with a mobile phone on it, the screen of which reads '6 45'.""]",Prior,multiple
Multimodal Alignment_sample_41_4,Multimodal Alignment,Describe the correspond scene when a person said 'try getting outside as soon as possible to teach your body when to be active and alert.'.,00:03:52,C,"['A. There was a man sitting on a stool with a black sunglasses in his hand, looking at the sky with two white clouds and a yellow sun in the sky.', 'B. There is a man wearing sunglasses in the room in front of a table with a computer and a cup of coffee, the man is working with the computer, there is a yellow sun outside the window on the left side of the picture.', 'C. There are two men on a balcony, the man on the left is sitting on a stool with his right hand raised, there is a table in front of him with a computer and a drink, the man on the right pushes the door open and holds a computer in his left hand, there is a yellow sun in the top left corner of the screen.', 'D. There are two people inside the picture, on the left side of the picture there is a man lying in bed wrapped in a blanket with a thermometer in his mouth, on the right side of the picture there is a man pushing open the door with a bottle of drink in his right hand.']",Prior,multiple
Multimodal Alignment_sample_41_5,Multimodal Alignment,Describe the correspond scene when a person said 'it only takes one bad night to sendyour circadian system back to baseline.'.,00:04:05,D,"[""A. Inside the screen there is a bed and a quilt, and next to it there is a table with a mobile phone connected to a cable, and the screen of the mobile phone shows '07:00'."", 'B. There is a man wearing sunglasses in the room in front of a table with a computer and a cup of coffee, the man is working with the computer, there is a yellow sun outside the window on the left side of the picture.', 'C. There are two men on a balcony, the man on the left is sitting on a stool with his right hand raised, there is a table in front of him with a computer and a drink, the man on the right pushes the door open and holds a computer in his left hand, there is a yellow sun in the top left corner of the screen.', 'D. Inside the picture there are two people sitting on the bed together, the one near the inside is holding a drink in his hand, they are browsing the contents of the computer screen together, and there is a light blue moon outside the window on the right side of the picture.']",Prior,multiple
Multimodal Alignment_sample_42_1,Multimodal Alignment,Describe the correspond scene when a person said 'choking under pressure boils down to focus.'.,00:00:56,A,"[""A. The background of the picture is yellow, there is an orange letter 'FOCUS' in the middle of the picture, and there are many blue dots, and black and red lines in the picture."", 'B. The background of the picture is yellow and there are two people in the middle of the picture; the person on the left is wearing purple and holding an orange and white book, and the person on the right is wearing green and holding a blue and white book.', 'C. The background of the picture is blue-green, there is a man in the middle of the picture pointing to a microphone, and there are three white dots above the microphone.', 'D. The background of the picture is yellow, on the right side of the picture there is a small black hole with a red flag on it, on the left side of the picture there is a man in purple holding a golf club in his hand, and under his feet there is a white golf ball.']",Prior,multiple
Multimodal Alignment_sample_42_2,Multimodal Alignment,Describe the correspond scene when a person said 'Explicit monitoring theories make up the second group of explanations for choking under pressure.'.,00:01:59,B,"['A. The background of the picture is pink, in the middle of the picture there are four little people dressed in purple standing in a row, the first little person and the third little person throws an orange ball, the second little person and the fourth little person throws a lot of balls.', ""B. The background of the picture is yellow, and in the centre of the picture there is a man wearing a green hat and holding a blue and white book in both hands, in the middle of which is written in red letters 'EXPLICIT MONITORING'."", 'C. The background of the picture is pink and there is a little man in purple whose hands are throwing an orange ball.', 'D. The background of the picture is pink, and in the middle of the picture there is a small figure with a purple hat, and he is surrounded by many small figures with different expressions just like him.']",Prior,multiple
Multimodal Alignment_sample_42_3,Multimodal Alignment,Describe the correspond scene when a person said 'especially those who are self-conscious.'.,00:02:50,C,"['A. The background of the picture is yellow, and on the left side of the picture there is a little man in green clothes holding a golf club and staring at a golf ball on the ground, and in front of him there is a small hole with a red flag sticking out of it.', 'B. The background of the picture is yellow, there is a small hole in the middle of the picture with a red flag sticking out of it, there is a little man on the left side of the flag holding a golf club and staring at the golf ball on the ground, and the little man on the right side of the picture is holding a golf club in his hand, and there is another golf ball next to him.', 'C. The background of the picture is yellow and there is a blue villain chasing an orange villain who is holding a mirror in his hand.', 'D. The background of the picture is yellow, there is a little man in red on the left side of the picture and a little man in green on the right side of the picture, and they are looking at each other.']",Prior,multiple
Multimodal Alignment_sample_42_4,Multimodal Alignment,Describe the correspond scene when a person said 'or doing a rhythmic equence of movements.'.,00:03:23,D,"[""A. The background of the picture is yellow, and in the middle of the picture there is a woman in a purple dress standing with her green crocodile's mouth open."", 'B. The background of the picture is blue and there is a dartboard with a red border in the middle of the picture.', 'C. The background of the picture is pink, and in the middle of the picture there is a man dressed in black standing next to an arching line.', 'D. The background of the picture is red, and in the middle of the picture there is a person in a black dress half-squatting.']",Prior,multiple
Multimodal Alignment_sample_42_5,Multimodal Alignment,Describe the correspond scene when a person said 'A study of experienced golfers.'.,00:03:45,A,"['A. The background of the picture is green and there is a man in a white shirt and black trousers holding a golf club with a golf ball next to the club.', 'B. The background of the picture is yellow and there is a person wearing black headphones holding a light green ball in both hands.', 'C. The background of the picture is yellow, and in the middle of the picture there is a man waith black headphones holding a light green ball in both hands, with a pair of red hands sticking out of the top grabbing his headphones.', 'D. The background of the picture is yellow, and on the right side of the picture there is a blue basketball frame with a white net with a black frame on top of it.']",Prior,multiple
Multimodal Alignment_sample_43_1,Multimodal Alignment,Describe the correspond scene when a person said 'it's impossible to say exactly how and why it evolved.'.,00:01:08,B,"['A. There is a man in a purple dress and a blue hat standing in the middle of the picture crying.', 'B. There is a yellow sandy beach in the picture, a hanging villain on the left side of the picture, a villain with a tool on the right side of the picture, and a villain standing on the beach.', ""C. There is a line of letters in the picture that says 'LAUGHTER', and inside the letters, A is red, H is purple, and the other letters are white."", 'D. There is a smiling little man in a purple short and blue hat in the middle of the picture.']",Prior,multiple
Multimodal Alignment_sample_43_2,Multimodal Alignment,"Describe the correspond scene when a person said 'Some, unsurprisingly, are our closest relatives.'.",00:01:43,C,"['A. The background of the picture is pink, and there are many photos with white borders, and there are various animals inside the photos.', 'B. There is a yellow sandy beach in the picture, a hanging villain on the left side of the picture, a villain with a tool on the right side of the picture, and a villain standing on the beach.', 'C. In the middle of the picture there is a monkey crouching on the ground, to his left there is a stool with a cup on it, and to his right there is a connected microphone.', 'D. There are two little purple figures in the picture, and the one on the left has a white headset on his head. In the middle of the two little people is a table with a white mouse on it.']",Prior,multiple
Multimodal Alignment_sample_43_3,Multimodal Alignment,Describe the correspond scene when a person said 'Some scientists think laughter took on expanded functions.'.,00:02:21,D,"['A. In the middle of the picture there is a monkey crouching on the ground, to his left there is a stool with a cup on it, and to his right there is a connected microphone.', 'B. There is a grey sofa in the picture, a red chessboard on the floor and three monkeys playing a game around it.', 'C. There are two purple figures in the picture, the one on the left of the picture is standing in the middle of an mechine, and the one on the right of the picture is wearing a white headphone and fiddling with a picture on the wall.', 'D. The background of the picture is white, and in the middle of the picture there is a little man wearing glasses and a white shirt and brown trousers.']",Prior,multiple
Multimodal Alignment_sample_43_4,Multimodal Alignment,Describe the correspond scene when a person said 'they laughed significantly longer and more often when another person was present.'.,00:03:08,A,"['A. The background of the picture is purple, there is a sofa in the middle of the picture, there are two people sitting on the sofa looking at a mobile phone, there is a table lamp on the left side of the sofa and a potted plant on the right side of the sofa.', 'B. In the middle of the picture there is a little man in a black vest and white trousers with his hands on his chest, on the left side of the picture there is a stool with a cup on it, and on the right side of the picture there is a microphone with a wire attached to it.', 'C. There is a picture of a people sitting on a sofa and smiling, he is holding a cup of coffee in his left hand and a mobile phone in his right hand.', 'D. The background of the picture is white, and in the middle of the picture there is a little man wearing glasses and a white shirt and brown trousers.']",Prior,multiple
Multimodal Alignment_sample_43_5,Multimodal Alignment,"Describe the correspond scene when a person said 'Similarly, we can tell whether a laugh is real or fake based.'.",00:03:50,B,"['A. The background of the picture is purple, there is a sofa in the middle of the picture, there are two people sitting on the sofa looking at a mobile phone, there is a table lamp on the left side of the sofa and a potted plant on the right side of the sofa.', ""B. The background of the picture is white, and in the middle of the picture there is a orange word that says 'HAHA' and a brown word that says 'HAHA'."", 'C. There is a people in the middle of the picture laughing at a seated brown bear.', 'D. There are two people talking in the picture, the person on the left is holding a child who is chewing on a pacifier and holding a toy, the child is looking at the person on the opposite side of the room.']",Prior,multiple
Multimodal Alignment_sample_44_1,Multimodal Alignment,Describe the correspond scene when a man said 'That's right-you're looking at some of the best breathers on Earth.'.,00:00:59,C,"['A. The scene is yellow with a person running in the middle of the frame wearing a blue sports vest and purple sports shorts.', 'B. The background of the picture is pink, the picture piece has a pair of black hands holding up a five-pointed star trophy, and there are a lot of coloured ribbons floating down in the picture.', 'C. The background of the picture is orange and yellow, there is a man with his hand on the glass in the middle of the picture, and there is a yellow fish and three blue and white fish in the picture.', 'D. The background of the picture is light green and in the middle of the picture there is a round glass window with a yellow fish in it.']",Prior,multiple
Multimodal Alignment_sample_44_2,Multimodal Alignment,"Describe the correspond scene when a man said 'When most fish take a breath, they first close these covers and take a gulp of water.'.",00:01:35,D,"['A. The scene shows the inside of a submarine with many buttons and dashboards, and two people sitting on two red chairs in the middle.', 'B. The background of the picture is blue and there is a green fish in the middle of the picture.', 'C. The background of the picture is orange and yellow, there is a man with his hand on the glass in the middle of the picture, and there is a yellow fish and three blue and white fish in the picture.', 'D. There is an instrument with a screen and buttons on the screen, which shows an image of a fish in the middle of the screen.']",Prior,multiple
Multimodal Alignment_sample_44_3,Multimodal Alignment,"Describe the correspond scene when a man said 'In fact, gills can absorb roughly seventy-five percent of the oxygen passing through them.'.",00:02:54,A,"['A. There is a screen with buttons and a screen together, the middle of the instrument displays a fish pattern with a few white words around the pattern and a blue progress bar below the screen.', 'B. The image shows a lens with a line attached pointing at a grey fish, with plants in the water and some small fish in the image.', ""C. There is a yellow sky with a few white clouds in the sky and an orange submarine's periscope emerging from blue water."", 'D. The background of the image is grey, with a plan view of the blood vessels of a fish in the middle of the image, and a few white words around the picture used to introduce the picture.']",Prior,multiple
Multimodal Alignment_sample_44_4,Multimodal Alignment,Describe the correspond scene when a man said 'where O2 dissolves into the water and begins circulating.'.,00:03:37,B,"['A. There is a screen with buttons and a screen together, the middle of the instrument displays a fish pattern with a few white words around the pattern and a blue progress bar below the screen.', ""B. The background of the image is purple, with an orange periscope in the upper right corner of the image pointing at the pink fish in the middle of the image, and 'BLOBFISH 1,200m' written in white letters underneath."", 'C. The background of the picture is light green, and in the middle of the picture there is a hand holding a gold-coloured pocket watch with a white dial containing a hand.', 'D. The picture shows an underwater scene with an orange submarine attached to a periscope on the left side of the picture, the periscope is pointing at the big fish on the right side of the picture, there are some water plants and rocks in the water, and there are two small yellow fish next to the big fish.']",Prior,multiple
Multimodal Alignment_sample_44_5,Multimodal Alignment,Describe the correspond scene when a man said 'Allowing them to survive out of the water for several days.'.,00:04:37,C,"[""A. There is an orange submarine on the left side of the screen, and the submarine's periscope is aimed at the red fish on the right side of the screen."", ""B. In the centre of the picture there is a mound with a blue fish in it, and at the bottom of the picture, in white letters, it says 'SNAILFISH 8,300m'."", 'C. A puddle with a brown fish in the middle of the picture and an orange sky with a few white clouds in the background.', 'D. The picture has an orange sky in the background, an orange bus on the left side of the picture, a tree on the right side of the picture, and in the middle of the picture there is a man wearing a blue long-sleeved shirt with binoculars in both hands looking into the distance.']",Prior,multiple
Multimodal Alignment_sample_45_1,Multimodal Alignment,Describe the correspond scene when a man said 'This is the cycle of procrastination.'.,00:00:42,D,"['A. The picture shows a cluttered room with a yellow baseball in the middle of the picture.', 'B. In the middle of the picture there is a person wearing a blue dress with pink stripes sitting on an orange carpet and looking in the direction of the camera with wide open eyes.', 'C. The image shows a cluttered room with a person sitting in the middle of the screen looking at the computer screen in front of her, her left hand on the screen and her right hand on the mouse, the light from the screen illuminating her shadow.', ""D. The background of the picture is pink, there is a circle in the middle of the picture, the letters 'PROCRASTINATION' are written around the circle, and there is a person looking at a mobile phone inside the circle.""]",Prior,multiple
Multimodal Alignment_sample_45_2,Multimodal Alignment,Describe the correspond scene when a man said 'Studies of procrastinating university students have found participants were more likely to put off tasks they perceived as stressful or challenging.'.,00:02:31,A,"[""A. The background of the screen is dark blue, there is a beige progress bar in the middle of the screen, the left side of the bar says 'TODAY', and the right side of the bar says 'DEADLINE'."", 'B. There is a crane machine in the picture, and a man with his hands pressed against the top of the glass of the crane machine is looking at the hook that catches the dolls in it.', 'C. The background of the image is dark blue, and in the middle of the image there is a human outline with a red brain and a white exclamation mark in it.', ""D. There is a grey grassy field with a grey bear standing behind a seated man with his arms raised and 'DEADLINE' written in white letters on the ground next to the grassy field.""]",Prior,multiple
Multimodal Alignment_sample_45_3,Multimodal Alignment,Describe the correspond scene when a man said 'because they're afraid their work won't live up to their high standards.'.,00:03:50,B,"['A. The picture shows two people with rackets standing on either side of a net playing tennis.', 'B. The background of the picture is a pale yellow colour, with a huge black square stone in the middle of the picture, and to the left of the stone there is a man standing on top of a ladder looking at the stone.', 'C. There is a ball net in the picture, on the left side of the net there is a person wearing a blue hat sitting cross-legged on the ground reading a computer, on the right side of the net there is a person lying on the ground reading a book.', ""D. The background of the picture is pink, there is a circle with 'PROCARASTINATION' written around it, and inside the circle there is a man playing with an hourglass.""]",Prior,multiple
Multimodal Alignment_sample_45_4,Multimodal Alignment,Describe the correspond scene when a man said 'We need to address and reduce these negative emotions.'.,00:04:52,C,"[""A. The background of the picture is dark blue, and there is a line of letters that reads 'HIGH STRESS'."", ""B. The background of the screen is blue, and there is a white hand wearing a watch with the word 'REPORT' written on the screen."", 'C. The background of the picture is pink and there is a spherical statue carved out of stone in the picture.', 'D. The background of the picture is pink, and in the middle of the picture there is an off-white stone slab with a white circle on it.']",Prior,multiple
Multimodal Alignment_sample_45_5,Multimodal Alignment,Describe the correspond scene when a man said 'Forgiving yourself and making a plan to do better next tirme.'.,00:05:18,D,"[""A. The background of the picture is pink, with 'TASK' written in white letters at the top of the picture, '1234' in the middle of the picture, a white arrow at the top of the numbers, and four white horizontal lines under each number."", ""B. The background of the picture is pink, and at the top of the picture there is a white word that says 'JOURNAL', and in the picture there are four white lines with the number 1234 written in front of them."", 'C. The background of the picture is pink and there is a spherical statue carved out of stone in the picture.', 'D. There is a purple bed on the left side of the picture, and in the room a man in dark blue is waving to each other with a white bear on the right side of the picture, who is holding a basket with sundries in his hand.']",Prior,multiple
Multimodal Alignment_sample_46_1,Multimodal Alignment,Describe the correspond scene when a man said 'Earth is a very special place.'.,00:01:19,A,"['A. The background of the picture is black, and in the middle of the picture there is a short-haired woman in a black suit suit wearing white earrings and a necklace speaking.', 'B. The background of the picture is black, and in the middle of the picture there is a short-haired woman wearing glasses and a black shirt speaking.', 'C. The background of the picture is black, and in the middle of the picture there is a man talking in a blue shirt with white spots on it, and the man has a black hat on his head and an orange rimmed glasses.', 'D. The image shows a scene in space with a star glowing yellow and the outline of the Earth in blue.']",Prior,multiple
Multimodal Alignment_sample_46_2,Multimodal Alignment,Describe the correspond scene when a man said 'upsetting weather patterns.'.,00:03:00,B,"['A. The background of the picture is black, and in the middle of the picture there is a man wearing a black hat with orange rimmed glasses and blue clothes with white spots waving his hands and speaking.', ""B. The sky is grey, there is a large mountain in the middle of the picture, and there is a white 'BBC' watermark in the upper left corner of the picture."", 'C. There is a dense green forest in the picture with white smoke coming out of it.', 'D. There is a green pool with a floating hippopotamus squirting water from its nose in the middle of the pool.']",Prior,multiple
Multimodal Alignment_sample_46_3,Multimodal Alignment,Describe the correspond scene when a man said 'swept away.'.,00:04:12,C,"['A. The image shows a dry land with many cracks in the middle of the land, a thick layer of dark clouds in the sky, and a bit of sunlight piercing through the clouds in the distant skyline.', 'B. The background of the picture is black, and there is a man wearing a black hat, a brown rimmed eye wearing a blue shirt with white dots, and talking with his hands open.', 'C. A hillside on the right side of the picture, a yellow desert in the middle, and a very big sandstorm in the picture.', 'D. The background of the picture is black and there is a woman wearing gold earrings and a necklace and a blue v-neck shirt talking in the picture.']",Prior,multiple
Multimodal Alignment_sample_46_4,Multimodal Alignment,Describe the correspond scene when a man said 'But the long era of the four terrestrial planets will be over.'.,00:05:45,D,"[""A. There is a picture of a rolling mountain range, a large red sun in the upper right-hand corner of the picture, and 'BBC' written in white letters in the upper left-hand corner of the picture."", 'B. There are many red flames in the background of the picture, a large black circle on the left side of the picture, and a smaller black circle on the right side of the large circle.', 'C. There is a reddish-orange sun in the middle of the picture, the sky is grey, and all the objects on the ground have only black outline shadows.', ""D. The background of the screen is black, with a red-orange circle on the left of the screen and a white 'BBC' logo in the top left corner of the screen.""]",Prior,multiple
Multimodal Alignment_sample_46_5,Multimodal Alignment,Describe the correspond scene when a man said 'Voyager begins to explore the ring system.'.,00:07:41,A,"[""A. The background of the screen is black, there is a white 'BBC' logo in the top left corner of the screen, and in the middle of the screen there is a black and white picture with a white circle spreading from the top right corner to the bottom left corner."", 'B. The background of the picture is black, and in the middle of the picture there is a woman in a dark red shirt waving her hands and speaking.', 'C. The background of the screen is black and in the middle of the screen there is a picture of a cell under the lens of a microscope.', ""D. The background of the image is black, there is a blue star in the center of the image with a circular belt of planets around it, and a white 'BBC' logo in the top left corner of the image.""]",Prior,multiple
Multimodal Alignment_sample_47_1,Multimodal Alignment,Describe the correspond scene when a man said 'And the Sun pours its energy down through the atmosphere and it hits the surface and the surface of the Earth then warms up.'.,00:01:49,B,"['A. The background of the picture is black and there is a man wearing black rimmed glasses and a black shirt talking in the picture.', 'B. The picture shows a view of a blue planet taken from outer space, with thick clouds on the planet.', 'C. The background of the picture is black, and the picture shows a view of space with a light blue planet in the centre of the picture.', 'D. The background of the image is black space, with the outline of a black planet in the center of the image, and a smaller white circular highlight to the right of this planet.']",Prior,multiple
Multimodal Alignment_sample_47_2,Multimodal Alignment,Describe the correspond scene when a man said 'They're not powered by sunlight like we have on the Earth.'.,00:03:23,C,"['A. The background of the picture is black, and in the middle of the picture there is a man wearing black rimmed glasses and a black shirt waving his hands and speaking.', 'B. The picture shows a view of a blue planet taken from outer space, with thick clouds on the planet.', 'C. A spinning grey-black vortex in the middle of the picture.', 'D. The picture shows a landscape in the sky with a golden sun in the middle of the picture and thick grey clouds in the upper and lower parts of the picture.']",Prior,multiple
Multimodal Alignment_sample_47_3,Multimodal Alignment,Describe the correspond scene when a man said 'MRO has made more than sixty thousand orbits.'.,00:06:58,D,"['A. There is a yellow mountain range in the picture and a round white dot can be seen in the distant yellow sky.', 'B. The image shows the surface of a brown planet with a circular mound on the surface and a reflective satellite flying in the centre of the image.', 'C. The background of the picture is black, and there is a blonde woman wearing a blue V-neckline shirt talking in the picture.', 'D. In the upper right corner of the image is a dark space with the outline of a huge brown planet and a satellite in flight in the centre of the image.']",Prior,multiple
Multimodal Alignment_sample_47_4,Multimodal Alignment,Describe the correspond scene when a man said 'Aridonia Basin is a huge basin in some of the most ancient crust on Mars.'.,00:07:50,A,"['A. The areas to the left and right of the image are brown planetary surfaces, and the middle of the image is covered by blue waters.', 'B. The background of the picture is black, and there is a woman wearing a blue V-neckline shirt speaking in the picture.', 'C. The background of the image is black and there is a golden reflective satellite in the middle of the image.', 'D. In the upper right corner of the image is a dark space with the outline of a huge brown planet and a satellite in flight in the centre of the image.']",Prior,multiple
Multimodal Alignment_sample_47_5,Multimodal Alignment,Describe the correspond scene when a man said 'And it is on the ancient sea bed that MRO sees something remarkable.'.,00:08:13,B,"['A. The areas to the left and right of the image are brown planetary surfaces, and the middle of the image is covered by blue waters.', 'B. The black and white image shows lots of little white dirt slopes and pits of all sizes.', 'C. There is a woman wearing a blue V-neckline shirt speaking in the picture.', 'D. The top half of the picture is an orange and white sky and the bottom half is a green ocean.']",Prior,multiple
Multimodal Alignment_sample_48_1,Multimodal Alignment,Describe the correspond scene when a person said 'never happen.'.,00:01:01,C,"[""A. The background of the picture is white, with the number '1905' written in the middle of the picture, with many concentric circles in the middle of the number and a thin black line at the bottom of the number."", 'B. The background of the picture is white, there is a black circle in the middle of the picture, inside the circle there are many white concentric circles, and on top of the black circle there is a clock tower building.', ""C. The background of the screen is white, and there is nothing in the screen but the 'BBC' logo in the upper left corner."", ""D. The background of the picture is white, with the number '1905' written in the middle of the picture, a black border above the number, and a bust of a man.""]",Prior,multiple
Multimodal Alignment_sample_48_2,Multimodal Alignment,Describe the correspond scene when a person said 'But a meteorologist named Edward Lawrence made chaos theory a visible phenomenon.'.,00:01:52,D,"[""A. The background of the picture is black with a white butterfly in the middle of the picture, surrounded by white text that says 'the ButtErfLy effect'."", ""B. The background of the picture is black, and in the centre of the picture is written in white 'ChAos ThEory'."", ""C. The background of the image is blue, with a short-haired woman in a white patterned shirt talking in the centre of the image, and 'Camilla Costa' written in white letters on the left side of the image."", ""D. The background of the picture is white, and in the centre of the picture there are several portraits of different people, with the words 'Edward Lorenz' written in black on the left side of the portraits.""]",Prior,multiple
Multimodal Alignment_sample_48_3,Multimodal Alignment,Describe the correspond scene when a person said 'But chaos is not the same as disorder.'.,00:03:36,A,"['A. The background of the picture is blue, and there is a short-haired woman wearing a white shirt with a floral pattern waving her hands and speaking.', ""B. The background of the picture is white, and in the centre of the picture there are several portraits of different people, with the words 'Edward Lorenz' written in black on the left side of the portraits."", 'C. The screen has a white background with several different character images, a white keyboard with four white motifs with black borders to the right of the largest character image and a browser interface showing the outline of the map.', 'D. The background of the image is white, on the left side of the image there are several images of smaller figures and one image of a larger figure on a black background, on the right side of the image there is a black horizontal line with a yellow butterfly on top of the horizontal line.']",Prior,multiple
Multimodal Alignment_sample_48_4,Multimodal Alignment,"Describe the correspond scene when a person said 'In the stock market, it reminds us that a slight fluctuation can cause a crisis in the market.'.",00:04:10,B,"['A. The background of the screen is black, and there is a long series of small white numbers in the middle of the screen.', 'B. The background of the picture is black, there are many white squares of different shapes linked by dotted lines, and there is a red curve extending from the upper left corner of the picture to the lower right corner of the picture.', 'C. The background of the picture is black, and there is a string of small white numbers and a figurehead in the picture.', 'D. The background of the screen is black, and there are many green squares of different shapes connected together by white dotted lines.']",Prior,multiple
Multimodal Alignment_sample_48_5,Multimodal Alignment,Describe the correspond scene when a person said 'Our universe continues to obey the laws of cause and effect.'.,00:04:37,C,"['A. The background of the image is black, the left side of the image has a white folded line of an electrocardiogram, and the right side of the image has a black and white shadow of a heart.', 'B. The scene shows the inside of a high-rise building with a transparent glass facade outside, several flights of stairs and many people inside.', 'C. On the left side of the screen is an image of the Earth taken in space, and on the right side of the screen is a cogwheel.', 'D. In the middle of the picture there is a girl in a white long-sleeved shirt chanting a white school bag holding a mobile phone in both hands and looking down at it, and in the background behind her there are several other children gathered around looking at their mobile phones.']",Prior,multiple
Multimodal Alignment_sample_49_1,Multimodal Alignment,"Describe the correspond scene when a person said 'Well, we're talking about atom, neutrons,protons,electrons.'.",00:00:20,D,"['A. The background of the picture is white, and there are several circular lines in the picture, with a small black ball on each line.', 'B. In the middle of the picture there is a man wearing a lapel shirt and a brown long-sleeved jumper waving his hands as he speaks.', 'C. There is a golden coloured container with many small holes in the middle of the container and a black chip with pins in the picture.', ""D. The background of the image is black, there is a simulated molecular structure in the image, and there are four yellow arrows and three yellow letters reading 'NEUTRONS', 'PROTONS' and 'ELECTRONS'.""]",Prior,multiple
Multimodal Alignment_sample_49_2,Multimodal Alignment,Describe the correspond scene when a person said 'Quantum mechanical properties.'.,00:01:14,A,"[""A. A man wearing glasses, a grey shirt and a blue jacket is standing in front of a black border with a blackboard on which is written in white letters 'QUANTUM MECHANICAL PROPERTIES'."", 'B. There is a long-haired woman wearing an orange shirt and a man wearing glasses and a taupe shirt sitting in front of a computer discussing the situation, and there is a whiteboard full of writing on the wall of the room.', 'C. There is a transparent container on the table with a purple square object held by a silver tweezer on top of the container.', 'D. There is a pair of blue-gloved hands with a tool screwing a screw next to the yellow machine in the picture.']",Prior,multiple
Multimodal Alignment_sample_49_3,Multimodal Alignment,Describe the correspond scene when a person said 'It's a zero or it's a one.'.,00:02:00,B,"[""A. A man wearing glasses, a grey shirt and a blue jacket is standing in front of a black border with a blackboard on which is written in white letters 'QUANTUM MECHANICAL PROPERTIES'."", 'B. The picture shows a man in a collared shirt and brown jumper standing in a white room waving his hands and talking.', 'C. Green table with different pool balls scattered on the table.', 'D. The picture shows a sophisticated machine with two layers of yellow discs with vertical tubes of different styles above and below the discs.']",Prior,multiple
Multimodal Alignment_sample_49_4,Multimodal Alignment,"Describe the correspond scene when a person said 'And if you're a transistor, you can only be at the North Pole or the South Pole.'.",00:02:28,C,"['A. The background of the picture is white, and in the middle of the picture there is a golden-coloured instrument, which has many small holes and a black square chip in the middle.', 'B. The picture shows a man in a collared shirt and brown jumper standing in a white room waving his hands and talking.', 'C. The background of the picture is black, there is a rotating earth in the picture, the upper part of the earth has a yellow 0 and an arrow to the right, and the lower part of the earth has a yellow 1 and an arrow to the left.', 'D. The background of the picture is black, and there is a blue object in the middle of the picture, which is surrounded by a number of thin, twisting and rotating blue lines.']",Prior,multiple
Multimodal Alignment_sample_49_5,Multimodal Alignment,Describe the correspond scene when a person said 'what we can do with our conventional computers.'.,00:04:08,D,"['A. In the middle of the picture there is a man in a lapel shirt and brown jumper waving his hands and speaking in a room.', 'B. In the middle of the picture there is a man wearing a grey shirt and blue jacket and glasses standing in front of a blackboard and speaking, with a few white lines and circles drawn on the right side of the blackboard.', 'C. The background of the picture is black, there is a rotating earth in the picture, the upper part of the earth has a yellow 0 and an arrow to the right, and the lower part of the earth has a yellow 1 and an arrow to the left.', 'D. The picture shows a black lady wearing amber-rimmed glasses sitting in front of a computer looking at the computer screen.']",Prior,multiple
Multimodal Alignment_sample_50_1,Multimodal Alignment,Describe the correspond scene when a man said 'The tiny probe detects volatile chemical elements in concentrations that no one had thought possible this close to the Sun.'.,00:01:00,A,"['A. The picture shows a view of the surface of the Moon, with many craters of different sizes, and in the middle of the picture there is a satellite with solar panels flying on the surface of the Moon.', 'B. The background of the picture is black, and in the middle of the picture there is a picture of the surface of the planet in the shape of a semicircle.', 'C. A white satellite with two solar panels rotating in the middle of the frame, with golden reflections on the surface of the solar panels.', 'D. The background of the picture is black and there is a man in a blue shirt talking in the middle of the picture.']",Prior,multiple
Multimodal Alignment_sample_50_2,Multimodal Alignment,Describe the correspond scene when a man said 'In the region of space where the young Earth is also forminng.'.,00:04:05,B,"[""A. The screen's background is black, there is a woman with short black hair wearing glasses and a black T-shirt talking in the center of the screen. "", 'B. The screen shows a picture on a black background with a huge planet in the centre of the screen, illuminated by the yellow sun in its outline, and a smaller white planet on the left side of the screen.', 'C. The background of the screen is black, and in the middle of the screen there is a man in a blue shirt waving his hands as he speaks.', 'D. The screen shows a picture with a black background and a hemispherical moon in the middle of the screen, where the greyish-white surface of the moon and some craters can be seen.']",Prior,multiple
Multimodal Alignment_sample_50_3,Multimodal Alignment,Describe the correspond scene when a man said 'And once we were out of fuel we could no longer burn our engines to keep from crashing into Mercury.'.,00:06:13,C,"['A. The background of the picture is black, and there are two huge planets colliding together with sparks glowing on their surface.', 'B. The background of the screen is black, there is a large planet in the upper right corner of the screen, an asteroid on fire and broken up, and a lot of debris from the planets in the screen.', 'C. The background of the picture is black and there is a man in a blue shirt talking in the picture.', 'D. The screen shows a lot of dark red flames with a black dot moving in the middle of these flames.']",Prior,multiple
Multimodal Alignment_sample_50_4,Multimodal Alignment,Describe the correspond scene when a man said 'That protection keeps solar wind and other ionizing radiation off of the surface.'.,00:07:58,D,"['A. The background of the picture is black with a glowing sun in the middle of the picture.', 'B. A yellow sun in the middle of the screen with grey clouds above and below the sun.', 'C. The background of the picture is black and there is a man with short white hair wearing a pink shirt talking in the middle of the picture.', 'D. There is a grey cloud cover in the picture, and in the middle the sun shines through the cloud on the mountains and river below.']",Prior,multiple
Multimodal Alignment_sample_50_5,Multimodal Alignment,"Describe the correspond scene when a man said 'It's best seen at the poles, but across Earth it's protecting our atmosphere and all life on our planet.'.",00:08:46,A,"['A. There is a green aurora borealis in the sky and the shadow of a mountain range in the picture.', 'B. The background of the picture is black and there is a long-haired woman wearing a black sleeveless vest talking in the picture.', 'C. The background of the picture is black and in the middle of the picture there is a man with short white hair wearing a pink shirt waving his hands and talking.', 'D. There is a snow-covered mountain range in the picture, with a few grey clouds drifting by above the blue-white sky.']",Prior,multiple
Scene Understanding_sample_1_1,Scene Understanding,Please describe the scene that just occurred in the video?,00:00:42,B,"[""A. Close-up of a juvenile bird in a combination of dark brown, gray and black, with the narrator saying 'Their chicks are still in their dark juvenile plumage.'."", ""B. A flock of black birds with white spots flying from the ground, some still on the ground, the narrator says 'Whilst the more advanced chicks take to the air.'."", ""C. A group of black birds with white spots standing on the ground, the narrator says 'They vary in age.'."", ""D. A flock of blue birds with white spots fly from the ground, some are still on the ground, the narrator says 'Whilst the more advanced chicks take to the air.'.""]",Prior,multiple
Scene Understanding_sample_1_2,Scene Understanding,Please describe the scene that just occurred in the video?,00:00:51,D,"[""A. A flock of black birds with white spots flying from the ground, some still on the ground, the narrator says 'Whilst the more advanced chicks take to the air.'."", ""B. A dark blue bird with white spots fluttered on the ground and couldn't fly, the narrator said 'others aren't quite ready yet.'."", ""C. A group of black birds with white spots standing on the ground, the narrator says 'They vary in age.'."", ""D. A black bird with white spots fluttering on the ground, the narrator says 'others aren't quite ready yet.'.""]",Prior,multiple
Scene Understanding_sample_1_3,Scene Understanding,Please describe the scene that just occurred in the video?,00:01:15,C,"[""A. A flock of black birds with white spots flying from the ground, some still on the ground, the narrator says 'Whilst the more advanced chicks take to the air.'."", ""B. A flock of flying birds over a desert, with a patch of vegetation not far from the desert, the narrator says 'Those just starting to learn to fly.'."", ""C. A flock of flying birds above a patch of beach, with a patch of vegetation not far from the beach, the narrator says 'Those just starting to learn to fly.'."", ""D. A black bird with white spots fluttering on the ground, the narrator says 'others aren't quite ready yet.'.""]",Prior,multiple
Scene Understanding_sample_1_4,Scene Understanding,Please describe the scene that just occurred in the video?,00:01:26,B,"[""A. A blue and white bird landed on a blue sea, and the narrator said 'It's difficult for some of them to stay aloft for long.'."", ""B. A black-and-white bird landed on the blue sea, the narrator said 'It's difficult for some of them to stay aloft for long.'."", ""C. A flock of flying birds above a patch of beach, with a patch of vegetation not far from the beach, the narrator says 'Those just starting to learn to fly.'."", ""D. A black bird with white spots fluttering on the ground, the narrator says 'others aren't quite ready yet.'.""]",Prior,multiple
Scene Understanding_sample_1_5,Scene Understanding,Please describe the scene that just occurred in the video?,00:01:52,D,"[""A. A small fish swims in a clear sea, and the narrator says 'Giant trevallies.'."", ""B. A black-and-white bird flies over the blue sea, the narrator says 'It's difficult for some of them to stay aloft for long'."", ""C. A flock of flying birds above a beach with a patch of vegetation not far from it, the narrator says 'Those just starting to learn to fly'."", ""D. A huge fish swimming in the clear sea, the narrator says 'Giant trevallies.'.""]",Prior,multiple
Scene Understanding_sample_2_1,Scene Understanding,Please describe the scene that just occurred in the video?,00:00:23,B,"[""A. A small black and yellow frog lies on a green leaf as the narrator says 'This is a poison dart frog'."", ""B. A tadpole swims in the water in the center of a green plant and the narrator says 'Nice and safe'."", ""C. A small black and yellow frog climbs on a mossy branch, and the narrator says 'Males raise their young in a very special way'."", ""D. A little black and yellow frog hops around on a green mossy branch and the narrator says 'A father will place each one of his tadpoles'.""]",Prior,multiple
Scene Understanding_sample_2_2,Scene Understanding,Please describe the scene that just occurred in the video?,00:00:41,B,"[""A. A tadpole swims in the water in the center of a green plant as the narrator says, 'Nice and safe.'."", ""B. A tadpole is lying on a green leafy plant with a little water around it. The narrator says, 'This one isn't doing so well.'."", ""C. A tadpole is lying on a green leafy plant with no water around it. The narrator says, 'This one isn't doing so well.'."", ""D. A small black and yellow frog hopped around on a green mossy branch as the narrator said 'A father will place each one of his tadpoles.'.""]",Prior,multiple
Scene Understanding_sample_2_3,Scene Understanding,Please describe the scene that just occurred in the video?,00:00:52,D,"[""A. A black and red frog is sitting on a curved leaf of a green plant and chirping, and the narrator says 'Unless its father can find a better place for it.'."", ""B. A tadpole is lying on the leaf of a green plant with a bit of water around it, and the narrator says 'This one isn't doing so well.'."", ""C. A small black and yellow frog hopping on a branch covered with green moss, the narrator says 'A father will place each one of his tadpoles.'."", ""D. A black and yellow frog is sitting on a curved leaf of a green plant and chirping, and the narrator says 'unless its father can find a better place for it.'.""]",Prior,multiple
Scene Understanding_sample_2_4,Scene Understanding,Please describe the scene that just occurred in the video?,00:01:13,A,"[""A. A yellow and black frog with a tadpole on its back is jumping on a yellow leaf, and the narrator says 'Fathers are no bigger than a human thumbnail.'."", ""B. A tadpole is lying on a green plant leaf with a little water around it, and the narrator says 'This one isn't doing so well.'."", ""C. A yellow and white frog with a tadpole on its back hopping on a yellow leaf, the narrator says 'Fathers are no bigger than a human thumbnail.'."", ""D. A black and yellow frog is sitting on a curved leaf of a green plant and chirping as the narrator says 'UNLESS its father can find a better place for it.'.""]",Prior,multiple
Scene Understanding_sample_2_5,Scene Understanding,Please describe the scene that just occurred in the video?,00:02:07,C,"[""A. A yellow and black frog with a tadpole on its back is jumping on a yellow leaf, and the narrator says 'Fathers are no bigger than a human thumbnail.'."", ""B. Two small green and yellow frogs on a branch, one of them chirping, the narrator says 'A female could do something a mae cannot.'."", ""C. Two black and yellow froglets on a branch, one of them chirping, narrator says 'A female could do something a mae cannot.'."", ""D. A black and yellow frog is sitting on a curved leaf of a green plant and chirping as the narrator says 'UNLESS its father can find a better place for it.'.""]",Prior,multiple
Scene Understanding_sample_3_1,Scene Understanding,Please describe the scene that just occurred in the video?,00:01:11,A,"[""A. A pangolin is licking food out of a crevice in a rock with its long tongue, and the narrator says 'Her sticky tongue, some 30 centimetres long.'."", ""B. A pangolin walks forward on the grass and the narrator says 'But it's hidden.'."", ""C. A pangolin sniffs the ground and is surrounded by dry land, the narrator says 'A pangolin.'."", ""D. A pangolin sniffs the ground as it passes through green plants on dry land, and the narrator says 'A keen sense of smel enables her todetect the presence of ants and termites.'.""]",Prior,multiple
Scene Understanding_sample_3_2,Scene Understanding,Please describe the scene that just occurred in the video?,00:01:35,B,"[""A. A pangolin is licking food out of a crevice in a rock with its long tongue, and the narrator says 'Her sticky tongue, some 30 centimetres long.'."", ""B. A golden meadow with rolling hills in the background, the grasses swaying in the wind, the narrator says 'The drier it gets, the deeper the termites live.'."", ""C. A blue meadow with rolling hills in the background, the grass swaying in the wind, the narrator says 'The drier it gets, the deeper the termites live.'."", ""D. A pangolin sniffs the ground as it passes through green plants on dry land, and the narrator says 'A keen sense of smel enables her todetect the presence of ants and termites.'.""]",Prior,multiple
Scene Understanding_sample_3_3,Scene Understanding,Please describe the scene that just occurred in the video?,00:01:45,B,"[""A. A pangolin is licking food out of a crevice in a rock with its long tongue, and the narrator says 'Her sticky tongue, some 30 centimetres long.'."", ""B. An aardvark is walking on the grass, the narrator says 'But not of an aardvark.'."", ""C. A golden meadow with rolling hills in the background, the grasses swaying in the wind, the narrator says 'The drier it gets, the deeper the termites live.'."", ""D. An aardvark is running on the grass and the narrator says 'But not of an aardvark.'.""]",Prior,multiple
Scene Understanding_sample_3_4,Scene Understanding,Please describe the scene that just occurred in the video?,00:02:03,D,"[""A. An aardvark runs through the grass and sniffs the ground with its nose, the narrator says 'Its sense of smel is extremely acute.'."", ""B. A golden meadow with rolling hills in the background, the grasses swaying in the wind, the narrator says 'The drier it gets, the deeper the termites live.'."", ""C. An aardvark is walking on the grass, the narrator says 'But not of an aardvark.'."", ""D. An aardvark is walking through the grass while sniffing the ground with its nose, the narrator says 'Its sense of smel is extremely acute.'.""]",Prior,multiple
Scene Understanding_sample_3_5,Scene Understanding,Please describe the scene that just occurred in the video?,00:02:23,B,"[""A. An aardvark is digging the ground with its hind limbs, surrounded by dry land, and the narrator says 'Shovel-like claws and powerful leg.'."", ""B. An aardvark is digging the ground with its forelegs, surrounded by dry land, narrator says 'Shovel-like claws and powerful leg.'."", ""C. An aardvark is walking on the grass, the narrator says 'But not of an aardvark.'."", ""D. An aardvark is walking through the grass while sniffing the ground with its nose, the narrator says 'Its sense of smel is extremely acute.'.""]",Prior,multiple
Scene Understanding_sample_4_1,Scene Understanding,Please describe the scene that just occurred in the video?,00:00:25,A,"[""A. A group of crabs are crawling on the rocks and they are all looking at the sea, the narrator says 'waiting for the tide to go out.'."", ""B. A crab walks on a rock, and the words 'Crab vs. Eel vs. Octopus' are in the scene, and the narrator says 'One of thousands of shore crabs just waiting for their moment.'."", ""C. A group of crabs walking on a rocky shore. The narrator says 'One of thousands of shore crabs just waiting for their moment.'."", ""D. A group of crabs crawling on the rocks, with the sea below, and the narrator says, 'Every day, they gather on the tropical shores of Brazil.'.""]",Prior,multiple
Scene Understanding_sample_4_2,Scene Understanding,Please describe the scene that just occurred in the video?,00:00:41,B,"[""A. A group of crabs are crawling on the rocks and they are all looking at the sea, the narrator says 'waiting for the tide to go out.'."", ""B. A green seaweed-covered rock, washed by the sea, with a deep blue ocean and cliffs in the background, the narrator says 'Seaweed-covered rocks, 100 meters from the shore.'."", ""C. A blue seaweed-covered rock, washed by the sea, with a deep blue ocean and cliffs in the background, the narrator says 'Seaweed-covered rocks, 100 meters from the shore.'."", ""D. A group of crabs crawling on the rocks, with the sea below, and the narrator says, 'Every day, they gather on the tropical shores of Brazil.'.""]",Prior,multiple
Scene Understanding_sample_4_3,Scene Understanding,Please describe the scene that just occurred in the video?,00:00:53,C,"[""A. A group of crabs are crawling on the rocks and they are all looking at the sea, the narrator says 'waiting for the tide to go out.'."", ""B. A green seaweed-covered rock, washed by the sea, with a deep blue ocean and cliffs in the background, the narrator says 'Seaweed-covered rocks, 100 meters from the shore.'."", ""C. A crab with black markings on its back leaps up from the rocks, the narrator says 'Getting there is a race against the tide.'."", ""D. A crab with blue spots on its back jumps up from the rock and the narrator says 'Getting there is a race against the tide.'.""]",Prior,multiple
Scene Understanding_sample_4_4,Scene Understanding,Please describe the scene that just occurred in the video?,00:01:35,D,"[""A. A green spotted moray eel bites a crab standing on a rock and grabs it into the sea, the narrator says 'And for good reason.'."", ""B. A green seaweed-covered rock, washed by the sea on the seashore, with a deep blue ocean and cliffs in the background, the narrator says 'Seaweed-covered rocks, 100 meters from the shore.'."", ""C. A crab with black spots on its back leaps up from the rocks, the narrator says 'Getting there is a race against the tide.'."", ""D. A moray eel with brown markings bites a crab standing on a rock and grabs it into the sea, and the narrator says 'And for good reason.'.""]",Prior,multiple
Scene Understanding_sample_4_5,Scene Understanding,Please describe the scene that just occurred in the video?,00:01:55,A,"[""A. A moray eel with brown markings is hiding by a rock and the narrator says 'The chain moray is a specialist crab hunter.'."", ""B. A moray eel with green spots is hiding next to a rock and the narrator says 'The chain moray is a specialist crab hunter.'."", ""C. A crab with black spots on its back leaps up from a rock, and the narrator says 'Getting there is a race against the tide.'."", ""D. A moray eel with brown markings bites a crab standing on a rock and grabs it into the sea, the narrator says 'And for good reason.'.""]",Prior,multiple
Scene Understanding_sample_5_1,Scene Understanding,Please describe the scene that just occurred in the video?,00:00:59,A,"[""A. A tiger rests on the grass with its eyes closed, and the narrator says 'Mother and sons.'."", ""B. A black crow stands on a branch and chirps, the narrator says 'Alarm calls warn of an intruder.'."", ""C. A tiger walks in the forest, and the narrator says 'This time, it's an adult male tiger.'."", ""D. A tiger lies in a rocky waterhole surrounded by trees, the narrator says 'This is the cub's favorite waterhole.'.""]",Prior,multiple
Scene Understanding_sample_5_2,Scene Understanding,Please describe the scene that just occurred in the video?,00:01:03,B,"[""A. A tiger rests on the grass with its eyes closed, and the narrator says 'Mother and sons.'."", ""B. Two tigers were resting on their stomachs in the forest, surrounded by bushes, and the narrator said 'sleep off their meal.'."", ""C. Two tigers resting on their backs in the forest, surrounded by berry bushes, as the narrator says 'sleep off their meal.'."", ""D. A tiger lies in a rocky waterhole surrounded by trees, and the narrator says 'This is the cub's favorite waterhole.'.""]",Prior,multiple
Scene Understanding_sample_5_3,Scene Understanding,Please describe the scene that just occurred in the video?,00:02:32,C,"[""A. A tiger rests on its back in the grass with its eyes closed, and the narrator says 'Mother and sons.'."", ""B. Two tigers were resting on their stomachs in the forest, surrounded by bushes, and the narrator said 'sleep off their meal.'."", ""C. A tiger lies down in a puddle in a rocky area, while another cub is at the puddle, and the narrator says 'Tiger fathers rarely meet their offspring.'."", ""D. A tiger lying in a rocky puddle, another adult tiger at the puddle, and the narrator says 'Tiger fathers rarely meet their offspring.'.""]",Prior,multiple
Scene Understanding_sample_5_4,Scene Understanding,Please describe the scene that just occurred in the video?,00:02:47,D,"[""A. A tiger is walking in the forest, surrounded by rocks, foliage and trees, the narrator says 'But while he is patrolling the forest.'."", ""B. Two tigers were resting on their stomachs in the forest, surrounded by bushes, and the narrator said 'sleep off their meal.'."", ""C. A tiger lies down in a puddle in a rocky area, while another cub is at the puddle, and the narrator says 'Tiger fathers rarely meet their offspring.'."", ""D. A tiger is walking in the forest, surrounded by rocks, dead leaves and trees, the narrator says 'But while he is patrolling the forest.'.""]",Prior,multiple
Scene Understanding_sample_5_5,Scene Understanding,Please describe the scene that just occurred in the video?,00:03:22,A,"[""A. A big tiger and three tiger cubs are walking on a path in the forest, and the narrator says 'She still has to provide for the whole family.'."", ""B. A big tiger and three cubs walking on a path by a river, the narrator says 'She still has to provide for the whole family.'."", ""C. A tiger lying in a puddle in a rock, another tiger cub at the puddle, narrator says 'Tiger fathers rarely meet their offspring.'."", ""D. A tiger is walking in the forest, surrounded by rocks, dead leaves and trees, the narrator says 'But while he is patrolling the forest.'.""]",Prior,multiple
Scene Understanding_sample_6_1,Scene Understanding,Please describe the scene that just occurred in the video?,00:00:55,B,"[""A. A group of monkeys sitting on the wall is barking, a mother monkey wearing a child on the abdomen walking, the narrator says: 'and forced to live on the fringes of the troop.'."", ""B. The little monkey was carried away by a mother monkey without children. A few meters away, the little monkey looked at his mother and begged for saving. the narrator says, 'He's only a few meters away.'."", ""C. The little monkey is playing on the ground, the monkey on the side suddenly picked up the little monkey, the monkey mother reaction is too late, the little monkey was stolen, the narrator explains: 'he's been snatched stolen by a higher ranking female.'."", ""D. A mother monkey is holding a little monkey, and the little monkey is scratching its legs and looking around. The narrator says: 'As outcasts, their only comfort is each other.'.""]",Prior,multiple
Scene Understanding_sample_6_2,Scene Understanding,Please describe the scene that just occurred in the video?,00:01:34,B,"[""A. A mother monkey picked up the little monkey, the little monkey shouted in defiance, and the narrator said: 'the kidnapper has never raised the baby before.' ,Then the mother monkey carried the baby monkey away and walked away."", ""B. A monkey looks ahead and jumps onto the stone wall to follow in the footsteps of another monkey. The narrator says, 'the young mother can't let them out of her sight.'."", ""C. A car came in front of the monkey. The monkey leaned against the wall to avoid it. Then it came to the wall beside the road. The narrator says, 'they're headed towards a cable car tower.'."", 'D. A monkey holding a little monkey, walking slowly on the ground, the little monkey constantly Shouting.']",Prior,multiple
Scene Understanding_sample_6_3,Scene Understanding,Please describe the scene that just occurred in the video?,00:02:38,B,"[""A. A female monkey quickly climbs on the high ledge and looks around at the movements of the other monkey. The narrator says, 'they are thirty meters up.'."", ""B. the little monkey looks at his mother from the other side of the wire, and the narrator says, 'the kidnapper refuses to surrender him.'."", ""C. A monkey carrying a baby goes to the mother. The mother reaches out to grab her baby and fails. The narrator says: 'if she tried to grab her baby and fails, he could fall to his death.'."", 'D. A monkey holding a baby monkey came to a fence, the monkey mother looked at the baby in the arms of another monkey, as the monkey mother approached, the other monkey held the baby monkey in the arms to prevent the monkey mother from succeeding.']",Prior,multiple
Scene Understanding_sample_6_4,Scene Understanding,Please describe the scene that just occurred in the video?,00:02:48,A,"[""A. A mother monkey stands on a bridge and looks down through a transparent grid as the narrator says, 'and do it, she needs to recruit another macaque.'."", ""B. A baby monkey looks at its mother from the other end of a barbed wire fence as the narrator says, 'The kidnappers refused to hand it over.'."", ""C. A baby monkey's mother looks ahead helplessly, then around the room as the narrator says, 'Mom can try to do it.'."", ""D. A monkey carries a baby monkey toward its mother. The mother reaches for the baby monkey, but is unsuccessful because she is afraid the baby will get hurt. The narrator says, 'If she tries to grab the baby monkey but fails, the baby monkey will fall to its death.'.""]",Prior,multiple
Scene Understanding_sample_6_5,Scene Understanding,Please describe the scene that just occurred in the video?,00:03:57,B,"[""A. A monkey is looking for a tick on another monkey. A little monkey outside the wire grabs the wire to watch its mother. The narrator says, 'it's the basis for peace in makak society.'."", ""B. The three monkeys are next to each other. The little monkey goes back to his mother. The narrator says, 'The kidnap is over. And the youngster can climb back.'."", ""C. A monkey, holding the baby monkey, climbs from one side of the wire fence to the side with two monkeys, and the narrator says: 'eventually the urge to join in is just to strong.'."", ""D. A monkey is helping another monkey to find a tick on his body, in perfect harmony, the narrator says: 'all monkeys love to be groomed even by a low ranking female.'.A. A monkey is looking for a tick on another monkey. A little monkey outside the wire grabs the wire to watch its mother. The narrator says, 'it's the basis for peace in makak society.'."", ""B. The three monkeys are next to each other. The little monkey goes back to his mother. The narrator says, 'The kidnap is over. And the youngster can climb back into his mother's arms.'."", ""C. A monkey, holding the baby monkey, climbs from one side of the wire fence to the side with two monkeys, and the narrator says: 'eventually the urge to join in is just to strong.'."", ""D. A monkey is helping another monkey to find a tick on his body, in perfect harmony, the narrator says: 'all monkeys love to be groomed even by a low ranking female.'.""]",Prior,multiple
Scene Understanding_sample_7_1,Scene Understanding,Please describe the scene that just occurred in the video?,00:00:41,B,"['A. A leopard came quietly, the antelope raised its head when it noticed it, and the leopard stopped and pricked up its ears to listen so as not to be exposed. Nerve-racking music is played here.', ""B. An antelope was grazing when a leopard slowly approached it and the narrator said, 'The male puku is close enough, but he's too big totackle.'."", 'C. A leopard lies in wait in a ravine as an antelope grazes ', ""above it. The narrator says, 'The steep walls of the ravine now served as cover for its ambush.'."", ""D. A leopard gazes ahead and the commentator says, 'He is the most versatile of all the big cats'.""]",Prior,multiple
Scene Understanding_sample_7_2,Scene Understanding,Please describe the scene that just occurred in the video?,00:01:35,D,"[""A. A herd of elk is grazing in a meadow as a leopard moves quietly deeper into the ravine. The narrator says, 'To succeed here, she needs to find prey grazing close to the edge.'."", ""B. B. An antelope was grazing when a leopard slowly approached it and the narrator said, 'The male puku is close enough, but he's too big totackle.'."", ""C. An antelope is grazing and a leopard is slowly making its way to the other end of the ravine. The narrator says 'Slowly does it.'."", ""D. A herd of antelope is grazing in the grass while a leopard is moving quietly deeper into thea ravine. The narrator says, 'To succeed here, she needs to find prey grazing close to the edge.'.""]",Prior,multiple
Scene Understanding_sample_7_3,Scene Understanding,Please describe the scene that just occurred in the video?,00:02:32,C,"[""A. The lion wagged his tail in disappointment and continued through the canyon in search of his next target, to which the narrator said, 'If you success, you can starve for a week.'."", ""B. A leopard slowly approaches an antelope in the canyon, the antelope senses it, raises its head and runs away in fear. The narrator says, 'Frustrated'."", ""C. The leopard wagged its tail in disappointment and continued through the canyon in search of its next target; the narrator said, 'Success would have staved off hunger for a week.'."", 'D. A leopard bends down in the canyon and posturing in preparation for the hunt; an antelope is still grazing, not realizing the danger. The amount of tense background music playing here.']",Prior,multiple
Scene Understanding_sample_7_4,Scene Understanding,Please describe the scene that just occurred in the video?,00:02:49,C,"[""A. One antelope looks around, another watches the other antelope foraging, some monkey sit on the ground frolicking, and the narrator says, 'But while there's prey around, there's hope.'."", ""B. A leopard slowly pokes its head out of the canyon to see what's going on up there Narrator says, 'peeking over the top is a risk.'."", ""C. A herd of antelope grazes on the grass and then walk around. The narrator says, 'But it's the quickest way to find a new target.'."", ""D. The leopard wagged its tail in disappointment and continued through the canyon in search of its next target; the narrator said, 'Success would have staved off hunger for a week.'.""]",Prior,multiple
Scene Understanding_sample_7_5,Scene Understanding,Please describe the scene that just occurred in the video?,00:03:54,B,"[""A. The elk's head peeked out of the ravine, from which it quickly departed. It miraculously escaped the leopard's yoke, and the narrator says, 'Except it isn't.Dazed and disorientated, the impala makes a miraculous esscape.'."", ""B. The gazelle's head peeked out of the ravine, from which it quickly departed. It miraculously escapes the leopard's yoke, and the narrator says, 'Dazed and disorientated, the impala makes a miraculous esscape.'."", ""C. A leopard launches a swift attack from the gorge, suddenly pouncing on the fleeing antelope, grabbing it by the neck and then dragging it into the gorge. 'A burst of speed of 65 kilometers an hour,and it's all over in less than six seconds.'."", ""D. An antelope was looking around in the grass when it spotted danger and let out a 'poof'. The other antelope looks up and scurries away. The soundtrack makes people very nervous.""]",Prior,multiple
Scene Understanding_sample_8_1,Scene Understanding,Please describe the scene that just occurred in the video?,00:01:25,A,"[""A. A group of penguins are standing on the snow, two of them walk off leaving a young penguin behind, the narrator says 'Now both parents can head off to sea to go fishing.'."", ""B. An adult penguin opens its beak and prepares to feed its young in its arms, the narrator says 'For the last few weeks, the mother and father have taken it in turn to feed their offspring.'."", ""C. A juvenile penguin is lying on its stomach underneath an adult penguin, chewing its food, and the narrator says 'But its growing appetite will soon forceboth parents to go away fishing at the same time.'."", ""D. An adult penguin kicks a juvenile penguin out of the way, and the narrator says 'Sometimes it takes a wel timed kick.'.""]",Prior,multiple
Scene Understanding_sample_8_2,Scene Understanding,Please describe the scene that just occurred in the video?,00:01:41,B,"[""A. A group of penguins are standing on the snow, two of them walk away leaving a young penguin behind, the narrator says 'Now both parents can head off to sea to go fishing.'."", ""B. Two young penguins with gray body feathers are walking on the snow, the narrator says 'For the first time, the chicks will have to face the elements without a parent to protect them.'."", ""C. Two little penguins with black body feathers walk on the snow and the narrator says 'For the first time, the chicks will have to face the elements without a parent to protect them.'."", ""D. an adult penguin kicks a juvenile penguin out of the way, and the narrator says 'Sometimes it takes a wel timed kick.'.""]",Prior,multiple
Scene Understanding_sample_8_3,Scene Understanding,Please describe the scene that just occurred in the video?,00:01:52,C,"[""A. A group of penguins are standing on the snow, two of them walk away leaving a young penguin behind, the narrator says 'Now both parents can head off to sea to go fishing.'."", ""B. Two young penguins with gray body feathers are walking on the snow, the narrator says 'For the first time, the chicks will have to face the elements without a parent to protect them.'."", ""C. A juvenile penguin is lying on its belly underneath an adult penguin, who chases away another juvenile penguin with gray body feathers, as the narrator says 'Other adults certainly won't look after them.'."", ""D. A juvenile penguin lying on its belly underneath an adult penguin, the adult penguin chases away another juvenile penguin with white body feathers and the narrator says 'Other adults certainly won't look after them.'.""]",Prior,multiple
Scene Understanding_sample_8_4,Scene Understanding,Please describe the scene that just occurred in the video?,00:02:02,D,"[""A. A group of adult penguins gather together in the snow, and the narrator says 'So lone chicks gather together for comfort.'."", ""B. Two young penguins with gray body feathers are walking on the snow, the narrator says 'For the first time, the chicks will have to face the elements without a parent to protect them.'."", ""C. A juvenile penguin is lying on its belly underneath an adult penguin, who chases away another juvenile penguin with gray body feathers, as the narrator says 'Other adults certainly won't look after them.'."", ""D. A group of juvenile penguins gathered together in the snow, the narrator says 'So lone chicks gather together for comfort.'.""]",Prior,multiple
Scene Understanding_sample_8_5,Scene Understanding,Please describe the scene that just occurred in the video?,00:02:38,B,"[""A. A group of black penguin chicks huddled together in the snow, forming a small huddle, as the narrator said 'The chicks instinctively create their own mini huddle, just as their fathers do.'."", ""B. A group of gray penguin chicks huddle together in a small group on the snow, and the narrator says 'The chicks instinctively create their own mini huddle, just as their fathers do.'."", ""C. A juvenile penguin is lying on its belly underneath an adult penguin, who chases away another juvenile penguin with gray body feathers, as the narrator says 'Other adults certainly won't look after them.'."", ""D. A group of juvenile penguins gathered together in the snow, the narrator says 'So lone chicks gather together for comfort.'.""]",Prior,multiple
Scene Understanding_sample_9_1,Scene Understanding,Please describe the scene that just occurred in the video?,00:00:46,A,"[""A. A deep blue ocean with sunlight passing through the surface. The narrator says 'from many kilometers away and will lead it to its next meal.'."", ""B. A shark is swimming in a deep blue ocean, a close-up of the shark is shown and the narrator says 'The blue shark.'."", ""C. A shark is swimming in a deep blue sea, the sunlight penetrates the sea, the shark is in the center of the picture and the narrator says 'It travels over 8,000 kilometres a year.'."", ""D. A shark is swimming in a deep blue ocean, the image shows an overhead view of the shark and the narrator says 'This one may not have eaten for two months.'.""]",Prior,multiple
Scene Understanding_sample_9_2,Scene Understanding,Please describe the scene that just occurred in the video?,00:01:22,B,"[""A. A deep blue sea with sunlight passing through it. The narrator says 'from many kilometers away and will lead it to its next meal.'."", ""B. The wreckage of a dead whale floating on a deep blue ocean, with a shark hovering next to the wreckage, the narrator says 'A dead whale recently struck by a ship.'."", ""C. The remains of a dead dolphin floating in a deep blue sea, with a shark hovering over the remains, the narrator says 'A dead whale recently struck by a ship.'."", ""D. A shark swims in a deep blue sea, the scene shows an overhead view of the shark, the narrator says 'This one may not have eaten for two months.'.""]",Prior,multiple
Scene Understanding_sample_9_3,Scene Understanding,Please describe the scene that just occurred in the video?,00:02:25,C,"[""A. A deep blue sea with sunlight passing through it. The narrator says 'from many kilometers away and will lead it to its next meal.'."", ""B. The remains of a dead whale were floating on a deep blue sea, and a shark was hovering beside the remains, and the narrator said 'A dead whale recently struck by a ship.'."", ""C. A white shark munches on the remains of a dead whale as the narrator says 'Great whites are eager to feed on energy-rich whale blubber.'."", ""D. A blue shark munches on the remains of a dead whale as the narrator says 'Great whites are eager to feed on energy-rich whale blubber.'.""]",Prior,multiple
Scene Understanding_sample_9_4,Scene Understanding,Please describe the scene that just occurred in the video?,00:03:01,D,"[""A. A school of sharks swam in the dark green ocean, the narrator said 'As the oils from this dead whale spread more widely.'."", ""B. The remains of a dead whale floated in a deep blue sea, and a shark hovered near the remains, the narrator said 'A dead whale recently struck by a ship.'."", ""C. A shark hovers near the remains of a dead whale floating in the deep blue sea, and the narrator says 'A dead whale recently struck by a ship.'."", ""D. A group of sharks swimming in the deep blue ocean, the narrator says 'As the oils from this dead whale spread more widely.'.""]",Prior,multiple
Scene Understanding_sample_9_5,Scene Understanding,Please describe the scene that just occurred in the video?,00:03:29,A,"[""A. A group of sharks are eating the remains of a dead whale, and the narrator says 'Within days, the carcass wil be stripped of its blubber.'."", ""B. A shark hovers near the remains of a dead whale floating in the deep blue sea, and the narrator says 'A dead whale recently struck by a ship.'."", ""C. A white shark munches on the remains of a dead whale as the narrator says 'Great whites are eager to feed on energy-rich whale blubber.'."", ""D. A school of sharks swims in the deep blue ocean, the narrator says 'As the oils from this dead whale spread more widely.'.""]",Prior,multiple
Scene Understanding_sample_10_1,Scene Understanding,Please describe the scene that just occurred in the video?,00:00:48,A,"[""A. A green leaf has some frog eggs about to hatch attached to it, the narrator says 'There are several clutches on the leaf.'."", ""B. A small frog jumped in the green grass, the narrator said 'Danger past.'."", ""C. A little frog is lying on its back on the green leaves, and the narrator says 'And that's just as well, because he is a father.'."", ""D. A little frog is lying on a leaf with a nest of eggs next to it, and the narrator says 'And he's guarding some very precious eggs.'.""]",Prior,multiple
Scene Understanding_sample_10_2,Scene Understanding,Please describe the scene that just occurred in the video?,00:01:14,B,"[""A. A green leaf has some frog eggs about to hatch attached to it, the narrator says 'There are several clutches on the leaf.'."", ""B. A wasp is looking at the frogs' eggs on the leaf, the narrator says 'This wasp is a specialist hunter of frogs' eggs.'."", ""C. A wasp is looking at the frogs' eggs attached to a yellow leaf and the narrator says 'This wasp is a specialist hunter of frogs' eggs.'."", ""D. A little frog is lying on a leaf with a nest of eggs next to it, and the narrator says 'And he's guarding some very precious eggs.'.""]",Prior,multiple
Scene Understanding_sample_10_3,Scene Understanding,Please describe the scene that just occurred in the video?,00:01:56,C,"[""A. A green leaf has some frog eggs about to hatch attached to it, the narrator says 'There are several clutches on the leaf.'."", ""B. A wasp is looking at the frogs' eggs attached to the green leaf, and the narrator says 'This wasp is a specialist hunter of frogs' eggs.'."", ""C. a wasp rests on a maple leaf eating frogs' eggs, the narrator says 'But these tadpoles are not as helpless as they might appear.'."", ""D. a wasp resting on a green leaf is eating frog eggs, the narrator says 'But these tadpoles are not as helpless as they might appear.'.""]",Prior,multiple
Scene Understanding_sample_10_4,Scene Understanding,Please describe the scene that just occurred in the video?,00:02:09,D,"[""A. A green leaf has some frog eggs about to hatch attached to it, the narrator says 'There are several clutches on the leaf.'."", ""B. A wasp is looking at the frogs' eggs attached to the green leaf, and the narrator says 'This wasp is a specialist hunter of frogs' eggs.'."", ""C. A wasp rests on a maple leaf eating frogs' eggs, the narrator says 'But these tadpoles are not as helpless as they might appear.'."", ""D. A wasp resting on a green leaf is eating frog eggs, and in the frog egg next to it the frog pup jumps out of the egg sac, the narrator says 'Incredibly, the unhatched tadpoles can sense danger.'.""]",Prior,multiple
Scene Understanding_sample_10_5,Scene Understanding,Please describe the scene that just occurred in the video?,00:03:25,A,"[""A. A wasp is approaching next to a green frog and the narrator says 'The wasp's stings could kill him.'."", ""B. A wasp is looking at the frog's eggs attached to a green leaf, the narrator says 'This wasp is a specialist hunter of frogs' eggs.'."", ""C. A wasp resting on a maple leaf is eating frogs' eggs, the narrator says 'But these tadpoles are not as helpless as they might appear.'."", ""D. A wasp resting on a green leaf is eating a frog's egg, and in the frog's egg next to it the frog pup jumps out of the egg sac, the narrator says 'Incredibly, the unhatched tadpoles can sense danger.'.""]",Prior,multiple
Scene Understanding_sample_11_1,Scene Understanding,Please describe the scene that just occurred in the video?,00:00:48,A,"[""A. A man wearing a black raincoat and carrying a backpack trudges down the river through a narrow gap in the rocks and says 'Keep out of it as much as you can.'."", ""B. A man dressed in black and wearing a hat carrying a backpack and a bundle of ropes walks through the snow and the presenter says 'The obvious route to the coast and safety.'."", ""C. A man dressed in black standing next to a river, he reaches out and points into the distance and says 'Okay, just follow this down.'."", ""D. A man in a black raincoat and black gloves is pointing to a gorge and asks 'See this gorge?'.""]",Prior,multiple
Scene Understanding_sample_11_2,Scene Understanding,Please describe the scene that just occurred in the video?,00:01:45,B,"[""A. A man dressed in black, wearing black gloves and carrying a rucksack trudges down the river through narrow rocky crevices and says 'Keep out of it as much as you can.'."", ""B. A man wearing black clothes, black gloves, and a backpack is pulling on a green and orange rope tied to a rock with rocks and water flowing in the background and says 'It's gonna be strong enough.'."", ""C. A man dressed in black, wearing black gloves and carrying a backpack is standing next to a river, he reaches out and points into the distance and says 'Okay, just follow this down.'."", ""D. A man wearing black clothes, black gloves and a backpack is pulling on a green and red rope tied to a rock with rocks and water flowing in the background, the man says 'It's gonna be strong enough.'.""]",Prior,multiple
Scene Understanding_sample_11_3,Scene Understanding,Please describe the scene that just occurred in the video?,00:02:30,C,"[""A. A man dressed in black, wearing black gloves and carrying a rucksack trudges down the river through narrow rocky crevices and says 'Keep out of it as much as you can.'."", ""B. A man wearing black clothes, black gloves, and a backpack is pulling on a green and orange rope tied to a rock with rocks and water flowing in the background and says 'It's gonna be strong enough.'."", ""C. A man wearing black clothes, black gloves, and a backpack is pulling on a green and orange rope and says 'I'm gonna get the rope back!'."", ""D. A person wearing black clothes, red gloves and a backpack is pulling on a green and orange rope and says 'I'm gonna get the rope back!'.""]",Prior,multiple
Scene Understanding_sample_11_4,Scene Understanding,Please describe the scene that just occurred in the video?,00:03:03,D,"[""A. A man wearing black clothes, black gloves and a white backpack is struggling to cross a river, the man in the background says 'The average man burns 2,500 calories a day.'."", ""B. A man wearing black clothes, black gloves, and a backpack is pulling on a green and orange rope tied to a rock with rocks and water flowing in the background and says 'It's gonna be strong enough.'."", ""C. A man wearing black clothes, black gloves, and a backpack is pulling on a green and orange rope and says 'I'm gonna get the rope back!'."", ""D. A man wearing black clothes, black gloves and a black backpack is struggling to cross a river and the man in the background says 'The average man burns 2,500 calories a day.""]",Prior,multiple
Scene Understanding_sample_11_5,Scene Understanding,Please describe the scene that just occurred in the video?,00:03:33,A,"[""A. A man wearing black clothes, black gloves and a backpack standing by a stream pointing to the sky and saying 'You know, out there in the high mountains'."", ""B. A man wearing black clothes, black gloves and a backpack who is pulling on a green and orange rope tied to a rock with rocks and water flowing in the background says 'It's gonna be strong enough'."", ""C. A man wearing black clothes, black gloves and a backpack pulling on a green and orange rope and saying 'I'm gonna get the rope back!'."", ""D. A man wearing black clothes, black gloves and a black backpack is struggling to cross a river and the man in the background says 'The average man burns 2,500 calories a day.'.""]",Prior,multiple
Scene Understanding_sample_12_1,Scene Understanding,Please describe the scene that just occurred in the video.,00:00:49,D,"[""A. A pangolin uses its sense of smell to find food, and the narrator says, 'This insect-eating prehistoric manmal has walked panet Earth for 80 million years.'."", ""B. A pangolin uses its sharp claws to pick away at the dirt, and the narrator says, 'its powerful claws have evolved to tear open termite mounds.'."", ""C. A pangolin searches for food in a wet and bare bamboo forest, and the narrator says, 'In Mandarin, Pangolin means an animal that can dig its way out of the mountains.'."", ""D. A pangolin uses its eyes to look into the mouth of a cave to see if there is any food. The narrator says: 'A pangolin can consume 70 million insects a year.'.""]",Prior,multiple
Scene Understanding_sample_12_2,Scene Understanding,Please describe the scene that just occurred in the video.,00:01:07,C,"[""A. A pangolin searches for food in a wet and bare bamboo forest, and the narrator says, 'In Mandarin, Pangolin means an animal that can dig its way out of the mountains.'."", ""B. A pangolin walks in a bamboo forest. The narrator says, 'earning it the title guardian of the forest.'."", ""C. A pangolin slowly crawls to the entrance of a cave. The narrator says: 'shy nocturnal creatures, they spend most of the day in underground burrows.'."", ""D. A pangolin uses its eyes to look into the mouth of a cave to see if there is any food. The narrator says: 'A pangolin can eat 70 million insects a year, helping to maintain the balance of the ecosystem.'.""]",Prior,multiple
Scene Understanding_sample_12_3,Scene Understanding,Please describe the scene that just occurred in the video.,00:01:37,A,"[""A. A pangolin is in a cave and hovers to protect itself. The narrator says:'The are poached for their scales.'."", ""B. A pangolin slowly crawls to the entrance of a cave. The narrator says: 'shy nocturnal creatures, they spend most of the day in underground burrows.'."", ""C. A pangolin's body is covered with scales, the narrator says:'formed like human fingernails from keratin.'."", ""D. A pangolin walks in a bamboo forest. The narrator says, 'earning it the title guardian of the forest.'.the ecosystem.'.""]",Prior,multiple
Scene Understanding_sample_12_4,Scene Understanding,Please describe the scene that just occurred in the video.,00:02:16,A,"[""A. A pangolin walks slowly through withered leaves, which the narrator says 'to save this extraordinary careture from extinction.'."", ""B. A pangolin searches for food among the withered bamboo leaves, which, the narrator says, 'drives them to the brink of extinction.'."", ""C. A pangolin's body is covered with dense and hard scales, neatly organized, which the narrator says:'are formed of keratin like human fingernails.'."", ""D. A pangolin slowly crawls to the entrance of the cave. 'They are shy, nocturnal animals that spend most of the day in underground burrows,' says the narrator.""]",Prior,multiple
Scene Understanding_sample_12_5,Scene Understanding,Please describe the scene that just occurred in the video.,00:02:28,C,"[""A. A pangolin crawls next to a stream, and the narrator says, 'although their scales have officially been, banned from use in traditional medicine.'."", ""B. A pangolin crawls slowly and the narrator says: 'it's going to take rigorous enforcement from extinction.'."", ""C. Several people are picking tea leaves, the narrator says: 'Is perhaps the greatest symbol of how.'."", ""D. A pangolin searches for food among the withered bamboo leaves, which, the narrator says, 'drives them to the brink of extinction.'.""]",Prior,multiple
Scene Understanding_sample_13_1,Scene Understanding,Please describe the scene that just occurred in the video?,00:00:45,B,"[""A. A man in a blue shirt points to the red fruits in the cactus and says, 'see these very distinct red tops to them.'."", ""B. A man in a blue shirt takes the tail of a snake and puts it on a stick and uses a knife to cut off part of it saying, 'Take the rattle off, give that as a present to my little boy, and then the meat of this and just roast on a bit of this Devil's Walking Stick.'."", ""C. A man in a blue shirt peels the body and skin of a snake with great force and says, 'By fire going I can skin this snake and get it cooked.'."", ""D. A man in a blue shirt carefully puts the fruit of a cactus ball with a knife and says: 'And that's truly gorgeous.'.""]",Prior,multiple
Scene Understanding_sample_13_2,Scene Understanding,Please describe the scene that just occurred in the video?,00:01:58,C,"[""A. A man wearing a blue shirt and carrying a black book bag collects green plants around him and says: 'There are still light to collect some creosote bush for a mattress.'."", ""B. A man in a blue shirt spreads green plants on the floor and says: 'Not only because the bugs hate it, keeps them away from me but it also masks my smell,which is going to help me keep the mountain lions away from this cave.'."", ""C. A man in a blue shirt picks up a roasted snake and observes: 'Why is it everything around here is either spiky sharp or out to kill you?'."", ""D. A man in a blue shirt picks up the scuttled snake meat and puts it inside the fire to roast, says: 'Good thing about this because all the spikes it's going to grip to it really nicely. And then the green wood won't burn, the snake will cook that supper.'.""]",Prior,multiple
Scene Understanding_sample_13_3,Scene Understanding,Please describe the scene that just occurred in the video?,00:02:39,C,"[""A. A man in a blue shirt says, while eating the food in his hand, 'People pften say that snakes taste like chicken. But you konw what? They just don't. It's more like flame-grilled sinewy bone and skin.'."", ""B. A man in a blue shirt catch a small animal in a rock crevice and says, 'Fast little fella, but actually if you just take the head off that and then the squeeze the guts out, that's gonna be a good little, munch on the way.'."", ""C. A man wearing a red and black jacket and carrying a black backpack walks down a steep rock face and says, 'Opportunities to find some seafood'."", ""D. A man in a blue shirt holding a handful of processed food in his hand says:'that's gonna be a good little, munch on the way.'. The food is then put into his mouth.""]",Prior,multiple
Scene Understanding_sample_13_4,Scene Understanding,Please describe the scene that just occurred in the video?,00:04:47,D,"[""A. A man wearing a red cloths takes the food in his hand and brings it to his mouth says, 'Above all it's warming.'."", ""B. A man naked from the waist up comes out of the water, picks up the knife to mercy a fish and says, 'Oh! One trigger fish.'."", ""C. A man naked from the waist up holding a fish in one hand and a knife in the other pointed at the fish and says:'Man look at the teeth on that thing, they're almost human.'."", ""D. A man naked from the waist up holds the fish up, pulls up the fins and says:'that will go up, acts like a Barb to stop any bigger fish trying to swallow it.'.""]",Prior,multiple
Scene Understanding_sample_13_5,Scene Understanding,Please describe the scene that just occurred in the video?,00:05:53,A,"[""A. A man builds a fire and roasts food in the dark of night, and the narrator says, 'we're just 500 miles north of the equator, where the sun rises and falls vertically.'."", ""B. A man naked from the waist up feeds food into his mouth but touches his mouth from side to side with a pained expression and says: 'They've got a queue on it, slides on one side and you munch the other.'."", ""C. A man naked from the waist up slowly cuts the body of a fish open with a knife and says: 'Let's get him gutted.I'm saving the meat for later.'."", ""D. A man naked from the waist up cuts out the fish's eye and then holds it in his hand and hands it to the photographer, says: 'And there you go, see that? It looks pretty horrible but really nutritious and lots of good fluids in it.'.""]",Prior,multiple
Scene Understanding_sample_14_1,Scene Understanding,Please describe the scene that just occurred in the video.,00:00:45,B,"[""A. A man squats down and describes to the plant in front of him, 'These are little immature fern fronds and there are actually edible, and indigenous people around here will harvest these and then eat them but you need to boil them twice before you do eat them but you can recognise them just from these monkey tail shape that they have and also the way they are covered in this kind of horrible loopy slime.'."", ""B. A man strokes the plant on the ground and says, 'But they develop this just to protect themselves from being eaten from bugs. ', then he cuts down the plant on the ground."", ""C. A man just comes out of a cave and looks around, and the interpreter says: 'The rainforest here has over nine feet of rainfall every year and it's home over a million species of plants and animals.'."", ""D. A man cautiously walks through a puddle and the narrator says, 'I'm out of the cloud forests of Ecuador, and I'm entering the dark jungles of the mighty Amazon.'.""]",Prior,multiple
Scene Understanding_sample_14_2,Scene Understanding,Please describe the scene that just occurred in the video.,00:01:45,D,"[""A. A man comes out into the open looking around and explains, 'I'm definitely now down in the rainforest"", ""and I can tell this just because the height of the tree canopies above me, some of these are probably about 80 foot high and also it's much much more humid down here, really noticeably so.'."", ""B. A man walks in and out of a small stream when the narrator says, 'In the wet season this would be a raging torrent, but at the moment I can use it to lead me down.'."", ""C. A man looks around after jumping over a stump and explains, 'You can see here where two streams meet in like a junction but the important thing is just keep following the flow of the water downhill.'."", ""D. As the man continues to cross the stream, the narrator says, 'This part of the Amazon has a huge variety of wildlife.'.""]",Prior,multiple
Scene Understanding_sample_14_3,Scene Understanding,Please describe the scene that just occurred in the video.,00:03:55,C,"[""A. A man walks in and out of a stream when the narrator explained, 'The Amazon rainforest is also full of life, that's easy on the palate.'."", ""B. The man slowly crosses the river and then enters the dense jungle, the narrator says, 'The rain will distract the fish and make it easier to get in close.'."", ""C. The man picks away at the dead wood on the ground and flattens it with his knife as he explains, 'The Boam Whitling is designed for fishing.'."", ""D. The man looks at the river around him and says, 'Just picking in to drizzle again and that's a good time for a bit of fishing as well.'.""]",Prior,multiple
Scene Understanding_sample_14_4,Scene Understanding,Please describe the scene that just occurred in the video.,00:04:46,D,"[""A. A man holds a stick and surveys it in detail and says, 'This Chonata palm wood has just been perfect. It's taken me about 15 minutes and already I've whiteeled that down into something about the right length.'."", ""B. The man puts the stick over his shoulder to check that it is straight and the narrator says, 'A Wirrani hunter will take days to make one of these but they expect theirs to last for years.'."", ""C. The man walks slowly through the jungle where the palm grows, and the narrator says, 'The Pitta Palm grows throughout the jungle. The leaves contain long fibers that make perfect.'."", ""D. The man takes a palm leaf and carefully cuts through the barbs of the palm leaf with his knife and says, 'This pitta has these nasty little barbs all the way down, so the first thing I need to do is just take those off.'.""]",Prior,multiple
Scene Understanding_sample_14_5,Scene Understanding,Please describe the scene that just occurred in the video.,00:05:35,C,"[""A. A man explains, 'Then I just want to separate the fleshy bit from the actual strong back of these leaves.', while breaking palm leaves with both hands."", ""B. A man sticks a knife in a tree and puts the torn palm leaves in his mouth to weave them, he explains: 'And I just take the strands of this, put it in my mouth and then start to weave it.'."", ""C. The man ties the woven palm fronds to the wood explains, 'And now to attach it what I've done down this end I've put a simple bowling loop onto it there.'."", ""D. The man puts the palm fronds to his mouth to weave as the narrator says: 'Weaving the strands together, increases their strength and durability.'.""]",Prior,multiple
Scene Understanding_sample_15_1,Scene Understanding,Please describe the scene that just occurred in the video?,00:00:46,A,"[""A. The man in a grey jacket faces the camera in agony and explains, 'Definitely a good full-arm workout.'."", ""B. As the man in a grey jacket climbs downward, he breathes heavily and says, 'Oh, look, I stand on this bit there. Give my arms a rest.'."", ""C. As the man in a grey jacket grabbed the vines man and climbed slowly downward, the narrator explained, 'This vine looks strong enough to take my weight, but it's going to be hard work for my arms.'."", ""D. A man in a grey jacket his way through the weeds, and the narrator says, 'I'm deep in the jungles of Borneo. I've successfully descended from the canopy.'.""]",Prior,multiple
Scene Understanding_sample_15_2,Scene Understanding,Please describe the scene that just occurred in the video?,00:01:57,B,"[""A. The man in a grey jacket and trousers found a centipede on the stone wall, pointed a stick at it and said, 'Check this guy almost landed on. And to be honest I have no idea what that is.'."", ""B. The man in a grey jacket and trousers takes the vine-man from his backpack and then hangs it on a rock aside as he says: 'Throw all of this end down. And then just loop this straight over, jam it in.'."", ""C. The man in a grey jacket and trousers looks around at a huge pit below and explains, 'I can't see any handy vines to help me down the next stage, so it's time for my jungle rattan rope.'."", ""D. The man in a grey jacket and trousers points a stick at the crawling centipede and says: 'What I do know is that he's brightly colored. And if he survives down here,he survives by packing a punch or something.'.""]",Prior,multiple
Scene Understanding_sample_15_3,Scene Understanding,Please describe the scene that just occurred in the video?,00:02:56,C,"[""A. The man in a grey jacket and trousers surrounds himself with a green vine and explains:'And then just do a South African rappel. Grab the two ends around the waist.'."", ""B. The man in a grey jacket and trousers grasps grabs the vine in one hand , then clmbs donw from hole explaining:'Another 20 foot I'm down.'."", ""C. The man in a grey jacket and trousers uses a flint to light a fire stick in the dark as the narrator says, 'the bamboo shavings, excellent for taking the spark from a striker.'."", ""D. A man in a grey jacket and trousers slowly climbs down, and the narrator says: 'But it needs a leap of faith, to commit yourself to a thin line of vegetation.'.""]",Prior,multiple
Scene Understanding_sample_15_4,Scene Understanding,Please describe the scene that just occurred in the video?,00:03:45,A,"[""A. A man in a grey jacket and trousers straightens his clothes and explains to the camera:'It's eerily quiet suddenly. There's always so much noise when you're actually in the jungle down here.'. He then picks up a burning torch and looks around."", ""B. The man in a grey jacket and trousers explains to the camera by the faint light of the fire:'you can also find flesh eating cockroaches.And they'll live off bat guano,but also only birds or bats that fall to the ground.'."", ""C. The man in a grey jacket and trousers explains as he puts away the vine man in a grey jacket and trousers, 'Okay let's get this stowed and try and find a way through this cave'."", ""D. The man in a grey jacket and trousers walks forward with a burning torch inside the dark cave saying, 'just a crazy place down here'.""]",Prior,multiple
Scene Understanding_sample_15_5,Scene Understanding,Please describe the scene that just occurred in the video?,00:04:47,C,"[""A. A man in a grey jacket and trousers points to the black substance on the rocks by the faint light of the fire and explaines: 'ACTUALLY, the caves of Borneo are famous for their bird's nest. Some of them are actually made out of bird's saliva.'."", ""B. The man in a grey jacket and trousers reaches down to the black nest to potter out a bird's egg while explaining, 'These ones aren't financially valuable, but they could provide a simple meal.'."", ""C. The man in a grey jacket and trousers uses his hand to pull another egg out of the nest, which he pops into his mouth as the narrator says, 'My meal wasn't large to begin with, it's even smaller now.'."", ""D. The man in a grey jacket and trousers popped a bird's egg and tried to put it in his mouth, but discarded it when it tasted bad, saying: 'Actually, that's not rotten.'.""]",Prior,multiple
Scene Understanding_sample_16_1,Scene Understanding,Please describe the scene that just occurred in the video?,00:00:52,A,"[""A. The man in the gray jacket swims to shore, dripping wet and says, 'Definitely hammering on that.'."", ""B. The man in the gray jacket and pants slowly climbs down from the tree, and the narrator says, 'I've wrestled down a fallen tree and rung myself out after torrential rain.'."", ""C. A river appears in front of the man and the man in the gray jacket and pants tries to find another way and accidentally falls into the river as the narrator says, 'But the jungle isn't finished with me yet.'."", ""D. A man in a gray jacket and a black backpack walks through a thick, deep forest, and the narrator says, 'I'm fighting my way through the jungle of Borneo.'.""]",Prior,multiple
Scene Understanding_sample_16_2,Scene Understanding,Please describe the scene that just occurred in the video?,00:02:02,B,"[""A. A man in a grey jacket and trousers had a leech on his abdomen, and the man pulled it off and said: 'Best thing to do is grab him by the held and then twist him off.'."", ""B. A man in a grey jacket and trousers picks a side of greenery and then puts it in his mouth to chew it up, then pu it on the wound, he explains, 'All you do, grab some of the top young leaves, chew them up, make into a pulp, and then take that and put it straigt onto the wound.'."", ""C. The man in a grey jacket and trousers lifts up his jacket, which is covered with blood stains, and explains: 'look all of those are just blood stains on my shirt.'."", ""D. The man lifts up his shirt and points to the leech bite and explains, 'you see even that, the wound look. And what they do is inject an anticoagulant.'.""]",Prior,multiple
Scene Understanding_sample_16_3,Scene Understanding,Please describe the scene that just occurred in the video?,00:02:36,C,"[""A. A man in a grey jacket and trousers sticks chewed greenery to a wound, he explains:'And that will help the blood calculate and the least bite to heal itself.'."", ""B. A man in a grey jacket and trousers cautiously follows the river downstream, holding onto the rocks as he steadily progresses, the narrator says:'following the river makes navigation easier, but that doesn't, guarantee that you can move any faster.'."", ""C. The man in a grey jacket and trousers squats down in the shallow part of the river and explains, 'I know this is slow, but it is quicker than trying to hack through the actual jungle itself.'."", ""D. The man in a grey jacket and trousers walks forward with his arms outstretched, keeping his balance, and the narrator says:'These wet rocks covered in slime mean there's a constant risk of twisted ankle or worse.'.""]",Prior,multiple
Scene Understanding_sample_16_4,Scene Understanding,Please describe the scene that just occurred in the video?,00:05:38,D,"[""A. A man in a grey jacket and trousers places a fish trap in a river, after which he says 'And when they teach survival in the military, they talk about fish first.'."", ""B. A man in a grey jacket and trousers walks to a high place in the jungle and the narrator says 'Next to sort out somewhere to sleep.'."", ""C. The man in a grey jacket and trousers squats down in the shallow part of the river and explains, 'I know this is slow, but it is quicker than trying to hack through the actual jungle itself.'."", ""D. A large pit appears in front of the camera and a man in a grey jacket and trousers carrying a school bag walks towards a tree in the deep forest, the narrator says 'I plan to imitate Borneo's famous orangutans and build a nest up in the trees.'.""]",Prior,multiple
Scene Understanding_sample_16_5,Scene Understanding,Please describe the scene that just occurred in the video?,00:05:51,C,"[""A. A man in a grey jacket and trousers places a fish trap in a river, after which he says 'And when they teach survival in the military, they talk about fish first.'."", ""B. A man in a grey jacket and trousers walks to a high place in the jungle and the narrator says 'Next to sort out somewhere to sleep.'."", ""C. The man in a grey jacket and trousers walks up to a tree and gestures with his hand as he explains: 'See this? A couple of trees linking together. limbs that aren't too high up the tree might be able to use this for some sort of overnight shelter.'."", ""D. A large pit appears in front of the camera and a man in a grey jacket and trousers carrying a school bag walks towards a tree in the deep forest, the narrator says 'I plan to imitate Borneo's famous orangutans and build a nest uo in the trees.'.""]",Prior,multiple
Scene Understanding_sample_17_1,Scene Understanding,Please describe the scene that just occurred in the video?,00:00:51,B,"[""A. A man in dark blue in a helicopter pokes his head out into the camera and says: 'heading for a group of islands with almost no habitation on them.'."", ""B. A man wearing the dark blue packs up his gear, puts on his sunglasses and jumps out of the plane. The narrator says, 'we're at ten thousand feet, this is one jump I've gotta get right.'."", ""C. A helicopter was flying over a coral reef. A man in dark blue stuck his head out of the helicopter and said: 'the reef below me is part of the coral triangle and is absolutely vast. Almost the size of Australia.'."", ""D. A helicopter hovers over an island and the narrator says, 'I'm going to show you how to stay alive on remote islands like these, where so many castaways before me have failed.'.""]",Prior,multiple
Scene Understanding_sample_17_2,Scene Understanding,Please describe the scene that just occurred in the video?,00:01:45,B,"[""A. The man in dark blue falls from the sky and doing all kinds of movements. The narrator says, 'I'm at terminal velocity around 130 miles an hour, what I'm looking for now is a safe point of entry.'."", ""B. The man in dark blue wearing dark glasses says to the camera: 'Ready for impact.', then flies out to sea."", ""C. The man in dark blue pulls his parachute in position and explains to the camera: 'I can't land on the island, just trees and cliffs.'."", ""D. The man in dark blue pulls the parachute with both hands to control the direction, and the narrator says, 'I'm heading for deep water.'.""]",Prior,multiple
Scene Understanding_sample_17_3,Scene Understanding,Please describe the scene that just occurred in the video?,00:02:48,C,"[""A. The man in dark blue swims with A black backpack and explains, 'it doesn't look very far from here, but l've now experienced distances at sea, can be deceptive.'."", ""B. Man in blue struggling to walk on his legs in the water, there are coral reefs in the water, the narrator says:'I've got to watch myself on the coral reef. One cut out here can spell bad news.'."", ""C. The man in dark blue struggles to get from the water to the land. Looking back at the distance he has swum, he says, 'Nothing very beachy coconut about this island, look.'."", ""D. An island appears in front of the camera and the narrator says:'steep sided islands like this are thought to be the remains of the cone of a volcano, most of which has now been eroded away.'.""]",Prior,multiple
Scene Understanding_sample_17_4,Scene Understanding,Please describe the scene that just occurred in the video?,00:03:54,B,"[""A. The man in dark blue is carrying A black backpack and walking through the jungle. He explains:'Truly hellish terrain all of this. Everything gramming onto you, cutting and pulling you back.'."", ""B. Several vines appear in front of the camera, stretching all the way to the top of the cliff. The narrator steps aside and says 'These roots fan out from the trunker.'."", ""C. The man in dark blue stroked the wet stone wall and explained, 'never get up this, look.'."", ""D. The man in dark blue grabs a tree vine and pulls it down to see if it is strong. He says:'Makes you climb, that goes all the way to the top. But it's way too thin to be able to hold on to that.'.""]",Prior,multiple
Scene Understanding_sample_17_5,Scene Understanding,Please describe the scene that just occurred in the video?,00:04:47,A,"[""A. The man in dark blue climbs with difficulty until he reaches A stone wall a short distance from the top, stops there, adjusts himself and says, 'sorry I can't talk at the moment.'."", ""B. The man in dark blue in front of the camera uses all his strength to climb up, it seems very difficult, the narrator says, 'The best technique is to use your legs to drive your body upwards.'."", ""C. The man in dark blue climbs halfway to the cliff with the help of vines, looks down, and says with difficulty, 'These sort of things, you just got to pace yourself.'."", ""D. The man in dark blue wants to grab the vines with both hands and push forward with both feet together. The narrator says: 'it's around four stories to the top. once I've committed there's no turning back.'.""]",Prior,multiple
Scene Understanding_sample_18_1,Scene Understanding,Please describe the scene that just occurred in the video?,00:00:53,A,"[""A. A man in the grayish-green coat picks up hay and wood from the ground and puts them in his hands. Then he places them in an open area. The narrator says: 'When night falls the temperature will plummet but a fire and some food will always help you thought the night.'."", ""B. A man in the grayish-green shirt wearing dark glasses and a black backpack crawls up a stone wall to the top of the mountain. The narrator says: 'I escaped the scorching heat of the Arizona desert by climbing up into the Sky Island mountains.'."", ""C. A man in the grayish-green shirt wearing a black backpack walks slowly through a complex road surrounded by dense vegetation. The narrator says: 'In a matter of hours you can pass through six different environments from the blistering desert to subalpine forest.'."", ""D. The man in the grayish-green shirt looks at the mountains ahead, then puts on his gray-green coat and explains: 'Being up this high though, there's a whole new series of challenges but also opportunities.'.""]",Prior,multiple
Scene Understanding_sample_18_2,Scene Understanding,Please describe the scene that just occurred in the video?,00:01:53,B,"[""A. A man in the grayish-green coat took two silver iron rods from his black and blue backpack, and then explained:' You can do that just with two bits of tubes. I've taken this off the ultralight and they fit nicely together to create an airtight seal.'. "", ""B. The man in the grayish-green coat hits the finished piston with a stone at one end. He obviously fails. Then, after trying again, he says, 'Put that once more, grab a bit of tinder.'."", ""C. The man in the grayish-green coat sun the finished iron rod into another iron pipe and says: 'With the other end of the tube sealed the fire piston is now ready. You need to give this a good whack, really generate that compressed air and heat, pull it out and you'll have an ember.'."", 'D. The man in the grayish-green coat puts down an iron rod and smeashes one end of the iron rod with charcoal. He says: \'Put a bit of charcoal, full sand to the end and that\'s the bit that\'s going to take the ember.\'.""']",Prior,multiple
Scene Understanding_sample_18_3,Scene Understanding,Please describe the scene that just occurred in the video?,00:02:45,B,"[""A. A man in the grayish-green coat took blows on the flaming side of an iron rod and puts it into the hay. The narrator says, 'the fire piston technique was developed in the jungles of Southeast Asia where they used pieces of bamboo or hollowed out bone.'."", ""B. The man in the grayish-green coat took puts the burning hay into the haystack and throws the dry branch beside it into the fire, saying excitedly, 'Wow once that goes, it goes.'."", 'C. The man in the gray-green coat blew on the hay in his hands and puffed out puffs of smoke. The music in the background was very solemn and made people feel suffocated. As the smoke increased, the fire burned the hay and the fire started successfully.', ""D. The man in the grayish-green coat hits the finished piston with a stone at one end. He obviously fails. Then, after trying again, he says, 'Put that once more, grab a bit of tinder, give it a blow and you can see that glowing now.'.""]",Prior,multiple
Scene Understanding_sample_18_4,Scene Understanding,Please describe the scene that just occurred in the video?,00:03:50,C,"[""A. A man in the grayish-green coat carries a blue and black backpack down a small steep hill, and the narrator says:'with a fire stoked finding food as the next priority.'."", ""B. The man in the grayish-green coat finds the body of the half-eaten animal under the wood and then takes it out. The narrator says, 'Mountain lions often leave part of their kill hidden.'."", ""C. The man in the grayish-green coat is walking in the forest with half of the dead animals in his hands. The narrator says, 'But this region is also home to other predators apart from just big cats.'."", ""D. The man in the grayish-green coat holds up the half-eaten animal carcass and says to the camera:'There's still meat on that to eat. Let's take that back to the fire.'.""]",Prior,multiple
Scene Understanding_sample_18_5,Scene Understanding,Please describe the scene that just occurred in the video?,00:05:48,A,"[""A. The man in the grayish-green coat rolls up A laid white parachute and carries it over his shoulder as he continues his journey, with the narrator saying, 'If you're on the ground, it's more important to insulate yourself from below than above as the earth will suck warmth from you faster than the air.'."", ""B. A man in the grayish-green coat scooped up black food, pulled off a piece of meat with two iron rods and his hand, put it in his mouth and tasted it, saying, 'Actually a bit of shoulder meat's well cooked, that's alright.'."", ""C. The man in the grayish-green coat is collecting hay in the woods and then laying it on top of a white parachute when the narrator says: 'Filling my reserve parachute with grasses and pine needles,will protect me from the worse of the coming night's cold.'."", ""D. The man in the grayish-green coat cut a piece of black food with a knife, put It in his mouth and tasted it with relish and said: 'It's warm and it's nutritious.'.""]",Prior,multiple
Scene Understanding_sample_19_1,Scene Understanding,Please describe the scene that just occurred in the video?,00:00:56,B,"[""A. On the side of an SUV traveling in the snow, a man dressed in black cloths clings to the door. The narrator says, 'My icelandic odyssey has pitted me against fire and ice.'."", ""B. The river is very swift. The man dressed in the black cloths points to the standing point in front of him, then jumps up and clings to the stone wall on the opposite bank. He explains that 'The water's flowing straight off a glacier. It's barely above freezing.'."", ""C. This man who wears the black cloths walks slowly along the side of a rock wall as the narrator says, 'In this narrow step-sided gorge, if there were a flood, the river would rise before you could climb to safety or anchor youself.'."", ""D. A man dressed in the black cloths points to the rushing river in front of him and said, 'i don't wanna hang around long in this.'.""]",Prior,multiple
Scene Understanding_sample_19_2,Scene Understanding,Please describe the scene that just occurred in the video?,00:02:00,B,"[""A. A man in a black cloths walks along a steep stone wall. He stops at a very fast river and says, 'Try and find an anchor point.'."", ""B. A man in a black cloths ties a rope to a cave, tied his body, grabs the rope and crawls down the wall. The narrator says, 'Back there, I could get a good grip on the rope.'."", ""C. The man wearing the black cloths unpacks his backpack and takes out the rope from it. The narrator says, 'The technique is the same as I used on the glacier.'."", ""D. The man wearing the black cloths looks at a hole in the stone wall and says, ' It's never been strong enough, that.'.""]",Prior,multiple
Scene Understanding_sample_19_3,Scene Understanding,Please describe the scene that just occurred in the video?,00:02:57,A,"[""A. The man wearing the black cloths walks down the river and then observes his surroundings. The narrator explains:'but I'm burning up energy just to keep hypothermia at bay. And those calories need to be replaced.'."", ""B. The waterfall is very fast, the water is crashing, and the man pulls up the rope he has just used and says:'I'm gonna get the rope back.'."", ""C. A man wearing the black cloths tugs at the rope and retrieves it. The narrator says:'if you're gonna commit yourself like this, you need to be confident that you can, keep moving forward.'."", ""D. A man wearing the black cloths sees to the camera. The narrator says,'here the freezing cold water, stings my eyes and numbs my hands.'.""]",Prior,multiple
Scene Understanding_sample_19_4,Scene Understanding,Please describe the scene that just occurred in the video?,00:03:56,C,"[""A. The man in a black duffle coat walks down the river, using the stone wall to keep steady, and then jumps to the opposite low bank. The narrator explains:,'in a situation like this you can double that. That's the equivalent of fueling up with over 100 apples.'."", ""B. The man in a black duffle coat sees a stony bank covered with snow. Then the man speeds up to an opening and says, 'You need to be a little bit carful following rivers like this through gorges.'."", ""C. The man in a black duffle coat walks down the river with the stone wall and sees a faint light on the side of the hole,and he says, 'for the moment, I've still got that shimmer of light. You see a spray down there.'."", ""D. A man in a black duffle coat stands in front of the hole, looks around the hole, explains: 'As long as you see a bit of daylight let's follow this. ', and then he walks to the hole.""]",Prior,multiple
Scene Understanding_sample_19_5,Scene Understanding,Please describe the scene that just occurred in the video?,00:05:27,D,"[""A. The man in a black duffle coat walks through the hole and finds a way out. He explains, 'this is good it's taking right through the rock' and then walks quickly to the exit."", ""B. The man in a black duffle coat walks towards the camara and makes a gesture to the camera to indicate the real exit. The narrator says, 'At this point,with a 30-foot waterfall blocking any retreat, it's all about steady nerves.'."", ""C. While walking, the man in a black duffle coat arranges his backpack and jumps on the stones covered with green plants. The narrator says: 'there are trout in these rivers all year round.'."", ""D. The man in a black duffle coat looks for the fishes by the bank of river. The narrator says, 'if you can spot one under the banks they can be caught, even if you don't have a rod and line.'.""]",Prior,multiple
Scene Understanding_sample_20_1,Scene Understanding,Please describe the scene that just occurred in the video?,00:01:29,C,"[""A. On the pitch, one team is wearing red and white jerseys and one team is wearing light blue jerseys. The red team has formed a wall in front of them and has turned back a shot from the light blue jersey, the docent says 'Your moment, Mario, your moment.'."", ""B. A player in a light blue jersey shoots from a distance away from the goal, and midway through the shot another player in a light blue jersey takes a shot at the ball, but the goalkeeper in a black jersey catches it and presses it firmly to the ground, and the narrator says 'In by Nasri, Dzeko, Kenny saves.'."", ""C. A player in a light blue uniform tries to pass the ball in front of the goal, but a player in a red and white uniform heads it back, then another player in a red and white uniform passes the ball out, and the narrator says 'Silver, out by Ferdinand.'."", ""D. A player in a light blue jersey tries to pass the ball in front of the goal, but a player in a red and white jersey heads it back, then another player in a light blue jersey passes the ball out, and the narrator says 'Silver, out by Ferdinand.'.""]",Prior,multiple
Scene Understanding_sample_20_2,Scene Understanding,Please describe the scene that just occurred in the video?,00:01:50,B,"[""A. A player in a green uniform tries to pass the ball in front of the goal and is caught by the goalkeeper in a black uniform, the narrator says 'will account for quite a while In by Nasri.'."", ""B. A player in a light blue uniform tries to pass the ball in front of the goal and is caught by the goalkeeper in a black uniform, the narrator says 'will account for quite a while In by Nasri.'."", ""C. A player in a light blue uniform tries to pass the ball in front of the goal, but a player in a red and white uniform heads it back, then another player in a red and white uniform passes the ball out, and the narrator says 'Silver, out by Ferdinand.'."", ""D. A player in a light blue jersey shoots from a distance away from the goal, and midway through the shot another player in a light blue jersey takes a shot at the ball, but the goalkeeper in a black jersey catches it and presses it firmly to the ground, and the narrator says 'In by Nasri, Dzeko, Kenny saves.'.""]",Prior,multiple
Scene Understanding_sample_20_3,Scene Understanding,Please describe the scene that just occurred in the video?,00:02:28,D,"[""A. A player in a light blue jersey tipped a ball from a player in a light blue jersey, which rolled off the field, and the announcer said 'Ferdinand away from Balotelli.'."", ""B. A player in a light blue uniform tries to pass the ball in front of the goal and is caught by the goalkeeper in a black uniform, the narrator says 'will account for quite a while In by Nasri.'."", ""C. A player in a light blue uniform tries to pass the ball in front of the goal, but a player in a red uniform heads it back, then another player in a red uniform passes the ball out, and the narrator says 'Silver, out by Ferdinand.'."", ""D. A player in a red and white jersey tipped a ball from a player in a light blue jersey, which rolled off the field, and the announcer said 'Ferdinand away from Balotelli.'.""]",Prior,multiple
Scene Understanding_sample_20_4,Scene Understanding,Please describe the scene that just occurred in the video?,00:05:42,A,"[""A. A player in a red and white jersey tries to slide in to block, but a player in a light blue jersey kicks the ball before it can be taken away, but the ball flies over the goal, and the announcer says 'Balotelli.'."", ""B. A player in a light blue jersey tries to slide in to block, but a player in a red and white jersey kicks the ball before it can be taken away, but the ball flies over the goal, and the announcer says 'Balotelli.'."", ""C. A player in a light blue uniform tries to pass the ball in front of the goal, but a player in a red uniform heads it back, then another player in a red uniform passes the ball out, and the narrator says 'Silver, out by Ferdinand.'."", ""D. A player in a red and white jersey tipped a ball from a player in a light blue jersey, which rolled off the field, and the announcer said 'Ferdinand away from Balotelli.'.""]",Prior,multiple
Scene Understanding_sample_20_5,Scene Understanding,Please describe the scene that just occurred in the video?,00:06:42,B,"[""A. A player in a red and white jersey tries to slide in to block, but a player in a light blue jersey kicks the ball before it can be taken away, but the ball flies over the goal, and the announcer says 'Balotelli.'."", ""B. The player in light blue headed the ball towards the goal, but it was caught by a goalkeeper in a black uniform, and the narrator shouted 'Balotelli!'."", ""C. The player in red and white headed the ball towards the goal, but it was caught by a goalkeeper in a black uniform, and the narrator shouted 'Balotelli!'."", ""D. A player in a red and white jersey tipped a ball from a player in a light blue jersey, which rolled off the field, and the announcer said 'Ferdinand away from Balotelli.'.""]",Prior,multiple
Scene Understanding_sample_21_1,Scene Understanding,Please describe the scene that just occurred in the video.,00:00:14,A,"['A. Wearing yellow clothes and green pants, size 8 quickly lifted his left foot and shot the ball into the goal. The commentator exclaimed, ""On the day he wins his 50th cap_.', 'B. Five people wearing yellow clothes and green pants are dancing. The commentator exclaimed, ""Sipiwe Shabalala,_.', ""C. The player wearing yellow clothes and green pants lifted their hands and ran backwards. The commentator exclaimed, 'And South Africa has their first goal!'."", ""D. There are many spectators wearing yellow clothes and green pants cheering. The commentator exclaimed, 'And South Africa has their first goal!'.""]",Prior,multiple
Scene Understanding_sample_21_2,Scene Understanding,Please describe the scene that just occurred in the video.,00:01:16,A,"['A. The No.8 player dressed in black volleyed . The commentator said, ""A problem that even Chad Kingston couldn\'t resist.', ""B. Five team members dressed in black hugged and congratulated each other. The commentator said, 'From this talented young man.'."", 'C. A player wearing a black number 8 jersey ran towards the camera. The commentator said, ""There\'s a goal."" This is Football City', 'D. A player wearing a black number 8 jersey excitedly jumped up and punched. The commentator said, ""There\'s a goal."" This is Football City']",Prior,multiple
Scene Understanding_sample_21_3,Scene Understanding,Please describe the scene that just occurred in the video.,00:02:15,D,"[""A. There are several players wearing blue and white clothes competing for the ball. The commentator said, 'To take Uruguay into the quarter-finals of the World Cup'."", 'B. The football flew past the goalkeeper wearing green clothes and entered the goal. The audience cheered in unison.', ""C. A player wearing a blue number 9 jersey ran out of the stadium to cheer and congratulate. The commentator said, 'Luis Suarez could have scored a goal.'."", 'D. A player wearing the blue number 9 jersey crossed the opponent and shot the ball into the goal, and the audience cheered in unison.']",Prior,multiple
Scene Understanding_sample_21_4,Scene Understanding,Please describe the scene that just occurred in the video.,00:03:23,C,"[""A. There are several players wearing white and blue striped clothes and players wearing green clothes competing for the ball. The commentator said, 'He will score again'."", '', ""B. A person in a suit excitedly grabbed a player wearing white and blue striped clothes, then clenched his fists and shouted loudly.The commentator said, 'If his first on was debatable'."", ""C. The 11th player wearing white and blue striped clothes volleyed into the goal with their right foot. The commentator said, 'Tevez is one of the goals of the World Cup'."", '', ""D. An athlete wearing white and blue striped clothes was running excitedly while waving his hands. The commentator said, 'A dazzling goal!'! Exciting Strike '.""]",Prior,multiple
Scene Understanding_sample_21_5,Scene Understanding,Please describe the scene that just occurred in the video.,00:04:24,A,"[""A. The fifth player wearing an orange jersey volleyed forward with great force and scored the goal. The commentator said, 'Absolute snorter'."", ""B. Some players wearing orange clothes and players wearing blue clothes compete for the ball on the field. The commentator said, 'Just like now,' Van Braunschweig Hirst! '."", ""C. The athlete wearing orange clothes ran excitedly while waving. The commentator exclaimed, 'Oh, that must be one of the great goals of the World Cup final'."", ""D. A player dressed in orange lifted one foot and was about to throw the football into the goal.The commentator said, 'Winning cap number 105 '.""]",Prior,multiple
Scene Understanding_sample_22_1,Scene Understanding,Please describe the scene that just occurred in the video?,00:02:17,C,"[""A. A player in a white uniform passes the ball to another player in a white uniform, who then shoots directly at the goal, but the goalkeeper in a green uniform jumps up and knocks the ball away, which the narrator says 'plays a good ball inside as wel and the shot.'."", ""B. A player in a black jersey shoots a ball that was mis-kicked by a player in a white jersey, but it is blocked by the goalie in light blue, and the narrator says 'There's a mistake and Foden!'."", ""C. A player in a black jersey shoots, the ball flies over the goal, and halfway through, a player in a light blue jersey jumps up and tries to block the ball, and the narrator yells 'oh Kvardial!'."", ""D. A player in a white jersey shoots, the ball flies over the goal, and halfway through, a player in a white jersey jumps up and tries to block the ball, and the narrator yells 'oh Kvardial!'.""]",Prior,multiple
Scene Understanding_sample_22_2,Scene Understanding,Please describe the scene that just occurred in the video?,00:02:57,D,"[""A. A player in a black jersey kicks the ball to a player in a black jersey, the ball is caught and kicked by another player in a black jersey, but the ball is still headed out by a player in a white jersey, and the narrator says 'Foden crosses the face of the goal and hit by Harlan and then Bernardo. then Bernardo Silva.'."", ""B. A player in a black jersey shoots a ball that was mis-kicked by a player in a white jersey, but it is blocked by the goalie in light blue, and the narrator says 'There's a mistake and Foden!'."", ""C. A player in a black jersey shoots, the ball flies over the goal, and halfway through, a player in a light blue jersey jumps up and tries to block the ball, and the narrator yells 'oh Kvardial!'."", ""D. A player in a black jersey kicks the ball to a player in a white jersey, the ball is caught and kicked by another player in a black jersey, but the ball is still headed away by a player in a white jersey, and the narrator says 'Foden crosses the face of the goal and hit by Harlan and then Bernardo, who is in a white jersey, is in a white jersey. then Bernardo Silva.'.""]",Prior,multiple
Scene Understanding_sample_22_3,Scene Understanding,Please describe the scene that just occurred in the video?,00:03:36,A,"[""A. A player in a black shirt receives the ball and shoots directly at the goal, but is beaten by the goalkeeper in a light blue shirt, who shouts 'And De Bruyne on the swerve.'. "", ""B. A player in a black shirt receives the ball and shoots directly at the goal, but is beaten by the goalkeeper in a green shirt, who shouts 'And De Bruyne on the swerve.'. "", ""C. A player in a black jersey shoots, the ball flies over the goal, and halfway through, a player in a light blue jersey jumps up and tries to block the ball, and the narrator yells 'oh Kvardial!'."", ""D. A player in a black jersey kicks the ball to a player in a white jersey, the ball is caught and kicked by another player in a black jersey, but the ball is still headed away by a player in a white jersey, and the narrator says 'Foden crosses the face of the goal and hit by Harlan and then Bernardo, who is in a white jersey, is in a white jersey. then Bernardo Silva.'.""]",Prior,multiple
Scene Understanding_sample_22_4,Scene Understanding,Please describe the scene that just occurred in the video?,00:04:11,B,"[""A. A player in a black shirt receives the ball and shoots directly at the goal, but is beaten by the goalkeeper in a light blue shirt, who shouts 'And De Bruyne on the swerve.'. "", ""B. A player in a white jersey and another player in a black jersey are charging a falling soccer ball, they collide, and the player in the black jersey falls down while the narrator says 'Son should get to it.'."", ""C. A player in a green jersey and another player in a black jersey are charging a falling soccer ball, they collide, and the player in the black jersey falls down while the narrator says 'Son should get to it.'."", ""D. A player in a black jersey kicks the ball to a player in a white jersey, the ball is caught and kicked by another player in a black jersey, but the ball is still headed away by a player in a white jersey, and the narrator says 'Foden crosses the face of the goal and hit by Harlan and then Bernardo, who is in a white jersey, is in a white jersey. then Bernardo Silva.'.""]",Prior,multiple
Scene Understanding_sample_22_5,Scene Understanding,Please describe the scene that just occurred in the video?,00:04:45,C,"[""A. A player in a black shirt receives the ball and shoots directly at the goal, but is beaten by the goalkeeper in a light blue shirt, who shouts 'And De Bruyne on the swerve.'. "", ""B. A player in a white jersey and another player in a black jersey are charging a falling soccer ball, they collide, and the player in the black jersey falls down while the narrator says 'Son should get to it.'."", ""C. A player in a black uniform shoots the ball close to the goal, the goalkeeper in light blue dives to stop it but misses, another player in a black uniform kicks the ball into the goal, and the narrator says 'On it goes to De Bruyne, across the of the goal.'."", ""D. A player in a green uniform shoots the ball close to the goal, the goalkeeper in light blue dives to stop it but misses, another player in a black uniform kicks the ball into the goal, and the narrator says 'On it goes to De Bruyne, across the of the goal.'.""]",Prior,multiple
Scene Understanding_sample_23_1,Scene Understanding,Please describe the scene that just occurred in the video?,00:01:59,C,"[""A. A player in a light blue shirt and a player in a red shirt collided in a fight for the soccer ball, in which the player in the light blue shirt kicked the ball, after which both players fell on the field, and the narrator said 'Vardyol came upon it and was surely brought down penalty.'."", ""B. A player in a light blue jersey is taking a penalty, he shoots to the left of the goal, the keeper in a yellow jersey dives to the right and the ball goes in, after which the commentator says 'Harland scores very very comfortably.'."", ""C. A player in a light blue jersey headed a ball from a teammate towards the goal, but it was caught by the goalkeeper in a yellow jersey, and the narrator shouted 'Harland's header, great save.'."", ""D. A player in a red jersey headed a ball from a teammate towards the goal, but it was caught by the goalkeeper in a yellow jersey, and the narrator shouted 'Harland's header, great save.'.""]",Prior,multiple
Scene Understanding_sample_23_2,Scene Understanding,Please describe the scene that just occurred in the video?,00:03:02,D,"[""A. A player in a light blue jersey jumps onto the shoulders of a player in a green jersey, and using the shoulders of the player in the red jersey to support himself, he puts the ball into the goal, and the narrator says 'Harland at the far, two nil.'."", ""B. A player in a light blue jersey is taking a penalty, he shoots to the left of the goal, the keeper in a yellow jersey dives to the right and the ball goes in, after which the commentator says 'Harland scores very very comfortably.'."", ""C. A player in a light blue jersey headed a ball from a teammate towards the goal, but it was caught by the goalkeeper in a yellow jersey, and the narrator shouted 'Harland's header, great save.'."", ""D. A player in a light blue jersey jumps onto the shoulders of a player in a red jersey, and using the shoulders of the red jersey player to support himself, he puts the ball into the goal, and the narrator says 'Harland at the far, two nil.'.""]",Prior,multiple
Scene Understanding_sample_23_3,Scene Understanding,Please describe the scene that just occurred in the video?,00:04:02,A,"[""A. A player in a light blue uniform dribbles toward the goal, a player in a red uniform chases after the player in light blue, and finally the two men fall in a scramble, and the narrator says, 'Chance for a hat-trick, oh that's surely a penalty.'."", ""B. A player in a red uniform dribbles toward the goal, a player in a light blue uniform chases the player in a light blue uniform, and finally the two men fall in a scramble, and the narrator says, 'Chance for a hat-trick, oh that's surely a penalty.'."", ""C. A player in a light blue jersey headed a ball from a teammate towards the goal, but it was caught by the goalkeeper in a yellow jersey, and the narrator shouted 'Harland's header, great save.'."", ""D. A player in a light blue jersey jumps onto the shoulders of a player in a red jersey, and using the shoulders of the red jersey player to support himself, he puts the ball into the goal, and the narrator says 'Harland at the far.'.""]",Prior,multiple
Scene Understanding_sample_23_4,Scene Understanding,Please describe the scene that just occurred in the video?,00:05:31,B,"[""A. A player in a light blue uniform dribbles toward the goal, a player in a red uniform chases after the player in light blue, and finally the two men fall in a scramble, and the narrator says, 'Chance for a hat-trick, oh that's surely a penalty.'."", ""B. A player in a light blue jersey took a shot that was parried by a player in a yellow jersey, another player in a light blue jersey and a player in a red jersey fought for the parried ball and the player in the red jersey kicked the ball right out of the field, and the narrator said, 'Finds Foden and Foden's shot was going into the corner.'."", ""C. A player in a red jersey took a shot that was pounced on by a player in a yellow jersey, another player in a light blue jersey and a player in a red jersey fought for the pounced ball and the player in the red jersey kicked the ball right out of the field, the narrator said 'finds Foden and Foden's shot was going into the corner and Jose Saar parried it away.'."", ""D. A player in a light blue jersey jumps onto the shoulders of a player in a red jersey, and using the shoulders of the red jersey player to support himself, he puts the ball into the goal, and the narrator says 'Harland at the far.'.""]",Prior,multiple
Scene Understanding_sample_23_5,Scene Understanding,Please describe the scene that just occurred in the video?,00:06:12,D,"[""A. A player in a light blue uniform dribbles toward the goal, a player in a red uniform chases after the player in light blue, and finally the two men fall in a scramble, and the narrator says, 'Chance for a hat-trick, oh that's surely a penalty.'."", ""B. A player in a light blue jersey took a shot that was parried by a player in a yellow jersey, another player in a light blue jersey and a player in a red jersey fought for the parried ball and the player in the red jersey kicked the ball right out of the field, and the narrator said, 'Finds Foden and Foden's shot was going into the corner."", ""C. A player in a light blue jersey passes the ball to another goalie in a green jersey, who tries to jump up and grab the ball, touching it but failing to grab it, another player in a red jersey receives the ball and shoots it straight at the goal, and the announcer says 'Edison parries it and Wolves have scored.'."", ""D. A player in a red jersey passes the ball to another goalie in a green jersey, who tries to jump up and grab the ball, touching it but failing to grab it, another player in a red jersey receives the ball and shoots it straight at the goal, and the announcer says 'Edison parries it and Wolves have scored.'.""]",Prior,multiple
Scene Understanding_sample_24_1,Scene Understanding,Please describe the scene that just occurred in the video?,00:01:39,C,"[""A. A player in a Red and blue striped jersey dribbled the ball away from the goalie in an orange jersey with a sliding kick, the player in the Red and blue striped jersey ran back to grab the ball and tripped over a player in a light blue jersey, the narrator said 'Anderson seeking out Ayew, Ederson had to let go.'."", ""B. A player in a Red and blue striped jersey shoots from distance, the ball flies towards a wall of players in light blue and Red and blue striped jerseys, the ball hits a player in a light blue jersey and bounces towards the goal, a goalkeeper in an orange jersey makes a save but it's unsuccessful, the narrator says 'Eze then to whip that one in, and it's found a way in. in, and it's found a way in.'."", ""C. A player in blue and red stripes was fighting for the ball with a player in light blue, and during the fight the player in light blue was hit in the face by the hand of the player in blue and red stripes, and then the player in light blue fell down and the ball ran out of the field, and the narrator said 'Who's appeared to have taken a smack in the face perhaps.'."", ""D. A player in blue and red stripes was fighting for the ball with a player in a light blue uniform, and in the course of the fight the player in the light blue uniform was struck in the face by the hand of the player in the blue and red stripes, and the player in the blue and red stripes fell down, and the ball ran out of the field, and the announcer said, 'Who's appeared to have taken a smack in the face perhaps.'.""]",Prior,multiple
Scene Understanding_sample_24_2,Scene Understanding,Please describe the scene that just occurred in the video?,00:01:46,A,"[""A. A player in a red and blue striped jersey kicks the ball away, another player in a red and blue striped jersey heads the ball into the goal, a player in an orange jersey saves the ball, but it's too late, and the narrator says 'will be the man to take this corner too.'."", ""B. A player in a Red and blue striped jersey shoots from distance, the ball flies towards a wall of players in light blue and Red and blue striped jerseys, the ball hits a player in a light blue jersey and bounces towards the goal, a goalkeeper in an orange jersey makes a save but it's unsuccessful, the narrator says 'Eze then to whip that one in, and it's found a way in. in, and it's found a way in.'."", ""C. A player in blue and red stripes was fighting for the ball with a player in light blue, and during the fight the player in light blue was hit in the face by the hand of the player in blue and red stripes, and then the player in light blue fell down and the ball ran out of the field, and the narrator said 'Who's appeared to have taken a smack in the face perhaps. smack in the face perhaps.'."", ""D. A player in a light blue striped jersey kicks the ball away, another player in a red and blue striped jersey heads the ball into the goal, a player in an orange jersey saves the ball, but it's too late, and the narrator says 'will be the man to take this corner too.'.""]",Prior,multiple
Scene Understanding_sample_24_3,Scene Understanding,Please describe the scene that just occurred in the video?,00:02:29,D,"[""A. A player in a red and blue striped jersey kicks the ball away, another player in a black jersey heads the ball into the goal, a player in an orange jersey saves the ball, but it's too late, and the narrator says 'will be the man to take this corner too.'."", ""B. A player in a blue and red uniform shoots at the goal, halfway through a goalkeeper in a blue and red striped uniform makes an unsuccessful save, but the ball flies to the left of the goal, and the narrator says 'And here is Haaland looking for a quick.'."", ""C. A player in blue and red stripes was fighting for the ball with a player in light blue, and during the fight the player in light blue was hit in the face by the hand of the player in blue and red stripes, and then the player in light blue fell down and the ball ran out of the field, and the narrator said 'Who's appeared to have taken a smack in the face perhaps. smack in the face perhaps.'."", ""D. A player in a light blue uniform shoots at the goal, halfway through a goalkeeper in a black uniform makes an unsuccessful save, but the ball flies to the left of the goal, and the narrator says 'And here is Haaland looking for a quick.'.""]",Prior,multiple
Scene Understanding_sample_24_4,Scene Understanding,Please describe the scene that just occurred in the video?,00:02:57,C,"[""A. A player in a red and blue striped jersey kicks the ball away, another player in a red and blue striped jersey heads the ball into the goal, a player in an orange jersey saves the ball, but it's too late, and the narrator says 'will be the man to take this corner too.'."", ""B. A player in a red and blue uniform shoots at the goal, the ball passes between players in light blue striped uniforms and enters the goal, there is a goalkeeper in a black uniform who makes a save, but it doesn't work and the narrator says 'Will he be the man to make it happen?'."", ""C. A player in a light blue uniform shoots at the goal, the ball passes between players in red and blue striped uniforms and enters the goal, there is a goalkeeper in a black uniform who makes a save, but it doesn't work and the narrator says 'Will he be the man to make it happen?'."", ""D. A player in a light blue uniform shoots at the goal, halfway through a goalkeeper in a black uniform makes an unsuccessful save, but the ball flies to the left of the goal, and the narrator says 'And here is Haaland looking for a quick.'.""]",Prior,multiple
Scene Understanding_sample_24_5,Scene Understanding,Please describe the scene that just occurred in the video?,00:03:42,A,"[""A. A player in a light blue jersey kicks the ball toward the goal, another player in a light blue jersey breaks through two players in red and blue striped jerseys and heads the ball into the goal, and the announcer says 'Alvarez gets a touch, Foden back in!'."", ""B. A player in a green jersey kicks the ball toward the goal, another player in a light blue jersey breaks through two players in red and blue striped jerseys and heads the ball into the goal, and the announcer says 'Alvarez gets a touch, Foden back in!'."", ""C. A player in a light blue uniform shoots at the goal, the ball passes between players in red and blue striped uniforms and enters the goal, there is a goalkeeper in a black uniform who makes a save, but it doesn't work and the narrator says 'Will he be the man to make it happen?'."", ""D. A player in a light blue uniform shoots at the goal, halfway through a goalkeeper in a black uniform makes an unsuccessful save, but the ball flies to the left of the goal, and the narrator says 'And here is Haaland looking for a quick.'.""]",Prior,multiple
Scene Understanding_sample_25_1,Scene Understanding,Please describe the scene that just occurred in the video?,00:02:30,D,"[""A. A bald male in a black sweater and a gray-haired male in a black sweater embrace and the narrator says 'I'm sure they were.'."", ""B. A player in a light blue uniform takes a shot at the goal and a goalie in a green uniform tries to block it, but the ball flies so high that it goes in and the narrator says 'Hits a shot!'."", ""C. A player in a light blue uniform took a shot, a player in a red uniform tried to block it, but was unsuccessful, but the goalkeeper in a green uniform blocked it, and the ball flew into the crowd, and the announcer said 'its the shot, good save Arreola.'."", ""D. A player in a light blue jersey is approaching the goal, a player in a red jersey is blocking him, the player in the light blue jersey shoots, the ball is pounced on by the goalie in green, and the narrator says 'Doku comes inside, hits it low.'.""]",Prior,multiple
Scene Understanding_sample_25_2,Scene Understanding,Please describe the scene that just occurred in the video?,00:03:38,A,"[""A. A player in a light blue uniform kicks the ball close to the goal, the goalkeeper tries to stop it but is unsuccessful, in the goal a player in a light blue uniform and a player in a red uniform are fighting for the soccer ball and end up kicking it out of the air, the narrator says 'Diaz across the face, Harlan!'."", ""B. A player in a light blue jersey receives a ball from another player in a light blue jersey and shoots directly at the goal, the goalkeeper in a green jersey tries to stop it too late, and the narrator says 'On it goes to Foden.'."", ""C. A player in a light blue uniform took a shot, a player in a red uniform tried to block it, but was unsuccessful, but the goalkeeper in a green uniform blocked it, and the ball flew into the crowd, and the announcer said 'its the shot, good save Arreola.'."", ""D. A player in a light blue jersey is approaching the goal, a player in a red jersey is blocking him, the player in the light blue jersey shoots, the ball is pounced on by the goalie in green, and the narrator says 'Doku comes inside, hits it low.'.""]",Prior,multiple
Scene Understanding_sample_25_3,Scene Understanding,Please describe the scene that just occurred in the video?,00:04:43,C,"[""A. A player in a light blue uniform kicks the ball close to the goal, the goalkeeper tries to stop it but is unsuccessful, in the goal a player in a light blue uniform and a player in a red uniform are fighting for the soccer ball and end up kicking it out of the air, the narrator says 'Diaz across the face, Harlan!'."", ""B. A player in a light blue jersey receives a ball from another player in a light blue jersey and shoots directly at the goal, the goalkeeper in a green jersey tries to stop it too late, and the narrator says 'On it goes to Foden.'."", ""C. A player in a red jersey shoots at the goal with four players in light blue jerseys in the way, and then the ball is deflected by the goalkeeper in green, and the announcer says 'good save by Ortega.'."", ""D. A player in a light blue jersey shoots, the goalie in a green jersey swoops in to stop it, the ball touches the goalie's hand, and then the ball rolls out of the field, and the narrator says 'Shooting chance!'.""]",Prior,multiple
Scene Understanding_sample_25_4,Scene Understanding,Please describe the scene that just occurred in the video?,00:05:13,B,"[""A. A player in a red jersey passes the ball in front of the goal, but no one catches it, it bounces off the field and the narrator says 'puts in the cross and Walker clears it.'."", ""B. A player in a red jersey shoots upside down into the goal, a player in a green jersey tries to stop him but is unsuccessful and the narrator says 'Koudas, oh my goodness.'."", ""C. A player in a red jersey shoots at the goal with four players in light blue jerseys in the way, and then the ball is deflected by the goalkeeper in green, and the announcer says 'good save by Ortega.'."", ""D. A player in a light blue jersey shoots, the goalie in a green jersey swoops in to stop it, the ball touches the goalie's hand, and then the ball rolls out of the field, and the narrator says 'Shooting chance!'.""]",Prior,multiple
Scene Understanding_sample_25_5,Scene Understanding,Please describe the scene that just occurred in the video?,00:06:12,C,"[""A. A player in a red jersey passes the ball in front of the goal, but no one catches it, it bounces off the field and the narrator says 'puts in the cross and Walker clears it.'."", ""B. A player in a red jersey shoots upside down into the goal, a player in a green jersey tries to stop him but is unsuccessful and the narrator says 'Koudas, oh my goodness.'."", ""C. A player in a light blue uniform shoots from a distance away from the goal and the ball flies into the outfield to the left of the goal and the narrator says 'Foden now, twice from range and it's wide.'."", ""D. A player in a light blue uniform shoots, but the ball leaps over the bar, bounces and lands on the goal, and the narrator says 'Harland's over the bar.'.""]",Prior,multiple
Scene Understanding_sample_26_1,Scene Understanding,Please describe the scene that just occurred in the video?,00:01:35,D,"[""A. A player in a white jersey was shooting at the goal, the ball went over two players in red jerseys, a goalie in yellow tried to dive to stop the ball but failed, the ball went in the goal, the narrator said 'Sight of goal from Marcus Rashford!'."", ""B. A player in a white No. 10 jersey was saluting the crowd, after which another player in a white No. 8 jersey shoulder-bumped a player in a white No. 10 jersey, and the narrator said 'You'l take it on from anywhere.'."", ""C. A player in a red uniform dribbles the ball and is blocked by two players in white uniforms, causing the ball to be kicked out of the field, and the narrator says 'And he runs into Wanda Saka.'."", ""D. A player in a red jersey headed the flying soccer ball into the goal, a goalkeeper in a black jersey tried to stop it to no avail, and the narrator said 'Danger in Ketyan!'.""]",Prior,multiple
Scene Understanding_sample_26_2,Scene Understanding,Please describe the scene that just occurred in the video?,00:02:52,A,"[""A. A player in a red uniform dribbled the ball to the goal, but there were players in white uniforms on the left and right sides, and the player in white uniform on the right side kicked the ball away with a sliding kick and also kicked the player in red uniform down, and the narrator said, 'What a lovely depth, what a footwork that was.'."", ""B. A player in a white jersey shoots hard at the goal, then a goalie in a yellow jersey swoops in and bounces the ball away, and the narrator says 'Good shot, good save.'."", ""C. A player in a red uniform dribbles the ball and is blocked by two players in white uniforms, causing the ball to be kicked out of the field, and the narrator says 'And he runs into Wanda Saka.'."", ""D. A player in a red jersey headed the flying soccer ball into the goal, a goalkeeper in a black jersey tried to stop it to no avail, and the narrator said 'Danger in Ketyan!'.""]",Prior,multiple
Scene Understanding_sample_26_3,Scene Understanding,Please describe the scene that just occurred in the video?,00:04:22,C,"[""A. A player in a red uniform dribbled the ball to the goal, but there were players in white uniforms on the left and right sides, and the player in white uniform on the right side kicked the ball away with a sliding kick and also kicked the player in red uniform down, and the narrator said, 'What a lovely depth, what a footwork that was.'."", ""B. A player in a white jersey shoots hard at the goal, then a goalie in a yellow jersey swoops in and bounces the ball away, and the narrator says 'Good shot, good save.'."", ""C. A player in a white jersey, who was impeded by a player in a red jersey, took a shot at the goal, but it was blocked by the keeper in a yellow jersey, and then another player in a red jersey kicked the ball back that was about to dive out of play, and the announcer said 'Rashford, saved just above by Aaron Ramsdale.'."", ""D. A player in a red jersey shoots from a distance away from the goal, the ball passes through two players in white jerseys, the goalkeeper in a black jersey swoops and can't stop the goal, after which the narrator says 'Ericsson, what a goal!'.""]",Prior,multiple
Scene Understanding_sample_26_4,Scene Understanding,Please describe the scene that just occurred in the video?,00:05:15,B,"[""A. A player in a white jersey and a player in a red jersey are fighting for the ball when the player in the red jersey kicks the ball off the field, and the narrator says 'one of them is Bruno Fernandes.'."", ""B. A player in a yellow jersey deflected the ball, but a player in a white jersey headed it into the goal, and a player in a red jersey tried to head it out of the goal but failed, and the narrator said, 'He's decided to come, stooping header.'."", ""C. A player in a white jersey, who was impeded by a player in a red jersey, took a shot at the goal, but it was blocked by the keeper in a yellow jersey, and then another player in a red jersey kicked the ball back that was about to dive out of play, and the announcer said 'Rashford, saved just above by Aaron Ramsdale.'."", ""D. A player in a red jersey shoots from a distance away from the goal, the ball passes through two players in white jerseys, the goalkeeper in a black jersey swoops and can't stop the goal, after which the narrator says 'Ericsson, what a goal!'.""]",Prior,multiple
Scene Understanding_sample_26_5,Scene Understanding,Please describe the scene that just occurred in the video?,00:07:03,B,"[""A. A player in a white jersey and a player in a red jersey are fighting for the ball when the player in the red jersey kicks the ball off the field, and the narrator says 'one of them is Bruno Fernandes.'."", ""B. A player in a white uniform tries to slide for the ball, but the player in a red uniform kicks the ball out before he can slide for it, and then another player in a red uniform kicks the ball a little bit higher to avoid the goalie, and then the goal is scored, and the announcer says 'arriving is odegaard.'."", ""C. A player in a red uniform shoots, but the ball hits the frame and bounces away, and the narrator says 'so similar to the goal he scored.'."", ""D. A player in a yellow jersey deflected the ball, but a player in a white jersey headed it into the goal, and a player in a red jersey tried to head it out of the goal but failed, and the narrator said, 'He's decided to come, stooping header.'.""]",Prior,multiple
Scene Understanding_sample_27_1,Scene Understanding,Please describe the scene that just occurred in the video?,00:02:18,D,"[""A. A player in a blue jersey runs around the field and the narrator says 'That's exactly what I'm talking about.'."", ""B. A player in a white jersey received the ball and another player in a blue jersey rushed forward to try and grab it, but the ball was kicked out ahead of him, over the goal, and down into the crowd as the narrator said 'Had a look, had a hit!'."", ""C. A player in white jersey came quickly to grab the ball and ran straight into the player in blue jersey who was dribbling and had kicked the ball, then the player in blue jersey was knocked down and rolled on the ground, the player in white jersey continued to chase the ball, after which the narrator said 'Azpilicueta's kept going, referee has waved it on.'."", ""D. As the ball comes in, a player in blue jersey knocks down a player in white jersey, but the player in white jersey catches the ball and kicks it to his teammate, and the narrator says 'think that's probably a foul by lvanovic,but La Mela does great on the think that's probably a foul by lvanovic, but La Mela does great on the floor.'.""]",Prior,multiple
Scene Understanding_sample_27_2,Scene Understanding,Please describe the scene that just occurred in the video?,00:02:33,A,"[""A. A player in a blue jersey dribbled close to the goal, and although three players in white jerseys were blocking in front of him, he managed to kick the ball towards the goal, after which it fell over the goal and into the crowd, with explanations shouting 'Costa!'."", ""B. A player in a white jersey dribbled close to the goal, and although three players in blue jerseys were blocking in front of him, he managed to kick the ball towards the goal, after which it fell over the goal and into the crowd, with explanations shouting 'Costa!'."", ""C. A player in white jersey came quickly to grab the ball and ran straight into the player in blue jersey who was dribbling and had kicked the ball, then the player in blue jersey was knocked down and rolled on the ground, the player in white jersey continued to chase the ball, after which the narrator said 'Azpilicueta's kept going, referee has waved it on.'."", ""D. As the ball comes in, a player in blue jersey knocks down a player in white jersey, but the player in white jersey catches the ball and kicks it to his teammate, and the narrator says 'think that's probably a foul by lvanovic,but La Mela does great on the think that's probably a foul by lvanovic, but La Mela does great on the floor.'.""]",Prior,multiple
Scene Understanding_sample_27_3,Scene Understanding,Please describe the scene that just occurred in the video?,00:03:07,B,"[""A. A player in a blue jersey dribbled close to the goal, and although three players in white jerseys were blocking in front of him, he managed to kick the ball towards the goal, after which it fell over the goal and into the crowd, with explanations shouting 'Costa!'."", ""B. A player in a white jersey dribbles the ball and prepares to shoot, a player in a blue fall jersey tries to slide kick the ball away but is unsuccessful, the ball goes into the goal anyway and the narrator yells 'Scores!'."", ""C. A player in a green jersey dribbles the ball and prepares to shoot, a player in a blue fall jersey tries to slide kick the ball away but is unsuccessful, the ball goes into the goal anyway and the narrator yells 'Scores!'."", ""D. As the ball comes in, a player in blue jersey knocks down a player in white jersey, but the player in white jersey catches the ball and kicks it to his teammate, and the narrator says 'think that's probably a foul by lvanovic,but La Mela does great on the think that's probably a foul by lvanovic, but La Mela does great on the floor.'.""]",Prior,multiple
Scene Understanding_sample_27_4,Scene Understanding,Please describe the scene that just occurred in the video?,00:04:17,D,"[""A. A player in a blue jersey dribbled close to the goal, and although three players in white jerseys were blocking in front of him, he managed to kick the ball towards the goal, after which it fell over the goal and into the crowd, with explanations shouting 'Costa!'."", ""B. A player in a white jersey dribbles the ball and prepares to shoot, a player in a blue fall jersey tries to slide kick the ball away but is unsuccessful, the ball goes into the goal anyway and the narrator yells 'Scores!'."", ""C. A player in a green jersey is dribbling the ball and to his left a player in a blue jersey attempts to grab the ball but the player in the white jersey kicks the ball out and through the legs of the player in the blue jersey while the narrator says 'Driving it as Pellequeta and beyond.'."", ""D. A player in a white jersey is dribbling the ball and to his left a player in a blue jersey attempts to grab the ball but the player in the white jersey kicks the ball out and through the legs of the player in the blue jersey while the narrator says 'Driving it as Pellequeta and beyond.'.""]",Prior,multiple
Scene Understanding_sample_27_5,Scene Understanding,Please describe the scene that just occurred in the video?,00:04:49,C,"[""A. A player in a blue jersey dribbled close to the goal, and although three players in white jerseys were blocking in front of him, he managed to kick the ball towards the goal, after which it fell over the goal and into the crowd, with explanations shouting 'Costa!'."", ""B. A player in a white jersey dribbles the ball and prepares to shoot, a player in a blue fall jersey tries to slide kick the ball away but is unsuccessful, the ball goes into the goal anyway and the narrator yells 'Scores!'."", ""C. A player in a white jersey is dribbling close to the goal, a player in a blue jersey and a goalkeeper in light blue both slide tackle to try and stop it, but the player in the white jersey manages to get a shot off, while the narrator shouts 'And onside Son scores!'."", ""D. A player in a white jersey is dribbling the ball and to his left a player in a blue jersey attempts to grab the ball but the player in the white jersey kicks the ball out and through the legs of the player in the blue jersey while the narrator says 'Driving it as Pellequeta and beyond.'.""]",Prior,multiple
Scene Understanding_sample_28_1,Scene Understanding,Please describe the scene that just occurred in the video?,00:01:33,D,"[""A. A player in a blue jersey is about to shoot when a goalkeeper in a green jersey swoops in and fails to shoot, and the ball rolls out of play, and the narrator says 'Jauvino is missed!'."", ""B. A 3 player in a blue jersey passes to a 9 player in a blue jersey who kicks at the goal, but the ball is shot wide to the left of the goal and the narrator says 'but his pass has picked up Ashley Cole, and Cole has found Torres.'."", ""C. Player in red dribbled close to the goal, but had to pass the ball because of the obstruction of a player in blue, after which the ball was caught by another player in blue, and the narrator said 'Ramsey, who's face to face here with Cech, and Cech went to the ground.'."", ""D. A player in a red jersey is about to shoot when a goalkeeper in a green jersey swoops in and fails to shoot, and the ball rolls out of play, and the narrator says 'Jauvino is missed!'.""]",Prior,multiple
Scene Understanding_sample_28_2,Scene Understanding,Please describe the scene that just occurred in the video?,00:02:12,B,"[""A. A player in a blue jersey kicks the ball close to the goal, another player in a red jersey rushes over and kicks the ball, which flies over the goal and into the crowd as the narrator shouts 'Van Persie!'."", ""B. A player in a red jersey kicks the ball close to the goal, another player in a red jersey rushes over and kicks the ball, which flies over the goal and into the crowd as the narrator shouts 'Van Persie!'."", ""C. player in red dribbled close to the goal, but had to pass the ball because of the obstruction of a player in blue, after which the ball was caught by another player in blue, and the narrator said 'Ramsey, who's face to face here withCech, and Cech went to the ground.'."", ""D. A player in a red jersey is about to shoot when a goalkeeper in a green jersey swoops in and fails to shoot, and the ball rolls out of play, and the narrator says 'Jauvino is missed!'.""]",Prior,multiple
Scene Understanding_sample_28_3,Scene Understanding,Please describe the scene that just occurred in the video?,00:02:37,A,"[""A. A player in a blue jersey will pass to another player in a blue jersey, a player in a red jersey tries to head the ball to stop it but he fails, another player in a blue jersey heads the ball into the goal and the narrator shouts 'Coached in towards Lampard!'."", ""B. A player in a red jersey kicks the ball close to the goal, another player in a red jersey rushes over and kicks the ball, which flies over the goal and into the crowd as the narrator shouts 'Van Persie!'."", ""C. A player in a red jersey will pass to another player in a blue jersey, a player in a red jersey tries to head the ball to stop it but he fails, another player in a blue jersey heads the ball into the goal and the narrator shouts 'Coached in towards Lampard!'."", ""D. A player in a red jersey is about to shoot when a goalkeeper in a green jersey swoops in and fails to shoot, and the ball rolls out of play, and the narrator says 'Jauvino is missed!""]",Prior,multiple
Scene Understanding_sample_28_4,Scene Understanding,Please describe the scene that just occurred in the video?,00:03:14,D,"[""A. A player in a blue jersey will pass to another player in a blue jersey, a player in a red jersey tries to head the ball to stop it but he fails, another player in a blue jersey heads the ball into the goal and the narrator shouts 'Coached in towards Lampard!'."", ""B. A player in a red jersey kicks the ball close to the goal, another player in a red jersey rushes over and kicks the ball, which flies over the goal and into the crowd as the narrator shouts 'Van Persie!'."", ""C. A player in a red jersey was dribbling close to the goal, a player in a red jersey to his left tried to block, he shot, the green keeper tried to stop it but was unsuccessful, but the ball still went wide, the narrator said 'It's a lovely ball for Sturridge!'."", ""D. A player in a blue jersey was dribbling close to the goal, a player in a red jersey to his left tried to block, he shot, the green keeper tried to stop it but was unsuccessful, but the ball still went wide, the narrator said 'It's a lovely ball for Sturridge!'.""]",Prior,multiple
Scene Understanding_sample_28_5,Scene Understanding,Please describe the scene that just occurred in the video?,00:03:42,C,"[""A. A player in a blue jersey will pass to another player in a blue jersey, a player in a red jersey tries to head the ball to stop it but he fails, another player in a blue jersey heads the ball into the goal and the narrator shouts 'Coached in towards Lampard!'."", ""B. A player in a red jersey kicks the ball close to the goal, another player in a red jersey rushes over and kicks the ball, which flies over the goal and into the crowd as the narrator shouts 'Van Persie!'."", ""C. A player in a red jersey dribbles close to the goal and passes the ball to another player in a red jersey before being stopped by the goalkeeper in a green jersey, who receives the ball and shoots, with the narrator saying 'Gervinho, Van Persie.'."", ""D. A player in a blue jersey was dribbling close to the goal, a player in a red jersey to his left tried to block, he shot, the green keeper tried to stop it but was unsuccessful, but the ball still went wide, the narrator said 'It's a lovely ball for Sturridge!'.""]",Prior,multiple
Scene Understanding_sample_29_1,Scene Understanding,Please describe the scene that just occurred in the video?,00:01:42,B,"[""A. A player in a light blue jersey passes the ball to another player in a light blue jersey, and the other player in a light blue jersey receives the ball and shoots directly at the goal, while the narrator says 'Bernardo Silva, Phil Foden.'."", ""B. A player in a light blue jersey kicks the ball towards another player in a light blue jersey, and the other player in the light blue jersey slides right in and kicks the ball into the goal as the narrator yells 'Harland!'."", ""C. A player in a light blue jersey kicks the ball off and leaps over a wall of players in red jerseys and some light blue jerseys, after which the ball hits the goal frame and bounces away, while the narrator says 'Gundogan!'."", ""D. A player in a yellow jersey kicks the ball towards another player in a light blue jersey, and the other player in the light blue jersey slides right in and kicks the ball into the goal as the narrator yells 'Harland!'.""]",Prior,multiple
Scene Understanding_sample_29_2,Scene Understanding,Please describe the scene that just occurred in the video?,00:02:26,D,"[""A. A player in a light black jersey kicks the ball towards another player in a light blue jersey, who kicks it into the goal in a scramble with a player in a red jersey, and the narrator yells 'Fodem!'."", ""B. A player in a light blue jersey kicks the ball towards another player in a light blue jersey, and the other player in the light blue jersey slides right in and kicks the ball into the goal as the narrator yells 'Harland!'."", ""C. A player in a light blue jersey kicks the ball off and leaps over a wall of players in red jerseys and some light blue jerseys, after which the ball hits the goal frame and bounces away, while the narrator says 'Gundogan!'."", ""D. A player in a light blue jersey kicks the ball towards another player in a light blue jersey, who kicks it into the goal in a scramble with a player in a red jersey, and the narrator yells 'Fodem!'.""]",Prior,multiple
Scene Understanding_sample_29_3,Scene Understanding,Please describe the scene that just occurred in the video?,00:03:25,A,"[""A. A player in a red jersey is blocked by three players in light blue jerseys, but the player in the red jersey shoots the ball past the three players in light blue jerseys, and the goalie in the orange jersey swoops in and fails to stop the ball from going into the goal, and the narrator says, 'Now the shot's not bad!'."", ""B. A player in a light blue jersey kicks the ball towards another player in a light blue jersey, and the other player in the light blue jersey slides right in and kicks the ball into the goal as the narrator yells 'Harland!'."", ""C. A player in a green jersey is blocked by three players in light blue jerseys, but the player in the red jersey shoots the ball past the three players in light blue jerseys, and the goalie in the orange jersey swoops in and fails to stop the ball from going into the goal, and the narrator says, 'Now the shot's not bad!'."", ""D. A player in a light blue jersey kicks the ball towards another player in a light blue jersey, who kicks it into the goal in a scramble with a player in a red jersey, and the narrator yells 'Fodem!'.""]",Prior,multiple
Scene Understanding_sample_29_4,Scene Understanding,Please describe the scene that just occurred in the video?,00:05:09,B,"[""A. A player in a red jersey is blocked by three players in light blue jerseys, but the player in the red jersey shoots the ball past the three players in light blue jerseys, and the goalie in the orange jersey swoops in and fails to stop the ball from going into the goal, and the narrator says, 'Now the shot's not bad!'."", ""B. A player in light blue shot vigorously at the goal and the narrator said 'It's another Hattrick!'."", ""C. A player in light red shot vigorously at the goal and the narrator said 'It's another Hattrick!'."", ""D. A player in a light blue jersey kicks the ball towards another player in a light blue jersey, who kicks it into the goal in a scramble with a player in a red jersey, and the narrator yells 'Fodem!'.""]",Prior,multiple
Scene Understanding_sample_29_5,Scene Understanding,Please describe the scene that just occurred in the video?,00:05:52,D,"[""A. A player in a red jersey is blocked by three players in light blue jerseys, but the player in the red jersey shoots the ball past the three players in light blue jerseys, and the goalie in the orange jersey swoops in and fails to stop the ball from going into the goal, and the narrator says, 'Now the shot's not bad!'."", ""B. A player in light blue shot vigorously at the goal and the narrator said 'It's another Hattrick!'."", ""C. A player in light blue saved the ball that almost rolled off the field and the narrator said 'Isha.'."", ""D. A player in red saved the ball that almost rolled off the field and the narrator said 'Isha.'.""]",Prior,multiple
Scene Understanding_sample_30_1,Scene Understanding,Please describe the scene that just occurred in the video?,00:00:31,D,"[""A. The player on the red side tapped the ball as hard as he could into his teammate's hand, and the commentator said, 'and they'll jump it up here we go United States Canada from Vegas good size here'."", ""B. Player 2 from the red team shoots a three-pointer from the three-point line with his teammates covering him, and the commentator says, 'He wants a good side for the team just a little early, Josh smooth'."", ""C. Red player No. 9 assists player No. 24 and player No. 24 scores smoothly, the commentator says:'Brooks that found his first shot'."", ""D. Red side player 4 makes a three-step layup with his teammates covering him and scores, the commentator says: 'Trying to figure out how to play together for the first time off the glass and in that's Murray.'.""]",Prior,multiple
Scene Understanding_sample_30_2,Scene Understanding,Please describe the scene that just occurred in the video?,00:00:53,C,"[""A. Red team 4 fails to pass the ball, but thankfully the call goes back to Red team 9, who makes a smooth three-pointer, and the commentator says, 'Olympic former Celtic now with Toronto baseline and rj Barrett knocks down that deep lefty jump shot.'."", ""B. Red team player 2 with teammates covering him from outside the 3-point line makes a smooth 3-pointer and the commentator says:'he want a good side for team just a little early, Josh smooth.'."", ""C. Player No. 4 of the white team smoothly reaches the three-point line with the ball, and then a fake move deceives the opponent and smoothly shoots a three-pointer from outside the three-point line, and the commentator says:'you'll stop the bleeding.'."", ""D. Red team player 4 makes a three-step layup with his teammates covering him and scores, the commentator says:'he saw some of an instigator and will not step back Brooks.'.""]",Prior,multiple
Scene Understanding_sample_30_3,Scene Understanding,Please describe the scene that just occurred in the video?,00:01:20,D,"[""A. Red team 4 fails to pass the ball, but thankfully the call goes back to Red team 9, who makes a smooth three-pointer, and the commentator says, 'Olympic former Celtic now with Toronto baseline and rj Barrett knocks down that deep lefty jump shot.'."", ""B. White team 5 smoothly breaks through the opponent's defense from the three-point line, makes a three-step layup and scores, The commentator said, 'Steve curses how about this kid strong , LeBron like in his physical approach at the rim good finisher.'."", ""C. Player No. 4 of the white team smoothly reaches the three-point line with the ball, and then a fake move deceives the opponent and smoothly shoots a three-pointer from outside the three-point line, and the commentator says:'you'll stop the bleeding play in the first.'."", ""D. White team No. 9 player passed the player to No. 10 player, No. 10 player a confrontation to break through the opponent's defense and smoothly into the ball, the commentator said:'so strong and tough and confident '.""]",Prior,multiple
Scene Understanding_sample_30_4,Scene Understanding,Please describe the scene that just occurred in the video?,00:01:50,A,"[""A. Player No. 0 of the red team was robbed by a player of the white team, and player No. 10 of the white team smoothly broke through the defense with the ball and scored, and the commentator said: 'hard down the Lane another finger roll goes down.'."", ""B. White's 5 smoothly breaks through the opponent's defense from the three-point line, makes a three-step layup and scores, and the commentator says, 'Steve curses how about this kid strong , LeBron like in his physical approach at the rim good The commentator said, 'Steve curses how about this kid strong , LeBron like in his physical approach at the rim good fisher.'."", ""C. The red team player 0 with steals the ball and throws it to player 13, player 13 shoots from the three point line and scores, the commentator says:'who dork with the board new shot clock.'."", ""D. White team players 13 and 5, cooperate with each other outside the three-point line, No. 13 cut into the interior to receive the ball and dunk and score, the commentator said:'run by Bam on that full screen the dive the fine big time the back rim long.'.""]",Prior,multiple
Scene Understanding_sample_30_5,Scene Understanding,Please describe the scene that just occurred in the video?,00:02:35,B,"[""A. Player No. 1 of the red team was robbed by player No. 10 of the white team, and player No. 10 of the white team smoothly broke through the defense with the ball and scored, and the commentator said: 'the Lane another finger roll goes down that shows great body.'."", ""B. White's 12 catches the ball from a teammate outside the three-point line and passes it to 11 in the lane, who scores on a wipeout, and the commentator says, 'And what ball movement an in the seal by Joe Lenin.'."", ""C. The red team player 0 with steals the ball and throws it to player 13, player 13 shoots from the three point line and scores, the commentator says: 'who dork with the board new shot clock.'."", ""D. Player No. 5 of the white team completes a backward shot and scThe White team's No. 5 player carries the ball over his opponent and, with a teammate on the block, makes a fake to deceive his opponent, then throws the ball backward and scores, the commentator says: '16 foot fade about to bump.'.""]",Prior,multiple
Scene Understanding_sample_31_1,Scene Understanding,Please describe the scene that just occurred in the video?,00:00:41,B,"[""A. During the tee-off session, player 35 from the black team taps the ball into the hands of teammate 22 and the commentator says, 'Vinniem Marou are your officials here.'."", ""B. Player 7 from the red team cuts into the lane and receives the ball, and then makes a shot against the net and scores, the commentator says: 'Aliyah Boston makes it second nothing.'."", ""C. Red side player 7 passes the ball and creates an opportunity for player 22 to complete a smooth three-point shot and score, the commentator said: 'up there with steels and she'll take the first three pointer and knock it down.'."", ""D. Player 22 from the red side cuts into the lane with the ball and finishes the layup, the commentator says:'here's Caitlin Clark driving she's got the first five points wow.'.""]",Prior,multiple
Scene Understanding_sample_31_2,Scene Understanding,Please describe the scene that just occurred in the video?,00:01:39,A,"[""A. Blacks player 20 carries the ball to the three-point line, steadies himself in the coverage of a teammate, and shoots the ball for a score, and the commentator says, 'When you let a shooter knock a couple down that's all you need.'."", ""B. Red Team Player 7 cuts to the basket and receives the ball, then shoots a basket on a screen on a possession, commentator says, 'Aliyah Boston makes it second nothing. what a start.'."", ""C. Red Team Player 0 misses a three-step layup, but she quickly goes for the ball and then scores another three-step layup. The commentator says, 'Mentally took another chance.'."", ""D. The player 30 in black team carries the ball inside the 3-point line, steadies herself with a teammate in coverage, and shoots the ball for the score, commentator says, 'That's all you need, I love this shooter's shooter.'.""]",Prior,multiple
Scene Understanding_sample_31_3,Scene Understanding,Please describe the scene that just occurred in the video?,00:01:58,B,"[""A. Player 20 of the Blacks carries the ball to the three-point line, steadies himself in the coverage of a teammate, and shoots the ball for a score, and the commentator says, 'That's all you need, I love that shooter's shooter.'."", ""B. The Red 22 tries to cut to the three-point line with the ball, makes an unsuccessful breakaway attempt, then steadies himself and shoots a three-pointer for the score, commentator says, 'Kaitlyn Clark pulls it back, knocks it down.'."", ""C. Red team player 0 receives the ball, breaks to the three-point line, steadies himself and shoots the ball. The commentator says, 'Mitchell knocks the ball down from 15 feet away.'."", ""B. Black's player 22 attempts to cut to the three-point line with the ball, tries unsuccessfully to break through, then steadies himself and shoots a three-pointer for the score, and the commentator says, 'That's the way to push the ball in transition, okay.'.""]",Prior,multiple
Scene Understanding_sample_31_4,Scene Understanding,Please describe the scene that just occurred in the video?,00:02:43,D,"[""A. Player 44 of the Black team cuts to the basket with the ball, but has no chance to make a shot, then steadies himself and shoots a basket, and the commentator says, 'Hamilton 2 knocked the ball down in the last few steps.'."", ""B. The Black's 22 cuts to the three-point line with the ball, tries unsuccessfully to break through, breaks through again, and then turns around and shoots the ball for a score. The commentator says excitedly:'Leoni febish is known as an all-around long guard.'."", ""C. Red team player 0 receives the ball, breaks to the three-point line, settles down and shoots. The commentator says: 'Mitchell knocks the ball down from 15 feet away.'."", ""D. Player No.22 from the red side cut into the three-point line with the ball, tried to break through unsuccessfully, and then broke through again and turned around to shoot the ball, the commentator said excitedly: 'Feebisch, the rookie, defending the other rookie.'.""]",Prior,multiple
Scene Understanding_sample_31_5,Scene Understanding,Please describe the scene that just occurred in the video?,00:03:57,B,"[""A. Player 35 on the black team plays inside with the ball, a confrontation puts his opponent over the top, shoots and scores, commentator says: 'Jones looking to force the issue goes glass bottles.'."", ""B. The red player 22 passes the ball accurately to the player 1 in the lane, and the player 1 finishes the shot, the commentator said: 'and Smith has got the last couple.'."", ""C. The Black made three passes to confuse the opponent and then player 20 scored on a shot from the three-point line. The commentator said: 'and the liberty have climbed all the way from a 12 point deficit yo nescu protestants nothing.'."", ""D. Player No.22 from the red team cut into the three-point line with the ball, tried to break through unsuccessfully, and then broke through again and turned around to shoot the ball, the commentator said excitedly: 'leoni febish is known for a very versatile long defender.'.""]",Prior,multiple
Scene Understanding_sample_32_1,Scene Understanding,Please describe the scene that just occurred in the video?,00:00:57,B,"[""A. Player 4 on the purple team misses a pass, player 24 on the white team steals the ball and gives it to a teammate, who then passes it to player 22 who cuts inside and takes a ball without incident, and the commentator says, 'I'm the defense dumps it in, Sonano quick turn and the finish.'."", ""B. Player No. 22 from the white team got the ball from her teammate passed, facing the opponent in front of her, she hit the three-pointer without a hitch, the commentator said excitedly:'Clark, oh my!'."", ""C. Player 45 on the blue side tries to break through the lane with the ball but has no chance, then she passes to player 4 for a smooth three-pointer, and the commentator says 'this is a player that you pointed out, Johnson in the corner knocks down the 3.'."", ""D. Player 24 on the white side stands up accompanied by her teammate and then high fives her teammate as the commentator says, 'I'm senior from Cincinnati Ohio, No. 24 Caddy Marshall.'.""]",Prior,multiple
Scene Understanding_sample_32_2,Scene Understanding,Please describe the scene that just occurred in the video?,00:01:45,C,"[""A. Purple side No.10 player with the ball, in close cooperation with her teammates, she broke through the opponent's lane, smooth layup, the commentator said:'I'm the defense dumps it in, Sonano quick turn and the finish.'."", ""B. Player No. 24 from the white side got the ball through her teammate's pass to ask for a full, facing the opponent in front of her, she hit the three-pointer without a hitch, the commentator said excitedly:'Clark, oh my, welcome to the national championship game.'."", ""C. Purple 10 passes the ball to 4 in the lane, then 4 takes a shot and scores, leading to a foul, and the commentator says, 'Angel Reese facilitating again, Flage Johnson lays it in.'."", ""D. Player 10 on the purple side passes to player 0 in the lane and then makes a step up for a basket, the commentator says, 'who's done a wonderful job of this group, Angel Reese gorgeous delivery inside rebounding.'.""]",Prior,multiple
Scene Understanding_sample_32_3,Scene Understanding,Please describe the scene that just occurred in the video?,00:02:40,B,"[""A. Purple side No. 45 player with the ball, no chance to attack, then pass the ball to No. 55, smooth finish a three-pointer, to the commentator said:'underneath the hoop on that attempt from far here is pool she got it.'."", ""B. Player 22 on the white side, assisted by player 25, makes a leaping backward three-pointer, and the commentator says excitedly, 'trying to get it back to her Clark again.'."", ""C. Purple 10 passes the ball to 4 in the lane, then 4 takes a shot and scores, leading to a foul, and the commentator says, 'Dropped by Angel Reese and then here in transition.'."", ""D. Player 10 from the purple team brings in the ball, makes a turn and breaks through the opposing team's defense and shoots the ball, the commentator says:'I'm the defense dumps it in, Sonano quick turn and the finish.'.""]",Prior,multiple
Scene Understanding_sample_32_4,Scene Understanding,Please describe the scene that just occurred in the video?,00:03:40,C,"[""A. The purple 45 with the ball and no chance to attack, then passes the ball to the 5 from the three-point line for a smooth three-pointer and the commentator says, 'How do they navigate this period, carson will fire hands hit from three.'."", ""B. The white side attacked, the purple team has not adjusted in time, to the white side of the 24th player to create opportunities, smooth completion of a 3-point shot, the commentator said excitedly:'along with Stalky with Warnock and Sonata on the bench, Marshall knocks down the three.'."", ""C. Player 22 on the white side turns and passes to player 20 at the three-point line, and player 20 takes the three-point shot without incident, and the commentator says, 'Clark spins dishes Mart in the rainbow.'."", ""D. Purple player 4 breaks through the lane with the ball, fakes a jump and sends the ball flying to player 0 for a goal, the commentator says:'Johnson great look inside and Williams on the finish.'.""]",Prior,multiple
Scene Understanding_sample_32_5,Scene Understanding,Please describe the scene that just occurred in the video?,00:04:43,D,"[""A. Purple team 45 player with the ball to the inside of the 5 player, the 5 player look around, find the opportunity and successfully scored, the commentator said: 'here is Smith Clark facts off.'."", ""B. The white team attacked, the purple team has not adjusted in time, to the white side of the 24th player to create opportunities, smooth completion of a 3-point shot, the commentator said excitedly: 'along with Stalky with Warnock and Sonata on the bench, Marshall knocks down the three.'."", ""C. The white team 22, 45 and 20 players pass ball to each other, perfect back to the pass and the 45 player smooth completion of the goal, the commentator said: 'both facing the basket and with her back to it good decision there bark what a feed The commentator said: 'both facing the basket and with her back to it good decision there bark what a feed.'."", ""D. Purple No.45 player with the ball attacked to break through the inner line, but was defined by the opponent, then passed the ball to No.2 player and finished the 3-point goal smoothly, the commentator said: 'here's Morris into the corner Carson again.'.""]",Prior,multiple
Scene Understanding_sample_33_1,Scene Understanding,Please describe the scene that just occurred in the video?,00:00:49,D,"[""A. Player 0 on the black team breaks through the lane with the ball and misses, then 34 makes a remedy and successfully scores, and the commentator says, 'No. 34 Caddy Marshall.'."", ""B. Player 1 of the yellow team makes a 3-point shot and misses, then the yellow team makes a putback and 28 dunks the ball. The commentator says, 'Sonano quick turn and the finish.'."", ""C. Player 0 from the black team passes the ball to player 34, who breaks through the opponent's defense and scores a goal. The commentator says:'Johnson in the corner knocks down the 3.'."", ""D. The black side makes three passes and passes the ball to player 5 for a backward three-pointer. The commentator says, 'He's there.'.""]",Prior,multiple
Scene Understanding_sample_33_2,Scene Understanding,Please describe the scene that just occurred in the video?,00:01:30,C,"[""A. Player 22 of the Black team receives the ball, scrambles, turns and breaks through the lane, and successfully scores the ball, and the commentator says:'you might recall as Middleton hits option is it.'."", ""B. Player 3 of the Yellow Team blocks for Player 15. Player 15 has no chance to pass to Player 3, who fakes a dunk and scores. The commentator says 'he moves in and scores just a third Laker basket.'."", ""C. The Blacks' Player 24 has no chance to attack the ball, he passes the ball to Player 0, who tries to break through the opposing team's defense, and then shoots a backward shot from outside the three-point, and the commentator says 'Yonah's on the bench and Lopez having to stay attached.'."", ""D. The Yellow Team's 15 faces three opponents from the Black Team, gets the ball and scores a basket. The commentator says The commentator says:'a R goes to the rim he talks how good he is.'.""]",Prior,multiple
Scene Understanding_sample_33_3,Scene Understanding,Please describe the scene that just occurred in the video?,00:01:38,A,"[""A. Black 24 makes a tackle on Yellow 15, who passes the ball to 3, who then passes the ball to 11. The commentator says:'You know Lillard did not shoot it well from beyond.'."", ""B. Yellow's 15, facing the Black defense, gives the ball to the open 3, who lives up to his name and tosses the ball back and scores. The commentator says:'Earlier in the year as a d switches it through.'."", ""C. The Blacks' No. 24 has no chance on offense and passes the ball to No. 0, who tries to break through the opposing team's defense, gets blocked, and then shoots a backward shot from beyond the three-point line for a successful score. the commentator says, 'Lopez having to stay attached to the ad if they get another one.'."", ""D. Player 15 of the Yellow Team faces three opponents of the Black Team, throw the ball and get scores. The commentator says 'a R goes to the rim he talks how good he is.'.""]",Prior,multiple
Scene Understanding_sample_33_4,Scene Understanding,Please describe the scene that just occurred in the video?,00:02:28,A,"[""A. A player in a yellow No. 1 uniform threw a ball that flew over the head of a player in a black No. 20 uniform, and the throw went into the hoop, the narrator said'Any scores for an end one pull up for D. Lo got it.'."", ""B. The Yellow team's player 1, facing the Black team's defense, gives the ball to player 12 who is at the three-point line. player 12 lives up to his name and throws the ball backward for the three-point shot. The commentator says, 'open his GP yes sir.'."", ""C. The Blacks' 34 has no chance to make a play, so he passes the ball to 0, who tries to break through the defense, gets blocked, and then shoots a backward shot from beyond the three-point line for a successful score. the commentator says:'Lopez having to stay attached to the ad if they get another one.'."", ""D. The black team's player 34 has no chance to attack with the ball. The black team's player 9 crosses over to the three-point line to receive the ball, stabilizes himself and shoots a three-pointer, scoring. The commentator says:'here is Portis.'.""]",Prior,multiple
Scene Understanding_sample_33_5,Scene Understanding,Please describe the scene that just occurred in the video?,00:02:46,D,"[""A. Player No. 34 of the Black team had no chance to attack, so he passed the ball to Player No. 0, who tried to break through the opponent's defense, was blocked, and then made a backward shot from outside the three-point line and successfully scored, and the commentator said: 'Lopez having to stay attached to the ad if they get another.'."", ""B. Player No. 28 of the yellow team gets the ball, and when he is surrounded by three opponents, he turns around and fakes a move and scores. The commentator says, 'that has turned into one of his patented moves.'."", ""C. Player 24 of the black team attacks with the ball, but he is guarded by his opponent. He gives the ball to player 34, who goes to the basket with the ball, and he sends his opponent flying and scores a goal. The commentator says: 'she got hit from behind and he scores for an and one.'. "", ""D. Player No.1 of the yellow team launched an attack quickly after getting the ball, but was blocked by the opponent, then he passed the ball to No.28, who broke through quickly and finished the dunk, The narrator said afterward 'Rise and throw down the slam .'.""]",Prior,multiple
Scene Understanding_sample_34_1,Scene Understanding,Please describe the scene that just occurred in the video?,00:00:57,D,"[""A. In the kick-off session, the yellow team and the white team were making a steal, and the yellow team was the first to get the right to ask for the ball, and then went on offense. The commentator said: 'got some really nice players here to watch we're gonna be excited to watch the pace of this game.'."", ""B. White player 55 is surrounded by opponents with no offense, 44 steps up to receive the ball and then goes for a three-step layup. The ball doesn't go in, but the possession is returned to him and he shoots again and scores. The commentator said, 'running into Castleton second attempt he sticks with it.'."", ""C. The White team's 28 and 29 played well together. 28 took the ball to the basket, passed it to 29 under siege, and 29 made a foul shot and scored. The commentator said: 'a perfect love to Marquise Balden.'."", ""D. No. 21 of the yellow team, surrounded by the players of the white team, made a three-step layup with a fake, but unfortunately, the ball did not go in. The commentator says: 'Maxwell Lewis long strides.'.""]",Prior,multiple
Scene Understanding_sample_34_2,Scene Understanding,Please describe the scene that just occurred in the video?,00:01:43,D,"[""A. Player 55 of the white team took advantage of the yellow team's looseness, he took the ball for a three-step layup plus a confrontation, toppled his opponent, jumped and put the ball in. The commentator said, 'as Ethan Thompson shows off a little left hand.'."", ""B. The White's 55 gains possession of the ball and quickly launches the offense. He observes 4 at the front of the line and passes hard to 4, who completes the uptempo shot and scores. The commentator says, 'takes some contact and banks it in.'."", ""C. Player 21 of the yellow team, surrounded by three players of the white team, made a three-step layup plus a fake, but unfortunately all the ball did not go in. The commentator says: 'Maxwell Lewis long strides and there's another block for Bolden.'."", ""D. The yellow team's No.21 player broke through the line with the ball, but had no chance to shoot, then passed the ball to No.36, who made a fake shot to confuse the opponent and stabilized his body to shoot a three-pointer. The commentator said: 'Lewis baseline drive, Henson.'.""]",Prior,multiple
Scene Understanding_sample_34_3,Scene Understanding,Please describe the scene that just occurred in the video?,00:02:43,C,"[""A. White team player 71 and 31 worked together silently, and with their opponents surrounding them, the two passed to each other twice, creating an opportunity for 71 to make a three-pointer, before 71 fell and quickly got up. The commentator said, 'AND 3 IS GOOD.'."", ""B. White player 31 gains possession of the ball, and with four Yellow players guarding him, he quickly launches himself into the lane, shoots but misses, but he quickly remedies the shot and scores. The commentator says:'with who and maybe needs a little bit of confidence and have things to go well for him.'."", ""C. With a minute to go and both teams getting physical, White 31 passes to 29, who stabilizes and shoots a three-pointer. The commentator said excitedly, 'Staying hot continuing.'."", ""D. Player 21 of the yellow team, surrounded by three players of the white team, made a three-step layup plus a fake, but alas it was all a ball that didn't go in. The commentator says:'Maxwell Lewis long strides and there's another block for Bolden.'.""]",Prior,multiple
Scene Understanding_sample_34_4,Scene Understanding,Please describe the scene that just occurred in the video?,00:03:30,A,"[""A. Player 27 of the white team attacks with the ball, cuts into the opponent's lane, fights off a foul, and scores a goal of his own. The commentator says: 'Besscovy taking contact.'."", ""B. White 55 gets the ball, 27 helps 55 on the block, 55 quickly goes on the attack, sharpshooting plus a turnaround shot and scores. The commentator says:'with who and maybe needs a little bit of confidence and have things to go well for him.'."", ""C. With a minute to go and both teams getting physical, White 31 passes to 29, who stabilizes and shoots a three-pointer. The commentator said excitedly, 'day Kwan Plowden staying hot continuing.'."", ""D. The yellow team's team's stand form a triangle and they launch an attack, yellow team's 21 misses a layup shot and 14 remedies the situation under the rim. The commentator said 'with that follow from Castleton after the Lewis Miss.'.""]",Prior,multiple
Scene Understanding_sample_34_5,Scene Understanding,Please describe the scene that just occurred in the video?,00:03:46,D,"[""A. Player 27 of the white team attacks with the ball, cuts into the opponent's lane, fights off a foul, and scores a goal of his own. The commentator says: 'veskaby taking contact oh and he banks it in.'."", ""B. The yellow team gained possession of the ball at the start of the serve, and then launched a fierce attack, the white team did not get back on defense in time, and the yellow team's No. 4 player made a smooth three-pointer. The commentator said, 'catch and shoot connect connects.'."", ""C. With a minute to go and both teams getting physical, White 31 passes to 29, who stabilizes and shoots a three-pointer. The commentator said excitedly, 'day Kwan Plowden staying hot continuing.'."", ""D. Yellow 14 breaks through the defense with the ball and shoots. A White team's player caps the ball and it is tapped away, and at the same time, he also injures his teammate by mistake. The commentator said 'Castleton wiped off the window.'.""]",Prior,multiple
Scene Understanding_sample_35_1,Scene Understanding,Please describe the scene that just occurred in the video?,00:00:54,C,"[""A. The White team cut into each other's lane, but had no chance to shoot, then passed to each other in silence, finally allowing 3 to shoot and score from the three-point line. The commentator said, 'open 3 Antoine Davis for asville wow.'."", ""B. Player 31 of the Yellow team brings the ball on offense, but is guarded by player 55 of the White team. Player 36 of the Yellow team steps up to receive the ball and shoots an accurate three-pointer. The commentator said: 'that's beautiful nice pick and pop great job.'."", ""C. Player No. 31 of the yellow team cut into the interior with the ball, jumped up to shoot the ball and found that he was deadlocked, and then passed the ball to No. 37, who quickly dunked the ball and fell down in excitement. The commentator said excitedly, 'For Traore There you go Nice job.'."", ""D. Yellow team No. 31 player with the ball attack, but the front was dead defense, and then a high throw ball pass to the inside of the No. 37 to do a false move, and quickly shot a score. The commentator said, 'inside Troy Power triple nice finish for our melt.'.""]",Prior,multiple
Scene Understanding_sample_35_2,Scene Understanding,Please describe the scene that just occurred in the video?,00:01:40,A,"[""A. Player 31 of the White team carries the ball and with two players on the Yellow team's defense, makes a quick offensive cut into the lane to shoot the ball and score. The commentator says, 'And right there, he settled for the fourteen.'."", ""B. White's player 37 brings the ball to the offense, but is guarded by Yellow's player 36, and is robbed by Yellow's player 9 when he passes the ball. The commentator says, 'wax here late clock stolen by brawny.'."", ""C. Player No. 14 of the Yellow Team cut into the lane with the ball and was stopped by the defense, then No. 9 of the Yellow Team went up to receive the ball and scored a three-step layup. The commentator says, 'there that that's you know really nice penetration.'."", ""D. The white team tried to cut into the lane with the ball, but the yellow players were dead set on defense, then the white team 35 passed the ball out of the lane, and then the white team 7 scored a three-pointer. The commentator said 'bonds a little out of control, Jane Nagle 3 lasers it in.'.""]",Prior,multiple
Scene Understanding_sample_35_3,Scene Understanding,Please describe the scene that just occurred in the video?,00:01:56,C,"[""A. The white team's 37th player passed the ball to the 31st player, during which time it was almost intercepted by the yellow team's 9th, but fortunately there was a scare and the 31st threw the ball and scored successfully. The commentator says:'Brawny read it right but it still gets in the hands of Jordan ford and he hits the fadeaway.'."", ""B. White's player 37 brings the ball to the offense, but is guarded by Yellow's player 36, and is robbed by Yellow's player 9 when he passes the ball. The commentator says, 'wax here late clock stolen by brawny.'."", ""C. Yellow player 14 cuts into the lane for a layup, White player 43 defends, but the ball goes in and player 43 is fouled. The commentator says, 'That looks a little bit like Steph Curry.'."", ""D. The white team tried to cut into the lane with the ball, but the yellow players were dead set on defense, then the white team 35 passed the ball out of the lane, and then the white team 7 scored a three-pointer. The commentator said 'bonds a little out of control, Jane Nagle 3 lasers it in.'.""]",Prior,multiple
Scene Understanding_sample_35_4,Scene Understanding,Please describe the scene that just occurred in the video?,00:02:48,C,"[""A. Yellow team 4 with the ball on offense, two players from the White team on defense, Yellow team 4 has no offensive opportunity to pass to 21, 21 cuts into the lane and creates an opportunity for 4, who completes the three-pointer without incident. The commentator said, 'draws two defenders to set up connect.'."", ""B. White player 33 takes the ball and quickly breaks through the yellow team's three players and scores. The commentator says, 'year as nobody picks up Dan Goodwin.'."", ""C. Yellow team player 29 attacks with the ball, he passes it to 14, who passes it to 4, who passes it back to 14 and scores a goal. The commentator says, 'Good shooter, huh? yes.'."", ""D. The white team tried to cut into the lane with the ball, but the yellow players were dead set on defense, then the white team 35 passed the ball out of the lane, and then the white team 7 scored a three-pointer. The commentator said 'bonds a little out of control, Jane Nagle 3 lasers it in.'.""]",Prior,multiple
Scene Understanding_sample_35_5,Scene Understanding,Please describe the scene that just occurred in the video?,00:03:47,A,"[""A. The White team 45 passes ball to 31, who catches it and scores on a hook shot. The commentator says, 'Holy Moly.'."", ""B. The White team 31 carries the ball, doesn't get a shot, then passes the ball to 45 who cuts to the basket, draws a foul and scores. The commentator says excitedly, 'Catch, this guy's game is out of control now.'."", ""C. The Yellow team player 29 passes the ball to 14 who catches the ball and shoots a three-pointer from the three-point line. The commentator says, 'Castleton from deep in the Big C has done it again.'."", ""D. Player 29 of the Yellow is blocked by a teammate who makes a quick cut to the basket and finishes with an outside shot. The commentator says, 'Juko Division 2 Division 1.'.""]",Prior,multiple
Scene Understanding_sample_36_1,Scene Understanding,Please describe the scene that just occurred in the video?,00:00:54,D,"[""A. White team 3 has the ball on offense, misses a contested shot, and White team 13 dunks the ball to remedy the situation. The commentator says, 'He played at Oregon State.'."", ""B. White team 14 drives with the ball, has no chance to throw, then passes the ball to 25 on the outside, who drives and cuts into the lane and misses a throw, then makes a second jumper to make the basket. The commentator says, 'Blackler dribbles the ball back upcourt driving left-handed floater, the ball goes in and out and out and in.'."", ""C. Blue 45 passes the ball to 77, who breaks for a layup and scores on a post-up jumper. The commentator says, 'It's a volley, or a nice shot, of his jumper from 10 feet'."", ""D. Blue 1 is working with a teammate and he quickly cuts into the lane for a jumper. The commentator says, 'Didn't pull the string on the the triplebut takes the short range.'.""]",Prior,multiple
Scene Understanding_sample_36_2,Scene Understanding,Please describe the scene that just occurred in the video?,00:01:49,D,"[""A. Blue 4 cuts into the lane with the ball, two White players defend, Blue 4 has no chance to shoot, he passes the ball to 55, who points and jumps for the goal. The commentator says, 'for that battle continues to with the 2 bigs.'."", ""B. White team 13 has the ball and Blue team 1 is playing defense. White team 13 has a confrontation to push Blue team 1 out of the way and get into the lane, and then facing Blue team's reinforcement, he hooks the ball and throws it, but it doesn't go in. The commentator says: 'we call it a mouse in the house and a short of guy.'."", ""C. Blue team player 4 with the ball attack, he a confrontation cut into the interior by three opponents dead guard, but he resolutely a put the ball in. The commentator says, 'for that battle continues to with the 2 big.'."", ""D. No. 13 of the white team is in possession of the ball, he has a confrontation with the blue team players, he attacks and cuts into the interior, facing the blue team's three players to assist the defense, he jumps and hooks the ball into the goal. The commentator says: 'right to family situations where they grew up.'.""]",Prior,multiple
Scene Understanding_sample_36_3,Scene Understanding,Please describe the scene that just occurred in the video?,00:02:12,A,"[""A. White Team Players 41 and 25 play off each other, 25 goes for the ball, 41 helps block, 25 breaks through the defense without incident, he jumps and shoots and scores. The commentator says, 'inside how about the left hand by a J Mitchell.'."", ""B. Blue 45 has the ball and goes into the lane with his teammates. White 42 misses his shot and Blue 45 hooks the ball and scores. The commentator says:'Justin on the drive the bucket.'."", ""C. White team 13 has the ball, he takes a shot against a Blue player, he cuts into the lane, and with three Blue players in his face, he jumps and hooks the ball in. The commentator said:'right to family situations where they grew up,who the mentors were.'."", ""D. Blue 45 passes the ball to 77, who takes the ball on offense. He cuts into the lane and shoots, but misses. Blue 45 runs into the lane to make amends and finishes with a dunk. The commentator says 'Five seconds of this first quarter jereau.'.""]",Prior,multiple
Scene Understanding_sample_36_4,Scene Understanding,Please describe the scene that just occurred in the video?,00:03:34,A,"[""A. White Team Player No. 25 has the ball in his possession. He attacks and cuts into the lane, facing the three players of the blue team's co-defense, he throws the ball and misses, but when the opponent picks up the ball he suddenly steals it and throws it in smoothly. The commentator said, 'Lays it up got it back hook it and score it.'."", ""B. Blue Team 1 has the ball and gets into the lane with his teammates, but has no chance to shoot. He passes the ball to 45 at the 3-point line, and 45 hooks the ball and scores a 3-pointer. The commentator says, 'Pass to 25 from the 3-point line.'."", ""C. White 13 has the ball, he cuts into the lane, and when he is guarded by three players from the Blue team, he passes the ball to 25 at the three-point line, who makes a three-pointer. The commentator says: 'but that works too Bola that sure does.'."", ""D. White Team 25 has the ball, 25 goes to pick up the ball, 41 helps block the shot, 25 breaks through the defense, he jumps and shoots and scores. The commentator says, 'inside how about the left hand by a J Mitchell.'.""]",Prior,multiple
Scene Understanding_sample_36_5,Scene Understanding,Please describe the scene that just occurred in the video?,00:04:45,B,"[""A. Blue Team 1 misses a shot from the three-point line, 45 makes a grab for the rebound but still misses, when 55 suddenly jumps up and dunks the ball for a smooth finish. The commentator said: 'puts it up and the touch for two.'."", ""B. White Team Player 25 has the ball on offense, he makes an offensive cut into the lane, he turns left plus right to confuse his opponent, then goes up for a hook shot and puts it in. The commentator said, 'now you get edie at a different style of playfor sure and amanda goes about three hundred pounds.'. "", ""C. White team 3 has the ball and he cuts into the lane, facing 2 players from the blue team, he throws the ball down to the ground, the ball bounces into the hands of 50, who shoots the ball smoothly. The commentator said: 'put a lot of pressure on him they double to guess resulting.'."", ""D. Player 45 of the blue team goes around in a circle and half shakes off his opponent and goes up to receive the ball, then he takes advantage of his opponent's surprise by attacking the lane and scoring on a layup shot. The commentator says, 'inside strong front move on the lean.'.""]",Prior,multiple
Scene Understanding_sample_37_1,Scene Understanding,Please describe the scene that just occurred in the video?,00:00:52,D,"[""A. White player 23 attacks with the ball and Black player 30 defends. Player 23 of the White team uses confrontation plus a turnaround to fool his opponent, then shoots and makes the exact shot. The commentator says, 'Draymond Green makes a layup.'."", ""B. White 15 dribbles from the 3-point line, 23 runs into the open space, 15 quickly passes to 23, and 23 shoots the ball accurately. The commentator says, 'Defense is once again a major problem on the road.'."", ""C. Black team 23 steps up to receive the ball and he uses the opportunity to quickly drive to the basket for a three-step layup. The commentator says: 'Draymond Green makes a layup.'."", ""D. 23 and 30 of the Black Team work together silently. No. 23 passes the ball to No. 30 on the block, who checks No. 23's route as he dribbles, then instantly passes the ball to No. 23 for a layup. The commentator says, 'Curry finds Green, cuts it to Grimm and lays it up and in.'.""]",Prior,multiple
Scene Understanding_sample_37_2,Scene Understanding,Please describe the scene that just occurred in the video?,00:01:23,C,"['A. Player 15 of the White team attacks with the ball. The Blue team gets back on defense in time, and Player 15 of the White team suddenly stops the ball and passes it to Player 23, who accurately hits a three-pointer. The commentator says: ""Here it comes, Reeves throws the ball back and James is open for a three-pointer."".', 'B. Blue 23 passes the ball to 30, who hits a backward jumper for a 3-pointer. The commentator says, ""Curry makes the shot."".', 'C. Player 15 of the White team attacks with the ball. With his teammates covering him, he drives to the basket and makes a smooth jump shot. The commentator says, ""Reeves left wide open."".', 'D. Blue 23 passes the ball to 30, who is a silent partner. 23 passes the ball first to 30 on the block, 30 checks 23\'s route while dribbling, and passes the ball to 23 in a split second, who scores a layup. The commentator said, ""Curry Finescreen cuts it a grim and lays it up and in."".']",Prior,multiple
Scene Understanding_sample_37_3,Scene Understanding,Please describe the scene that just occurred in the video?,00:01:47,A,"[""A. Blue team 30 brings the ball offense and against the enemy defense, 30 matches up with 22 and passes the ball to 22 at the top of the key, who jumps and catches the ball and shoots and scores. The commentator said: 'Green quick outlet to Curry, Tried a circus shot LeBron did that time, Wiggins gets inside.'."", ""B. Blue team 22 attacks the lane with the ball, two players from the white team fail to defend, and finally the black team 22 scores well. The commentator says, 'Wiggins gets inside.'."", ""C. The white team 30 brings the ball offense and against the enemy defense, 30 matches up with 22 and passes the ball to 22 at the top of the key, who jumps and catches the ball and shoots and scores. The commentator said:'try to circus shot LeBron did that time.'."", ""D. The Blue team 23 layup shot misses, and the 00th player makes a remedy, but it is unsuccessful, and the ball falls into the hands of the opponent and is scored on. The commentator said, 'Kaminga follow won't go.'.""]",Prior,multiple
Scene Understanding_sample_37_4,Scene Understanding,Please describe the scene that just occurred in the video?,00:02:25,A,"[""A. Blue team 30 brings the ball offense over the enemy defense to the three-point line for an accurate three-pointer. The commentator says, 'Curry took a tumble, slow to get up, Curry knocks down another three'."", ""B. Blue 23 passes the ball down the floor to 30, who makes a flying layup and scores, and ends up falling down. The commentator says, 'Christie as Curry goes back door backs it in off the glass'."", ""C. Player 2 of the white team attacks with the ball, sees 23 in the distance and quickly passes the ball. Player 23 of the white team catches the ball and scores with a dunk. The commentator says, 'the other end goes up and throws it down'."", ""D. White player 2 passes the ball to player 10, who fights off Blue player 23 and scores a dunk. The commentator says, 'little zone defense here from Golden State and Christie still threw it down'.""]",Prior,multiple
Scene Understanding_sample_37_5,Scene Understanding,Please describe the scene that just occurred in the video?,00:02:45,B,"[""A. Blue team 30 brings the ball offense over the enemy defense to the three-point line for an accurate three-pointer. The commentator excitedly says, 'slow to get up as Curry knocks down another 3 his third 3 pointer of the first period.'."", ""B. Blue team 1 carries the ball to the 3-point line, then passes the ball to 20 in the post, who slowly stops and leaps from the 3-point line to hit an accurate 3-pointer. The commentator said, 'You wonder about this unit here, Mike, Sharjah's an excellent addition because of his ability to do that'."", ""C. Player 3 of the white team drives with the ball, 5 of the blue team defends, and player 23 of the white team makes a confrontation plus a turnaround shot and scores. The commentator says, 'tI thought this handle from Anthony Davis, you've been doing more this lately Doris.'."", ""D. White player 2 passes the ball to player 10, who fights off Blue player 23 and scores a dunk. The commentator says, 'little zone defense here from Golden State and Christie still threw it down.'.""]",Prior,multiple
Scene Understanding_sample_38_1,Scene Understanding,Please describe the scene that just occurred in the video?,00:00:41,D,"[""A. In the begin session of game, the White team 10 taps the ball to the right and the teammate 15 fought hard to get possession. The commentator says excitedly, 'And NewYork avenged that loss on June 4th eating a little bit more offense from just about everybody.'."", ""B. Green team 22 gets into the lane with a teammate covering her, but has no shot, then she passes the ball to 13, who spots up for a three-pointer. The commentator says, 'here's Vandy Slute on the drive outside look Phoebes splash.'."", ""C. The White team serves the ball under the basket and White team 7 steps up to receive the ball and then leaps to put it in. The commentator said, 'Alumni night here at Barclays Center is the very athletic Kennedy Carter.'."", ""D. Green team 30 receives the ball and has no chance to make a play, and passes the ball to 32, who makes a spot-up jumper and scores a 3-pointer. The commentator said, 'Three two early going Jones for three.'.""]",Prior,multiple
Scene Understanding_sample_38_2,Scene Understanding,Please describe the scene that just occurred in the video?,00:01:59,D,"['A. White team 7 runs with the ball, 15 interferes with his opponent, and then 7 passes the ball to 4, who prepares to shoot a three-pointer. The commentator says, ""Gordon can get into that position too."" .', 'B. White team 7 runs with the ball and hits Green team team 22. Green team team 30 steals the ball and attacks, White team team gets back on defence in time for 22 to set up a jumper for a three-pointer. The commentator says, ""I grew up watching Tina in New York, that\'s a real legend."" .', 'C. White team team 4 passes to White team team10, Green team 32 and Green team 20 are defending White team 10 and they fail to stop White team 10, allowing White team to score. The commentator says, ""She\'s had a great start here."" .', 'D. White team 4 runs with the ball, observes her surroundings, and suddenly makes a quick pass to 7 in the infield, who turns, makes a fake to fool her opponent, and leaps forward to put the ball in the basket. The commentator says, ""Chicago trying to take back the leadinside Kennedy Carter the catch and the finish."" .']",Prior,multiple
Scene Understanding_sample_38_3,Scene Understanding,Please describe the scene that just occurred in the video?,00:02:47,A,"[""A. Green team plays offense, White team plays defense, Green team passes each other, Green team 32, due to size advantage, pushes the White team player away, and then the ball passes to her hand, takes off and throws the ball and scores. the narrator says, 'great catch John Quill Jones the deuce.'. "", ""B. No. 7 player of the white team attacks with the ball, faces with the encircle of 3 players of the green team, resolutely broke through the blockade, and scored a goal. the narrator says, 'Carter on the move puts it up and through a 5 point advantage for this guy.'."", ""C. Green Team 20 throw the ball from beyond the three-point line but misses, then Green Team 5 jumps to catch the ball, but three white team players surrounds her, and she turns to avoid the opponent's throw. the narrator says, 'short rebound KT the turnaround goes down that stops the drought.'."", ""D. The white team's No. 4 player takes the ball to attack the Green team's two opponents fence, then she passes the ball to No. 5, No. 5 fails layup , then she takes the ball again to jump off and successfully score. The narrator says, 'no call staying with it and puts it in as you mentioned those second chance opportunities.'.""]",Prior,multiple
Scene Understanding_sample_38_4,Scene Understanding,Please describe the scene that just occurred in the video?,00:03:42,C,"[""A. White player 15 takes the ball to attack, Green team quickly back, but White team 7 is too fast, rushed to the front, and then took the ball and quickly shot A layup and scored. the narrator says, 'the sky have been playing with great pace.'."", ""B. White's number four with a pass to number seven, facing three Green team players, number 7 passes underground to number 20, number 20 confronts and turns to take off the ball and score. The narrator says, 'they both started out cold offensively,is he Harrison in a crowd.'."", ""C. Green team player tacit cooperation, they pass each other, then 22 with the ball attack to break through the inside line, the jump shot was blocked by the opponent, had to pass the ball to No. 5, No. 5 accurate three-point shot. the narrator says, 'Thornton corner three bottoms.'."", ""D. White team 15 attack with the ball, and then ask for No. 4 in the pick and roll, No. 4 live up to expectations, a perfect arc to throw a three-point shot. The narrator says, 'may bring no hesitation swish.'.""]",Prior,multiple
Scene Understanding_sample_38_5,Scene Understanding,Please describe the scene that just occurred in the video?,00:04:51,B,"[""A. The green team cooperated, they passed each other, and then No. 30 attacked the inside line with the ball, she turned left and right to deceive her opponent, and then took off to hit the basket and scored. 'working on May 3 shoulder Bay pull up drops,' the narrator says excitedly."", ""B. The white team made a mistake in passing and was tackled by the Green Team 2. The White team 20 collided with the Green Team 2 in order to catch the ball and fell down. The Green team quickly attacked after getting the ball, and the 13th made a three-point shot. 'Sky running Oh Thornton making theplay saves it to Stuart, Phoebus for three."", ""C. Green team player tacit cooperation, they passed each other, and then 30 with the ball attack to break through the inside line, when the opponent shot the shot was shot, but also smoothly scored. 'Stewart on the drive bucket and the clown,' gushed the narrator."", ""D. The green team cooperated well, they passed each other to confuse the opponent, then Green team 32 in the inside to open the opponent, the ball passed smoothly to her hand, she took off and threw the ball and scored. The narrator excitedly said, 'may bring no hesitation swish.'.""]",Prior,multiple
Scene Understanding_sample_39_1,Scene Understanding,Please describe the scene that just occurred in the video?,00:00:30,A,"[""A. A man in a black basketball jersey leaps right into the crowd and dunks the ball, the crowd cheers and the commentator exclaims: 'Jonathan kaminga.'."", ""B. A man in a white basketball jersey defends the left half of the court against a man in a black basketball jersey, and the commentator says, 'He doesn't frustrate people.'."", ""C. After a failed shot by a man in white No. 0, a man in white No. 34 takes over the basketball and dunks it after breaking through an opponent in black, the commentator says: 'shot long goal with a teta cupola right there for the follow.'."", ""D. The man in white No. 34 breaks through his opponent in black and dunks the basketball into the hoop, and the commentator says: 'As littleard gets free finds a teta cupola drives inside.'.""]",Prior,multiple
Scene Understanding_sample_39_2,Scene Understanding,Please describe the scene that just occurred in the video?,00:00:41,B,"[""A. A man in a black basketball jersey leaps right into the crowd and dunks the ball, the crowd cheers and the commentator exclaims: 'Jonathan kaminga.'."", ""B. A man in black 00 passes the ball to a man in black 2, who then passes the ball back to the man in black 2, who then runs to the basket and dunks the ball. The commentator said: 'He's been living in the paint during"", ""this wonderful stretch drives inside again layup is good.'."", ""C. A man in a white basketball uniform shoots a basket from the outside court while his opponent and teammates are setting up, and when the shot fails, a man in a black basketball uniform steals the ball away, and the commentator says, 'A teta cupola three-pointer misses coming to the rebound that's beenone of the keys for him.'."", ""D. The man in white 34 breaks through his opponent in black and dunks the basketball into the hoop, and the commentator says: 'As littleard gets free finds a teta cupola drives inside.'.""]",Prior,multiple
Scene Understanding_sample_39_3,Scene Understanding,Please describe the scene that just occurred in the video?,00:00:50,C,"[""A. A man in a black basketball jersey leaps right into the crowd and dunks the ball, the crowd cheers and the commentator exclaims:'Jonathan kaminga.'."", ""B. A man in a black No. 2 basketball jersey shoots a basket from the outside court, and after the basket is made the commentator says:'banksman from straight on says okay.'."", ""C. A man in a white No. 34 basketball jersey shoots a basket from the outside court, and after the basket is made the commentator says:'They're giving the honest to three-pointer.'."", ""D. A man in a white basketball uniform shoots a basket from the outside court while his opponent and teammates are setting up, and when the shot fails a man in a black basketball uniform steals the ball away, and the commentator says:'A teta cupola three-pointer missescoming to the rebound that's beenone of the keys for him.'.""]",Prior,multiple
Scene Understanding_sample_39_4,Scene Understanding,Please describe the scene that just occurred in the video?,00:01:28,D,"[""A. Two men in yellow coats and hats stood by the lake, waving and calling to the man with binoculars, saying 'Have you packed yet?'."", ""B. A man is holding a black backpack with a yellow interior and the man is saying 'How did l forget the road trip is today, not tomorrow?' as he packs."", ""C. A man running towards a car, a man in a yellow jacket pokes his head out of the window of a silver car and calls out as he waves 'Come on, hurry up, let's go, we're late, get in here.'."", 'D. Man is in a restaurant with a burger. The burger consists of two slices of bread, a beef patty, lettuce, tomato and cheese with a red toothpick sticking out of it and music playing in the background.']",Prior,multiple
Scene Understanding_sample_39_5,Scene Understanding,Please describe the scene that just occurred in the video?,00:01:46,C,"[""A. After a man in a black No. 2 basketball jersey fails to dunk the ball, a man in a black No. 00 basketball jersey takes the ball and dunks it, and the commentator says: 'one man to be throws it back for kaminga.'."", ""B. A man in a white basketball jersey shoots the ball after breaking through two men in black basketball jerseys, the commentator says: 'As lily gets inside beautiful shot off the glass from lily.'."", ""C. A man in a black No. 23 basketball jersey passes the ball into a man in a black No. 30 basketball jersey, who then shoots the ball, and the commentator says: 'Dramon green inside to curry and that'scurry's first shot beautiful pass! The commentator said, 'Dramon green inside to curry and that'scurry's first shot beautiful pass.'."", ""D. A man in a black No. 00 basketball jersey has his dunk blocked by a man in a white basketball jersey, but the basketball still falls into the basket. Prouder thought he was hit a quick pace early here green drives layup gets the roll.'.""]",Prior,multiple
Scene Understanding_sample_40_1,Scene Understanding,Please describe the scene that just occurred in the video?,00:00:58,D,"['A. A man in a black sweatshirt takes a leather ball and throws it repeatedly against the wall and says, ""When I\'m thinking about a new video or project, I like to do something with my hands, so I just throw the ball against the wall."".', 'B. A man in a black sweatshirt introduces himself to the camera from inside the room and says, ""I lived in New York for a couple of years back, I moved away because of Covid and now I\'m back."".', 'C. A man in a black sweatshirt points to a computer off to the side and says, ""This is my new editing room."".', 'D. A man in a black sweatshirt walks toward the kitchen and describes, __his is my little."".']",Prior,multiple
Scene Understanding_sample_40_2,Scene Understanding,Please describe the scene that just occurred in the video?,00:01:27,D,"[""A. A man in a black sweatshirt climbs up into the attic and lies down on the bed, then sits on the bed and says, 'This is where I sleep.'."", ""B. A man in a black sweatshirt walks down the stairs, grabs the attic boards with both hands, and then lands smoothly on the floor as he introduces himself: 'This is the new apartment.'."", ""C. A man in a black sweatshirt holding a ball and repeatedly throwing it against the wall says, 'I'm getting pretty hot.'."", ""D. A man in a black sweatshirt sits on the edge of his bed and gestures with his hands, saying: 'First thing I do when I wake up is I usually make a matcha and I make breakfast.'.""]",Prior,multiple
Scene Understanding_sample_40_3,Scene Understanding,Please describe the scene that just occurred in the video?,00:02:58,C,"['A. A man in a black sweatshirt with a pan pointed to the food and said, ""My best hash browns, followed by the worst eggs ever made by a human being."".', 'B. The man, wearing a black hoodie and holding a plate in one hand and a cup in the other, explains: ""I\'m a big fan of Matcha lattes right now', '. "".', 'C. The camera focuses on A man in a black coat, black hat and glasses, and the sound engineer introduces him by saying, ""His name is Liam and he is known as the God of Ross."".', 'D. A man in a black sweatshirt with a shovel pulls food out of a pan and says, ""It\'ll be fun, especially if you travel."".']",Prior,multiple
Scene Understanding_sample_40_4,Scene Understanding,Please describe the scene that just occurred in the video?,00:04:29,C,"['A. A man in a black sweatshirt says to the camera, ""If anyone is curious about my work, I call myself a travel filmmaker."".', 'B. A man in a black sweatshirt is holding the backpack he just bought, sitting in front of the camera to introduce this backpack, and he explains: ""i\'ll have it linked down below i like the look of it, because it doesn\'t exactly look like a camera bag.""', 'C. A man says to the camera, ""And If you\'re a client and you need videos, you should hire me."".', 'D. A man in a black sweatshirt with a knife slowly separated the delivery box. Music was playing in the hall. the lyrics were: ""it\'s for the night time boat rides, all he got the first edition part of the roadside."".', 'D. A man in a black sweatshirt in a black sweatshirt with a shovel pulls food out of a pan and says, ""It\'ll be fun, especially if you travel."".']",Prior,multiple
Scene Understanding_sample_40_5,Scene Understanding,Please describe the scene that just occurred in the video?,00:05:38,B,"['A. A man in green sweatshirt and gray jacket pointed to the building in front of him and said, ""This is where Destination Beautiful\'s offices used to be."".', 'B.A man in green sweatshirt and gray jacket describes his daily commute to work by saying, ""was getting to go into work every day with seven other full time filmmakers."".', 'C. A man in green sweatshirt and gray jacket pointed his finger at the door number in front of him and said, ""This is 419 South Park Road."".', 'D. A man in green sweatshirt and gray jacket walking down the street wearing a green sweatshirt and light brown jacket said, ""I\'ll never forget my first day as an intern, I was 17."".']",Prior,multiple
Scene Understanding_sample_41_1,Scene Understanding,Please describe the scene that just occurred in the video?,00:01:34,A,"[""A. Two men in yellow coats and hats stood by the lake, waving and calling to the man with binoculars, saying 'Have you packed yet?'."", ""B. A man was drinking tea on the balcony while looking out over the lake, after taking a sip of tea he gave a comfortable 'Ha.'. "", ""C. A man with a fishing rod in his hand was fishing by the lake, and the man said 'I can get used to this, still got to pack"", ""for my trip tomorrow.'."", ""D. A man dressed in black just got up, sat on his bed stretching and relaxing, stood up and said 'Where did l put my glasses?'.""]",Prior,multiple
Scene Understanding_sample_41_2,Scene Understanding,Please describe the scene that just occurred in the video?,00:01:54,B,"[""A. Two men in yellow coats and hats stood by the lake, waving and calling to the man with binoculars, saying 'Have you packed yet?'."", ""B. A man is holding a black backpack with a yellow interior and the man is saying 'How did l forget the road trip is today, not tomorrow?' as he packs."", ""C. A man with a fishing rod in his hand was fishing by the lake, and the man said 'I can get used to this, still got to pack"", ""for my trip tomorrow.'."", ""D. A man was drinking tea on the balcony while looking out over the lake, after taking a sip of tea he gave a comfortable 'Ha.'.""]",Prior,multiple
Scene Understanding_sample_41_3,Scene Understanding,Please describe the scene that just occurred in the video?,00:02:03,C,"[""A. Two men in yellow coats and hats stood by the lake, waving and calling to the man with binoculars, saying 'Have you packed yet?'."", ""B. A man is holding a black backpack with a yellow interior and the man is saying 'How did l forget the road trip is today, not tomorrow?' as he packs."", ""C. A man running towards a car, a man in a yellow jacket pokes his head out of the window of a silver car and calls out as he waves 'Come on, hurry up, let's go, we're late, get in here.'."", ""D. A man with a fishing rod in his hand is fishing by the lake, the man says 'I can get used to this, still got to pack for my trip tomorrow.'.""]",Prior,multiple
Scene Understanding_sample_41_4,Scene Understanding,Please describe the scene that just occurred in the video?,00:03:13,D,"[""A. Two men in yellow coats and hats stood by the lake, waving and calling to the man with binoculars, saying 'Have you packed yet?'."", ""B. A man is holding a black backpack with a yellow interior and the man is saying 'How did l forget the road trip is today, not tomorrow?' as he packs."", ""C. A man running towards a car, a man in a yellow jacket pokes his head out of the window of a silver car and calls out as he waves 'Come on, hurry up, let's go, we're late, get in here.'."", 'D. The man is in a restaurant with a burger. The burger consists of two slices of bread, a beef patty, lettuce, tomato, and cheese, with a red toothpick sticking out of it, and music playing in the background.']",Prior,multiple
Scene Understanding_sample_41_5,Scene Understanding,Please describe the scene that just occurred in the video?,00:06:22,A,"['A. A man in a yellow raincoat and blue hat stands on a rock facing a spectacular waterfall. Music plays in the background.', ""B. A man holding a black backpack with a yellow interior, the man is saying 'How did l forget the road trip is today, not tomorrow?' as he packs."", ""C. Two men in yellow jackets and hats standing by a lake, waving and calling to the man with binoculars, saying 'Have you packed yet?'."", 'D. The man is in a restaurant with a burger. The burger consists of two slices of bread, a beef patty, lettuce, tomato, and cheese, with a red toothpick sticking out of it, and music playing in the background.']",Prior,multiple
Scene Understanding_sample_42_1,Scene Understanding,Please describe the scene that just occurred in the video.,00:00:42,B,"['A. A cell phone rings ding ding ding ding and a man lifts the covers to turn off the ringer and then pulls back the curtains.', ""B. A man picks up the phone and the caller says, 'Hey! I'm waiting here for the bike ride, where are you?'."", 'C. A white towel holds a cell phone which is vibrating and the ringer is jingling.', 'D. A man is taking a bath, the room is filled with clattering water, the man opens the door of the white room, then the scene changes and the man jumps into the pool.']",Prior,multiple
Scene Understanding_sample_42_2,Scene Understanding,Please describe the scene that just occurred in the video.,00:01:35,C,"['A. A man rides his bicycle on the street, the bicycle wheels make a clattering sound with the chain, looking at an abstract building with cozy music in the background.', ""B. A cyclist meets an old friend on a bicycle, they greet each other and touch each other's fists, then say 'right go.'."", ""C. two men finished their ride, touched each other's fists and one of them said 'bye.'."", 'D. The two men were riding along the pedestrian street, with the sound of bicycle wheels and chains clattering in the background.']",Prior,multiple
Scene Understanding_sample_42_3,Scene Understanding,Please describe the scene that just occurred in the video.,00:02:44,D,"[""A. A man was looking around in the street when suddenly 'boom', thunder broke through the sky, it seemed to be about to rain, he picked up the umbrella he saw in the street."", 'B. A man walked to the elevator and took it down slowly.', 'C.A man got off the subway, holding a newspaper with a map on it, he clicked and opened it.', 'D.The helicopter\'s engine makes a ""de-de-de-de-de"" sound, while the camera slowly approaches a black helicopter.']",Prior,multiple
Scene Understanding_sample_42_4,Scene Understanding,Please describe the scene that just occurred in the video.,00:03:47,A,"['A. A man stands on the edge of a bridge, gripping the handrail of the bridge, overlooking the creek below, the waterfall behind him making a __lattering_ sound.', 'B. A magnificent waterfall cascades down, washing away the rocks below.', 'C. A man was walking slowly up a steep mountain path when birds chirped in the woods.', 'D. An airplane buzzes overhead in the city. A man sits in a helicopter with a camera in his hand, taking pictures of the city below.']",Prior,multiple
Scene Understanding_sample_42_5,Scene Understanding,Please describe the scene that just occurred in the video.,00:05:08,D,"['A.A man opens the red glass door of a supermarket, which makes a noise, surrounded by many other shoppers.', ""B. The man takes out his five dollars and points to the bread in front of him and says: 'hi can i get two buns please.'."", ""C. A man takes a white box, steps on the sand and 'da-da-da-da-da' down to the beach and sits down on a log to enjoy his food."", 'D. A male in a black hoodie stands in the woods and says __ello!_ to the camera.']",Prior,multiple
Scene Understanding_sample_43_1,Scene Understanding,Please describe the scene that just occurred in the video?,00:01:56,D,"[""A. A man in a black duffle coat and black hat sits in his living room and says to the camera 'We are leaving first thing tomorrow morning, 4 a.m.'."", ""B. A man sits in the driver's seat of a car, he's wearing a gray T-shirt, black sunglasses and a hat, his right hand holds the steering wheel and his left hand gives a thumbs up in a nodding gesture as he says 'First step, get a new surfboard.'."", ""C. The person filming inserts a gas gun into a green SUV car and says 'We'll be meeting our friends down south.'."", ""D. There are two males sitting in a car, the man on the left is wearing a black T-shirt, black hat and sunglasses, the boy on the right is wearing a gray T-shirt and sunglasses, the man on the left says 'Mr. Fulks is taking over the drive.'.""]",Prior,multiple
Scene Understanding_sample_43_2,Scene Understanding,Please describe the scene that just occurred in the video?,00:02:29,A,"[""A. A man wearing glasses, a gray hat and a printed top opens the car door and the filmmaker says 'Good morning.'."", ""B. A man wearing glasses, a white hat and a printed top opens the car door and the filmmaker says 'Good morning.'."", ""C. The person filming inserts a gas gun into a green SUV car and says 'We'll be meeting our friends down south.'."", ""D. There are two males sitting in a car, the man on the left is wearing a black T-shirt, black hat and sunglasses, the boy on the right is wearing a gray T-shirt and sunglasses, the man on the left says 'Mr. Fulks is taking over the drive.'.""]",Prior,multiple
Scene Understanding_sample_43_3,Scene Understanding,Please describe the scene that just occurred in the video?,00:03:44,C,"[""A. A man wearing glasses, a gray hat and a printed top opens the car door and the filmmaker says 'Good morning.'."", ""B. A male in camouflage and a male in a white plaid shirt and gray hat hugging the back of a car parked in the desert as he says 'You made it' together."", ""C. A male in camouflage and a male in a gray and black plaid shirt and gray hat hugging the back of a car parked in the desert as he says 'You made it' together."", ""D. There are two males sitting in a car, the man on the left is wearing a black T-shirt, black hat and sunglasses, the boy on the right is wearing a gray T-shirt and sunglasses, the man on the left says 'Mr. Fulks is taking over the drive.'.""]",Prior,multiple
Scene Understanding_sample_43_4,Scene Understanding,Please describe the scene that just occurred in the video?,00:04:13,B,"[""A. A man wearing glasses, a gray hat and a printed top opens the car door and the filmmaker says 'Good morning.'."", ""B. A man standing on the beach clapping his hands at a yellow surfboard standing up in the sand. The person clapping says 'l don't know if I'm ready to wax it, it's so beautiful.'."", ""C. A male in camouflage and a male in a gray and black plaid shirt and gray hat hugging the back of a car parked in the desert as he says 'You made it' together."", ""D. A man standing on the beach clapping his hands at a black surfboard standing up in the sand. The person clapping says 'l don't know if 'm ready to wax it, it's so beautiful.'.""]",Prior,multiple
Scene Understanding_sample_43_5,Scene Understanding,Please describe the scene that just occurred in the video?,00:06:16,D,"[""A. A man wearing glasses, a gray hat and a printed top opens the car door and the filmmaker says 'Good morning.'."", ""B. A man standing on the beach clapping his hands at a yellow surfboard standing up in the sand. The person clapping says 'l don't know if I'm ready to wax it, it's so beautiful.'."", ""C. A male in camouflage and a male in a gray and black plaid shirt and gray hat hugging the back of a car parked in the desert as he says 'You made it' together."", ""D. A man wearing a black beret and a blue undershirt stood beside a car, holding a camera in his left hand and pointing in the distance with his right hand and said 'So we got a little pole on the back.'.""]",Prior,multiple
Scene Understanding_sample_44_1,Scene Understanding,Please describe the scene that just occurred in the video?,00:00:57,B,"[""A. A game character standing on a lawn surrounded by trees, flowers, houses, etc. The narrator says, 'Hey everybody, welcome back to a brand new episode of our hardcore Let's Play series.'."", ""B. In a room, the player holds some items in hands. The narrator explains, 'So before we do anything else though, let's go ahead and update the hardcore diamond challenge.'."", ""C. There is a river and many trees in front of the player's camera. The narrator explains, 'And we're also going to be talking about some stuff that we want to build moving into the future of the series.'."", ""D. The player stands in front of a stone house with an item bar at the bottom of the screen containing several weapons. The narrator says 'So I hope that everybody had a safe New Year's and New Year's Eve.'.""]",Prior,multiple
Scene Understanding_sample_44_2,Scene Understanding,Please describe the scene that just occurred in the video?,00:01:46,C,"[""A. An informational announcement appears on the screen that reads, 'Starting user count -801940- Current user count -805.561- Current target 3621-' The narrator says, 'At the time of the recording is 805,561. Meaing we have to collect 3621 diamonds.'."", ""B. In a room, the player holds some items in hands. The narrator explains, 'So before we do anything else though, let's go ahead and update the hardcore diamond challenge.'."", ""C. The player's camera is in front of a house with torches on the left side of the screen. There is a backpack box at the bottom of the screen, and there are so many weapons in the backpack box. The narrator says, 'Thank you so much for subscribing to the channel, it really means the world to me.'."", ""D. An informational announcement appears on the screen that reads 'Hardoore Dianond , Challenge, Starting, -801,940-', and the narrator explains, 'Now, when we started this challenge, we had 801,940 subs and our current subscriber count at the time of recording is 805,561.'.""]",Prior,multiple
Scene Understanding_sample_44_3,Scene Understanding,Please describe the scene that just occurred in the video?,00:02:26,A,"[""A. A picture appears on the screen of what appears to be a souvenir card in a black box. The narrator says, 'I'm sure I think of the best way to do a giveaway.'."", ""B. The player opens a box in a room with a lot of items in the box and the narrator says, 'So take it in, look at it, cherish it, look at all of our diamonds.'."", ""C. The player stands in front of a house with something in his left hand and nothing in his right. There is a function box at the bottom of the screen. The narrator says, 'But that's awesome guys. Thank you so much for sbuscribing to the channel.'."", ""D. The player camera appears in front of a house with something in their left hand and nothing in their right. There are many boxes to their right, and the narrator says, 'So I have these signed Hermitcraft TCG, like slabbed cards.'.""]",Prior,multiple
Scene Understanding_sample_44_4,Scene Understanding,Please describe the scene that just occurred in the video?,00:03:31,D,"[""A. A picture appears on the screen of what appears to be a souvenir card in a black box. The narrator says, 'I'm sure I think of the best way to do a giveaway.'."", ""B. The player's camera moves forward and encounters an attack by a brown monster, which then fights back. The narrator says, 'I think I'm actually going to go back the way I came and hopefully, hopefully find"", ""another fortress there because I'm not trying to go over basalt deltas to find another fortress.'."", ""C. The player's camera sees a item on the left hand and a sword on the right hand. The camera looks around and sees the ground ahead. The narrator says, 'So my objective coming into the nether today is primarily a nether fortress.'."", ""D. The player's camera appears on a red rock and looks around. To the left is lava, and ahead is a blood-red area. The narrator says, 'Well, I think I'm doomed to go to nether fortresses that are in basalt deltas.'.""]",Prior,multiple
Scene Understanding_sample_44_5,Scene Understanding,Please describe the scene that just occurred in the video?,00:04:52,C,"[""A. Footage of the player shows that the player was knocked back by a monster in battle and is in a bad state of health. He quickly replenishes his stamina and the narrator says, 'I got to go, I got to go. Oh my god. That was so sketchy. I should have brought a bow.'."", ""B. Player camera comes to a chest and picks up the equipment inside, then walks around. The narrator says, 'The nether is kind of terrifying, guys, but it's also very fun.'."", ""C. The player camera comes to a very dangerous place with lava underfoot. It slowly builds blocks into a path and then slowly walks down. The narrator says, 'So I am currently in this weird ravine thing and apparently getting hot source destination.'."", ""D. The player's camera appears on a red rock and looks around. To the left is lava, and ahead is a blood-red area. The narrator says, 'Well, I think I'm doomed to go to nether fortresses that are in basalt deltas.'.""]",Prior,multiple
Scene Understanding_sample_45_1,Scene Understanding,Please describe the scene that just occurred in the video?,00:00:58,D,"[""A. There is a person stands next to a stone house surrounded by trees, grass and a river and the narrator says, 'Hey everybody, welcome back to a brand new series on the channel. I hope you guys are all having a godd day.'."", ""B. The player camera looks around and sees a house and a river. The narrator says, 'We have done a bounch of building..'."", ""C. The player camera walks down a path to a building. He opens a box and looks at the equipment inside. The narrator says, 'Right now we have about 55 iron, so that's not too bad.'."", ""D. The player camera appears to come to a chest in front of a building, opens it, and sees that the materials inside have manufacturing capabilities. The narrator says, 'because what I have right now.'.""]",Prior,multiple
Scene Understanding_sample_45_2,Scene Understanding,Please describe the scene that just occurred in the video?,00:02:49,C,"[""A. The player walks into a room with pictures on the wall and boxes on the right. The narrator says, 'Anything else should be ready, we need to get some more inserts, but that's not a problem.'."", ""B. The player camera opens the feature box and uses the white material inside to make another material. The narrator says, 'If you haven't played this before, the gameplay here is actually quite simple.'."", ""C. The player comes to the merchant to buy equipment, he opens the purchase screen ready to buy arrows, the narrator says 'We need some arrows.'."", ""D. A man comes to a box in front of a building, opens it, and sees that it contains the ability to make materials. The narrator says, 'An enhancement sheet comes down because of what I have now, so I make as many opportunities as I can.'.""]",Prior,multiple
Scene Understanding_sample_45_3,Scene Understanding,Please describe the scene that just occurred in the video?,00:03:27,A,"[""A. Player comes to a cave full of monsters, picks up a axs and goes to slash at the monsters, the monsters have nowhere to hide and are left to slash and the narrator says:'Well lets move on and kill these guys.'."", 'B. Player camera comes to the entrance of the cave and throws a large number of items into the cave. Here comes a sound from a monster in the cave.', ""C. Player goes to the merchant to buy equipment, he opens the buy screen and prepares to buy arrows, the narrator says 'we need some arrows so let's go ahead and buy a new bow and then a stack of arrows, I think that's the right thing to do.'."", ""D. The player comes to the hole and throws the item into the hole, only to be attacked by a monster with a 'whoosh' sound.""]",Prior,multiple
Scene Understanding_sample_45_4,Scene Understanding,Please describe the scene that just occurred in the video?,00:04:30,D,"[""A. The player opens the box on the side, picks up the equipment inside, and then opens the box on top. The narrator says 'I'm taking four stacks of arrows.'."", 'B. The player comes to the entrance of the cave and the player throws a lot of stuff into the cave. The monster inside makes a gurgling sound. ', ""C. Player goes to a merchant to buy equipment, the player opens the purchase screen and prepares to buy arrows, the narrator says 'We need some arrows so let's go ahead and buy a new bow and then a stack of arrows, I think that's the right thing to do.'."", ""D. The player walks into a room looking for a function box for crafting armor and the narrator says, 'I need to craft new diamond armor because my armor is completely toast.'.""]",Prior,multiple
Scene Understanding_sample_45_5,Scene Understanding,Please describe the scene that just occurred in the video?,00:05:39,C,"[""A. The player camera opens the door to the wooden room, goes to the river and takes a bucket of water. The narrator says, 'There's a boat over there, great, let's go get a bucket of water.'."", ""B. The player camera opens the door to the iron room, goes to the river, and fetches a bucket of water. The narrator says, 'There's a boat over there, great, let's go get a bucket of water.'."", ""C. The player gets into the boat and starts sailing forward, the player camera looks around off and doesn't know which way to go, the narrator says, 'And l think we're ready to go.' ,then jumps into the water."", ""D. The player walks into a room looking for the function box for making armor and the narrator says, 'I need to make new diamond armor because my armor is completely toast.'.""]",Prior,multiple
Scene Understanding_sample_46_1,Scene Understanding,Please describe the scene that just occurred in the video?,00:02:21,D,"[""A. A wooden axe is to the right in front of the player's camera, and the player's camera comes in front of several trees and a white animal. The narrator says, 'I like to have a full load, and that's what Jevon does.'."", ""B. The player camera appears by the river and picks up a piece of meat in his hand to eat. The meat is chewed and splattered, and the narrator says, 'So the first order of business in our brand new world is to introduce an interesting challenge.'."", ""C. An announcement appears in front of the screen 'Page 1 of 3, Hardcore, Diamond, Challenge, 5 Starting, Subscribers 801,940 The narrator says, 'Welcome to the Hardcore Diamond Challenge.'."", ""D. An announcement appears on the screen that reads: 'Page 2 of 3 This challenge will end at the end of January 2024. For each new user I acquire, I will collect one diamond. I can obtain these diamonds in any way I see fit, except by using a redstone machine (such as a mining machine), the narrator says, 'This will end at the end of January 2024'.""]",Prior,multiple
Scene Understanding_sample_46_2,Scene Understanding,Please describe the scene that just occurred in the video?,00:03:57,B,"[""A. Player stands by the lake with a book, then walks around. The narrator says, 'I think it's probably time that we head inland"", ""to the closest village to our spawn.'."", ""B. Player walks through the snow with a berry, looking for the village. He comes to a house and opens a box. The narrator says, 'Let's see what type of treasure we got.'."", ""C. Player's camera flies up into the sky and looks down at the ground. The narrator says, 'The village I want to go to is about 200 blocks past our rendering distance.'."", ""D. Player stands by the river, eating a piece of meat in his hand. The meatloaf is chewed. The narrator says, 'In our brand new world, the first task is to introduce an interesting challenge.'.""]",Prior,multiple
Scene Understanding_sample_46_3,Scene Understanding,Please describe the scene that just occurred in the video?,00:06:15,A,"[""A. The player's camera comes into a room with a pick in his hand and a chest and wooden bed in the room, which he opens to obtain substances. The narrator says, 'Apart from food, I'm doing pretty good.'."", ""B. Player is walking along the river with a wooden axe. There are some buildings and fires ahead of him. The narrator says, 'So much loot, I'm excited.'."", ""C. The player's camera flies up on the sky and looks down at the ground. The narrator says, 'The village I want to visit is 200 blocks away from our rendering distance.'."", ""D. Player's camera looks down on the water and observes his surroundings as two islands appear before him. The narrator says, 'I see at least two, maybe three.'.""]",Prior,multiple
Scene Understanding_sample_46_4,Scene Understanding,Please describe the scene that just occurred in the video?,00:06:46,D,"[""A. The player's camera comes into a room with a hoe in his hand and a chest and wooden bed in the room, which he opens to obtain substances. The narrator says, 'Apart from food, I'm doing pretty good.'."", ""B. The player walks along a river with a wooden axe. There are some buildings and fires ahead. The narrator says, 'So much loot, I'm excited.'."", ""C. Player comes to a house to make a deal with a villager. The narrator says, 'I just made this fletching table and I'm going to trade with this guy because he has the trade that I want.'."", ""D. Camera of the player shows the player making a bow and arrow from the traded materials. Narrator says, 'So we have a ton of arrows, I may even do a little bit more.'.""]",Prior,multiple
Scene Understanding_sample_46_5,Scene Understanding,Please describe the scene that just occurred in the video?,00:07:55,D,"[""A. The player stands on the beach and sees some villagers. The narrator says, 'So the first thing that we need to do is we need to get the villagers into a safe spot.'."", ""B. The player's camera shows his right hand takes blocks and lays them down from the river all the way to the beach as if to build a wall. The narrator says,'This should stop the raiders from coming into the village right away.'."", ""C. Player comes to a house to make a deal with a villager. The narrator says, 'I just made this fletching table and I'm going to trade with this guy because he has the trade that I want.'."", ""D. Player takes dirt blocks and building a fence along the river. The commentator says'This should stop any villagers.'.""]",Prior,multiple
Scene Understanding_sample_47_1,Scene Understanding,Please describe the scene that just occurred in the video?,00:02:45,C,"[""A. It's a Minecraft game scene where the player is in front of a house made of stone with a tree next to it and the player says 'That way when we go mining, it's not such a huge waste that we can get some fortune.'."", ""B. This is a scene from Minecraft where the player is in a stone room digging through a grate holding zombie villagers, and the player says 'The first thing that we need to do is we need to convert both villagers to a zombie villager.'."", ""C. This is a scene from the game Minecraft, the player is holding a potion bottle with two zombie villagers in front of them, the player says 'I know for a fact,lwant fortune.'."", ""D. This is the Minecraft game scenario where the player is holding two potion bottles and there are two zombie villagers in front of them and the player says 'I know for a fact,lwant fortune.'.""]",Prior,multiple
Scene Understanding_sample_47_2,Scene Understanding,Please describe the scene that just occurred in the video?,00:03:02,D,"[""A. This is a scene from the game Minecraft where two zombie villagers are in front of the player with black swirling effects coming out of them and the player says 'So we are just waiting on which doctor to complete now.'."", ""B. This is a scene from Minecraft where the player is in a stone room digging through a grate holding zombie villagers, and the player says 'The first thing that we need to do is we need to convert both villagers to a zombie villager.'."", ""C. This is a scene from the game Minecraft, the player is holding a potion bottle with two zombie villagers in front of them, the player says 'I know for a fact,lwant fortune.'."", ""D. This is a scene from the game Minecraft where there are two zombie villagers in front of the player with yellow swirling effects and the player says 'So we are just waiting on which doctor to complete now.'.""]",Prior,multiple
Scene Understanding_sample_47_3,Scene Understanding,Please describe the scene that just occurred in the video?,00:05:13,A,"[""A. This is the Minecraft game scene where the player is standing on the grass eating a carrot, surrounded by green boxes and a stone fence, and the player says 'So l have diamond tools andl don't really want to waste my diamond stuff just yet.'."", ""B. This is a scene from Minecraft where the player is standing on the grass eating a carrot, surrounded by brown boxes and a stone fence, and the player says 'So I have diamond tools andl don't really want to waste my diamond stuff just yet.'."", ""C. This is a scene from the game Minecraft where the player is holding a potion bottle and there are two zombie villagers in front of him, the player says 'I know for a fact, l want fortune.'."", ""D. This is the Minecraft game scenario where there are two zombie villagers in front of the player with yellow swirling effects, and the player says 'So we are just waiting on which doctor to complete now.'.""]",Prior,multiple
Scene Understanding_sample_47_4,Scene Understanding,Please describe the scene that just occurred in the video?,00:06:03,B,"[""A. This is the Minecraft game scene where the player is standing on the grass eating a carrot, surrounded by green boxes and a stone fence, and the player says 'So l have diamond tools andl don't really want to waste my diamond stuff just yet.'."", ""B. This is a scene from Minecraft where the player is walking through a snowy forest with a shield in his left hand and meat in his right, the player says 'The way back from caving, l actually just saw this gnarly cave that l want to go into.'."", ""C. This is a scene from Minecraft where the player is walking through a snowy forest with a shield in his left hand and a sword in his right, and the player says 'The way back from caving, l actually just saw this gnarly cave that l want to go into.'."", ""D. This is the Minecraft game scenario where there are two zombie villagers in front of the player with yellow swirling effects, and the player says 'So we are just waiting on which doctor to complete now.'.""]",Prior,multiple
Scene Understanding_sample_47_5,Scene Understanding,Please describe the scene that just occurred in the video?,00:06:26,C,"[""A. This is the Minecraft game scene where the player is standing on the grass eating a carrot, surrounded by green boxes and a stone fence, and the player says 'So l have diamond tools andl don't really want to waste my diamond stuff just yet.'."", ""B. This is a scene from Minecraft where the player is walking through a snowy forest with a shield in his left hand and meat in his right, the player says 'The way back from caving, l actually just saw this gnarly cave that l want to go into.'."", ""C. This is a scene from the game Minecraft, the player is holding a shield in his left hand and meat in his right hand and is looking down into a cave with a wooden platform underneath it, the player says 'So we do have to be a little careful.'."", ""D. This is a scene from the game Minecraft where the player is holding a shield in his left hand and meat in his right hand and is looking up into a cave with say and wooden platforms underneath it and the player says 'So we do have to be a little careful.'.""]",Prior,multiple
Scene Understanding_sample_48_1,Scene Understanding,Please describe the scene that just occurred in the video.,00:00:30,A,"[""A. The green praying mantis takes a spoonful of soup and says, 'This is really good.'."", ""B. The crane says suspiciously to the panda, 'So how did you get out of there alive?'."", ""C. The panda puts four bowls on left arms and says, 'I mean, I didn't actually say that, but i thought it in my mind.'."", ""D. The brown praying mantis sipped the soup with a spoon and said, 'This is really good.'.""]",Prior,multiple
Scene Understanding_sample_48_2,Scene Understanding,Please describe the scene that just occurred in the video.,00:01:26,C,"[""A. The panda picks up the bowl of soup with both hands and puts the bowl down with the noodles hanging out of its mouth,says'What?'."", ""B. The tiger holds the bowl and chopsticks, says'It is said that the dragon warrior can survive for months at a time on nothing.'."", ""C. The panda picks up the two plates and put them next to his ears and mimicked says, 'You will have ears like mine.'."", ""D. The snake grasps the spoon with tail, says'What are you taling about? This is amazing.'.""]",Prior,multiple
Scene Understanding_sample_48_3,Scene Understanding,Please describe the scene that just occurred in the video.,00:02:40,D,"[""A. The tiger stands up angerily and says'Master, plese. Let us stop Tylung.'."", ""B. Master angrily tapped his cane and says, 'NO! It is not your mission to defeat Tylung. It is his.'."", ""C. The panda picks up the two plates and put them next to his ears and mimicked says, 'You will have ears like mine.'."", ""D. Shifu points his cane at the panda and says, 'You can't leave, a real warrior never quits.'.""]",Prior,multiple
Scene Understanding_sample_48_4,Scene Understanding,Please describe the scene that just occurred in the video.,00:03:48,C,"[""A. Panda angrily tap away Shifu's walking stick and says, 'You are not my master and I am not the Dragon Warrior.'."", ""B. Panda says loudly to Shifu, 'I stayed because I thought if anyone could change me.'."", ""C. Master says with certainty, 'But I can change you, I can turn you into the Dragon Warrior, and I will.'."", ""D. Shifu points his cane at the panda and says, 'You can't leave, a real warrior never quits.'.""]",Prior,multiple
Scene Understanding_sample_48_5,Scene Understanding,Please describe the scene that just occurred in the video.,00:07:18,C,"['A. The raccoon said from the doorway ""I just thought you might be Monkey."".', 'B. Raccoon shook his head in the doorway and said ""Oh, no need to explain._.', 'C. Panda with two feet on a beam, eating and saying ""Don\'t tell Monkey."".', 'D. Panda says ""what?"" with food in its mouth.']",Prior,multiple
Scene Understanding_sample_49_1,Scene Understanding,Please describe the scene that just occurred in the video.,00:00:39,A,"[""A. The panda held a green cane in its hand and said to the intruder, 'You've got excellent taste.'"", ""B. A panda walked forward cautiously with a green cane in hand and said, 'You can't hide from justice forever!'"", ""C. The panda held a blue cane in its hand and said to the intruder, 'You've got excellent taste.'"", ""D. The panda in the mirror image of the dagger in the hands of the intruder wearing black clothes said, 'The Dagger of Dengua!'""]",Prior,multiple
Scene Understanding_sample_49_2,Scene Understanding,Please describe the scene that just occurred in the video.,00:01:04,C,"[""A. An intruder wearing a blue robe said 'If you're insist' and threw the knife in his hand at the panda"", ""B. A panda is waving a black cane and saying 'it's the staff of Wisdom'"", ""C. A panda waved a green cane in its hand and said, 'It's the staff of Wisdom'"", ""D. An intruder wearing a blue robe raised his hands and waved them, saying 'Oh no'""]",Prior,multiple
Scene Understanding_sample_49_3,Scene Understanding,Please describe the scene that just occurred in the video.,00:01:16,B,"[""A. The intruder wearing a blue robe crossed his hands and said, 'I'm just going to say it. Nothing about you saying dragon or warrior.'"", 'B. A panda holding a green cane roared and charged towards the intruder wearing a blue robe', ""C. A panda looked aggrieved and said to the intruder wearing a blue robe, 'I am the Dragon Warrior!'"", 'D. A panda holding a green cane roared and charged towards the intruder wearing a green robe']",Prior,multiple
Scene Understanding_sample_49_4,Scene Understanding,Please describe the scene that just occurred in the video.,00:05:00,A,"[""A. A panda wearing a wide brimmed hat and a red cloak grabbed the tail of a devil fish and said, 'Okay,', big guy, we're really gonna have to wrap this up'."", 'B. A panda wearing a wide brimmed hat and a red cloak kicked the devil fish away, shouting kung fu', ""C. A panda wearing a wide brimmed hat and a red cloak said 'That's bad' to the broken bridge"", ""D. A panda wearing a wide brimmed hat and a yellow cloak grabbed the tail of a devil fish and said, 'Okay', big guy, we're really gonna have to wrap this up'.""]",Prior,multiple
Scene Understanding_sample_49_5,Scene Understanding,Please describe the scene that just occurred in the video.,00:07:43,D,"[""A. A panda wearing pants meditated in front of a cherry blossom tree and said, 'Hey there,', I'm Po the Dragon Warrior'."", ""B. A panda wearing pants closed its eyes and meditated in front of the cherry blossom tree, saying 'Breathe'"", ""C. A panda wearing pants closed its eyes and meditated in front of the cherry blossom tree, then took a deep breath and said 'Out through the mouth' before exhaling"", ""D. A panda wearing pants closed its eyes and meditated in front of an apple tree, then took a deep breath and said 'Out through the mouth' before exhaling""]",Prior,multiple
Scene Understanding_sample_50_1,Scene Understanding,Please describe the scene that just occurred in the video.,00:01:01,A,"['A. A rabbit said, __xcuse me?_ to a money leopard in a police uniform at the front of the stage.', 'B. Several small hamsters in black suits slid down yellow transparent tubes as music played in the background.', 'C. A train slowly pulls into the station with music playing in the background.', 'D. The train door slowly opens and the bunny in the blue top is ready to get off the train with his handbag, all the animals on the side look tall to him and music is playing in the background.']",Prior,multiple
Scene Understanding_sample_50_2,Scene Understanding,Please describe the scene that just occurred in the video.,00:01:51,D,"[""A. A leopard looks around with a bowl of police ,finally watch the rabit and says, 'O-M goodness. They really did hire a bunny.'."", ""B. A rabbit explains patiently, 'Oh, you probably didn't know, but a bunny can call another bunny cute. But when other animals do it, it's a little--'."", ""C. A leopard apologizes in surprise, 'I am so sorry me benjamin clawhauser the guy, everyone thinks is just a flabby, donut loving cop stereotyping you.'."", ""D. The old cow cop says seriously to everyone in the conference room, 'All right everybody sit. '.""]",Prior,multiple
Scene Understanding_sample_50_3,Scene Understanding,Please describe the scene that just occurred in the video.,00:02:57,C,"[""A. A leopard looks around with a bowl of police ,finally watch the rabit and says, 'O-M goodness. They really did hire a bunny.'."", ""B. The second thing the old cow policeman announced says, 'Number two, there are some new recruits with us I should introduce, but I'm not going to because I don't care.'."", ""C. A fox says to the elephant waiter, 'I'm not looking for any trouble either sir. I simply want to buy a jumbo pop for my little boy.'."", ""D. The old cow policeman made a solemn announcement of the last incident says, 'Finally we have fourteen missing mammo cases, all predators from a giant polar bear to a teensy little otter.'.""]",Prior,multiple
Scene Understanding_sample_50_4,Scene Understanding,Please describe the scene that just occurred in the video.,00:03:55,B,"[""A. The elephant waiter says suspiciously to the fox, 'Oh, comen on, kid. Back up.Listen buddy, what? There aren't any fox ice cream joints in your part of town?' arouses the suspicion of the rabbit policeman."", ""B. The rabbit is misunderstood by the elephant as a maid, the rabbit patiently explains, 'Actually, I'm an officer. Just had a quick question are your customers aware they're getting snot and mucus with their cookies and cream?'."", ""C. The elephant says angrily to the fox, 'look you probably can't read fox, but the sign says we reserve the right to refuse service to anyone.'."", ""D. The fox explains seriously, 'no, there are, it's just my boy, this goofy little stinker he loves all things elephant.'.""]",Prior,multiple
Scene Understanding_sample_50_5,Scene Understanding,Please describe the scene that just occurred in the video.,00:04:51,A,"[""A. The rabbit policeman handed out a bill on the table and says, 'KEEP THE CHANGE.'."", ""B. The rabbit sincerely explains to the elephant waiter, 'Of course,I could let you off with a warning, If you were to glove those trunks and I don't know finish selling this nice dad and his son a--.'."", ""C. The elephant waiter responds helplessly, 'FIFTEEN DOLLARS.'."", ""D. The fox, having goes out without his wallet, squattes down and said to his son, 'Oh, boy. I'm sorry pal gotta be about the worst birthday ever. Please don't be mad at me. Thanks anyway.'.""]",Prior,multiple
Source Discrimination_sample_1_1,Source Discrimination,Who just said 'Oh my God.'?,00:00:57,D,"['A. A brown-haired male wearing a dark green blazer with a white shirt, black vest, blue tie and black pants.', 'B. a brown-haired man wearing a black blazer with a white turtleneck and black pants.', 'C. a brunette female wearing a black, deep V-neck dress and a necklace with gold stones.', 'D. a brunette female wearing a pink blouse and black pants with a black belt with a silver square buckle and multiple necklaces.']",Prior,multiple
Source Discrimination_sample_1_2,Source Discrimination,Who just said 'Good for you.'?,00:01:20,B,"['A. A brown-haired male wearing a dark green blazer with a white shirt, black vest, blue tie and black pants.', 'B. a brown-haired man wearing a black blazer with a white turtleneck and black pants.', 'C. a brunette female wearing a black, deep V-neck dress and a necklace with gold stones.', 'D. a brunette female wearing a pink blouse and black pants with a black belt with a silver square buckle and multiple necklaces.']",Prior,multiple
Source Discrimination_sample_1_3,Source Discrimination,"Who just said 'You're right, l'm sorry.'?",00:02:34,B,"['A. A brown-haired male wearing a dark green blazer with a white shirt, black vest, blue tie and black pants.', 'B. a brown-haired man wearing a black blazer with a white turtleneck and black pants.', 'C. a brunette female wearing a black, deep V-neck dress and a necklace with gold stones.', 'D. a brunette female wearing a pink blouse and black pants with a black belt with a silver square buckle and multiple necklaces.']",Prior,multiple
Source Discrimination_sample_1_4,Source Discrimination,"Who just said 'Can we have three chocolate mousses to go, please?'?",00:02:40,C,"['A. A brown-haired male wearing a dark green blazer with a white shirt, black vest, blue tie and black pants.', 'B. a brown-haired man wearing a black blazer with a white turtleneck and black pants.', 'C. a brunette female wearing a black, deep V-neck dress and a necklace with gold stones.', 'D. a brunette female wearing a pink blouse and black pants with a black belt with a silver square buckle and multiple necklaces.']",Prior,multiple
Source Discrimination_sample_1_5,Source Discrimination,Who just said 'a stupid man who left us his credit card'?,00:03:36,D,"['A. a brown-haired man wearing a black blazer with a white turtleneck and black pants.', 'B. a brunette female wearing a black, deep V-neck dress and a necklace with gold stones.', 'C. a brunette female wearing a pink blouse and black pants with a black belt with a silver square buckle and multiple necklaces.', 'D. A brown-haired male wearing a dark green blazer with a white shirt, black vest, blue tie and black pants.']",Prior,multiple
Source Discrimination_sample_2_1,Source Discrimination,Who just said 'Are they here yet?'?,00:01:13,D,"['A. A dark-haired male wearing a black and white striped shirt with gray pants and a brown leather belt around his waist.', 'B. A brown-haired female wearing a dark green hoodie and white pants.', 'C. a blonde female wearing a black long-sleeved top and black pants.', 'D. a blonde female wearing a hospital gown with blue polka dots on a white background.']",Prior,multiple
Source Discrimination_sample_2_2,Source Discrimination,Who just said 'There was this great little pastry shop right by my hotel.'?,00:01:28,C,"['A. A dark-haired male wearing a black and white striped shirt with gray pants and a brown leather belt around his waist.', 'B. a blonde female wearing a hospital gown with blue polka dots on a white background.', 'C. a dark-haired male wearing a white jacket with a light blue shirt, a striped tie, a stethoscope and a work badge.', 'D. a blonde female wearing a dark green sleeveless dress.']",Prior,multiple
Source Discrimination_sample_2_3,Source Discrimination,Who just said 'Where have you been?'?,00:02:30,B,"['A. a blonde female wearing a black long-sleeved top and black pants.', 'B. A dark-haired male wearing a purple T-shirt with a planet in the center, a dark blue hoodie, and dark blue pants.', 'C. a dark-haired female wearing a navy blue short-sleeved dress and black leggings.', 'D. a dark-haired male wearing a dark blue top and dark blue pants.']",Prior,multiple
Source Discrimination_sample_2_4,Source Discrimination,Who just said 'You forgot your legs!'?,00:03:28,A,"['A. a white-haired male in a dark blue work shirt and dark blue work pants.', 'B. a blonde-haired female wearing a white short-sleeved t-shirt and a gray floral halter dress with a dark green jacket tied around her waist.', 'C. a dark-haired male wearing a black and white striped shirt with gray pants and a brown leather belt around his waist.', 'D. a blonde-haired female wearing a dark green work shirt and dark green work pants.']",Prior,multiple
Source Discrimination_sample_2_5,Source Discrimination,"Who just said 'Long story, honey.'?",00:03:38,C,"['A. A blonde female wearing a hospital gown with blue polka dots on a white background.', 'B. a dark-haired male wearing a purple t-shirt with a planet in the center, a dark blue hoodie, and dark blue pants.', 'C. a dark-haired male wearing a black and white striped shirt with gray pants and a brown leather belt around his waist.', 'D. a blonde female wearing a white short-sleeved t-shirt and a gray floral halter dress with a dark green jacket tied around her waist.']",Prior,multiple
Source Discrimination_sample_3_1,Source Discrimination,"Who just said 'Joey ate my last stick of gum, so l killed him'?",00:00:25,B,"['A. a dark-haired male wearing a blue, brown and white striped shirt and black pants.', 'B. a brown-haired male wearing a black shirt with a brown and black vest and white pants.', 'C. a blonde female wearing a sleeveless green dress with a floral print on it.', 'D. A brown-haired female wearing a black short-sleeved T-shirt with gray stripes around the collar and cuffs, and black-and-white striped pants.']",Prior,multiple
Source Discrimination_sample_3_2,Source Discrimination,Who just said 'What is up with the universe?'?,00:01:04,C,"['A. a dark-haired male wearing a blue, brown and white striped shirt and black trousers.', 'B. a brown-haired male wearing a black shirt, brown and black waistcoat and white trousers.', 'C. a blonde female wearing a sleeveless green dress with a floral print on it.', 'D. a brown-haired female wearing a black short-sleeved T-shirt with grey stripes around the collar and cuffs and black and white striped trousers.']",Prior,multiple
Source Discrimination_sample_3_3,Source Discrimination,Who just said 'I'm getting a deja vu.'?,00:01:28,A,"['A. A blonde woman wearing a sleeveless green dress with a floral print.', 'B. A brunette wearing a black short-sleeved t-shirt with gray stripes around the collar and cuffs, and black-and-white striped pants.', 'C. a dark-haired male wearing a blue, black, and white striped bathrobe.', 'D. a dark-haired male wearing a blue, brown, and white striped shirt and black pants.']",Prior,multiple
Source Discrimination_sample_3_4,Source Discrimination,Who just said 'We didn't change.'?,00:02:08,D,"['A. A blonde woman wearing a sleeveless green dress with a floral print.', 'B. A brunette wearing a black short-sleeved t-shirt with gray stripes around the collar and cuffs, and black-and-white striped pants.', 'C. a dark-haired male wearing a blue, black, and white striped bathrobe.', 'D. a blonde female wearing a blue denim undershirt and a black skirt.']",Prior,multiple
Source Discrimination_sample_3_5,Source Discrimination,Who just said 'We're just gonna need a little time.'?,00:03:09,D,"['A. A blonde woman wearing a sleeveless green dress with a floral print.', 'B. A brunette wearing a black short-sleeved t-shirt with gray stripes around the collar and cuffs, and black-and-white striped pants.', 'C. a dark-haired male wearing a blue, black, and white striped bathrobe.', 'D. a dark-haired male wearing a blue, brown, and white striped shirt and black pants.']",Prior,multiple
Source Discrimination_sample_4_1,Source Discrimination,Who just said 'except for that little round one with the bristles.'?,00:00:20,A,"['A. A woman wearing a white long-sleeved blouse with a red cross on the chest and blue jeans.', 'B. a dark-haired male wearing a blue shirt with a red shirt underneath, a beige jacket, and beige pants.', 'C. a brown-haired female wearing a gray blouse, brown skirt, and brown pantyhose.', 'D. a brown-haired male wearing a black jacket, brown shirt, and white pants.']",Prior,multiple
Source Discrimination_sample_4_2,Source Discrimination,Who just said 'I see you moved the green ottoman.'?,00:00:36,C,"['A. A woman wearing a white long-sleeved blouse with a red cross on the chest and blue jeans.', 'B. a dark-haired male wearing a blue shirt with a red shirt underneath, a beige jacket, and beige pants.', 'C. a brown-haired female wearing a gray blouse, brown skirt, and brown pantyhose.', 'D. a brown-haired male wearing a black jacket, brown shirt, and white pants.']",Prior,multiple
Source Discrimination_sample_4_3,Source Discrimination,Who just said 'Can't believe you tried to move the green ottoman.'?,00:01:11,B,"['A. a man wearing a white long-sleeved shirt with a red cross on the chest and blue jeans.', 'B. a blonde woman wearing a brown jacket, black tank top, and brown patterned dress skirt.', 'C. a brown-haired male wearing a black jacket, brown shirt, and white pants a brown-haired female wearing a gray top, brown skirt, and brown pantyhose.', 'D. a brunette female wearing a gray blouse, brown skirt, and brown pantyhose.']",Prior,multiple
Source Discrimination_sample_4_4,Source Discrimination,"Who just said 'Okay, i'll be there.'?",00:02:54,D,"['A. a brown-haired male wearing a black jacket, brown shirt, and white pants.', 'B. a woman wearing a white long-sleeved top with a red cross on the chest and blue jeans.', 'C. a dark-haired male wearing a blue shirt with a red shirt underneath, a beige jacket, and beige pants.', 'D. a brown-haired male wearing a blue long-sleeved shirt and gray pants.']",Prior,multiple
Source Discrimination_sample_4_5,Source Discrimination,"Who just said 'I'm his butt double, okay?'?",00:03:38,D,"['A. a brown-haired male wearing a black jacket, brown shirt, and white pants.', 'B. a blonde female wearing a white long-sleeved top with a red cross on the chest and blue jeans.', 'C. a brown-haired female wearing a gray blouse, brown skirt, and brown pantyhose.', 'D. a brown-haired male wearing a blue long-sleeved shirt and gray pants.']",Prior,multiple
Source Discrimination_sample_5_1,Source Discrimination,"Who just said 'Hey, jil.'?",00:00:21,D,"['A. a dark-haired female wearing a red dress.', 'B. a male with brown hair wearing a brown, black, and white striped sweater with a white shirt and black pants.', 'C. a blonde female wearing a beige lace dress and a brown vest.', 'D. a dark-haired male wearing a red sweater and black pants over a white shirt.']",Prior,multiple
Source Discrimination_sample_5_2,Source Discrimination,"Who just said 'Hey, do you guys know what you're doing for New Year's?'?",00:00:48,C,"['A. a dark-haired male wearing a blue sweater and black pants.', 'B. a dark-haired female wearing a red dress.', 'C. a blonde female wearing a red strapless top, a pink plaid apron, and black pants.', 'D. a dark-haired male wearing a red sweater and black pants with a white shirt underneath.']",Prior,multiple
Source Discrimination_sample_5_3,Source Discrimination,"Who just said 'Yeah, you wish.'?",00:01:12,B,"['A. a brown-haired male wearing a brown, black, and white striped sweater over a white shirt and black pants.', 'B. a blonde female wearing a beige lace dress and a brown vest.', 'C. a blonde female wearing a red strapless top, a pink plaid apron, and black pants.', 'D. a dark-haired male wearing a blue sweater and black pants.']",Prior,multiple
Source Discrimination_sample_5_4,Source Discrimination,"Who just said 'Excuse me,excuse me.'?",00:02:38,D,"['A. a man wearing a white long-sleeved shirt with a red cross on the chest and blue jeans.', 'B. a blonde woman wearing a brown jacket, black tank top, and brown patterned dress skirt.', 'C. a brown-haired male wearing a black jacket, brown shirt, and white pants.', 'D. a brunette female wearing a gray blouse, brown skirt, and brown pantyhose.']",Prior,multiple
Source Discrimination_sample_5_5,Source Discrimination,Who just said 'That's when you started yelling.'?,00:03:39,D,"['A. a brown-haired male wearing a blue plaid shirt over a gray undershirt, blue jeans, and glasses.', 'B. a male with brown hair wearing a brown, black, and white striped sweater over a white shirt and black pants.', 'C. a blonde female wearing a beige lace dress over a brown vest.', 'D. a dark-haired male wearing a brown sweater with beige pants over a red plaid shirt and red glasses.']",Prior,multiple
Source Discrimination_sample_6_1,Source Discrimination,Who just said 'Milwaukee.'?,00:00:32,B,"['A. a dark-haired male wearing a white turtleneck sweater and gray pants.', 'B. a blonde female wearing a purple long-sleeved blouse with a red, green, and yellow vest and a green skirt.', 'C. a blonde woman wearing a blue jean jacket with a necklace around her neck.', 'D. a dark-haired male wearing a bright pink short-sleeved T-shirt and dark blue jeans.']",Prior,multiple
Source Discrimination_sample_6_2,Source Discrimination,Who just said 'the foot of the bed.'?,00:01:15,C,"['A. a dark-haired male wearing a white turtleneck sweater and gray pants.', 'B. a blonde female wearing a purple long-sleeved blouse with a red, green, and yellow vest and a green skirt.', 'C. a blonde woman wearing a blue jean jacket with a necklace around her neck.', 'D. a dark-haired male wearing a bright pink short-sleeved T-shirt and dark blue jeans.']",Prior,multiple
Source Discrimination_sample_6_3,Source Discrimination,"Who just said 'Well, in the case of my ex-wife, lesbianism.'?",00:02:19,C,"['A. a blonde female wearing a purple long-sleeved top with a red, green, and yellow vest and a green skirt.', 'B. A blonde woman wearing a blue jean jacket with a necklace around her neck.', 'C. a dark-haired male wearing a white turtleneck sweater and gray pants.', 'D. a dark-haired male wearing a bright pink short-sleeved T-shirt and dark blue jeans.']",Prior,multiple
Source Discrimination_sample_6_4,Source Discrimination,Who just said 'You and Rachel.'?,00:03:11,D,"['A. a blonde female wearing a purple long-sleeved top with a red, green, and yellow vest and a green skirt.', 'B. A blonde woman wearing a blue jean jacket with a necklace around her neck.', 'C. a dark-haired male wearing a white turtleneck sweater and gray pants.', 'D. a dark-haired male wearing a bright pink short-sleeved T-shirt and dark blue jeans.']",Prior,multiple
Source Discrimination_sample_6_5,Source Discrimination,"Who just said 'The wine, the candles, the moonlight?'?",00:04:12,A,"['A. a dark-haired male wearing a bright pink short-sleeved T-shirt and dark blue jeans.', 'B. A blonde woman wearing a blue jean jacket with a necklace around her neck.', 'C. a dark-haired male wearing a white turtleneck sweater and gray pants.', 'D. a blonde woman wearing a purple long-sleeved top, a red, green, and yellow vest, and a green skirt.']",Prior,multiple
Source Discrimination_sample_7_1,Source Discrimination,Who just said 'You gonna do it?'?,00:00:28,B,"['A. a dark-haired male wearing a bright pink short-sleeved T-shirt and dark blue jeans.', 'B. a dark-haired male wearing a gray turtleneck sweater and gray pants.', 'C. a dark-haired woman wearing a gray long-sleeved top and black pants.', 'D. a blonde woman wearing a purple long-sleeved top and a green skirt with a floral design.']",Prior,multiple
Source Discrimination_sample_7_2,Source Discrimination,Who just said 'And that would be?'?,00:00:57,B,"['A. a brunette wearing a black jacket and a gray blouse.', 'B. a dark-haired male wearing a gray turtleneck sweater and gray pants.', 'C. a dark-haired male wearing a bright pink short-sleeved T-shirt and dark blue jeans.', 'D. a blonde woman wearing a purple long-sleeved top and a green skirt with a floral pattern.']",Prior,multiple
Source Discrimination_sample_7_3,Source Discrimination,"Who just said 'Well, he didn't tell me.'?",00:01:23,D,"['A. a dark-haired woman wearing a black jacket with a gray blouse and black pants.', 'B. a dark-haired male wearing a gray turtleneck sweater and gray pants.', 'C. a dark-haired male wearing a bright pink short-sleeved T-shirt and dark blue jeans.', 'D. a blonde woman wearing a purple long-sleeved shirt, a red, green, and yellow vest, and a long green skirt.']",Prior,multiple
Source Discrimination_sample_7_4,Source Discrimination,"Who just said 'Oh, that looks like l was second to last.'?",00:01:47,D,"['A. a dark-haired female wearing a black jacket with a gray top and black pants.', 'B. a dark-haired male wearing a gray turtleneck sweater and gray pants.', 'C. a dark-haired male wearing a bright pink short-sleeved T-shirt and dark blue jeans.', 'D. a blonde woman wearing a purple long-sleeved top, a red, green, and yellow vest, and a green skirt.']",Prior,multiple
Source Discrimination_sample_7_5,Source Discrimination,Who just said 'Look at that little girl over there.'?,00:02:26,D,"['A. a dark-haired male wearing a gray turtleneck sweater and gray pants.', 'B. a dark-haired male wearing a bright pink short-sleeved T-shirt and dark blue jeans.', 'C. a blonde woman wearing a purple long-sleeved shirt, a red, green, and yellow vest, and a long green skirt.', 'D. a blonde woman wearing a blue jean jacket with a necklace around her neck.']",Prior,multiple
Source Discrimination_sample_8_1,Source Discrimination,Who just said 'My face is dented.'?,00:00:38,D,"[""A. a woman with curly black hair wearing a white nurse's uniform."", 'B. a male with brown hair wearing a white, blue, and red striped sweatshirt with the word __ANGERS_ on the front of the sweatshirt and black pants.', 'C. a male wearing a black jacket, dark gray shirt, blue jeans, and a blue baseball cap.', 'D. a dark-haired male wearing a yellow windbreaker jacket with a blue and black striped sweater and beige pants.']",Prior,multiple
Source Discrimination_sample_8_2,Source Discrimination,Who just said 'What is the big deal about today?'?,00:01:11,B,"[""A. a woman with curly black hair wearing a white nurse's uniform."", 'B. a male with brown hair wearing a white, blue, and red striped sweatshirt with the word __ANGERS_ on the front of the sweatshirt and black pants.', 'C. a male wearing a black jacket, dark gray shirt, blue jeans, and a blue baseball cap.', 'D. a dark-haired male wearing a yellow windbreaker jacket with a blue and black striped sweater and beige pants.']",Prior,multiple
Source Discrimination_sample_8_3,Source Discrimination,Who just said 'That she left you for another woman that likes women?'?,00:01:26,C,"[""A. a woman with curly black hair wearing a white nurse's uniform."", 'B. a male with brown hair wearing a white, blue, and red striped sweatshirt with the word __ANGERS_ on the front of the sweatshirt and black pants.', 'C. a male wearing a black jacket, dark gray shirt, blue jeans, and a blue baseball cap.', 'D. a dark-haired male wearing a yellow windbreaker jacket with a blue and black striped sweater and beige pants.']",Prior,multiple
Source Discrimination_sample_8_4,Source Discrimination,"Who just said 'Oh, that's attractive.'?",00:02:40,A,"[""A. a woman with curly black hair wearing a white nurse's uniform."", 'B. a male with brown hair wearing a white, blue, and red striped sweatshirt with the word __ANGERS_ on the front of the sweatshirt and black pants.', 'C. a male wearing a black jacket, dark gray shirt, blue jeans, and a blue baseball cap.', 'D. a dark-haired male wearing a yellow windbreaker jacket with a blue and black striped sweater and beige pants.']",Prior,multiple
Source Discrimination_sample_8_5,Source Discrimination,"Who just said 'Funners keepers,losers weepers.'?",00:03:07,C,"['A. a male with brown hair wearing a white, blue and red striped sweatshirt with __ANGERS_ on the front and black pants.', 'B. a male wearing a black jacket, dark gray shirt, blue jeans, and a blue baseball cap.', 'C. a male wearing a green and burgundy and white long-sleeved shirt with blue jeans under it.', 'D. a dark-haired male wearing a yellow windbreaker jacket with a blue and black striped sweater and beige pants.']",Prior,multiple
Source Discrimination_sample_9_1,Source Discrimination,"Who just said'Hey, he beat you.'?",00:00:26,B,"['A. a dark-haired male wearing a gray, white, and black separates shirt with blue jeans.', 'B. a dark-haired male wearing a brown sweater and khaki pants.', 'C. a dark-haired male wearing a black and white plaid jacket and a black shirt with blue jeans.', 'D. a dark-haired male wearing a gray and black striped shirt and blue jeans with a brown belt around his waist.']",Prior,multiple
Source Discrimination_sample_9_2,Source Discrimination,Who just said 'How do you get a monkey into a zoo?'?,00:01:36,A,"['A. a dark-haired male wearing a gray, white, and black separates shirt with blue jeans.', 'B. a dark-haired male wearing a brown sweater and khaki pants.', 'C. a dark-haired male wearing a black and white plaid jacket and a black shirt with blue jeans.', 'D. a dark-haired male wearing a gray and black striped shirt and blue jeans with a brown belt around his waist.']",Prior,multiple
Source Discrimination_sample_9_3,Source Discrimination,"Who just said 'You know,like San Diego, right?'?",00:01:55,C,"['A. A dark-haired male wearing a brown sweater and khaki pants.', 'B. A dark-haired male wearing a gray, white, and black shirt with blue jeans.', 'C. a dark-haired male wearing a black and white plaid jacket and a black shirt with blue jeans.', 'D. a dark-haired male wearing a blue, black, and red striped sweatshirt and blue jeans.']",Prior,multiple
Source Discrimination_sample_9_4,Source Discrimination,"Who just said 'But remember, there's also a lot to learn.'?",00:02:50,A,"['A. a brown-haired male wearing a blue shirt and a gray tank top.', 'B. A dark-haired male wearing a gray blazer and red shirt.', 'C. A blonde female wearing a gray long-sleeved shirt and a black tank top.', 'D. a brown-haired male wearing a brown crew-neck sweater and gray pants.']",Prior,multiple
Source Discrimination_sample_9_5,Source Discrimination,"Who just said'Marcel, i'm hungry.'?",00:03:06,D,"['A. a brown-haired male wearing a blue shirt and a gray tank top.', 'B. A dark-haired male wearing a gray blazer and red shirt.', 'C. A blonde female wearing a gray long-sleeved shirt and a black tank top.', 'D. a brown-haired male wearing a brown crew-neck sweater and gray pants.']",Prior,multiple
Source Discrimination_sample_10_1,Source Discrimination,Who just said 'I'll just pee in the street.'?,00:00:30,C,"['A. A dark-haired man wearing a dark brown blazer, a blue shirt, and a brown striped tie.', 'B. A blonde woman wearing a black blazer with a yellow, pink, red, and gray diamond pattern and a gold necklace.', 'C. A dark-haired male wearing a brown leather jacket with a burgundy turtleneck sweater and black pants.', 'D. A blonde woman wearing a black suit with a black, pink, red, and gray diamond pattern and a gold necklace around her neck.']",Prior,multiple
Source Discrimination_sample_10_2,Source Discrimination,Who just said 'You don't think my mom's sexy?'.,00:01:59,B,"['A. A dark-haired male wearing a dark brown blazer with a blue shirt and a brown striped tie.', 'B. A brown-haired male wearing a gray, black, and white striped bathrobe with a white tank top and a red belt.', 'C. A brown-haired male wearing a blue round-neck, long-sleeved shirt and dark blue pants.', 'D. A brown-haired male wearing a brown, black, and white striped bathrobe, a white undershirt, and a red sash.']",Prior,multiple
Source Discrimination_sample_10_3,Source Discrimination,"Who just said 'Well, sounds like you two have issues.'?",00:02:35,A,"['A. A blonde female wearing a robe with a gold background, black texture, and black collar and sleeves.', 'B. A male with curly black hair wearing a black and white patterned sweater and olive green pants.', 'C. A male with brown hair wearing a gray, black, and white striped bathrobe with a white undershirt and a red sash.', 'D. A dark-haired male wearing a dark brown blazer with a blue shirt and a brown striped tie.']",Prior,multiple
Source Discrimination_sample_10_4,Source Discrimination,Who just asked 'What are you guys doing here?'.?,00:02:59,B,"['A. A blonde female wearing a gold background with black textures and a robe with a black collar and cuffs.', 'B. A dark-haired female wearing a red V-neckline blouse and black pants with a silver watch.', 'C. A brown-haired male wearing a gray, black, and white striped bathrobe with a white tank top and a red sash.', 'D. A dark-haired male wearing a dark brown blazer with a blue shirt and a brown striped tie.']",Prior,multiple
Source Discrimination_sample_10_5,Source Discrimination,Who just said 'I kissed your mom.'?,00:03:34,D,"['A. A brown-haired male wearing a brown, green, red, and black striped sweater and blue jeans.', 'B. A male with brown hair wearing a black, gray, and white plaid shirt and light blue jeans.', 'C. A dark-haired female wearing a red v-neckline top and black pants with a silver watch.', 'D. A dark-haired male wearing a dark brown blazer with a blue shirt underneath and a brown striped tie.']",Prior,multiple
Source Discrimination_sample_11_1,Source Discrimination,Who just said 'Ugly naked guy got a thymaster.'.,00:00:46,B,"['A. a dark-haired male wearing a gray V-neck short-sleeved shirt and black pants', 'C. a blonde woman wearing a purple short-sleeved shirt and an orange patterned skirt', 'B. a dark-haired male wearing a short-sleeved shirt with red, gray, and white stripes and blue pants', 'D. A dark-haired female wearing a white V-neck sleeveless vest with a gold necklace and black pants.']",Prior,multiple
Source Discrimination_sample_11_2,Source Discrimination,Who just said 'Has anybody seen my engagement ring?'.,00:00:53,A,"['A. a woman wearing a light green short-sleeved top and a long skirt with a floral pattern', 'B. a dark-haired male wearing a short-sleeved shirt with red, gray, and white stripes and blue pants', 'C. a blonde woman wearing a purple short-sleeved shirt and an orange dress with a patterned skirt', 'D. a dark-haired female wearing a white V-neckline sleeveless vest with a gold necklace on the chest and black pants']",Prior,multiple
Source Discrimination_sample_11_3,Source Discrimination,"Who just said 'Oh,like l wasn't dreading tomorrow enough'.",00:01:10,D,"['A. a blonde woman wearing a purple short-sleeved shirt and an orange patterned skirt', 'B. a dark-haired male wearing a short-sleeved shirt with red, gray, and white stripes and blue pants', 'C. a dark-haired male wearing a gray V-neck short-sleeve shirt and black pants', 'D. a woman wearing a light green short-sleeved blouse and a long skirt with a floral pattern']",Prior,multiple
Source Discrimination_sample_11_4,Source Discrimination,Who just said 'Dinah?'.,00:01:48,B,"['A. a blonde woman wearing a purple short-sleeved shirt and an orange patterned skirt', 'B. a dark-haired male wearing a short-sleeved shirt with red, gray, and white stripes and blue pants', 'C. a dark-haired female wearing a white V-neck sleeveless vest with a gold necklace on the chest and black pants', 'D. a woman wearing a light green short-sleeved blouse and a long skirt with a floral pattern']",Prior,multiple
Source Discrimination_sample_11_5,Source Discrimination,"Who just said 'Basically, it's totally up to me.'.",00:03:06,A,"['A. a male wearing a blue shirt with a striped tie, gray pants, and a black watch on his left hand', 'B. a dark-haired female wearing a white sleeveless vest with a V-neckline, a gold necklace on her chest, and black pants', 'C. a dark-haired male wearing a short-sleeved shirt with a red, gray, and white striped pattern and blue pants', 'D. a blonde woman wearing a purple short-sleeved shirt and an orange patterned skirt']",Prior,multiple
Source Discrimination_sample_12_1,Source Discrimination,Who just said 'how come you guys havenever played poker with us?'.,00:00:28,D,"['A. a man in a long gray jacket, striped sweater and blue jeans', 'B. a man wearing a black and gray shirt with two chest pockets, a black belt and black pants', 'C. a man in a red jacket with a white T-shirt and khaki pants', 'D. a blonde woman wearing a blue blouse with a white apron tied around her waist, a short black skirt and black stockings']",Prior,multiple
Source Discrimination_sample_12_2,Source Discrimination,Who just said 'The ten of spades and the six of clubs'.,00:01:30,D,"['A. a brunette wearing a gray hoodie and gray pants', 'B. A man wearing a black and gray separated shirt with two chest pockets, a black belt and black pants', 'C. a man wearing a red jacket with a white t-shirt underneath', 'D. a blonde woman wearing a beige and botanical print shirt and a string of necklaces']",Prior,multiple
Source Discrimination_sample_12_3,Source Discrimination,Who just said 'It's got to be like chips or dip or pretz.'.,00:02:05,A,"['A. a man wearing a green, brown, and red striped sweater and blue jeans', 'B. a dark-haired woman wearing a gray hoodie under gray pants', 'C. a brown-haired woman wearing a brown long-sleeved top ', 'D. a male wearing a black and gray separated shirt with two chest pockets']",Prior,multiple
Source Discrimination_sample_12_4,Source Discrimination,"Who just said 'Now, you sure Phoebe just threw awaytwo jacks because they didn't look happy?'.",00:02:17,B,"['A. a blonde woman wearing a beige and botanical print shirt and a string of necklaces', 'B. a man wearing a red jacket with a white T-shirt underneath', 'C. a brown-haired woman wearing a brown long-sleeved blouse', 'D. a man wearing a green, brown, and red striped sweater and blue jeans']",Prior,multiple
Source Discrimination_sample_12_5,Source Discrimination,Who just said 'Yeah.,00:03:45,D,"['A. a man wearing a black and gray shirt with two chest pockets', 'B. a man wearing a red jacket with a white t-shirt underneath', 'C. A man wearing a green, brown, and red striped sweater and blue jeans', 'D. a brown-haired woman wearing a brown long-sleeved top']",Prior,multiple
Source Discrimination_sample_13_1,Source Discrimination,"Who just said 'Good day, mate.'?",00:00:32,D,"['A. A blonde woman wearing a yellow top and yellow skirt.', 'B. A brunette wearing a black tank top and white pants.', 'C. A blonde woman wearing a blue blazer shirt and black skirt with a blue tie.', 'D. a dark brown-haired female wearing a brown and white striped blouse and pants with an orange collar and cuffs.']",Prior,multiple
Source Discrimination_sample_13_2,Source Discrimination,"Who just said 'you're a good person, you have good values.'?",00:01:11,B,"['A. A brunette wearing a black tank top and white pants.', 'B. A blonde woman wearing a blue blazer shirt and black skirt with a blue tie.', 'C. A blonde woman wearing a green and white striped blouse and pants.', 'D. a dark brown-haired female wearing a brown and white striped blouse and pants with an orange collar and cuffs.']",Prior,multiple
Source Discrimination_sample_13_3,Source Discrimination,Who just said 'I love that there's still something you don't know about me.'?,00:01:57,A,"['A. A blonde woman wearing a yellow top and yellow skirt.', 'B. A brunette wearing a black tank top and white pants.', 'C. A blonde woman wearing a blue blazer shirt and black skirt with a blue tie.', 'D. a blonde woman wearing a green and white striped top and pants.']",Prior,multiple
Source Discrimination_sample_13_4,Source Discrimination,Who just said 'A pina colada.'?,00:02:13,B,"['A. A blonde woman wearing a green and white striped top and pants.', 'B. A blonde woman wearing a yellow blouse and yellow skirt.', 'C. A blonde woman wearing a blue blazer shirt and black skirt with a blue tie.', 'D. a dark brown-haired woman wearing a brown and white striped blouse and pants with an orange collar and cuffs.']",Prior,multiple
Source Discrimination_sample_13_5,Source Discrimination,"Who just said 'No, it's not food related.'?",00:02:43,C,"['A. a blonde woman wearing a blue blazer shirt and black skirt with a blue tie.', 'B. A blonde woman wearing a yellow blouse and yellow skirt.', 'C. a blonde woman wearing a green and white striped top and pants.', 'D. a dark brown-haired woman wearing a brown and white striped blouse and pants with an orange collar and cuffs.']",Prior,multiple
Source Discrimination_sample_14_1,Source Discrimination,"Who just said""Who is my biggest career inspiration?""?",00:01:05,A,"['A. A man wearing a white short-sleeved top, black pants, black leather boots and curly hair.', 'B. A woman wearing a brown jacket and brown stiletto heels.', 'C. A woman with short hair wearing a white suit, white high heels, and a silver necklace.', 'D. A man wearing a black leather jacket and black striped pants.']",Prior,multiple
Source Discrimination_sample_14_2,Source Discrimination,Who just said 'Who is my fashion icon?'?,00:03:40,C,"['A. A woman with short hair wearing a white suit, white high heels, and a silver necklace.', 'B. A man wearing a black blazer with a black top underneath and somewhat gray hair.', 'C. A woman wearing a brown jacket and brown stiletto heels.', 'D. A man wearing a black leather jacket and black striped pants.']",Prior,multiple
Source Discrimination_sample_14_3,Source Discrimination,Who just said 'What do I always travel with?'?,00:05:11,D,"['A. A man wearing a black blazer with a black top underneath and somewhat gray hair.', 'B. A woman wearing a brown jacket and brown stiletto heels.', 'C. A man wearing a white short-sleeved top, black pants, black leather boots and curly hair.', 'D. A woman with short hair wearing a white suit, white high heels, and a silver necklace.']",Prior,multiple
Source Discrimination_sample_14_4,Source Discrimination,Who just said 'What two instruments do I play?'?,00:07:50,A,"['A. A man wearing a black leather jacket and black striped pants.', 'B. A man wearing a black blazer with a dark blue top and jeans.', 'C. A man wearing a white short-sleeved top, black pants, black leather boots and curly hair.', 'D. A man wearing a black blazer with a black top underneath and somewhat gray hair.']",Prior,multiple
Source Discrimination_sample_14_5,Source Discrimination,Who just said 'What short-lived career did I have before acting?'?,00:10:32,C,"['A. A man wearing a black blazer with a black top underneath and somewhat gray hair.', 'B. A man wearing a white short-sleeved top, black pants, black leather boots and curly hair.', 'C. A man wearing a black blazer with a dark blue top and jeans.', 'D. A man wearing a black leather jacket and black striped pants.']",Prior,multiple
Source Discrimination_sample_15_1,Source Discrimination,Who just said 'How many times have I hosted SNL?'?,00:00:34,B,"['A. A woman wearing a long black halter dress with a black and white headscarf tied around her head.', 'B. A woman wearing an orange jacket with a white blouse and a short orange skirt tied in a high ponytail.', 'C. A woman with black hair wearing a white shirt and a watch on her left hand.', 'D. A dark-skinned man wearing a black long-sleeved top, grey trousers and a watch in his left hand.']",Prior,multiple
Source Discrimination_sample_15_2,Source Discrimination,Who just said 'What sport did I play as a kid?'?,00:01:41,A,"['A. A fair-skinned man wearing a brown suit with a white blouse and light blonde hair.', 'B. A dark-skinned man wearing a black long-sleeved top, grey trousers and a watch in his left hand.', 'C. A woman wearing an orange jacket with a white blouse and a short orange skirt tied in a high ponytail.', 'D. A woman wearing a long black halter dress with a black and white headscarf tied around her head.']",Prior,multiple
Source Discrimination_sample_15_3,Source Discrimination,Who just said 'How many siblings do I have?'?,00:02:14,C,"['A. A woman wearing an orange jacket with a white blouse and a short orange skirt tied in a high ponytail.', 'B. A fair-skinned man wearing a brown suit with a white blouse and light blonde hair.', 'C. A woman wearing a long black halter dress with a black and white headscarf tied around her head.', 'D. A woman with black hair wearing a white shirt and a watch on her left hand.']",Prior,multiple
Source Discrimination_sample_15_4,Source Discrimination,Who just said 'What school did I get my MFA from?'?,00:03:15,B,"['A. A woman with black hair wearing a white shirt and a watch on her left hand.', 'B. A dark-skinned man wearing a black long-sleeved top, grey trousers and a watch in his left hand.', 'C. A woman wearing a long black halter dress with a black and white headscarf tied around her head.', 'D. A fair-skinned man wearing a brown suit with a white blouse and light blonde hair.']",Prior,multiple
Source Discrimination_sample_15_5,Source Discrimination,Who just asked 'How old was I when I got my driver's license?'?,00:04:10,A,"['A. A dark-haired woman wearing a white shirt with dark blue pants underneath and a watch on her left hand.', 'B. A fair-skinned man wearing a brown suit with a white blouse and light blonde hair.', 'C. A woman wearing an orange jacket with a white blouse and a short orange skirt tied in a high ponytail.', 'D. A woman wearing a long black halter dress with a black and white headscarf tied around her head.']",Prior,multiple
Source Discrimination_sample_16_1,Source Discrimination,"Who just said""What astrological sign do I like the most other than mine?""?",00:00:34,A,"['A. A white-skinned woman wearing a snake-print vest-style slim-fit top and a lotus-root purple bustier skirt.', 'B. A woman wearing a mint green knit dress and large hoop earrings.', 'C. A dark-skinned woman wearing a blue suit with white fluff and long tassel earrings.', 'D. A fair-skinned man wearing an orange jumper, dark blue jeans, and a bracelet on his right hand.']",Prior,multiple
Source Discrimination_sample_16_2,Source Discrimination,"Who just said""What's my secret talent?""?",00:02:00,C,"['A.A man wearing a black blazer, camel-coloured trousers, black leather shoes and a watch on his left hand.', 'B.A man wearing a black leather jacket with a white top and black trousers.', 'C.A man wearing a purple blazer with a white top and black boots.', 'D.A fair-skinned man wearing an orange jumper, dark blue jeans, and a bracelet on his right hand.']",Prior,multiple
Source Discrimination_sample_16_3,Source Discrimination,"Who just said""What's my favorite TV show of all time?""?",00:03:28,B,"['A.A fair-skinned man wearing an orange jumper, dark blue jeans, and a bracelet on his right hand.', 'B.A dark-skinned man wearing a beige turtleneck jumper, brown plaid trousers, stud earrings and a beard.', 'C.A man wearing a black blazer, camel-coloured trousers, black leather shoes and a watch on his left hand.', 'D.A man wearing a black leather jacket with a white top and black trousers.']",Prior,multiple
Source Discrimination_sample_16_4,Source Discrimination,"Who just said""What am I certified in?""?",00:05:21,D,"['A.A man wearing a black leather jacket with a white top and black trousers.', 'B.A man wearing a black blazer, camel-coloured trousers, black leather shoes and a watch on his left hand.', 'C.A man wearing a purple blazer with a white top and black boots.', 'D.A fair-skinned man wearing an orange jumper, dark blue jeans, and a bracelet on his right hand.']",Prior,multiple
Source Discrimination_sample_16_5,Source Discrimination,"Who just said""What word would I use to describe myself?""?",00:07:58,D,"['A.A dark-skinned woman wearing a blue suit with white fluff and long tassel earrings.', 'B.A white-skinned woman wearing a snake-print vest-style slim-fit top and a lotus-root purple bustier skirt.', 'C.A dark-skinned man wearing a beige turtleneck jumper, brown plaid trousers, stud earrings and a beard.', 'D.A woman wearing a mint green knit dress and large hoop earrings.']",Prior,multiple
Source Discrimination_sample_17_1,Source Discrimination,"Who just said""What is my weirdest on set habit?""?",00:00:28,B,"['A.A woman with golden long hair and wearing a blue suit.', 'B.A man in beige trousers and black leather shoes.', 'C.A woman with short curly black hair, big hoop earrings and a gold necklace.', 'D.Dark-skinned man wearing a light blue shirt and a baseball cap.']",Prior,multiple
Source Discrimination_sample_17_2,Source Discrimination,"Who just said""I think a turkey sandwich, no tomat.""?",00:01:47,A,"['A.A woman with golden long hair and wearing a blue suit.', 'B.A man in beige trousers and black leather shoes.', 'C.A woman with short curly black hair, big hoop earrings and a gold necklace.', 'D.Dark-skinned man wearing a light blue shirt and a baseball cap.']",Prior,multiple
Source Discrimination_sample_17_3,Source Discrimination,"Who just said""Just a simple smokin' turkey sandwich.""?",00:02:35,B,"['A.A man with a deep purple knitted cap, wearing black long sleeves, and with a beard.', 'B.A thin man with short hair, wearing a dark purple short-sleeved shirt.', 'C.A dark-skinned woman wearing a dress with black and brown stripes.', 'D.A woman with short curly black hair, big hoop earrings and a gold necklace.']",Prior,multiple
Source Discrimination_sample_17_4,Source Discrimination,"Who just said""And I didn't see it, check the camera.""?",00:07:26,A,"['A.A fat, white-skinned man with brown trousers, a beard, and tattoos on his neck.', 'B.A woman with golden long hair and wearing a blue suit.', 'C.A thin man with short hair, wearing a dark purple short-sleeved shirt.', 'D.A dark-skinned woman wearing a dress with black and brown stripes.']",Prior,multiple
Source Discrimination_sample_17_5,Source Discrimination,"Who just said""If I wasn't an actor, what career would I pursue?""?",00:09:33,C,"['A.A dark-skinned woman wearing a dress with black and brown stripes.', 'B.A fat, white-skinned man with brown trousers, a beard, and tattoos on his neck.', 'C.A woman with short curly black hair, big hoop earrings and a gold necklace.', 'D.A man with a deep purple knitted cap, wearing black long sleeves, and with a beard.']",Prior,multiple
Source Discrimination_sample_18_1,Source Discrimination,"Who just said""What's my favorite meme of Homelander?""?",00:00:40,A,"['A.A man in a dark gray jacket, with black-rimmed glasses and black short boots.', 'B.A woman with platinum blonde hair in a leopard print halter dress and a gold necklace.', 'C.A white-skinned man wearing a gradient colour jumper from grey to black, black trousers and a beard.', 'D.A dark-skinned man wearing a black, white, and green jumper and a silver watch on his left hand.']",Prior,multiple
Source Discrimination_sample_18_2,Source Discrimination,"Who just said""where would I take you?""?",00:03:39,C,"['A.A dark-skinned man wearing a black, white and green jumper and a silver watch on his left hand.', 'B.A man in a dark gray jacket, with black-rimmed glasses and black short boots.', 'C.A dark-skinned man with silver-rimmed glasses, wearing a black jacket and white canvas shoes.', 'D.A white-skinned man wearing a gradient colour jumper from grey to black, black trousers and a beard.']",Prior,multiple
Source Discrimination_sample_18_3,Source Discrimination,"Who just said""What's my favorite snack?""?",00:05:46,B,"['A.A dark-skinned man wearing a black, white and green jumper and a silver watch on his left hand.', 'B.A white-skinned man wearing a gradient colour jumper from grey to black, black trousers and a beard.', 'C.A dark-skinned man with silver-rimmed glasses, wearing a black jacket and white canvas shoes.', 'D.A man in a dark gray jacket, with black-rimmed glasses and black short boots.']",Prior,multiple
Source Discrimination_sample_18_4,Source Discrimination,"Who just said""What are my dog's name?""?",00:07:50,D,"['A.A woman with long black hair, wearing a long apricot top and gray pants.', 'B.A woman in a long, slim grey-brown top with black hair in a high ponytail and bangs.', 'C.A white-skinned man wearing a gradient colour jumper from grey to black, black trousers and a beard.', 'D.A woman with platinum blonde hair in a leopard print halter dress and a gold necklace.']",Prior,multiple
Source Discrimination_sample_18_5,Source Discrimination,"Who just said""How many years did I play basketball?""?",00:11:04,B,"['A.A man in a dark gray jacket, with black-rimmed glasses and black short boots.', 'B.A woman in a long, slim grey-brown top with black hair in a high ponytail and bangs.', 'C.A woman with platinum blonde hair in a leopard print halter dress and a gold necklace.', 'D.A woman with long black hair, wearing a long apricot top and gray pants.']",Prior,multiple
Source Discrimination_sample_19_1,Source Discrimination,Who just said 'New Kids on the Block.'.,00:00:32,A,"['A. A brown-haired male wearing a brown blazer with a black shirt underneath and black pants.', 'B. A dark-haired male wearing a gray blazer with a white shirt and black pants.', 'C. A dark-haired male wearing a white long-sleeved shirt with a red vest with various patterns and beige pants.', 'D. A male with brown hair wearing a dark red jacket with a black shirt and black pants.']",Prior,multiple
Source Discrimination_sample_19_2,Source Discrimination,Who just said 'I will go with your dog.'?,00:01:36,B,"['A. A brown-haired male wearing a brown blazer with a black shirt underneath and black pants.', 'B. A dark-haired male wearing a gray blazer with a white shirt and black pants.', 'C. A dark-haired male wearing a white long-sleeved shirt with a red vest with various patterns and beige pants.', 'D. A male with brown hair wearing a dark red jacket with a black shirt and black pants.']",Prior,multiple
Source Discrimination_sample_19_3,Source Discrimination,Who just said 'I'm gonna say seven.'?,00:02:53,C,"['A. A brown-haired male wearing a brown blazer with a black shirt underneath and black pants.', 'B. A dark-haired male wearing a gray blazer with a white shirt and black pants.', 'C. A dark-haired male wearing a white long-sleeved shirt with a red vest with various patterns and beige pants.', 'D. A male with brown hair wearing a dark red jacket with a black shirt and black pants.']",Prior,multiple
Source Discrimination_sample_19_4,Source Discrimination,Who just said 'Probably a book.'?,00:03:25,D,"['A. A brown-haired male wearing a brown blazer with a black shirt underneath and black pants.', 'B. A dark-haired male wearing a gray blazer with a white shirt and black pants.', 'C. A dark-haired male wearing a white long-sleeved shirt with a red vest with various patterns and beige pants.', 'D. A male with brown hair wearing a dark red jacket with a black shirt and black pants.']",Prior,multiple
Source Discrimination_sample_19_5,Source Discrimination,"Who just said 'Oh, a La Croix.'?",00:04:27,C,"['A. A male with brown hair wearing a brown blazer with a black shirt and black pants.', 'B. A dark-haired male wearing a gray blazer with a white shirt and black pants.', 'C. A dark-haired male wearing a white long-sleeved shirt with a red vest with various patterns and beige pants.', 'D. A male with brown hair wearing a dark red jacket, black shirt and black pants.']",Prior,multiple
Source Discrimination_sample_20_1,Source Discrimination,Who just said 'How was the plane ride?'?,00:00:33,B,"['A. A blonde woman wearing a black plaid blazer with a black, yellow, and white shirt and plaid blazer pants.', 'B. A young blonde boy wearing a red, dark blue, and white striped shirt and black pants.', 'C. A dark-haired male wearing a black blazer with a white shirt underneath and dark blue jeans.', 'D. A brunette female with a dark blue long-sleeved dress.']",Prior,multiple
Source Discrimination_sample_20_2,Source Discrimination,Who just said 'He was 12 months old and knew the alphabet?'?,00:01:03,A,"['A. A blonde woman wearing a black plaid blazer with a black, yellow, and white shirt and plaid blazer pants.', 'B. A young blonde boy wearing a red, dark blue, and white striped shirt and black pants.', 'C. A dark-haired male wearing a black blazer with a white shirt underneath and dark blue jeans.', 'D. A brunette female with a dark blue long-sleeved dress.']",Prior,multiple
Source Discrimination_sample_20_3,Source Discrimination,Who just said 'And we got to the Playboy logo.'?,00:03:00,C,"['A. A blonde woman wearing a black plaid blazer with a black, yellow, and white shirt and plaid blazer pants.', 'B. A young blonde boy wearing a red, dark blue, and white striped shirt and black pants.', 'C. A dark-haired male wearing a black blazer with a white shirt underneath and dark blue jeans.', 'D. A brunette female with a dark blue long-sleeved dress.']",Prior,multiple
Source Discrimination_sample_20_4,Source Discrimination,"Who just said 'what do you say, honey?'?",00:04:11,D,"['A. A blonde woman wearing a black plaid blazer with a black, yellow, and white shirt and plaid blazer pants.', 'B. A young blonde boy wearing a red, dark blue, and white striped shirt and black pants.', 'C. A dark-haired male wearing a black blazer with a white shirt underneath and dark blue jeans.', 'D. A brunette female with a dark blue long-sleeved dress.']",Prior,multiple
Source Discrimination_sample_20_5,Source Discrimination,Who just said 'I can't wait to come back any time.'?,00:04:18,A,"['A. A blonde woman wearing a black plaid blazer with a black, yellow, and white shirt and plaid blazer pants.', 'B. A young blonde boy wearing a red, dark blue, and white striped shirt and black pants.', 'C. A dark-haired male wearing a black blazer with a white shirt underneath and dark blue jeans.', 'D. A brunette female with a dark blue long-sleeved dress.']",Prior,multiple
Source Discrimination_sample_21_1,Source Discrimination,"Who just said, 'I mean, this is incredible.'?",00:00:39,A,"['A. A woman with long blonde hair was wearing a black dress.', 'B. A woman with short blonde hair was wearing a black dress.', 'C. A woman with long black hair was wearing a black dress.', 'D. A woman with long blonde hair was wearing a red dress.']",Prior,multiple
Source Discrimination_sample_21_2,Source Discrimination,"Who just said 'You're really smart, you're beautiful, you're sexy.'?",00:01:24,B,"['A. A young-aged man with short dark brown hair, wearing a blue-and-white striped shirt.', 'B. A middle-aged man with short dark brown hair, wearing a blue-and-white striped shirt.', 'C. A middle-aged man with short dark white hair, wearing a blue-and-white striped shirt.', 'D. A middle-aged man with short dark brown hair, wearing a red-and-white striped shirt.']",Prior,multiple
Source Discrimination_sample_21_3,Source Discrimination,"Who just said 'No, it's not.'",00:02:26,D,"['A. A middle-aged man with short dark white hair, wearing a blue-and-white striped shirt.', 'B. A young-aged man with short dark brown hair, wearing a blue-and-white striped shirt.', 'C. A middle-aged man with short dark brown hair, wearing a red-and-white striped shirt.', 'D. A middle-aged man with short dark brown hair, wearing a blue-and-white striped shirt.']",Prior,multiple
Source Discrimination_sample_21_4,Source Discrimination,Who just said 'The days of our lives?'?,00:03:20,C,"['A. A blonde male wearing a gray tank top and black pants.', 'B. A black female wearing a gray tank top and black pants.', 'C. A blonde female wearing a gray tank top and black pants.', 'D. A blonde female wearing a red tank top and black pants.']",Prior,multiple
Source Discrimination_sample_21_5,Source Discrimination,Who just said 'We can do another scene on the couch.'?,00:04:19,A,"['A. A young, fair-skinned woman with long hair was wearing a blue sleeveless blouse.', 'B. A old, fair-skinned woman with long hair was wearing a gray sleeveless blouse.', 'C. A young, dark-skinned woman with short hair was wearing a gray sleeveless blouse.', 'D. A young, fair-skinned man with short hair was wearing a white sleeveless blouse.']",Prior,multiple
Source Discrimination_sample_22_1,Source Discrimination,Who just said 'That's me in high school.'?,00:00:31,C,"['A. A male with brown hair wearing a brown blazer with a black shirt and black pants.', 'B. A dark-haired male wearing a gray blazer with a white shirt and black pants.', 'C. A dark-haired male wearing a white long-sleeved shirt with a red vest with various patterns and beige pants.', 'D. A male with brown hair wearing a dark red jacket, black shirt and black pants.']",Prior,multiple
Source Discrimination_sample_22_2,Source Discrimination,Who just said 'You look like a detective that's a DJ.'?,00:00:48,B,"['A. A blonde female wearing a green blazer with white polka dots, a navy blue sweater, and blue jeans.', 'B. A dark-haired male wearing a red blazer, white shirt, and red pants.', 'C. A bald male wearing a red long-sleeved shirt and black pants.', 'D. A dark-haired male wearing no shirt, white shorts, and a necklace around his neck.']",Prior,multiple
Source Discrimination_sample_22_3,Source Discrimination,Who just said 'It's the perspective.'?,00:01:29,A,"['A. A blonde female wearing a green blazer with white polka dots, a navy blue sweater, and blue jeans.', 'B. A dark-haired male wearing a red blazer, white shirt, and red pants.', 'C. A bald male wearing a red long-sleeved shirt and black pants.', 'D. A little black-haired boy wearing a black and white T-shirt and black pants.']",Prior,multiple
Source Discrimination_sample_22_4,Source Discrimination,Who just said 'We're not satisfied.'?,00:02:25,B,"['A. A blonde female wearing a green blazer with white polka dots, a navy blue sweater, and blue jeans.', 'B. A dark-haired male wearing a red blazer, white shirt, and red pants.', 'C. A bald male wearing a red long-sleeved shirt and black pants.', 'D. A little black-haired boy wearing a black and white T-shirt and black pants.']",Prior,multiple
Source Discrimination_sample_22_5,Source Discrimination,"Who just said 'also, l do a lot of the heavy lifting.'?",00:03:25,D,"['A. A dark-haired male wearing no shirt and white shorts with a necklace around his neck.', 'B. A dark-haired boy wearing a black-and-white T-shirt and black pants.', 'C. A bald male wearing a red long-sleeved shirt and black pants.', 'D. A dark-haired male wearing a red blazer, white shirt and red pants.']",Prior,multiple
Source Discrimination_sample_23_1,Source Discrimination,Who just said 'We haven't even started yet.'?,00:00:06,B,"['A. An older white-haired male wearing a dark blue plaid blazer with a pink shirt, an orange tie, and blue plaid blazer pants.', 'B. A brown-haired child wearing a gray long-sleeved blouse and dark blue jeans.', 'C. A brown-haired child wearing a green plaid shirt and khaki pants.', 'D. A blonde woman wearing a dark blue shirt over a gray blazer and dark blue pants.']",Prior,multiple
Source Discrimination_sample_23_2,Source Discrimination,Who just said 'Minnesota.'?,00:00:52,A,"['A. An older white-haired male wearing a dark blue plaid blazer with a pink shirt, an orange tie, and blue plaid blazer pants.', 'B. A brown-haired child wearing a gray long-sleeved blouse and dark blue jeans.', 'C. A brown-haired child wearing a green plaid shirt and khaki pants.', 'D. A blonde woman wearing a dark blue shirt over a gray blazer and dark blue pants.']",Prior,multiple
Source Discrimination_sample_23_3,Source Discrimination,Who just said 'Turkmenistan.'?,00:01:53,C,"['A. An older white-haired male wearing a dark blue plaid blazer with a pink shirt, an orange tie, and blue plaid blazer pants.', 'B. A brown-haired child wearing a gray long-sleeved blouse and dark blue jeans.', 'C. A brown-haired child wearing a green plaid shirt and khaki pants.', 'D. A blonde woman wearing a dark blue shirt over a gray blazer and dark blue pants.']",Prior,multiple
Source Discrimination_sample_23_4,Source Discrimination,Who just said 'Let's see the next one.'?,00:02:29,B,"['A. An older white-haired male wearing a dark blue plaid blazer with a pink shirt, an orange tie, and blue plaid blazer pants.', 'B. A brown-haired child wearing a gray long-sleeved blouse and dark blue jeans.', 'C. A brown-haired child wearing a green plaid shirt and khaki pants.', 'D. A blonde woman wearing a dark blue shirt over a gray blazer and dark blue pants.']",Prior,multiple
Source Discrimination_sample_23_5,Source Discrimination,"Who just said 'Seven and a half, l think.'?",00:04:04,C,"['A. An older white-haired male wearing a dark blue plaid blazer with a pink shirt, an orange tie, and blue plaid blazer pants.', 'B. A brown-haired child wearing a gray long-sleeved blouse and dark blue jeans.', 'C. A brown-haired child wearing a green plaid shirt and khaki pants.', 'D. A blonde woman wearing a dark blue shirt over a gray blazer and dark blue pants.']",Prior,multiple
Source Discrimination_sample_24_1,Source Discrimination,Who just said 'This is a clip of Andy trying to walk.'?,00:03:34,A,"['A. A blonde female wearing a dark green jacket with a gray and blue shirt and black pants.', 'B. A dark-haired male wearing a black zippered hoodie jacket, white shirt, black pants, and headphones.', 'C. A dark-haired boy wearing a T-shirt with red, blue, yellow, and orange stripes and khaki pants.', 'D. A dark-haired boy wearing a blue, yellow, green, black striped T-shirt and khaki pants.']",Prior,multiple
Source Discrimination_sample_24_2,Source Discrimination,Who just said 'Good job.'?,00:04:34,B,"['A. A blonde female wearing a dark green jacket with a gray and blue shirt and black pants.', 'B. A dark-haired male wearing a black zippered hoodie jacket, white shirt, black pants, and headphones.', 'C. A dark-haired boy wearing a T-shirt with red, blue, yellow, and orange stripes and khaki pants.', 'D. A dark-haired boy wearing a blue, yellow, green, black striped T-shirt and khaki pants.']",Prior,multiple
Source Discrimination_sample_24_3,Source Discrimination,Who just said '3.141592653589793.'?,00:06:12,C,"['A. A young dark-haired boy wearing a T-shirt with red, blue, yellow and orange stripes and khaki pants.', 'B. A dark-haired male wearing a black zippered hoodie jacket with a white top, black pants and headphones.', 'C. A young dark-haired boy wearing a blue, yellow, green, and black striped T-shirt and khaki pants.', 'D. A blonde female wearing a dark green jacket with a grayish blue shirt and black pants.']",Prior,multiple
Source Discrimination_sample_24_4,Source Discrimination,"Who just said 'Kim, Khloe, and Kendall.'?",00:07:27,B,"['A. A blonde female wearing a dark green jacket with a gray and blue shirt and black pants.', 'B. A dark-haired male wearing a black zippered hoodie jacket, white shirt, black pants, and headphones.', 'C. A dark-haired boy wearing a T-shirt with red, blue, yellow, and orange stripes and khaki pants.', 'D. A dark-haired boy wearing a blue, yellow, green, black striped T-shirt and khaki pants.']",Prior,multiple
Source Discrimination_sample_24_5,Source Discrimination,Who just asked 'Do you know who the Kardashians are?'?,00:07:32,D,"['A. A young black-haired boy wearing a blue, yellow, green, and black striped T-shirt and khaki pants.', 'B. A dark-haired male wearing a black zippered hoodie jacket with a white top, black pants and headphones.', 'C. A dark-haired boy wearing a T-shirt with red, blue, yellow and orange stripes and khaki pants.', 'D. A blonde female wearing a dark green jacket with a grayish blue shirt and black pants.']",Prior,multiple
Source Discrimination_sample_25_1,Source Discrimination,Who just said 'We're going to find out soon.'?,00:00:08,C,"['A. A dark-haired male wearing a light orange shirt and black pants with tattoos on his arms.', 'B. A brown-haired male wearing a dark green long-sleeved shirt and black pants with tattoos on his arms.', 'C. A blond male wearing a white floral shirt and blue jeans.', 'D. A male with brown hair wearing a leopard print shirt and black pants.']",Prior,multiple
Source Discrimination_sample_25_2,Source Discrimination,"Who just said 'Oh, l have.'?",00:00:46,A,"['A. A dark-haired male wearing a light orange shirt and black pants with tattoos on his arms.', 'B. A brown-haired male wearing a dark green long-sleeved shirt and black pants with tattoos on his arms.', 'C. A blond male wearing a white floral shirt and blue jeans.', 'D. A male with brown hair wearing a leopard print shirt and black pants.']",Prior,multiple
Source Discrimination_sample_25_3,Source Discrimination,Who just said 'What is this game?'?,00:01:12,D,"['A. A dark-haired male wearing a light orange shirt and black pants with tattoos on his arms.', 'B. A brown-haired male wearing a dark green long-sleeved shirt and black pants with tattoos on his arms.', 'C. A blond male wearing a white floral shirt and blue jeans.', 'D. A male with brown hair wearing a leopard print shirt and black pants.']",Prior,multiple
Source Discrimination_sample_25_4,Source Discrimination,Who just said 'you've already sent the message.'?,00:03:07,B,"['A. A dark-haired male wearing a light orange shirt and black pants with tattoos on his arms.', 'B. A brown-haired male wearing a dark green long-sleeved shirt and black pants with tattoos on his arms.', 'C. A blond male wearing a white floral shirt and blue jeans.', 'D. A male with brown hair wearing a leopard print shirt and black pants.']",Prior,multiple
Source Discrimination_sample_25_5,Source Discrimination,Who just said 'I used to sayl was Nick from Backstreet Boys.'?,00:03:33,C,"['A. A dark-haired male wearing a light orange shirt and black pants with tattoos on his arms.', 'B. A brown-haired male wearing a dark green long-sleeved shirt and black pants with tattoos on his arms.', 'C. A blond male wearing a white floral shirt and blue jeans.', 'D. A male with brown hair wearing a leopard print shirt and black pants.']",Prior,multiple
Source Discrimination_sample_26_1,Source Discrimination,Who just said 'Do you want to carry the hammer with you?'?,00:00:26,A,"['A. A dark-haired male wearing a black suit, white shirt and black tie.', 'B. A male with brown hair wearing a black suit with a black shirt with a V-neck collar.', 'C. A blonde woman wearing a sleeveless black dress with a white striped hemline and black stockings.', 'D. A brown-haired male wearing a brown suit with a white shirt, red tie, and brown-rimmed sunglasses.']",Prior,multiple
Source Discrimination_sample_26_2,Source Discrimination,Who just said 'lf you say so.'?,00:00:48,D,"['A. A dark-haired male wearing a black suit, white shirt and black tie.', 'B. A male with brown hair wearing a black suit with a black shirt with a v-neck collar.', 'C. A blonde woman wearing a sleeveless black dress with a white striped hemline and black stockings.', 'D. A brown-haired male wearing a brown suit with a white shirt, red tie, and brown-rimmed sunglasses.']",Prior,multiple
Source Discrimination_sample_26_3,Source Discrimination,"Who just said 'No, we're not going to do that.'?",00:01:03,C,"['A. A dark-haired male wearing a black suit, white shirt and black tie.', 'B. A brown-haired male wearing a black suit with a black shirt with a v-neck collar.', 'C. A brown-haired man wearing a dark blue blazer with an off-white plaid handkerchief in his breast pocket and a black shirt.', 'D. A brown-haired male wearing a brown suit with a white shirt, red tie, and brown-rimmed sunglasses.']",Prior,multiple
Source Discrimination_sample_26_4,Source Discrimination,Who just said 'You love him.'?,00:01:16,A,"['A. A male with brown hair wearing a black blazer, black shirt and black tie.', 'B. A black man with white hair wearing a black blazer with a white handkerchief in his breast pocket, a white shirt and a black tie.', 'C. A brown-haired male wearing a dark blue blazer with an off-white plaid handkerchief in the breast pocket and a black shirt.', 'D. A brown-haired male wearing a brown suit with a white shirt, a red tie, and brown-rimmed sunglasses.']",Prior,multiple
Source Discrimination_sample_26_5,Source Discrimination,"Who just said 'And she said, no, l was going to eat.'?",00:02:35,C,"['A. A dark-haired male wearing a black suit, white shirt and black tie.', 'B. A black man with white hair wearing a black suit with a white handkerchief in his breast pocket and a white shirt and black tie.', 'C. A male with brown hair wearing a dark blue blazer with an off-white plaid handkerchief in his breast pocket and a black shirt.', 'D. A brown-haired male wearing a brown suit with a white shirt, a red tie, and brown-rimmed sunglasses.']",Prior,multiple
Source Discrimination_sample_27_1,Source Discrimination,"Who just said""What movies you know?""?",00:00:40,A,"['A.A short-haired woman wearing a pink suit with a white shirt and a watch on her left hand.', 'B. A man wearing a black short-sleeved blouse, jeans, and a silver watch on his left hand.', 'C. A man wearing a dark gray blazer with a vertical striped shirt.', 'D. A boy wearing black-framed glasses and a checkerboard sweater.']",Prior,multiple
Source Discrimination_sample_27_2,Source Discrimination,"Who just said""I don't know that one.""?",00:00:52,D,"['A.A man wearing a dark gray blazer with a vertical striped shirt.', 'B.A short-haired woman wearing a pink suit with a white shirt and a watch on her left hand.', 'C.A man wearing a black short-sleeved blouse, jeans, and a silver watch on his left hand.', 'D.A boy wearing black-framed glasses and a checkerboard sweater.']",Prior,multiple
Source Discrimination_sample_27_3,Source Discrimination,"Who just said""You look smarter than us.""?",00:01:01,B,"['A.A boy wearing black-framed glasses and a checkerboard sweater.', 'B.A man wearing a black short-sleeved blouse, jeans, and a silver watch on his left hand.', 'C.A short-haired woman wearing a pink suit with a white shirt and a watch on her left hand.', 'D.A man wearing a dark gray blazer with a vertical striped shirt.']",Prior,multiple
Source Discrimination_sample_27_4,Source Discrimination,"Who just said""Can you repeat the question?""?",00:02:04,A,"['A.A man wearing a dark gray blazer with a vertical striped shirt.', 'B.A short-haired woman wearing a pink suit with a white shirt and a watch on her left hand.', 'C.A boy wearing black-framed glasses and a checkerboard sweater.', 'D.A man wearing a black short-sleeved blouse, jeans, and a silver watch on his left hand.']",Prior,multiple
Source Discrimination_sample_27_5,Source Discrimination,"Who just said""I''m asking Siri.""?",00:02:24,B,"['A.A boy wearing black-framed glasses and a checkerboard sweater.', 'B.A man wearing a black short-sleeved blouse, jeans, and a silver watch on his left hand.', 'C.A man wearing a dark gray blazer with a vertical striped shirt.', 'D.A short-haired woman wearing a pink suit with a white shirt and a watch on her left hand.']",Prior,multiple
Source Discrimination_sample_28_1,Source Discrimination,Who just said 'I knew it was gonna be a different game.'?,00:00:51,C,"['A. A bald male wearing a blue blazer with a colored shirt under it.', 'B. A blonde female wearing a long-sleeved blouse with white and green stripes.', 'C. A male with short black hair wearing a beige short-sleeved shirt.', 'D. A gray-haired male wearing a gray short-sleeved shirt.']",Prior,multiple
Source Discrimination_sample_28_2,Source Discrimination,Who just said 'He had it showed.'?,00:01:44,C,"['A. A bald male wearing a blue blazer with a colored shirt under it.', 'B. A blonde female wearing a long-sleeved blouse with white and green stripes.', 'C. A male with short black hair wearing a beige short-sleeved shirt.', 'D. A gray-haired male wearing a gray short-sleeved shirt.']",Prior,multiple
Source Discrimination_sample_28_3,Source Discrimination,Who just said 'It was Watkins and not lvan Tony.'?,00:02:42,D,"['A. A bald male wearing a blue blazer with a colored shirt under it.', 'B. A blonde female wearing a long-sleeved blouse with white and green stripes.', 'C. A male with short black hair wearing a beige short-sleeved shirt.', 'D. A gray-haired male wearing a gray short-sleeved shirt.']",Prior,multiple
Source Discrimination_sample_28_4,Source Discrimination,Who just asked 'How much credit are we giving Gareth Southgate?'?,00:03:28,B,"['A. A bald male wearing a blue blazer with a colored shirt under it.', 'B. A blonde female wearing a long-sleeved blouse with white and green stripes.', 'C. A male with short black hair wearing a beige short-sleeved shirt.', 'D. A gray-haired male wearing a gray short-sleeved shirt.']",Prior,multiple
Source Discrimination_sample_28_5,Source Discrimination,Who just said 'I would not be surprised.'?,00:04:52,A,"['A. A bald male wearing a blue blazer with a colored shirt under it.', 'B. A blonde female wearing a long-sleeved blouse with white and green stripes.', 'C. A male with short black hair wearing a beige short-sleeved shirt.', 'D. A gray-haired male wearing a gray short-sleeved shirt.']",Prior,multiple
Source Discrimination_sample_29_1,Source Discrimination,Who just said 'So it's an amazing feeling.'?,00:00:59,B,"['A. A brownish-black haired female wearing a dark green blazer with a black top underneath, black pants, and a blue microphone in her hand.', 'B. A blonde male wearing a dark blue jacket with a white cougar logo on the left chest and a light blue shirt with red and white stripes on the collar.', 'C. A bald male wearing a black double-breasted coat, black gloves, and holding a blue microphone.', 'D. A gray-haired male wearing a black blazer with a dark blue scarf with a light blue pattern around his neck and holding a blue microphone.']",Prior,multiple
Source Discrimination_sample_29_2,Source Discrimination,Who just said 'I think in one game this year you score five or six.'?,00:01:08,C,"['A. A brownish-black haired female wearing a dark green blazer with a black top underneath, black pants, and a blue microphone in her hand.', 'B. A blonde male wearing a dark blue jacket with a white cougar logo on the left chest and a light blue shirt with red and white stripes on the collar.', 'C. A bald male wearing a black double-breasted coat, black gloves, and holding a blue microphone.', 'D. A gray-haired male wearing a black blazer with a dark blue scarf with a light blue pattern around his neck and holding a blue microphone.']",Prior,multiple
Source Discrimination_sample_29_3,Source Discrimination,Who just said 'They haven't won the Champions League yet.'?,00:02:15,D,"['A. A brownish-black haired female wearing a dark green blazer with a black top underneath, black pants, and a blue microphone in her hand.', 'B. A blonde male wearing a dark blue jacket with a white cougar logo on the left chest and a light blue shirt with red and white stripes on the collar.', 'C. A bald male wearing a black double-breasted coat, black gloves, and holding a blue microphone.', 'D. A gray-haired male wearing a black blazer with a dark blue scarf with a light blue pattern around his neck and holding a blue microphone.']",Prior,multiple
Source Discrimination_sample_29_4,Source Discrimination,Who just said 'but fit into this system in the Premier League.'?,00:03:10,A,"['A. A brownish-black haired female wearing a dark green blazer with a black top underneath, black pants, and a blue microphone in her hand.', 'B. A blonde male wearing a dark blue jacket with a white cougar logo on the left chest and a light blue shirt with red and white stripes on the collar.', 'C. A bald male wearing a black double-breasted coat, black gloves, and holding a blue microphone.', 'D. A gray-haired male wearing a black blazer with a dark blue scarf with a light blue pattern around his neck and holding a blue microphone.']",Prior,multiple
Source Discrimination_sample_29_5,Source Discrimination,"Who just said 'Erling, thank you so much for joining us.'?",00:05:04,A,"['A. A brownish-black haired female wearing a dark green blazer with a black top underneath, black pants, and a blue microphone in her hand.', 'B. A blonde male wearing a dark blue jacket with a white cougar logo on the left chest and a light blue shirt with red and white stripes on the collar.', 'C. A bald male wearing a black double-breasted coat, black gloves, and holding a blue microphone.', 'D. A gray-haired male wearing a black blazer, a dark blue scarf with a light blue pattern around his neck, and holding a blue microphone.']",Prior,multiple
Source Discrimination_sample_30_1,Source Discrimination,"Who just said 'I mean, nobody anticipated this result.'?",00:00:40,A,"['A. A blonde female wearing an orange short-sleeved shirt with gold-colored earrings and necklace.', 'B. A male with brown hair wearing a black and white short-sleeved striped shirt.', 'C. A dark-haired male wearing a black jacket and a blue, white, orange, and black striped T-shirt.', 'D. A dark-haired male wearing a black long-sleeved shirt.']",Prior,multiple
Source Discrimination_sample_30_2,Source Discrimination,"Who just said 'Ferreira Carrasco, De Bruyne, Dukaku.'?",00:01:46,B,"['A. A blonde female wearing an orange short-sleeved shirt with gold-colored earrings and necklace.', 'B. A male with brown hair wearing a black and white short-sleeved striped shirt.', 'C. A dark-haired male wearing a black jacket and a blue, white, orange, and black striped T-shirt.', 'D. A dark-haired male wearing a black long-sleeved shirt.']",Prior,multiple
Source Discrimination_sample_30_3,Source Discrimination,Who just said 'They have scored in al but one.'?,00:02:34,D,"['A. A blonde female wearing an orange short-sleeved shirt with gold-colored earrings and necklace.', 'B. A male with brown hair wearing a black and white short-sleeved striped shirt.', 'C. A dark-haired male wearing a black jacket and a blue, white, orange, and black striped T-shirt.', 'D. A dark-haired male wearing a black long-sleeved shirt.']",Prior,multiple
Source Discrimination_sample_30_4,Source Discrimination,"Who just said 'Not only, but a big issue is Lukaku.'?",00:03:38,C,"['A. A blonde female wearing an orange short-sleeved shirt with gold-colored earrings and necklace.', 'B. A male with brown hair wearing a black and white short-sleeved striped shirt.', 'C. A dark-haired male wearing a black jacket and a blue, white, orange, and black striped T-shirt.', 'D. A dark-haired male wearing a black long-sleeved shirt.']",Prior,multiple
Source Discrimination_sample_30_5,Source Discrimination,"Who just said 'But he had opportunities, easy opportunities.'?",00:05:35,C,"['A. A blonde female wearing an orange short-sleeved shirt with gold-colored earrings and necklace.', 'B. A male with brown hair wearing a black and white short-sleeved striped shirt.', 'C. A dark-haired male wearing a black jacket and a blue, white, orange, and black striped T-shirt.', 'D. A dark-haired male wearing a black long-sleeved shirt.']",Prior,multiple
Source Discrimination_sample_31_1,Source Discrimination,Who just said 'Very important'?,00:00:34,A,"['A. A blonde female wearing a white jacket.', 'B. a bald man wearing a black blazer with a white shirt and gray striped tie.', 'C. A white-haired male wearing a navy blue blazer with a white shirt and red vest and a gray and navy blue patterned tie.', 'D. A dark-haired male wearing a gray blazer with a white shirt and navy blue vest and a navy blue tie.']",Prior,multiple
Source Discrimination_sample_31_2,Source Discrimination,"Who just said 'Hi, my name is Thierry Henry.'?",00:02:02,B,"['A. A blonde female wearing a white jacket.', 'B. A bald man wearing a black blazer with a white shirt and gray striped tie.', 'C. A white-haired male wearing a navy blue blazer with a white shirt and red vest and a gray and navy blue patterned tie.', 'D. A dark-haired male wearing a gray blazer with a white shirt and navy blue vest and a navy blue tie.']",Prior,multiple
Source Discrimination_sample_31_3,Source Discrimination,"Who just said 'Hi, my name is lan Wright'?",00:02:22,D,"['A. A blonde female wearing a white jacket.', 'B. A bald man wearing a black blazer with a white shirt and gray striped tie.', 'C. A white-haired male wearing a navy blue blazer with a white shirt and red vest and a gray and navy blue patterned tie.', 'D. A dark-haired male wearing a gray blazer with a white shirt and navy blue vest and a navy blue tie.']",Prior,multiple
Source Discrimination_sample_31_4,Source Discrimination,Who just said 'Luka Modric.'?,00:03:13,C,"['A. A blonde female wearing a white jacket.', 'B. A bald man wearing a black blazer with a white shirt and gray striped tie.', 'C. A white-haired male wearing a navy blue blazer with a white shirt and red vest and a gray and navy blue patterned tie.', 'D. A dark-haired male wearing a gray blazer with a white shirt and navy blue vest and a navy blue tie.']",Prior,multiple
Source Discrimination_sample_31_5,Source Discrimination,"Who just said 'Hi, my name is Giovanni Reina.'?",00:04:31,B,"['A. A blonde female wearing a white jacket.', 'B. A bald man wearing a black blazer with a white shirt and gray striped tie.', 'C. A white-haired male wearing a navy blue blazer with a white shirt and red vest and a gray and navy blue patterned tie.', 'D. A dark-haired male wearing a gray blazer with a white shirt and navy blue vest and a navy blue tie.']",Prior,multiple
Source Discrimination_sample_32_1,Source Discrimination,"Who just questioned 'Jude, talk to me, how does that feel?'?",00:00:14,A,"['A. A man with dark skin, black-rimmed glasses, a white suit and a microphone in his right hand.', 'B. A woman with dark brown skin, high blond ponytail, wearing a red suit and holding a microphone in her left hand.', 'C. A man with dark brown skin, short black hair, wearing a jersey and holding a microphone in both hands.', 'D. A man with brown skin, no hair, wearing a black suit and holding a microphone in his right hand.']",Prior,multiple
Source Discrimination_sample_32_2,Source Discrimination,Who just said 'I don't really care what people say.'?,00:02:40,C,"['A. A man with dark skin, black-rimmed glasses, a white suit and a microphone in his right hand.', 'B. A woman with brown skin, high blond ponytail, wearing a red suit and holding a microphone in her left hand.', 'C. A man with dark brown skin, short black hair, wearing a jersey and holding a microphone in his right hand.', 'D. A man with brown skin, no hair, wearing a black suit and holding a microphone in his right hand.']",Prior,multiple
Source Discrimination_sample_32_3,Source Discrimination,Who just said 'Problem.'?,00:04:06,A,"['A. A man with dark skin, black-rimmed glasses, a jersey, and a microphone in his right hand.', 'B. A woman with brown skin, high blond ponytail, wearing a red suit and holding a microphone in her left hand.', 'C. A man with dark brown skin, short black hair, wearing a jersey and holding a microphone in his right hand.', 'D. A man with brown skin, no hair, wearing a black suit and holding a microphone in his right hand.']",Prior,multiple
Source Discrimination_sample_32_4,Source Discrimination,Who just said 'I really sorry to do this.'?,00:04:50,B,"['A. A man with dark skin, black-rimmed glasses, a white suit and a microphone in his right hand.', 'B. A woman with dark brown skin, high blond ponytail, wearing a red suit and holding a microphone in her hand.', 'C. A man with dark brown skin, short black hair, wearing a jersey and holding a microphone in both hands.', 'D. A man with brown skin, no hair, wearing a black suit and holding a microphone in his right hand.']",Prior,multiple
Source Discrimination_sample_32_5,Source Discrimination,Who just said 'I need to go back to work.'?,00:05:24,D,"['A. A man with dark skin, black-rimmed glasses, a white suit and a microphone in his right hand.', 'B. A woman with dark brown skin, high blond ponytail, wearing a red suit and holding a microphone in her left hand.', 'C. A man with dark brown skin, short black hair, wearing a jersey and holding a microphone in both hands.', 'D. A man with brown skin, no hair, wearing black clothes and holding a microphone in his right hand.']",Prior,multiple
Source Discrimination_sample_33_1,Source Discrimination,"Who just said 'I'm coming, guys, but l need to get paid.'?",00:00:08,B,"['A. A female with blonde and brown hair wearing a white jacket with a white shirt and white pants.', 'B. A male with dark hair wearing a red blazer, black shirt, and red pants.', 'C. A dark-haired male wearing a dark blue blazer, dark blue shirt, dark blue tie, dark blue pants, and white-framed glasses.', 'D. A gray-haired male wearing a black suit, white shirt, red vest, burgundy checkered tie and black pants.']",Prior,multiple
Source Discrimination_sample_33_2,Source Discrimination,Who just said 'So kill me like that.'?,00:01:32,B,"['A. A female with blonde and brown hair wearing a white jacket with a white shirt and white pants.', 'B. A male with dark hair wearing a red blazer, black shirt, and red pants.', 'C. A dark-haired male wearing a dark blue blazer, dark blue shirt, dark blue tie, dark blue pants, and white-framed glasses.', 'D. A gray-haired male wearing a black suit, white shirt, red ves.']",Prior,multiple
Source Discrimination_sample_33_3,Source Discrimination,Who just questioned 'So how has that improved their chances?'?,00:02:07,C,"['A. A female with blonde and brown hair wearing a white jacket with a white shirt and white pants.', 'B. A male with dark hair wearing a red blazer, black shirt, and red pants.', 'C. A dark-haired male wearing a dark blue blazer, dark blue shirt, dark blue tie, dark blue pants, and white-framed glasses.', 'D. A gray-haired male wearing a black suit, white shirt, red vest, burgundy checkered tie and black pants.']",Prior,multiple
Source Discrimination_sample_33_4,Source Discrimination,Who just said 'How can l keep talking if l don't say nothing?'?,00:03:41,D,"['A. A female with blonde and brown hair wearing a white jacket with a white shirt and white pants.', 'B. A male with dark hair wearing a red blazer, black shirt, and red pants.', 'C. A male with gray hair wearing a dark brown blazer with a blue shirt and black pants and holding a blue microphone.', 'D. A bald male wearing a black double-breasted coat with a dark blue shirt and a dark gray striped tie.']",Prior,multiple
Source Discrimination_sample_33_5,Source Discrimination,Who just said 'So who was it that invited you?'?,00:03:56,A,"['A. A female with blonde and brown hair wearing a white jacket with a white shirt and white pants.', 'B. A male with dark hair wearing a red blazer, black shirt, and red pants.', 'C. A male with gray hair wearing a dark brown blazer with a blue shirt and black pants and holding a blue microphone.', 'D. A bald male wearing a black double-breasted coat with a dark blue shirt and a dark gray striped tie.']",Prior,multiple
Source Discrimination_sample_34_1,Source Discrimination,Who just said 'The real struggle for me was three to five.'?,00:00:46,C,"['A. A blonde female wearing a dark blue striped shirt and a tiny gold necklace around her neck.', 'B. A male with dark brown hair wearing a gray T-shirt.', 'C. A dark-haired male wearing a green jacket and a black shirt with a graphic on it.', 'D. A bald male wearing a blue T-shirt with a graphic white text on it.']",Prior,multiple
Source Discrimination_sample_34_2,Source Discrimination,Who just said 'I wasn't quite sure.'?,00:01:33,A,"['A. A blonde female wearing a dark blue striped shirt and a tiny gold necklace around her neck.', 'B. A male with dark brown hair wearing a gray T-shirt.', 'C. A dark-haired male wearing a green jacket and a black shirt with a graphic on it.', 'D. A bald male wearing a blue T-shirt with a graphic white text on it.']",Prior,multiple
Source Discrimination_sample_34_3,Source Discrimination,"Who just said 'I mean, look, l picked them as the surprise.'?",00:02:22,C,"['A. A blonde female wearing a dark blue striped shirt and a tiny gold necklace around her neck.', 'B. A male with dark brown hair wearing a gray T-shirt.', 'C. A dark-haired male wearing a green jacket and a black shirt with a graphic on it.', 'D. A bald male wearing a blue T-shirt with a graphic white text on it.']",Prior,multiple
Source Discrimination_sample_34_4,Source Discrimination,Who just said 'and they weren't convincing enough.'?,00:03:24,B,"['A. A blonde female wearing a dark blue striped shirt and a tiny gold necklace around her neck.', 'B. A male with dark brown hair wearing a gray T-shirt.', 'C. A dark-haired male wearing a green jacket and a black shirt with a graphic on it.', 'D. A bald male wearing a blue T-shirt with a graphic white text on it.']",Prior,multiple
Source Discrimination_sample_34_5,Source Discrimination,Who just said 'It was more of a chemistry issue than anything else.'?,00:05:51,D,"['A. A blonde female wearing a dark blue striped shirt and a tiny gold necklace around her neck.', 'B. A male with dark brown hair wearing a gray T-shirt.', 'C. A dark-haired male wearing a green jacket and a black shirt with a graphic on it.', 'D. A bald male wearing a blue T-shirt with a graphic white text on it.']",Prior,multiple
Source Discrimination_sample_35_1,Source Discrimination,Who just said 'it's the most important game of the season'.,00:00:31,B,"['A. A blond male wearing a black jacket, white shirt, and holding a blue microphone', 'B. A gray haired male wearing a gray suit, white shirt, black tie, and holding a blue microphone', 'C. A passing player dressed entirely in green clothes', 'D. A bald man wearing a brown checkered jacket, blue shirt, and dark blue tie']",Prior,multiple
Source Discrimination_sample_35_2,Source Discrimination,"Who just said 'Hello, Paolo. This is Thierry.'.",00:02:17,D,"['A. A blond man wearing a black jacket and a white shirt', 'B. A gray haired male wearing a gray suit, white shirt, and black tie', 'C. A passing green clothed player', 'D. A bald man wearing a brown checkered jacket, blue shirt, and dark blue tie']",Prior,multiple
Source Discrimination_sample_35_3,Source Discrimination,"Who just said 'That was a huge honour for me, being a defender'.",00:03:40,C,"['A. A blond male wearing a black jacket, white shirt, and holding a blue microphone', 'B. A gray haired male wearing a gray suit, white shirt, black tie, and holding a blue microphone', 'C. A gray haired male wearing a black suit, a white shirt, a black vest, and a blue brown tie', 'D. A bald man wearing a brown checkered jacket, blue shirt, and dark blue tie']",Prior,multiple
Source Discrimination_sample_35_4,Source Discrimination,Who just said 'I'm starstruck'.,00:05:05,C,"['A. A gray haired male wearing a gray suit, white shirt, black tie, and holding a blue microphone', 'B. A gray haired male wearing a black suit, a white shirt, a black vest, and a blue brown tie', 'C. A black male with short black hair and a short black beard wearing a dark blue suit jacket, blue shirt, and dark blue tie', 'D. A blond male wearing a black jacket, white shirt, and holding a blue microphone']",Prior,multiple
Source Discrimination_sample_35_5,Source Discrimination,Who just said 'ls the shirt framed?'.,00:06:18,A,"['A. A woman wearing a gray camisole striped dress, brown long curly hair, and bronze skin', 'B. A gray haired male wearing a black suit, a white shirt, a black vest, and a blue brown tie', 'C. A black male with short black hair and a short black beard wearing a dark blue suit jacket, blue shirt, and dark blue tie', 'D. A blond male wearing a black jacket, white shirt, and holding a blue microphone']",Prior,multiple
Source Discrimination_sample_36_1,Source Discrimination,Who just said 'And then there's little bro.'?,00:00:49,A,"['A. A blonde female wearing a brown blazer with a black blouse under it.', 'B. A bald man wearing a gray blazer and a black shirt.', 'C. A white-haired male wearing a dark blue suit with a white shirt, a blue and white tie with polka dots, and black-framed glasses.', 'D. A dark-haired male wearing a white blazer with a black shirt, black tie, and black-rimmed glasses.']",Prior,multiple
Source Discrimination_sample_36_2,Source Discrimination,Who just said 'Welcome to Top Magazine!'?,00:01:26,D,"['A. A blonde female wearing a dark pink shirt.', 'B. A blonde woman wearing a green blazer with a white blouse and dark green pants.', 'C. A blonde woman wearing a yellow blazer.', 'D. A dark-haired male wearing a white blazer with a black shirt, black tie, and black-rimmed glasses.']",Prior,multiple
Source Discrimination_sample_36_3,Source Discrimination,Who just said 'Just like Vegas.'?,00:02:17,B,"['A. A blonde woman in a black sleeveless blouse.', 'B. A bald man in a gray suit with a white shirt and black tie.', 'C. A white-haired male wearing a dark blue suit with a white shirt and black vest and a blue-white-dark-blue tie.', 'D. A dark-haired male wearing a dark blue suit with a white shirt and dark blue tie and white-framed glasses.']",Prior,multiple
Source Discrimination_sample_36_4,Source Discrimination,"Who just said 'Edge, don't do this to me!'?",00:03:30,C,"['A. A blonde woman in a black sleeveless blouse.', 'B. A bald man in a gray suit with a white shirt and black tie.', 'C. A white-haired male wearing a dark blue suit with a white shirt and black vest and a blue-white-dark-blue tie.', 'D. A dark-haired male wearing a dark blue suit with a white shirt and dark blue tie and white-framed glasses.']",Prior,multiple
Source Discrimination_sample_36_5,Source Discrimination,Who just said 'I do Sunday's bigger audience.'?,00:04:31,D,"['A. A blonde woman in a black sleeveless blouse.', 'B. A bald man in a gray suit with a white shirt and black tie.', 'C. A white-haired male wearing a dark blue suit with a white shirt and black vest and a blue-white-dark-blue tie.', 'D. A dark-haired male wearing a gray suit with a white shirt and gray tie and white-framed glasses.']",Prior,multiple
Source Discrimination_sample_37_1,Source Discrimination,Who just said 'Must feel good to be through.'?,00:00:23,A,"['A. A blonde female wearing a brown and black striped top.', 'B. A gray-haired male wearing a blue blazer with a black-and-white striped shirt and black vest and a black-and-white plaid tie.', 'C. A black male with dreadlocks wearing a black sweatshirt with a red logo on the left chest.', 'D. A dark-haired male wearing a gray suit jacket with a white shirt and green vest, a brown tie and a gold watch.']",Prior,multiple
Source Discrimination_sample_37_2,Source Discrimination,Who just said 'How much confidence did that give you going into this semi-final?'?,00:00:44,B,"['A. A blonde female wearing a brown and black striped top.', 'B. A gray-haired male wearing a blue blazer with a black-and-white striped shirt and black vest and a black-and-white plaid tie.', 'C. A black male with dreadlocks wearing a black sweatshirt with a red logo on the left chest.', 'D. A dark-haired male wearing a gray suit jacket with a white shirt and green vest, a brown tie and a gold watch.']",Prior,multiple
Source Discrimination_sample_37_3,Source Discrimination,"Who just said 'And we did a goal there, yeah.'?",00:01:34,C,"['A. A blonde female wearing a brown and black striped top.', 'B. A gray-haired male wearing a blue blazer with a black-and-white striped shirt and black vest and a black-and-white plaid tie.', 'C. A black male with dreadlocks wearing a black sweatshirt with a red logo on the left chest.', 'D. A bald male wearing a gray blazer with a blue shirt and dark blue tie.']",Prior,multiple
Source Discrimination_sample_37_4,Source Discrimination,"Who just said 'you know what, meet me in the box.'?",00:02:47,D,"['A. A blonde female wearing a brown and black striped top.', 'B. A gray-haired male wearing a blue blazer with a black-and-white striped shirt and black vest and a black-and-white plaid tie.', 'C. A black male with dreadlocks wearing a black sweatshirt with a red logo on the left chest.', 'D. A bald male wearing a gray blazer with a blue shirt and dark blue tie.']",Prior,multiple
Source Discrimination_sample_37_5,Source Discrimination,"Who just said 'You play Inter Milan, or playing tomorrow.'?",00:03:37,B,"['A. A blonde female wearing a brown and black striped top.', 'B. A gray-haired male wearing a blue blazer with a black-and-white striped shirt and black vest and a black-and-white plaid tie.', 'C. A black male with dreadlocks wearing a black sweatshirt with a red logo on the left chest.', 'D. A bald male wearing a gray blazer with a blue shirt and dark blue tie.']",Prior,multiple
Source Discrimination_sample_38_1,Source Discrimination,Who just said 'They're reporting that the kids appeanto be in good condition.'?,00:03:29,C,"['A. A brown-haired male wearing a brown plaid suit jacket with a white shirt and a black tie with a white design.', 'B. An older male with gray hair wearing a dark blue suit, light blue shirt, red and blue striped tie, and an American flag pin on his left chest.', 'C. A brown-haired male wearing a black jacket with a zipper and a black shirt.', 'D. A gray-haired male wearing a green military uniform with an Israeli symbol on the right sleeve.']",Prior,multiple
Source Discrimination_sample_38_2,Source Discrimination,Who just said 'That is an astonishing.'?,00:04:19,D,"['A. A brown-haired male wearing a brown plaid suit jacket with a white shirt and a black tie with a white design.', 'B. A brown-haired female wearing a brown shirt and black-framed glasses.', 'C. A male with brown hair wearing a black jacket with a zipper and a black shirt.', 'D. A dark-haired male wearing a black suit with a white shirt and a blue and white checkered tie.']",Prior,multiple
Source Discrimination_sample_38_3,Source Discrimination,"Who just said 'Yeah, that look really says it all.'?",00:04:29,A,"['A. A brown-haired male wearing a brown plaid suit jacket with a white shirt and a black tie with a white design.', 'B. A brown-haired female wearing a brown shirt and black-framed glasses.', 'C. A male with brown hair wearing a black jacket with a zipper and a black shirt.', 'D. A dark-haired male wearing a black suit with a white shirt and a blue and white checkered tie.']",Prior,multiple
Source Discrimination_sample_38_4,Source Discrimination,Who just said 'They returned a woman today who they claimed was dead.'?,00:06:49,B,"['A. A brown-haired male wearing a brown plaid suit jacket with a white shirt and a black tie with a white design.', 'B. A blonde female wearing a red blazer with a black V-neck shirt and a gold necklace.', 'C. A brown-haired female wearing a brown shirt and black-framed glasses.', 'D. A dark-haired male wearing a black suit with a white shirt and a blue and white checkered tie.']",Prior,multiple
Source Discrimination_sample_38_5,Source Discrimination,"Who just said 'Well, l think there was a lot of pressure to do this.'?",00:07:42,C,"['A. A brown-haired male wearing a brown plaid suit jacket with a white shirt and a black tie with a white design.', 'B. A blonde female wearing a red blazer with a black v-neck shirt and a gold necklace.', 'C. A brown-haired male wearing a dark blue blazer with a white shirt and a white, gray, and black striped tie.', 'D. A dark-haired male wearing a black suit with a white shirt and a blue and white checkered tie.']",Prior,multiple
Source Discrimination_sample_39_1,Source Discrimination,Who just said 'Then you have to show how harm was caused by that conduct.'?,00:01:55,C,"['A. A man wearing a black blazer with a white shirt underneath, a tie, and a watch in his left hand.', 'B. A man wearing a black suit jacket with a white shirt tied with a red and black tie and headphones in his left ear.', 'C. A man wearing a dark blue blazer and a white spotted tie over a white shirt.', 'D. A woman wearing a purple suit and purple high heels.']",Prior,multiple
Source Discrimination_sample_39_2,Source Discrimination,Who just said 'This is going to be huge.'?,00:02:59,A,"['A. A woman wearing a purple suit and purple high heels.', 'B. A man wearing a black blazer with a white shirt underneath, a tie, and a watch in his left hand.', 'C. A woman in a rose-red suit with light blonde hair.', 'D. A man wearing a black suit jacket with a white shirt tied with a red and black tie and headphones in his left ear.']",Prior,multiple
Source Discrimination_sample_39_3,Source Discrimination,Who just said 'Two points.'?,00:04:53,B,"['A. A man wearing a black blazer with a white shirt underneath, a tie, and a watch in his left hand.', 'B. A lady in a pink suit with light blonde hair.', 'C. A man wearing a black sweater with a white collar showing a little underneath at the neckline.', 'D. A woman wearing a purple suit and purple high heels.']",Prior,multiple
Source Discrimination_sample_39_4,Source Discrimination,Who just said 'And that can work.'?,00:05:48,D,"['A. A woman wearing a purple suit and purple high heels.', 'B. A man wearing a black suit jacket with a white shirt tied with a red and black tie and headphones in his left ear.', 'C. A man wearing a black sweater with a white collar showing a little underneath at the neckline.', 'D. A lady in a pink suit with light blonde hair.']",Prior,multiple
Source Discrimination_sample_39_5,Source Discrimination,Who just said 'Let's compare it to another story of censorship.'?,00:06:39,D,"['A. A man wearing a black suit jacket with a white shirt tied with a red and black tie and headphones in his left ear.', 'B. A man wearing a black suit jacket with a light blue tie on a white shirt.', 'C. A man wearing a black blazer with a white shirt underneath, a tie, and a watch in his left hand.', 'D. A man wearing a black sweater with a white collar showing a little underneath at the neckline.']",Prior,multiple
Source Discrimination_sample_40_1,Source Discrimination,"Who just said 'I'm a little teapot, short and stout.'?",00:02:56,D,"['A. A blonde woman wearing a dark blue dress, black-framed glasses, and hoop earrings.', 'B. A brunette wearing a pink blouse with a yellow stripe around the neckline.', 'C. A brown-haired male wearing a dark blue blazer with a white shirt and blue tie with spots and rimless glasses.', 'D. A balding older male wearing a bright green T-shirt and brown-framed glasses.']",Prior,multiple
Source Discrimination_sample_40_2,Source Discrimination,"Who just said 'Obviously, it's sad too.'?",00:03:13,B,"['A. A blonde woman wearing a dark blue dress, black-framed glasses, and hoop earrings.', 'B. A brunette wearing a pink blouse with a yellow stripe around the neckline.', 'C. A brown-haired male wearing a dark blue blazer with a white shirt and blue tie with spots and rimless glasses.', 'D. A balding older male wearing a bright green T-shirt and brown-framed glasses.']",Prior,multiple
Source Discrimination_sample_40_3,Source Discrimination,Who just said 'Rudy Giuliani may be on the verge of losing both his homes.'?,00:04:03,A,"['A. A blonde woman wearing a dark blue dress, black-framed glasses, and hoop earrings.', 'B. A brunette wearing a pink blouse with a yellow stripe around the neckline.', 'C. A brown-haired male wearing a dark blue blazer with a white shirt and blue tie with spots and rimless glasses.', 'D. A balding older male wearing a bright green T-shirt and brown-framed glasses.']",Prior,multiple
Source Discrimination_sample_40_4,Source Discrimination,Who just said 'but l think that's where it goes.'?,00:05:12,C,"['A. A brunette wearing a black blazer with a white top and a gold necklace around her neck.', 'B. A brown-haired woman wearing a pink blouse with a yellow stripe around the neckline.', 'C. A bald male wearing a black blazer with a white shirt and pink speckled tie and dark glasses.', 'D. A brown-haired male wearing a dark blue blazer with a white shirt and blue tie with spots and rimless glasses.']",Prior,multiple
Source Discrimination_sample_40_5,Source Discrimination,Who just said 'So it's not helpful.'?,00:06:21,A,"['A. A brunette wearing a black blazer with a white top and a gold necklace around her neck.', 'B. A brown-haired woman wearing a pink blouse with a yellow stripe around the neckline.', 'C. A bald male wearing a black blazer with a white shirt and pink speckled tie and dark glasses.', 'D. A brown-haired male wearing a dark blue blazer with a white shirt and blue tie with spots and rimless glasses.']",Prior,multiple
Source Discrimination_sample_41_1,Source Discrimination,Who just said 'What a surprise.'?,00:01:34,A,"['A. A gray-haired male wearing a black blouse and a gold watch on his left hand.', 'B. A brown-haired female wearing a dark blue blazer with a white shirt, a necklace, and a ring on her left ring finger.', 'C. A blonde woman wearing a blue sweater with a white collar.', 'D. A dark-haired male wearing a black blazer with a white shirt and a red and black striped tie.']",Prior,multiple
Source Discrimination_sample_41_2,Source Discrimination,"Who just said 'It's a scam, and she should be disbarred.'?",00:03:45,B,"['A. A gray-haired male wearing a black blouse and a gold watch on his left hand.', 'B. A brown-haired female wearing a dark blue blazer with a white shirt, a necklace, and a ring on her left ring finger.', 'C. A blonde woman wearing a blue sweater with a white collar.', 'D. A dark-haired male wearing a black blazer with a white shirt and a red and black striped tie.']",Prior,multiple
Source Discrimination_sample_41_3,Source Discrimination,Who just said 'many of whom have already pled guilty to what they did.'?,00:05:26,C,"['A. A gray-haired male wearing a black blouse and a gold watch on his left hand.', 'B. A brown-haired female wearing a dark blue blazer with a white shirt, a necklace, and a ring on her left ring finger.', 'C. A dark-haired female wearing a black blazer with a black V-neck shirt and a necklace around her neck.', 'D. A dark-haired male wearing a black blazer with a white shirt and a red and black striped tie.']",Prior,multiple
Source Discrimination_sample_41_4,Source Discrimination,Who just said 'just like all of them are falling apart.'?,00:06:56,D,"['A. A gray-haired male wearing a black blouse and a gold watch on his left hand.', 'B. A brown-haired female wearing a dark blue blazer with a white shirt, a necklace, and a ring on her left ring finger.', 'C. A dark-haired female wearing a black blazer with a black v-neck shirt and a necklace around her neck.', 'D. A dark-haired male wearing a black blazer with a white shirt and a red and black striped tie.']",Prior,multiple
Source Discrimination_sample_41_5,Source Discrimination,"Who just said 'But if she were on the other foot, it certainly would.'?",00:08:13,B,"['A. A gray-haired male wearing a black blouse and a gold watch on his left hand.', 'B. A blonde female wearing a blue sweater with a white collar.', 'C. A dark-haired female wearing a black blazer with a black v-neck shirt and a necklace around her neck.', 'D. A dark-haired male wearing a black blazer with a white shirt and a red and black striped tie.']",Prior,multiple
Source Discrimination_sample_42_1,Source Discrimination,Who just said 'Now these you could do these things without massive resources.'?,00:03:37,D,"['A. A woman with wavy hair wearing a white blazer with a black interior and gold earrings.', 'B. A bald man wearing a blue horizontal striped shirt and black round-framed glasses.', 'C. A woman wearing a white dress with long black hair and a thin necklace.', 'D. A woman with short hair wearing a white blouse, a round bead necklace, and glasses..']",Prior,multiple
Source Discrimination_sample_42_2,Source Discrimination,"Who just said 'You know, it's true.'?",00:04:41,C,"['A. A man wearing a black blazer with a white shirt and glasses.', 'B. A woman with wavy hair wearing a white blazer with a black interior and gold earrings.', 'C. A bald man wearing a blue horizontal striped shirt and black round-framed glasses.', 'D. A woman with short hair wearing a beige blouse, a round bead necklace, and glasses.']",Prior,multiple
Source Discrimination_sample_42_3,Source Discrimination,Who just said 'I know that's a tough question.'?,00:06:06,B,"['A. A bald man wearing a blue horizontal striped shirt and black round-framed glasses.', 'B. A woman wearing a white dress with long black hair and a thin necklace.', 'C. A woman with short hair wearing a beige blouse, a round bead necklace, and glasses.', 'D. A woman with wavy hair wearing a white blazer with a black interior and gold earrings.']",Prior,multiple
Source Discrimination_sample_42_4,Source Discrimination,Who just said 'These things do take time.'?,00:06:43,C,"['A. A woman wearing a white dress with long black hair and a thin necklace.', 'B. A bald man wearing a blue horizontal striped shirt and black round-framed glasses.', 'C. A woman with short hair wearing a white blouse, a round bead necklace, and glasses.', 'D. A woman with wavy hair wearing a white blazer with a black interior and gold earrings.']",Prior,multiple
Source Discrimination_sample_42_5,Source Discrimination,Who just said 'So change will happen.'?,00:06:58,A,"['A. A woman with short hair wearing a white blouse, a round bead necklace, and glasses.', 'B. A woman wearing a white dress with long black hair and a thin necklace.', 'C. A woman with wavy hair wearing a white blazer with a black interior and gold earrings.', 'D. A bald man wearing a blue horizontal striped shirt and black round-framed glasses.']",Prior,multiple
Source Discrimination_sample_43_1,Source Discrimination,Who just asked 'Can I hold your hand?'.,00:00:14,C,"['A. A man with no hair, wearing a dark striped scarf, a black top and black pants.', 'B. A girl with dark brown hair, black glasses, a dark coat and a black top.', 'C. A girl with black hair, wearing a yellow striped top and jean overalls.', 'D. A girl wearing a pink knit hat and a pink striped top.']",Prior,multiple
Source Discrimination_sample_43_2,Source Discrimination,Who just said 'What kind a dog is that.'?,00:01:03,A,"['A. A girl with dark brown hair, black glasses and a dark coat.', 'B. A man with no hair, wearing a dark striped scarf, a black top and black pants.', 'C. A girl with black hair, wearing a yellow striped top and jean overalls.', 'D. A girl wearing a pink knit hat and a pink striped top.']",Prior,multiple
Source Discrimination_sample_43_3,Source Discrimination,Who just said 'it poked a hole in my juice box.'?,00:01:32,B,"['A. A girl with black hair, wearing a yellow striped top and jean overalls.', 'B. A girl wearing a pink knit hat and a pink striped top.', 'C. A girl with dark brown hair, black glasses, a dark coat and a black top.', 'D. A man with no hair, wearing a dark striped scarf, a black top and black pants.']",Prior,multiple
Source Discrimination_sample_43_4,Source Discrimination,Who just said 'Somebody broke that.'?,00:01:50,D,"['A. A man with no hair, wearing a dark striped scarf, a black top and black pants.', 'B. A girl with dark brown hair, black glasses, a dark coat and a black top.', 'C. A girl with black hair, wearing a yellow striped top and jean overalls.', 'D. A girl wearing a pink knit hat and a pink striped top.']",Prior,multiple
Source Discrimination_sample_43_5,Source Discrimination,Who just asked 'Where did you get that?'?,00:02:12,C,"['A. A girl with dark brown hair, black glasses, a dark coat and a black top.', 'B. A girl wearing a pink knit hat and a pink striped top.', 'C. A man with no hair, wearing a dark striped scarf, a black top and black pants.', 'D. A girl with black hair, wearing a yellow striped top and jean overalls.']",Prior,multiple
Source Discrimination_sample_44_1,Source Discrimination,Who just asked 'What are you doing?'?,00:00:21,D,"['A. A man with black hair, a black beard, a gold chain, and a red suit.', 'B. A minion with no hair on top of his head, metallic glasses, and jean overalls.', 'C. A woman with light brown hair up and wearing a blue dress.', 'D. A man with no hair, wearing a dark striped scarf, a black top and black pants.']",Prior,multiple
Source Discrimination_sample_44_2,Source Discrimination,"Who just said 'Oh, There's a chicken.'?",00:00:46,A,"['A. A woman with light brown hair up and wearing a blue dress.', 'B. A man with no hair, wearing a dark striped scarf, a black top and black pants.', 'C. A man with black hair, a black beard, a gold chain, and a red suit.', 'D. A minion with no hair on top of his head, metallic glasses, and jean overalls.']",Prior,multiple
Source Discrimination_sample_44_3,Source Discrimination,"Who just said 'No, no yet.'?",00:01:56,B,"['A. A man with black hair, a black beard, a gold chain, and a red suit.', 'B. A woman with light brown hair up and wearing a blue dress.', 'C. A minion with no hair on top of his head, metallic glasses, and jean overalls.', 'D. A man with no hair, wearing a dark striped scarf, a black top and black pants.']",Prior,multiple
Source Discrimination_sample_44_4,Source Discrimination,Who just asked 'Who's that?'?,00:03:14,D,"['A. A minion with no hair on top of his head, metallic glasses, and jean overalls.', 'B. A woman with light brown hair up and wearing a blue dress.', 'C. A man with no hair, wearing a dark striped scarf, a black top and black pants.', 'D. A man with black hair, a black beard and a red suit.']",Prior,multiple
Source Discrimination_sample_44_5,Source Discrimination,"Who just said 'No, she just works with me.'?",00:07:27,A,"['A. A man with no hair, wearing a dark striped scarf, a black top and black pants.', 'B. A woman with light brown hair up and wearing a blue dress.', 'C. A minion with a few hairs on top, metallic glasses, and jean overalls.', 'D. A man with black hair, a black beard, a gold chain, and a red suit.']",Prior,multiple
Source Discrimination_sample_45_1,Source Discrimination,Who just said 'I was just thinking that it might be nice to deliver Mr. Vector's first. That is all.'?,00:00:35,A,"['A. A man with strong shoulders wearing a black jacket and a black and gray scarf.', 'B. A girl wearing glasses, a low ponytail and a short plaid skirt.', 'C. A girl in a yellow striped top and jean back pants.', 'D. A girl with yellow hair wearing a pink top and a pink hat.']",Prior,multiple
Source Discrimination_sample_45_2,Source Discrimination,"Who just said 'Girls, welcome back to the fortress of Vectortude.'?",00:00:47,C,"['A. A girl wearing glasses, a low ponytail and a short plaid skirt.', 'B. A man with strong shoulders wearing a black jacket and a black and gray scarf.', 'C. A man in a yellow sweatshirt and black-framed glasses holding a drink.', 'D. A girl with yellow hair wearing a pink top and a pink hat.']",Prior,multiple
Source Discrimination_sample_45_3,Source Discrimination,Who just said 'Super cool stuff you wouldn't understand.'?,00:02:02,A,"['A. A man in a yellow sweatshirt and black-framed glasses holding a drink.', 'B. A girl wearing glasses, a low ponytail and a short plaid skirt.', 'C. A girl with yellow hair wearing a pink top and a pink hat.', 'D. A man with strong shoulders wearing a black jacket and a black and gray scarf.']",Prior,multiple
Source Discrimination_sample_45_4,Source Discrimination,Who just said 'But what about the other people who ordered cookies?'?,00:04:50,D,"['A. A girl with yellow hair wearing a pink top and a pink hat.', 'B. A girl in a yellow striped top and jean back pants.', 'C. A man with strong shoulders wearing a black jacket and a black and gray scarf.', 'D. A girl wearing glasses, a low ponytail and a short plaid skirt.']",Prior,multiple
Source Discrimination_sample_45_5,Source Discrimination,"Who just said 'But we've never been, and it's the funnest place on earth.'?",00:05:10,C,"['A. A girl wearing glasses, a low ponytail and a short plaid skirt.', 'B. A girl in a yellow striped top and jean back pants.', 'C. A girl with yellow hair wearing a pink top and a pink hat.', 'D. A man with strong shoulders wearing a black jacket and a black and gray scarf.']",Prior,multiple
Source Discrimination_sample_46_1,Source Discrimination,Who just said 'My cousin's ceremony is tonight.'?,00:00:17,B,"['A. A little blonde girl wearing a red and white blouse and a yellow skirt with spots.', 'B. a little girl with black hair wearing a white short-sleeved shirt with flowers and butterflies, a green skirt with flowers and butterflies, a brown shoulder bag with flowers and butterflies, and glasses.', 'C. a brunette wearing a white and yellow blouse with a floral pattern under a blue, pink, and yellow striped skirt.', 'D. a little brown-haired boy wearing a yellow and orange blouse with a speckled pattern and green striped pants.']",Prior,multiple
Source Discrimination_sample_46_2,Source Discrimination,Who just said 'Let's go.'?,00:00:39,A,"['A. a little girl with black hair wearing a white short-sleeved shirt with flowers and butterflies, a green skirt with flowers and butterflies, a brown shoulder bag with flowers and butterflies, and glasses.', 'B. A little blonde girl wearing a red and white blouse and a yellow skirt with spots.', 'C. a brunette wearing a white and yellow blouse with a floral pattern under a blue, pink, and yellow striped skirt.', 'D. a little brown-haired boy wearing a yellow and orange blouse with a speckled pattern and green striped pants.']",Prior,multiple
Source Discrimination_sample_46_3,Source Discrimination,Who just asked 'What did your power?'?,00:01:29,C,"['A. a little girl with black hair wearing a white short-sleeved shirt with flowers and butterflies, a green skirt with flowers and butterflies, a brown shoulder bag with flowers and butterflies, and glasses.', 'B. a brunette wearing a white and yellow blouse with a floral pattern under a blue, pink, and yellow striped skirt.', 'C. A little blonde girl wearing a red and white blouse and a yellow skirt with spots.', 'D. a little brown-haired boy wearing a yellow and orange blouse with a speckled pattern and green striped pants.']",Prior,multiple
Source Discrimination_sample_46_4,Source Discrimination,Who just said 'We swear to always help those around us.'?,00:02:32,A,"['A. A white-haired grandmother wearing a long red dress with a black floral pattern decorating the hem and a golden ornament hanging from her waist.', 'B. a little girl with black hair wearing a white short-sleeved shirt with flowers and butterflies, a green skirt with flowers and butterflies, a brown shoulder bag with flowers and butterflies, and glasses.', 'C. A little blonde girl wearing a red and white blouse and a yellow skirt with spots.', 'D. a little brown-haired boy wearing a yellow and orange blouse with a speckled pattern and green striped pants.']",Prior,multiple
Source Discrimination_sample_46_5,Source Discrimination,"Who just said 'But now you all know the family, Madrigal.'?",00:03:54,C,"['A. A white-haired grandmother wearing a long red dress with a black floral pattern decorating the hem and a golden ornament hanging from her waist.', 'B. A little blonde girl wearing a red and white blouse and a yellow skirt with spots.', 'C. a little girl with black hair wearing a white short-sleeved shirt with flowers and butterflies, a green skirt with flowers and butterflies, a brown shoulder bag with flowers and butterflies, and glasses.', 'D. a little brown-haired boy wearing a yellow and orange blouse with a speckled pattern and green striped pants.']",Prior,multiple
Source Discrimination_sample_47_1,Source Discrimination,"Who just said 'I'm a princess, too.'?",00:00:17,D,"['A. A woman with dark brown hair up and wearing a yellow dress.', 'B. A woman with dark brown hair, two braids, and a black and blue dress.', 'C. A blonde woman with her hair up, wearing a gradient blue dress and a blue cape.', 'D. A girl with black hair tied up in a ponytail, wearing a green hoodie.']",Prior,multiple
Source Discrimination_sample_47_2,Source Discrimination,Who just said 'What kind of a princess are you?'?,00:00:30,C,"['A. A woman with dark brown hair, two braids, and a black and blue dress.', 'B. A girl with black hair tied up in a ponytail, wearing a green hoodie.', 'C. A woman with long black hair, a blue necklace around her neck, a staff in her right hand and a long yellow dress.', 'D. A woman with dark brown hair up and wearing a yellow dress.']",Prior,multiple
Source Discrimination_sample_47_3,Source Discrimination,Who just said 'And now for the millon of questions.'?,00:01:01,D,"['A. A girl with black hair tied up in a ponytail, wearing a green hoodie.', 'B. A woman with long black hair and dark brown skin, wearing a blue jewel necklace, a brown top, and a brown and white dress.', 'C. A woman with blond hair, curly bangs, a golden crown on her head, and a gold chain around her neck.', 'D. A woman with long blond hair wearing a pink striped dress.']",Prior,multiple
Source Discrimination_sample_47_4,Source Discrimination,Who just said 'What's going on?'?,00:01:50,A,"['A. A girl with black hair tied up in a ponytail, wearing a green hoodie.', 'B. A woman with long black hair and dark brown skin, wearing a blue jewel necklace, a brown top, and a brown and white dress.', 'C. A woman with blond hair, curly bangs, a golden crown on her head, and a gold chain around her neck.', 'D. A woman with long black hair, a blue necklace around her neck, a staff in her right hand and a long yellow dress.']",Prior,multiple
Source Discrimination_sample_47_5,Source Discrimination,"Who just said 'I don't think so ladys, but thanks.'?",00:03:18,B,"['A. A woman with long black hair and dark brown skin, wearing a blue jewel necklace, a brown top, and a brown and white dress.', 'B. A girl with black hair tied up in a ponytail, wearing a green hoodie.', 'C. A woman with blond hair, curly bangs, a golden crown on her head, and a gold chain around her neck.', 'D. A woman with long black hair, a blue necklace around her neck, a staff in her right hand and a long yellow dress.']",Prior,multiple
Source Discrimination_sample_48_1,Source Discrimination,"Who just said 'Hi Katie, what do you do for a living?'?",00:02:22,A,"['A. A woman wearing a black short-sleeved top, white pants and holding a microphone.', 'B. A man in a white long-sleeved top with a beard and blonde hair.', 'C. A man wearing a mint green striped short-sleeved top and carrying a duffel bag.', 'D. A woman wearing a black short-sleeved blouse with thin bracelets around her wrists.']",Prior,multiple
Source Discrimination_sample_48_2,Source Discrimination,Who just said 'each year?'?,00:03:19,B,"['A. A woman wearing a black short-sleeved top, white pants and holding a microphone.', 'B. A woman wearing a black short-sleeved blouse with thin bracelets around her wrists.', 'C. A woman wearing a black short-sleeved blouse with thin bracelets around her wrists.', 'D. A man wearing a mint green striped short-sleeved top and carrying a duffel bag.']",Prior,multiple
Source Discrimination_sample_48_3,Source Discrimination,"Who just said 'i'm gonna hit it with a little comedic joke, I would say dishes.'?",00:04:13,C,"['A. A man in a white long-sleeved top with a beard and blonde hair.', 'B. A man wearing a mint green striped short-sleeved top and carrying a duffel bag.', 'C. A man wearing a blue short-sleeved top and a green apron.', 'D. A woman wearing a black short-sleeved top, white pants and holding a microphone.']",Prior,multiple
Source Discrimination_sample_48_4,Source Discrimination,"Who just said 'Because we do so much, you never know when you're gonna get a lunch break.'?",00:04:52,A,"['A. A dark-skinned man in a police uniform with muscular build.', 'B. A man wearing a blue short-sleeved top and a green apron.', 'C. A man wearing a mint green striped short-sleeved top and carrying a duffel bag.', 'D. A man in a white long-sleeved top with a beard and blonde hair.']",Prior,multiple
Source Discrimination_sample_48_5,Source Discrimination,Who just said 'l think the typical work week about Forty hours l think.'?,00:06:47,D,"['A. A man wearing a mint green striped short-sleeved top and carrying a duffel bag.', 'B. A dark-skinned man in a police uniform with muscular build.', 'C. A man wearing a blue short-sleeved top and a green apron.', 'D. A man wearing a gray sweatshirt, a gray hairband, and a watch on his left hand.']",Prior,multiple
Source Discrimination_sample_49_1,Source Discrimination,Who just asked 'What's your names ? where are you from?'?,00:02:01,A,"['A. A dark-haired man in a white shirt and beard with a tattoo on his right arm holds a microphone.', 'B. A man wearing a black short-sleeved top with tattoos on both big arms and a thick beard.', 'C. A woman with short hair wearing a white long-sleeved top and carrying a black bag.', 'D. A woman with long hair wearing a short-sleeved shirt with a human face and carrying a brown bag.']",Prior,multiple
Source Discrimination_sample_49_2,Source Discrimination,Who just said 'I have about five million followers on Facebook.'?,00:02:58,D,"['A. A man wearing a black short-sleeved top with tattoos on both big arms and a thick beard.', 'B. A woman with long hair wearing a short-sleeved shirt with a human face and carrying a brown bag.', 'C. A man wearing a white shirt with a beard and tattoos on his right arm holding a microphone.', 'D. A woman with curly black hair wearing a white long-sleeved top and carrying a black bag.']",Prior,multiple
Source Discrimination_sample_49_3,Source Discrimination,Who just said 'I try to save money and send money to my home.'?,00:03:57,B,"['A. A man wearing a black short-sleeved top with tattoos on both big arms and a thick beard.', 'B. A man wearing a orange short-sleeved shirt, a red baseball cap on the back, and carrying a black duffel bag.', 'C. A man wearing a white shirt with a beard and tattoos on his right arm holding a microphone.', 'D.A woman with long hair wearing a short-sleeved shirt with a human face and carrying a brown bag.']",Prior,multiple
Source Discrimination_sample_49_4,Source Discrimination,Who just said 'I am a process engineer.'?,00:04:36,A,"['A. A woman wearing a short gray blouse with long, loose hair.', 'B. A woman with short hair wearing a white long-sleeved top and carrying a black bag.', 'C. A woman wearing a light apricot-colored plaid jacket with a low ponytail.', 'D. A woman with long hair wearing a short-sleeved shirt with a human face and carrying a brown bag.']",Prior,multiple
Source Discrimination_sample_49_5,Source Discrimination,Who just said 'It's as high as possible. No cap.'?,00:04:56,D,"['A. A woman with long hair wearing a short-sleeved shirt with a human face and carrying a brown bag.', 'B. A woman with short hair wearing a white long-sleeved top and carrying a black bag.', 'C. A woman wearing a short gray-blue blouse with long, loose hair.', 'D. A woman in a light apricot-colored plaid jacket with long black hair.']",Prior,multiple
Source Discrimination_sample_50_1,Source Discrimination,"Who just said 'Oh, just on time.'?",00:00:29,B,"['A. A man with curly brown hair wearing a gray sweater and black pants.', 'B. A man with brown hair wearing a black sweater, a black down vest, and black jeans.', 'C. A man with brown hair wearing a red and black plaid jacket, a white blouse, black pants, and a gray woolen hat.', 'D. A blonde female wearing a brown and black striped sweater with a coffee mug in her hand, a white jacket in her left hand, and headphones around her neck.']",Prior,multiple
Source Discrimination_sample_50_2,Source Discrimination,"Who just said 'That's not the time for blame, Roger. Just stop the train.'?",00:00:49,A,"['A. A man with curly brown hair wearing a gray sweater and black pants.', 'B. A man with brown hair wearing a black sweater, a black down vest, and black jeans.', 'C. A man with brown hair wearing a red and black plaid jacket, a white blouse, black pants, and a gray woolen hat.', 'D. A blonde female wearing a brown and black striped sweater with a coffee mug in her hand, a white jacket in her left hand, and headphones around her neck.']",Prior,multiple
Source Discrimination_sample_50_3,Source Discrimination,Who just said 'Can l have a photo?'?,00:01:43,D,"['A. A man with curly brown hair wearing a gray sweater and black pants.', 'B. A man with brown hair wearing a black sweater, a black down vest, and black jeans.', 'C. A gray-haired woman wearing a brown plaid blazer with a white blouse, a pair of white pearl earrings, and a brown scarf tied around her neck.', 'D. A boy with curly black hair wearing a gray and white plaid blazer with a gray blouse and gray pants.']",Prior,multiple
Source Discrimination_sample_50_4,Source Discrimination,Who just asked 'Do you have a ticket?'?,00:02:21,C,"['A. A man with curly brown hair wearing a gray sweater and black pants.', 'B. A man with brown hair wearing a black sweater, a black down vest, and black jeans.', 'C. A blonde woman wearing a black jacket with a white shirt and white pants and a pair of pearl earrings.', 'D. A boy with curly black hair wearing a gray and white plaid jacket over a gray shirt and gray pants.']",Prior,multiple
Source Discrimination_sample_50_5,Source Discrimination,Who just said 'I'm a big fan of yours.'?,00:02:50,D,"['A. A man with curly brown hair wearing a gray sweater and black pants.', 'B. A man with brown hair wearing a black sweater, a black down vest, and black jeans.', 'C. A blonde woman wearing a black jacket with a white shirt and white pants and a pair of pearl earrings.', 'D. An older white-haired woman wearing a brown plaid blazer with a white blouse, a pair of white pearl earrings, and a brown scarf tied around her neck.']",Prior,multiple