question_id,task_type,question,time_stamp,answer,options,frames_required,temporal_clue_type
Real-Time Visual Understanding_sample_1_1,Object Perception,What logos are visible in the background as players and referees walk towards the center of the football field?,00:00:04,D,"['A. FIFA and La Liga.', 'B. UEFA and La Liga.', 'C. Bundesliga and La Liga.', 'D. Aeromexico and La Liga.']",single,Prior
Real-Time Visual Understanding_sample_1_2,Causal Reasoning,Why does the player wearing the number nine red and blue jersey celebrate?,00:00:53,C,"['A. He saved a goal.', 'B. He received a pass.', 'C. He scored a goal.', 'D. He won a free kick.']",multiple,Prior
Real-Time Visual Understanding_sample_1_3,Text-Rich Understanding,What logo is seen on the jersey of the player covering his mouth?,00:01:22,D,"['A. Apple.', 'B. Google.', 'C. Adidas.', 'D. Spotify.']",single,Prior
Real-Time Visual Understanding_sample_1_4,Attribute Perception,What color is the goalie's uniform?,00:01:20,D,"['A. Blue.', 'B. Red.', 'C. White.', 'D. Yellow.']",single,Prior
Real-Time Visual Understanding_sample_1_5,Attribute Perception,"What is the color of the cooler labeled ""PRIME"" near the team bench?",00:02:08,D,"['A. Blue.', 'B. Yellow.', 'C. Green.', 'D. Red.']",single,Prior
Real-Time Visual Understanding_sample_2_1,Object Perception,What is the number on the back of MAJER's jersey?,00:00:10,A,"['A. 7.', 'B. 10.', 'C. 13.', 'D. 16.']",single,Prior
Real-Time Visual Understanding_sample_2_2,Event Understanding,What event occurred just now?,00:00:19,A,"['A. A penalty kick.', 'B. A free kick.', 'C. A goal celebration.', 'D. A corner kick.']",multiple,Concurrent
Real-Time Visual Understanding_sample_2_3,Action Perception,What is the goalkeeper doing as the player takes the penalty shot?,00:01:52,B,"['A. Standing still.', 'B. Diving to his right.', 'C. Running towards the ball.', 'D. Waving his hands.']",multiple,Concurrent
Real-Time Visual Understanding_sample_2_4,Causal Reasoning,Why did the player celebrate by clenching his fists and bending his head forward?,00:03:31,A,"['A. He just scored a penalty kick.', 'B. He blocked a shot.', 'C. He made a successful pass.', 'D. He received a yellow card.']",multiple,Concurrent
Real-Time Visual Understanding_sample_2_5,Text-Rich Understanding,What is the current score shown on the scoreboard?,00:05:15,B,"['A. Croatia 3 - 2 Brazil.', 'B. Croatia 4 - 2 Brazil.', 'C. Croatia 4 - 3 Brazil.', 'D. Croatia 5 - 2 Brazil.']",single,Prior
Real-Time Visual Understanding_sample_3_1,Object Perception,What appears at the very beginning of the video?,00:00:08,B,"['A. A football match.', 'B. A logo of FC Barcelona.', 'C. A silver trophy.', 'D. A live concert.']",single,Prior
Real-Time Visual Understanding_sample_3_2,Spatial Understanding,What is the position relationship between the woman in a black dress and the woman in a white outfit?,00:00:20,A,"['A. They are standing side by side.', 'B. They are standing back to back.', 'C. The woman in black is in front of the woman in white.', 'D. The woman in white is holding the trophy.']",single,Prior
Real-Time Visual Understanding_sample_3_3,Attribute Perception,What color is the goalkeeper's kit when standing in front of the goalposts?,00:01:09,C,"['A. Red.', 'B. Green.', 'C. Yellow.', 'D. Blue.']",single,Prior
Real-Time Visual Understanding_sample_3_4,Object Perception,What advertisement is displayed on the red boards behind the goal?,00:02:03,C,"['A. AMBILIGHT TV.', 'B. NIKE.', 'C. ESTRELLA DAMM.', 'D. ADIDAS.']",single,Concurrent
Real-Time Visual Understanding_sample_3_5,Action Perception,What are the two people in the video frame doing now?,00:02:51,A,"['A. handshaking.', 'B. Hugging.', 'C. High-fiving.', 'D. Fist bumping.']",single,Concurrent
Real-Time Visual Understanding_sample_4_1,Object Perception,What emblem appears at the beginning of the video?,00:00:20,B,"['A. An animal symbol.', 'B. A football club shield.', 'C. A national flag.', 'D. A corporate logo.']",single,Prior
Real-Time Visual Understanding_sample_4_2,Causal Reasoning,Why are the players in green and white striving to intercept the ball?,00:00:19,C,"['A. They are warming up for the game.', 'B. They are practicing their defensive moves.', 'C. They are reacting to an offensive move toward the goal.', 'D. They are performing a choreographed play.']",multiple,Concurrent
Real-Time Visual Understanding_sample_4_3,Text-Rich Understanding,What was the score and the position of the teams right now?,00:01:04,C,"['A. 1-0, the team in blue and red is leading.', 'B. 2-0, the team in white is leading.', 'C. 2-0, the team in blue and red is leading.', 'D. 1-1, the teams are tied.']",single,Concurrent
Real-Time Visual Understanding_sample_4_4,Event Understanding,What is the updated score after the player in number 11 scored a goal?,00:02:11,D,"['A. 2-0.', 'B. 3-0.', 'C. 5-0.', 'D. 4-0.']",multiple,Concurrent
Real-Time Visual Understanding_sample_4_5,Attribute Perception,"What uniform does the player named ""JOAO CANCELO"" wear?",00:03:40,B,"['A. Purple and white.', 'B. Red and blue striped.', 'C. Blue and yellow.', 'D. Green and black.']",single,Concurrent
Real-Time Visual Understanding_sample_5_1,Text-Rich Understanding,What name is written on the goalkeeper's bright green jersey?,00:00:14,B,"['A. NEUER.', 'B. PICKFORD.', 'C. DE GEA.', 'D. COURTOIS.']",single,Prior
Real-Time Visual Understanding_sample_5_2,Object Perception,What brand is visible on the player's white cleats?,00:00:18,C,"['A. Nike.', 'B. Puma.', 'C. Adidas.', 'D. Under Armour.']",single,Concurrent
Real-Time Visual Understanding_sample_5_3,Event Understanding,What is the outcome of the penalty kick just now?,00:02:27,C,"['A. The goalkeeper saves the ball.', 'B. The ball hits the post.', 'C. The ball goes over the crossbar.', 'D. The ball goes into the net.']",multiple,Concurrent
Real-Time Visual Understanding_sample_5_4,Action Perception,What did the goalkeeper do during the penalty kick?,00:04:33,B,"['A. Stood still.', 'B. Dived to his left.', 'C. Dived to his right.', 'D. Ran towards the ball.']",multiple,Prior
Real-Time Visual Understanding_sample_5_5,Text-Rich Understanding,What number is on the back of the goalkeeper's kit who is preparing to dive for the penalty kick?,00:07:23,D,"['A. 10.', 'B. 7.', 'C. 5.', 'D. 1.']",single,Prior
Real-Time Visual Understanding_sample_6_1,Action Perception,What action is the player in the white shirt with number 20 doing?,00:00:14,D,"['A. Walking on the field.', 'B. Preparing for a penalty kick.', 'C. Waving to the crowd.', 'D. Kneeling on the ground.']",single,Prior
Real-Time Visual Understanding_sample_6_2,Object Perception,What brand is advertised on the boards behind the goal?,00:02:25,D,"['A. Adidas.', 'B. Nike.', 'C. Pepsi.', 'D. Kia Motors.']",single,Concurrent
Real-Time Visual Understanding_sample_6_3,Event Understanding,What is the crowd's reaction during the player's preparation for the penalty kick?,00:02:31,D,"['A. Celebrating wildly.', 'B. Leaving the stadium.', 'C. Booing the player.', 'D. Seemingly in prayer or anticipation.']",single,Concurrent
Real-Time Visual Understanding_sample_6_4,Action Perception,What is the player in the black jersey doing just now?,00:04:53,D,"['A. Raising both arms.', 'B. Moving away from the ball.', 'C. Running toward the crowd.', 'D. Bending down to adjust the football.']",multiple,Concurrent
Real-Time Visual Understanding_sample_6_5,Text-Rich Understanding,What is written on the back of the goalkeeper's jersey?,00:07:05,C,"['A. SMITH 10.', 'B. JONES 15.', 'C. SCHEMEICHEL 1.', 'D. MARTIN 8.']",single,Prior
Real-Time Visual Understanding_sample_7_1,Event Understanding,What is happening in the penalty area of the football field?,00:00:16,A,"['A. A player is preparing to take a penalty kick.', 'B. A player is scoring a goal.', 'C. A fight is breaking out.', 'D. The referee is ending the game.']",multiple,Concurrent
Real-Time Visual Understanding_sample_7_2,Event Understanding,What happens after the penalty kick is taken?,00:02:15,A,"['A. The penalty kick was saved by the goalkeeper.', 'B. The goalkeeper catches the ball.', 'C. The ball goes into the bottom left of the net.', 'D. The ball is deflected by a defender.']",multiple,Prior
Real-Time Visual Understanding_sample_7_3,Action Perception,What does the player in the white and light blue striped jersey do after running forward?,00:04:20,D,"['A. Passes the ball.', 'B. Stops running.', 'C. Celebrates.', 'D. Kicks the ball towards the goal.']",multiple,Prior
Real-Time Visual Understanding_sample_7_4,Event Understanding,What happens after the goalkeeper dives to his right?,00:04:18,A,"['A. The ball goes past the goalkeeper.', 'B. The goalkeeper catches the ball.', 'C. The player misses the goal.', 'D. The ball hits the post.']",multiple,Concurrent
Real-Time Visual Understanding_sample_7_5,Event Understanding,What event is taking place right now?,00:06:36,A,"['A. A soccer match celebration.', 'B. A concert.', 'C. A protest.', 'D. A graduation ceremony.']",multiple,Concurrent
Real-Time Visual Understanding_sample_8_1,Attribute Perception,What is the color and number of the football player's jersey who is preparing for a penalty kick?,00:00:05,D,"['A. Red, 10.', 'B. Blue, 14.', 'C. Black, 22.', 'D. White, 26.']",single,Concurrent
Real-Time Visual Understanding_sample_8_2,Attribute Perception,What name and number are on the goalkeeper's jersey righ now?,00:00:14,D,"['A. COSTA, 26.', 'B. RONALDO, 7.', 'C. MESSI, 10.', 'D. DIOGO COSTA, 22.']",single,Concurrent
Real-Time Visual Understanding_sample_8_3,Text-Rich Understanding,What advertisement is visible around the perimeter of the field right now?,00:01:25,C,"['A. ""Airbnb"".', 'B. ""Expedia"".', 'C. ""Booking.com"".', 'D. ""TripAdvisor"".']",single,Concurrent
Real-Time Visual Understanding_sample_8_4,Attribute Perception,What colors are present on the shirt of the fan holding the scarf?,00:02:43,D,"['A. Red with white trimming.', 'B. Green with red trimming.', 'C. Yellow with red trimming.', 'D. Red with green trimming.']",single,Concurrent
Real-Time Visual Understanding_sample_8_5,Event Understanding,What is the outcome of Bernardo's penalty kick?,00:04:16,D,"['A. The ball hits the post.', 'B. The ball goes out of bounds.', 'C. The goalkeeper saves the ball.', 'D. The ball hits the back of the net.']",multiple,Prior
Real-Time Visual Understanding_sample_9_1,Text-Rich Understanding,What card is this person playing now?,00:00:11,A,"['A. Nine of Spades.', 'B. Six of Spades.', 'C. Nine of Hearts.', 'D. Seven of Diamonds.']",multiple,Prior
Real-Time Visual Understanding_sample_9_2,Clips Summarize,What does the video primarily capture?,00:00:19,A,"['A. A card game in progress between two individuals.', 'B. A cooking tutorial.', 'C. A conversation between two people.', 'D. A travel vlog.']",single,Concurrent
Real-Time Visual Understanding_sample_9_3,Object Perception,What else is on the table besides the playing cards and a black object?,00:00:54,A,"['A. A pair of glasses.', 'B. A computer.', 'C. A pile of books.', 'D. A stack of notebooks.']",single,Concurrent
Real-Time Visual Understanding_sample_9_4,Attribute Perception,What type of shirt is the opponent wearing?,00:01:11,A,"['A. A blue and white patterned shirt.', 'B. A plain white shir.', 'C. A yellow patterned shirt.', 'D. A red checkered shirt.']",single,Concurrent
Real-Time Visual Understanding_sample_9_5,Prospective Reasoning,What will the camera holder most likely do next?,00:01:15,A,"['A. Place Four of hearts onto the central pile.', 'B. Place the Ace of Spades onto the discard pile.', 'C. Put the Seven of Diamonds onto the foundation stack.', 'D. Move the King of Clubs to the empty tableau column.']",multiple,Concurrent
Real-Time Visual Understanding_sample_10_1,Attribute Perception,What is the color of the sky right now?,00:00:31,B,"['A. Clear with sunshine.', 'B. Overcast with heavy clouds.', 'C. Dark and stormy.', 'D. Clear with scattered clouds.']",single,Concurrent
Real-Time Visual Understanding_sample_10_2,Event Understanding,What happens after the person stops mashing and places the bowl to one side?,00:02:08,A,"['A. He pick up pineapple from the table.', 'B. He begin slicing a yellow fruit.', 'C. He start grilling pineapple and meat.', 'D. He pour sauce into a small white bowl.']",multiple,Concurrent
Real-Time Visual Understanding_sample_10_3,Spatial Understanding,How are the food items arranged on the grill?,00:04:42,C,"['A. The buns are on the right side, and the vegetables and meat are on the left side.', 'B. The buns are on the top, and the vegetables and meat are on the bottom.', 'C. The buns are on the left side, and the vegetables and meat are on the right side.', 'D. The buns are at the center, and the vegetables and meat are on both sides.']",single,Prior
Real-Time Visual Understanding_sample_10_4,Attribute Perception,Which item placed on the grill has a yellow color?,00:05:04,C,"['A. Meat slices.', 'B. Bell pepper.', 'C. Pineapple.', 'D. Hamburger buns.']",multiple,Concurrent
Real-Time Visual Understanding_sample_10_5,Attribute Perception,What item is the person holding right now?,00:07:37,A,"['A. A white rectangular plate with hamburgers.', 'B. A white circular plate with a fish.', 'C. A blue rectangular plate with a salad.', 'D. A green square plate with a pie.']",single,Concurrent
Real-Time Visual Understanding_sample_11_1,Object Perception,What is prominently displayed in red letters on the top shelf in the kitchen?,00:00:22,B,"['A. EAT.', 'B. COOK.', 'C. CHEF.', 'D. BAKE.']",single,Concurrent
Real-Time Visual Understanding_sample_11_2,Action Perception,What action does the person take with the cauliflower?,00:01:20,C,"['A. He put it back on the counter.', 'B. He wash it under the sink.', 'C. He position it on a cutting board and cut it.', 'D. He place it in a bowl.']",multiple,Concurrent
Real-Time Visual Understanding_sample_11_3,Action Perception,What is the person doing with the cauliflower right now?,00:02:08,C,"['A. Cutting it.', 'B. Seasoning it.', 'C. Placing it in the frying pan.', 'D. Washing it.']",multiple,Concurrent
Real-Time Visual Understanding_sample_11_4,Event Understanding,What action does the person perform after adding the golden liquid to the bowl?,00:07:11,A,"['A. Begins stirring the mixture.', 'B. Starts cutting vegetables.', 'C. Places the bowl on the counter.', 'D. Prepares another ingredient.']",multiple,Concurrent
Real-Time Visual Understanding_sample_11_5,Object Perception,What is the person holding right now?,00:08:22,C,"['A. A knife and a bowl.', 'B. A spoon and a knife.', 'C. A spoon and a towel.', 'D. A frying pan and a spatula.']",single,Concurrent
Real-Time Visual Understanding_sample_12_1,Attribute Perception,What color shirt is the man wearing when he holds the white plate with a piece of raw steak?,00:00:57,A,"['A. Dark gray.', 'B. Green.', 'C. Blue.', 'D. White.']",single,Concurrent
Real-Time Visual Understanding_sample_12_2,Object Perception,What object is the person holding and gesturing towards right now?,00:01:25,D,"['A. A frying pan.', 'B. A bowl of radishes.', 'C. A jar of chili flakes.', 'D. A plate with raw meat.']",single,Concurrent
Real-Time Visual Understanding_sample_12_3,Object Perception,What is the person holding in their hand?,00:03:05,D,"['A. A spatula.', 'B. A wooden spoon.', 'C. A fork.', 'D. Red tongs.']",single,Concurrent
Real-Time Visual Understanding_sample_12_4,Object Perception,What is the man holding in his right hand while preparing food on the cutting board?,00:09:04,D,"['A. A jar of salt.', 'B. Half a lemon.', 'C. A red vegetable.', 'D. A small white bowl.']",single,Concurrent
Real-Time Visual Understanding_sample_12_5,Text-Rich Understanding,What is the title of the cookbook prominently featured?,00:11:04,A,"['A. ""Gordon Ramsay in 10: Delicious Recipes Made in a Flash"".', 'B. ""Jamie Oliver\'s 30-Minute Meals"".', 'C. ""Gordon Ramsay\'s Ultimate Cookery Course"".', 'D. ""Nigella Express: Good Food Fast"".']",single,Concurrent
Real-Time Visual Understanding_sample_13_1,Attribute Perception,What shirt color is the individual wearing right now?,00:00:21,D,"['A. Dark blue.', 'B. Grey.', 'C. White.', 'D. Dark green.']",single,Concurrent
Real-Time Visual Understanding_sample_13_2,Action Perception,What was the person doing while holding the grater over the bowl?,00:07:06,D,"['A. Slicing the orange.', 'B. Mixing ingredients.', 'C. Washing the orange.', 'D. Grating the orange peel.']",multiple,Concurrent
Real-Time Visual Understanding_sample_13_3,Causal Reasoning,Why does the man bend over the counter?,00:08:17,B,"['A. To pick up a dropped item.', 'B. To peel an orange.', 'C. To check the stove.', 'D. To clean the counter.']",multiple,Concurrent
Real-Time Visual Understanding_sample_13_4,Object Perception,What tool is the person using to grate the orange?,00:09:35,D,"['A. Cheese grater.', 'B. Knife.', 'C. Peeler.', 'D. Microplane.']",multiple,Concurrent
Real-Time Visual Understanding_sample_13_5,Object Perception,What is the man sprinkling onto the dish in the kitchen?,00:11:26,D,"['A. Sugar.', 'B. Flour.', 'C. Cocoa powder.', 'D. Sliced nut.']",multiple,Prior
Real-Time Visual Understanding_sample_14_1,Object Perception,What is displayed prominently in the center at the very beginning of the video?,00:00:20,D,"['A. A clock with hands.', 'B. A knife and fork.', 'C. A kitchen setting.', 'D. A large number ""10"".']",single,Prior
Real-Time Visual Understanding_sample_14_2,Object Perception,What item is the man holding while adding seasoning to the bowl?,00:01:14,D,"['A. A small jar.', 'B. A wooden spoon.', 'C. A bottle of oil.', 'D. A thin, red, rectangular can.']",multiple,Concurrent
Real-Time Visual Understanding_sample_14_3,Event Understanding,What does the person do immediately after transferring the seasoned chicken to the grill pan?,00:02:12,B,"['A. Adds oil to the pan.', 'B. Sprinkles additional seasoning onto the meat.', 'C. Places the glass bowl in the sink.', 'D. Turns up the heat on the stove.']",multiple,Concurrent
Real-Time Visual Understanding_sample_14_4,Action Perception,What does the person do with the avocado after cutting it?,00:04:34,C,"['A. Adds it whole to the blender.', 'B. Mashes it with a spoon.', 'C. Scoops out the flesh and places it into the blending container.', 'D. Peels off the skin and discards it.']",multiple,Concurrent
Real-Time Visual Understanding_sample_14_5,Object Perception,What are some of the components of the salad on the cutting board?,00:10:21,D,"['A. Spinach, red cabbage, tomato, feta cheese, and olives.', 'B. Lettuce, red cabbage, tomato, feta cheese, and croutons.', 'C. Spinach, red cabbage, avocado, feta cheese, and croutons.', 'D. Lettuce, red cabbage, avocado, feta cheese, and croutons, chicken.']",single,Concurrent
Real-Time Visual Understanding_sample_15_1,Action Perception,What does the person do right after zesting the lime over the bowl?,00:01:32,D,"['A. Mixes the ingredients with a spoon.', 'B. Adds another ingredient from a bottle.', 'C. Places the lime on the countertop.', 'D. Mixes the ingredients by his hand.']",multiple,Concurrent
Real-Time Visual Understanding_sample_15_2,Object Perception,What item is the man holding in his left hand right now?,00:02:40,D,"['A. A spatula.', 'B. A red pepper mill.', 'C. A glass bowl.', 'D. A bottle of olive oil.']",single,Concurrent
Real-Time Visual Understanding_sample_15_3,Attribute Perception,What colors are visible in the dish of rice on the stovetop?,00:04:39,A,"['A. White, red, and green.', 'B. White and green.', 'C. Brown and green.', 'D. Brown, red, and green.']",single,Prior
Real-Time Visual Understanding_sample_15_4,Attribute Perception,What color are the walls in the kitchen?,00:05:05,A,"['A. White.', 'B. Black.', 'C. Green.', 'D. Blue.']",single,Prior
Real-Time Visual Understanding_sample_15_5,Event Understanding,What sequence of actions was the person follow after tilting the pan?,00:08:41,A,"['A. Pouring food into a bowl, setting the pan aside, and wiping the countertop.', 'B. Chopping vegetables, stirring the pan, and explaining the recipe.', 'C. Pouring food into a bowl, adding more ingredients, and tasting the dish.', 'D. Stirring the food, plating the dish, and washing utensils.']",multiple,Concurrent
Real-Time Visual Understanding_sample_16_1,Object Perception,What is the man from the introduction holding in his hand right now?,00:00:09,C,"['A. A cookbook.', 'B. A knife.', 'C. A towel.', 'D. A spatula.']",single,Prior
Real-Time Visual Understanding_sample_16_2,Object Perception,What is placed on the ridged grill pan right now?,00:05:27,A,"['A. A large piece of raw ground meat.', 'B. A piece of chicken.', 'C. A slice of bread.', 'D. A fish fillet.']",single,Prior
Real-Time Visual Understanding_sample_16_3,Object Perception,What items are present on the grill pan right now?,00:08:01,B,"['A. Chicken breast, tomato slices, and mushrooms.', 'B. Grilled onions, beef patty, and bacon strips.', 'C. Fish fillets, asparagus, and lemon slices.', 'D. Sausage links, green peppers, and onions.']",multiple,Concurrent
Real-Time Visual Understanding_sample_16_4,Object Perception,What item is displayed on the phone screen right now?,00:10:42,C,"['A. A recipe.', 'B. A cooking video.', 'C. The time.', 'D. A shopping list.']",single,Concurrent
Real-Time Visual Understanding_sample_16_5,Action Perception,What does the person with long blonde hair do in the video?,00:10:59,C,"['A. Cooks a meal.', 'B. Washes dishes.', 'C. Record a video about this food.', 'D. Sets the table.']",multiple,Concurrent
Real-Time Visual Understanding_sample_17_1,Action Perception,What action is the person taking with the meat?,00:02:04,B,"['A. He seasons the meat.', 'B. He lowers the meat into the frying pan.', 'C. He cuts the meat into pieces.', 'D. He removes the meat from the frying pan.']",multiple,Prior
Real-Time Visual Understanding_sample_17_2,Object Perception,What type of fruit is being squeezed right now?,00:04:03,C,"['A. Blueberry.', 'B. Orange.', 'C. Yellow Plum.', 'D. Apple.']",multiple,Concurrent
Real-Time Visual Understanding_sample_17_3,Object Perception,What is the man using to cook food in the pan?,00:06:03,C,"['A. A wooden spoon.', 'B. A metal spatula.', 'C. Red kitchen tongs.', 'D. A fork.']",single,Concurrent
Real-Time Visual Understanding_sample_17_4,Object Perception,What is simmering in a pan on the right side of the kitchen counter right now?,00:08:01,A,"['A. Tomatoes slices.', 'B. Cooked food.', 'C. Vegetables.', 'D. Leafy greens.']",single,Concurrent
Real-Time Visual Understanding_sample_17_5,Action Perception,What is this person doing now right now?,00:09:12,B,"['A. Dice the green onions finely.', 'B. Chop the cilantro finely.', 'C. Climbing ropes and carabiners.', 'D. First aid kits and maps.']",multiple,Concurrent
Real-Time Visual Understanding_sample_18_1,Object Perception,What sign is decorating the upper left portion of the wall behind the man?,00:00:40,C,"['A. A blue ""CHEF"" sign.', 'B. A yellow ""COOK"" sign.', 'C. A red ""COOK"" sign.', 'D. A green ""CHEF"" sign.']",single,Concurrent
Real-Time Visual Understanding_sample_18_2,Object Perception,What is the man at the stove wearing?,00:01:57,C,"['A. A green T-shirt.', 'B. A striped shirt.', 'C. A dark T-shirt.', ""D. A chef's hat.""]",single,Concurrent
Real-Time Visual Understanding_sample_18_3,Object Perception,What is the chef holding while stirring the leafy greens in the pan?,00:03:20,C,"['A. A metal spoon.', 'B. A plastic spatula.', 'C. A wooden spoon.', 'D. A whisk.']",single,Concurrent
Real-Time Visual Understanding_sample_18_4,Action Perception,What is the man doing right now?,00:06:46,B,"['A. He chops vegetables.', 'B. He uses spoon to lift yellow pasta from the pot.', 'C. He pours sauce into the pot.', 'D. He sets the table.']",multiple,Concurrent
Real-Time Visual Understanding_sample_18_5,Text-Rich Understanding,How much time does this person have left now??,00:09:05,B,"['A. 01:53.', 'B. 01:52.', 'C. 01:51.', 'D. 01:54.']",single,Concurrent
Real-Time Visual Understanding_sample_19_1,Attribute Perception,What is the color of the baking dish filled with flour?,00:03:01,B,"['A. Blue.', 'B. Grey.', 'C. White.', 'D. Black.']",single,Concurrent
Real-Time Visual Understanding_sample_19_2,Object Perception,What item does the person use to mix the contents of the bowl?,00:06:03,C,"['A. A spoon.', 'B. A fork.', 'C. A whisk.', 'D. A spatula.']",multiple,Concurrent
Real-Time Visual Understanding_sample_19_3,Object Perception,What is the person wearing while standing in the kitchen?,00:06:01,B,"['A. A blue apron.', 'B. A white t-shirt.', 'C. A black jacket.', 'D. A red sweater.']",single,Concurrent
Real-Time Visual Understanding_sample_19_4,Object Perception,What is on the countertop in front of the man right now?,00:09:02,C,"['A. A loaf of bread and a bottle of wine.', 'B. A bowl of fruit and a bottle of juice.', 'C. A cutting board with sliced potatoes.', 'D. A plate of vegetables and a bottle of water.']",single,Concurrent
Real-Time Visual Understanding_sample_19_5,Object Perception,What is the countertop made of in the kitchen scene?,00:12:06,C,"['A. Granite.', 'B. Wood.', 'C. Marble.', 'D. Stainless steel.']",single,Concurrent
Real-Time Visual Understanding_sample_20_1,Attribute Perception,What is the color of the man's t-shirt in the initial video?,00:00:51,B,"['A. Light blue.', 'B. Dark navy blue.', 'C. White.', 'D. Green.']",single,Prior
Real-Time Visual Understanding_sample_20_2,Object Perception,What item is the woman initially holding in her left hand right now?,00:01:00,D,"['A. A green container.', 'B. A small saucepan.', 'C. A white bowl.', 'D. A can.']",single,Concurrent
Real-Time Visual Understanding_sample_20_3,Object Perception,What item is the woman holding in her left hand right now?,00:02:01,B,"['A. A carton of eggs.', 'B. A white mixing bowl.', 'C. A whisk.', 'D. A small white bowl.']",single,Concurrent
Real-Time Visual Understanding_sample_20_4,Attribute Perception,What color is the fluid being poured onto the griddle?,00:03:01,B,"['A. White.', 'B. Yellow.', 'C. Brown.', 'D. Red.']",multiple,Concurrent
Real-Time Visual Understanding_sample_20_5,Event Understanding,What has this woman just done?,00:05:22,B,"['A. Pour the cooked seasonings from the pot onto the chicken wings on the grill.', 'B. Pour the seasonings from the pot onto the panca.', 'C. Pour the prepared sauce from the pot onto the roasted fish.', 'D. Pour the mixed spices from the pot onto the steak being seared.']",multiple,Concurrent
Real-Time Visual Understanding_sample_21_1,Object Perception,What is the person holding right now?,00:01:06,C,"['A. A spatula.', 'B. A spoon.', 'C. An olive oil bottle.', 'D. A whisk.']",single,Concurrent
Real-Time Visual Understanding_sample_21_2,Object Perception,What is the woman holding over the black frying pan?,00:02:45,C,"['A. A wooden spoon.', 'B. A salt shaker.', 'C. noodles.', 'D. A spatula.']",multiple,Prior
Real-Time Visual Understanding_sample_21_3,Object Perception,What is the woman holding while she is stirring the pot on the stove?,00:03:05,C,"['A. A ladle.', 'B. A whisk.', 'C. A tongs.', 'D. A spatula.']",multiple,Prior
Real-Time Visual Understanding_sample_21_4,Attribute Perception,What color is the pot being used by the person in the kitchen?,00:04:01,B,"['A. Black.', 'B. Silver.', 'C. Red.', 'D. White.']",single,Concurrent
Real-Time Visual Understanding_sample_21_5,Object Perception,What item is the woman holding in her hand right now?,00:05:15,B,"['A. A red book.', 'B. A salt grinder.', 'C. A cup of coffee.', 'D. A newspaper.']",single,Concurrent
Real-Time Visual Understanding_sample_22_1,Object Perception,What is the woman holding in her right hand right now?,00:01:02,D,"['A. A silver pot.', 'B. A green-bottled container.', 'C. A glass bowl.', 'D. A silver spoon.']",single,Concurrent
Real-Time Visual Understanding_sample_22_2,Action Perception,What does the woman do after pouring a small amount of a white substance into the pot?,00:01:15,D,"['A. Places the bowl on the counter.', 'B. Looks out the window.', 'C. Shakes the spoon.', 'D. Stirs the contents of the pot with a spoon.']",multiple,Concurrent
Real-Time Visual Understanding_sample_22_3,Attribute Perception,What color is the woman's nail polish?,00:03:03,D,"['A. Red.', 'B. Pink.', 'C. Blue.', 'D. Pale.']",single,Concurrent
Real-Time Visual Understanding_sample_22_4,Attribute Perception,What is one of the items visible on the kitchen counter along with the condiments?,00:04:10,D,"['A. A red mug.', 'B. A blue cup.', 'C. A yellow bowl.', 'D. A green mug.']",single,Concurrent
Real-Time Visual Understanding_sample_22_5,Action Perception,What has this woman just done?,00:04:36,D,"['A. She starts cleaning the pan.', 'B. She begins to wash the plate.', 'C. She opens the refrigerator.', 'D. She chop the green onions on the cutting board.']",multiple,Concurrent
Real-Time Visual Understanding_sample_23_1,Text-Rich Understanding,What text appears on the screen right now?,00:00:18,A,"['A. ""RAMSAY in 10"".', 'B. ""RAMSAY in 5"".', 'C. ""COOKING in 10"".', 'D. ""CHEF in 10"".']",single,Prior
Real-Time Visual Understanding_sample_23_2,Object Perception,What item is the woman holding while stirring the pot?,00:01:02,D,"['A. A wooden spoon.', 'B. A glass bottle of oil.', 'C. A pepper grinder.', 'D. A small bowl.']",single,Concurrent
Real-Time Visual Understanding_sample_23_3,Attribute Perception,What is the woman wearing while she is cooking?,00:02:12,A,"['A. A black off-the-shoulder top.', 'B. A white apron.', 'C. A red shirt.', 'D. A blue dress.']",single,Concurrent
Real-Time Visual Understanding_sample_23_4,Object Perception,What is being sautéed in the black frying pan?,00:03:51,D,"['A. Diced onions and green vegetables.', 'B. Sliced potatoes and pieces of meat.', 'C. Diced onions and mushrooms.', 'D. Diced onions and pieces of meat.']",single,Concurrent
Real-Time Visual Understanding_sample_23_5,Causal Reasoning,Why does the woman lift the frying pan at a slight angle and shake it?,00:04:18,C,"['A. To add more oil to the pan.', 'B. To check if the contents are cooked.', 'C. To ensure the ingredients are moved around for even cooking.', 'D. To cool down the pan.']",multiple,Concurrent
Real-Time Visual Understanding_sample_24_1,Object Perception,What is the woman wearing?,00:01:00,D,"['A. A red dress with white dots.', 'B. A blue blouse with yellow stripes.', 'C. A green apron with floral patterns.', 'D. A white sleeveless top with black polka dots.']",single,Concurrent
Real-Time Visual Understanding_sample_24_2,Action Perception,What action is the woman performing with the spice jar?,00:01:24,C,"['A. She is shaking the spice jar over the ingredients.', 'B. She is pouring the spice directly into the bowl.', 'C. She is spooning the spice into the bowl.', 'D. She is closing the lid of the spice jar.']",single,Concurrent
Real-Time Visual Understanding_sample_24_3,Text-Rich Understanding,What text appeared on the just now?,00:02:57,D,"['A. ""Cooking Time: 10 minutes"".', 'B. ""Season to Taste"".', 'C. ""Ingredients: Beef, Salt, Pepper"".', 'D. ""Recipe is in the description below"".']",single,Prior
Real-Time Visual Understanding_sample_24_4,Object Perception,What is the woman holding right now?,00:04:06,D,"['A. A spoon.', 'B. A white bowl.', 'C. A pepper mill.', 'D. A green bottle of olive oil.']",single,Concurrent
Real-Time Visual Understanding_sample_24_5,Text-Rich Understanding,How much time does this person have left now??,00:05:49,D,"['A. 10s.', 'B. More than ten seconds.', 'C. 20s.', 'D. Less than ten seconds.']",single,Concurrent
Real-Time Visual Understanding_sample_25_1,Attribute Perception,What color is the coat worn by the man standing in front of the blue background with the text __AMSAY in 10_?,00:00:03,D,"['A. Black.', 'B. Dark blue.', 'C. Light grey.', 'D. White.']",single,Prior
Real-Time Visual Understanding_sample_25_2,Attribute Perception,What color shirt is the person wearing right now?,00:02:10,D,"['A. Light blue.', 'B. White.', 'C. Green.', 'D. Dark navy blue.']",single,Concurrent
Real-Time Visual Understanding_sample_25_3,Object Perception,What is the person holding with his left hand right now?,00:02:44,D,"['A. A pot lid.', 'B. A wooden spoon.', 'C. A bowl of peas.', 'D. A frying pan handle.']",single,Concurrent
Real-Time Visual Understanding_sample_25_4,Object Perception,What is the man adding to the pan with oil?,00:05:29,D,"['A. Diced vegetables.', 'B. Pasta.', 'C. Herbs.', 'D. Diced meat.']",single,Concurrent
Real-Time Visual Understanding_sample_25_5,Object Perception,What ingredients are being cooked in the frying pan?,00:08:04,D,"['A. Chunks of beef, onion slices, and bits of pepper.', 'B. Slices of chicken, garlic cloves, and bits of zucchini.', 'C. Pieces of fish, broccoli florets, and bits of carrot.', 'D. Chunks of ham, mushroom slices, and bits of pepper.']",single,Concurrent
Real-Time Visual Understanding_sample_26_1,Action Perception,What is the person doing right now?,00:02:07,A,"['A. Sprinkle seasonings into the pot.', 'B. Pours oil into the pans.', 'C. Slices vegetables on the counter.', 'D. Washes hands at the sink.']",multiple,Concurrent
Real-Time Visual Understanding_sample_26_2,Event Understanding,What does the person do after adding an ingredient to the pans?,00:02:11,A,"['A. Adjust the food in the pot to evenly distribute the seasonings on top.', 'B. Adjusts the heat of the pans.', 'C. Cleans the countertop.', 'D. Moves to the dining table.']",multiple,Concurrent
Real-Time Visual Understanding_sample_26_3,Object Perception,What item is holding by his right hand right now?,00:06:01,A,"['A. A bottle.', 'B. Only vegetables.', 'C. Only meat pieces.', 'D. Sliced fruits.']",single,Concurrent
Real-Time Visual Understanding_sample_26_4,Action Perception,What action is the person performing right now?,00:06:14,A,"['A. Pours the contents into the frying pan.', 'B. Puts the bottle back in the refrigerator.', 'C. Places the bottle on the counter.', 'D. Drinks from the bottle.']",multiple,Concurrent
Real-Time Visual Understanding_sample_26_5,Causal Reasoning,Why does the person shake the frying pan after pouring the liquid into it?,00:06:26,A,"['A. To mix the ingredients.', 'B. To cool down the pan.', 'C. To stop the steam.', 'D. To clean the pan.']",multiple,Prior
Real-Time Visual Understanding_sample_27_1,Object Perception,What is the person using to stir the contents in the frying pan?,00:02:01,C,"['A. A wooden spoon.', 'B. A metal spatula.', 'C. A red spatula.', 'D. A plastic spoon.']",multiple,Concurrent
Real-Time Visual Understanding_sample_27_2,Prospective Reasoning,What is the man likely to do next after reaching out to grab another ingredient from the countertop?,00:05:28,B,"['A. Serve the dish immediately.', 'B. Add the new ingredient to the frying pan.', 'C. Clean the countertop.', 'D. Turn off the stove.']",multiple,Concurrent
Real-Time Visual Understanding_sample_27_3,Event Understanding,What is the main activity the man is engaged in right now?,00:06:24,A,"['A. Cooking shrimp.', 'B. Preparing a salad.', 'C. Washing vegetables.', 'D. Baking bread.']",multiple,Concurrent
Real-Time Visual Understanding_sample_27_4,Object Perception,What is the chef stirring in the pot?,00:08:02,C,"['A. A sauce.', 'B. Vegetables.', 'C. noodles.', 'D. Shrimp.']",multiple,Prior
Real-Time Visual Understanding_sample_27_5,Object Perception,What item is used by the chef to handle the food inside the pot?,00:08:25,C,"['A. A spoon.', 'B. A spatula.', 'C. A pair of tongs.', 'D. A fork.']",multiple,Prior
Real-Time Visual Understanding_sample_28_1,Text-Rich Understanding,What text appears at the top right of the screen right now?,00:00:13,B,"['A. ""Live Recording"".', 'B. ""Previously Recorded Live"".', 'C. ""Recording Now"".', 'D. ""Live Now"".']",single,Concurrent
Real-Time Visual Understanding_sample_28_2,Action Perception,What action does the man take after placing the potato slices in the frying pan?,00:05:24,B,"['A. He adds seasoning to the potatoes.', 'B. He sprinkles seasonings on the potatoes.', 'C. He washes his hands.', 'D. He prepares another dish.']",single,Concurrent
Real-Time Visual Understanding_sample_28_3,Attribute Perception,What does the man do to ensure the potatoes cook evenly in the pan?,00:05:31,B,"['A. He stirs them constantly.', 'B. He arranges them to avoid overlapping.', 'C. He covers the pan.', 'D. He adds more oil.']",single,Concurrent
Real-Time Visual Understanding_sample_28_4,Object Perception,What is this person doing right now?,00:10:39,B,"['A. He is chopping green onions.', 'B. He is slicing carrots.', 'C. He is dicing tomatoes.', 'D. He is mincing garlic.']",single,Prior
Real-Time Visual Understanding_sample_28_5,Event Understanding,What is the person doing with the bowl right now?,00:11:00,C,"['A. Putting it in the microwave.', 'B. Washing it in the sink.', 'C. Mixing its contents with a spoon.', 'D. Placing it back on the counter.']",single,Concurrent
Real-Time Visual Understanding_sample_29_1,Object Perception,What objects can be seen on the shelves in the background of the kitchen?,00:00:20,B,"['A. plants.', 'B. Plates, cups, and kitchen utensils.', 'C. Cans and jars.', 'D. Pots and pans.']",single,Prior
Real-Time Visual Understanding_sample_29_2,Object Perception,What is the person holding in their right hand?,00:02:05,A,"['A. A bottle of seasoning.', 'B. A white plate.', 'C. A mortar and pestle.', 'D. A cutting board.']",single,Concurrent
Real-Time Visual Understanding_sample_29_3,Attribute Perception,"What color is the prominent ""COOK"" sign in the kitchen background?",00:04:07,D,"['A. Blue.', 'B. Green.', 'C. Yellow.', 'D. Red.']",single,Concurrent
Real-Time Visual Understanding_sample_29_4,Action Perception,What is the person doing right now?,00:04:07,B,"['A. Scooping ingredients from a bowl.', 'B. Folding a white kitchen towel.', 'C. Adjusting the heat on the stovetop.', 'D. Washing their hands.']",single,Concurrent
Real-Time Visual Understanding_sample_29_5,Object Perception,What tool does the person use to handle the food in the pans?,00:08:18,C,"['A. A spoon.', 'B. A fork.', 'C. A spatula.', 'D. Tongs.']",single,Concurrent
Real-Time Visual Understanding_sample_30_1,Event Understanding,What is the main activity occurring in the kitchen during the whole video?,00:03:10,A,"['A. Cooking demonstration.', 'B. Kitchen cleaning.', 'C. Family dinner.', 'D. Food tasting.']",multiple,Concurrent
Real-Time Visual Understanding_sample_30_2,Event Understanding,What is the person behind the counter doing?,00:04:36,B,"['A. Cleaning the countertop.', 'B. Preparing food.', 'C. Washing dishes.', 'D. Reading a recipe.']",multiple,Prior
Real-Time Visual Understanding_sample_30_3,Action Perception,What does the person do after finishing chopping the onion?,00:06:32,A,"['A. Put the chopped onions into the frying pan.', 'B. Starts frying sausages.', 'C. Begins chopping another vegetable.', 'D. Adds the onion to the pot.']",multiple,Prior
Real-Time Visual Understanding_sample_30_4,Object Perception,What is the person using to stir the pot of yellow mixture?,00:12:12,C,"['A. A wooden spoon.', 'B. A metal fork.', 'C. A pink spatula.', 'D. A blue spatula and a plastic spoon.']",single,Concurrent
Real-Time Visual Understanding_sample_30_5,Event Understanding,How does the mixture change as the person continues to stir it?,00:12:19,C,"['A. It becomes chunkier.', 'B. It separates into layers.', 'C. It becomes smoother and more uniform in color.', 'D. It loses its color.']",multiple,Concurrent
Real-Time Visual Understanding_sample_31_1,Text-Rich Understanding,What word appears on the bottom left of the frame while the man continues his explanation?,00:00:13,C,"['A. COOK.', 'B. RAMSAY.', 'C. HOT.', 'D. READY.']",single,Concurrent
Real-Time Visual Understanding_sample_31_2,Object Perception,What is the man wearing in the kitchen?,00:02:40,C,"['A. A blue apron.', 'B. A red t-shirt.', 'C. A green t-shirt.', 'D. A white shirt.']",single,Concurrent
Real-Time Visual Understanding_sample_31_3,Action Perception,What is the man doing with the chicken right now?,00:02:00,D,"['A. Frying it.', 'B. Cutting it.', 'C. Washing it.', 'D. Coating the chicken with flour.']",single,Concurrent
Real-Time Visual Understanding_sample_31_4,Object Perception,What is the person dipping their hand into right now?,00:04:02,C,"['A. A bowl of flour.', 'B. A bowl of breadcrumbs.', 'C. A bowl of beaten eggs.', 'D. A bowl of green herbs.']",single,Concurrent
Real-Time Visual Understanding_sample_31_5,Counting,How many pieces of fried chicken are there in the frying pan right now?,00:06:12,B,"['A. 3', 'B. 4', 'C. 7', 'D. 9']",single,Prior
Real-Time Visual Understanding_sample_32_1,Object Perception,What is the person using to chop the onion?,00:02:02,B,"['A. A small wooden knife.', 'B. A sliver knife.', 'C. A pair of scissors.', 'D. A fork.']",single,Concurrent
Real-Time Visual Understanding_sample_32_2,Spatial Understanding,How are the yellow corn and onions distributed in the frying pan?,00:02:19,C,"['A. Randomly scattered.', 'B. Piled in the center.', 'C. Evenly distributed.', 'D. Grouped separately.']",single,Concurrent
Real-Time Visual Understanding_sample_32_3,Object Perception,What is the person holding in one hand at the stove?,00:04:02,B,"['A. A wooden spoon.', 'B. A pan.', 'C. A bowl.', 'D. A knife.']",single,Prior
Real-Time Visual Understanding_sample_32_4,Event Understanding,Where does the person transfer the food after cooking?,00:06:24,B,"['A. Onto a white plate on the left countertop.', 'B. Onto a white plate on the right countertop.', 'C. Into a bowl on the left countertop.', 'D. Into a bowl on the right countertop.']",multiple,Prior
Real-Time Visual Understanding_sample_32_5,Attribute Perception,What is the color of the towel used to clean the hands?,00:06:07,B,"['A. Blue.', 'B. White.', 'C. Red.', 'D. Yellow.']",single,Concurrent
Real-Time Visual Understanding_sample_33_1,Object Perception,What item is resting on a baking sheet lined with parchment paper?,00:02:23,B,"['A. Several red sticks of rhubarb.', 'B. Two rectangular pieces of dough.', 'C. A bowl of beaten eggs.', 'D. A pile of orange slices.']",single,Concurrent
Real-Time Visual Understanding_sample_33_2,Action Perception,What does the man do after picking up the brush?,00:02:30,B,"['A. Starts stirring a liquid mixture.', 'B. Apply egg wash to the dough.', 'C. Adjusts the position of the baking tray.', 'D. Reaches for a couple of cut pieces of rhubarb.']",multiple,Concurrent
Real-Time Visual Understanding_sample_33_3,Object Perception,What is the person using to grate the orange?,00:09:21,C,"['A. A spoon.', 'B. A knife.', 'C. A grater.', 'D. A fork.']",single,Concurrent
Real-Time Visual Understanding_sample_33_4,Attribute Perception,What color is the bowls' mixture into which the orange zest is grated?,00:09:27,B,"['A. Yellow.', 'B. White.', 'C. Green.', 'D. Brown.']",single,Concurrent
Real-Time Visual Understanding_sample_33_5,Causal Reasoning,Why does the person use a knife after grating the orange?,00:09:43,C,"['A. To clean the countertop.', 'B. To chop more ingredients.', 'C. To scrape the zest off the grater into the bowl.', 'D. To cut the orange into slices.']",multiple,Prior
Real-Time Visual Understanding_sample_34_1,Attribute Perception,What color is the shirt worn by the person mixing ingredients at the kitchen counter?,00:02:31,B,"['A. Red.', 'B. Blue.', 'C. Green.', 'D. Yellow.']",single,Concurrent
Real-Time Visual Understanding_sample_34_2,Text-Rich Understanding,How much time does the person have left to complete their task according to the producer?,00:02:50,C,"['A. 5 minutes 30 seconds.', 'B. 7 minutes 30 seconds.', 'C. 8 minutes 30 seconds.', 'D. 9 minutes 30 seconds.']",single,Prior
Real-Time Visual Understanding_sample_34_3,Object Perception,What is the person vigorously mixing in a glass bowl?,00:04:42,B,"['A. A white creamy mixture.', 'B. A brown mixture.', 'C. A yellow batter.', 'D. A green sauce.']",single,Concurrent
Real-Time Visual Understanding_sample_34_4,Object Perception,What does the person use to mix the batter-like substance?,00:07:03,B,"['A. A metal whisk.', 'B. A wooden spoon.', 'C. A red spatula.', 'D. A plastic fork.']",single,Concurrent
Real-Time Visual Understanding_sample_34_5,Object Perception,What does the man place inside the microwave?,00:09:25,A,"['A. A small white bowl.', 'B. A silver pot.', 'C. A glass jar.', 'D. A blue plate.']",single,Prior
Real-Time Visual Understanding_sample_35_1,Object Perception,What is the man holding in his right hand?,00:03:16,C,"['A. A pen.', 'B. A spatula.', 'C. An olive oil bottle.', 'D. A remote.']",single,Concurrent
Real-Time Visual Understanding_sample_35_2,Object Perception,What is the person holding in his hand right now?,00:06:00,B,"['A. A spoon and a piece of ginger.', 'B. A knife and a towel.', 'C. A fork and a piece of onion.', 'D. A spatula and a piece of pepper.']",single,Concurrent
Real-Time Visual Understanding_sample_35_3,Action Perception,What action is the person performing right now?,00:06:09,C,"['A. Stirring a pot.', 'B. Slicing an onion.', 'C. Chopping garlic.', 'D. Peeling potatoes.']",single,Concurrent
Real-Time Visual Understanding_sample_35_4,Object Perception,What color is the handle of the frying pan that contains meat inside?,00:09:01,C,"['A. Black.', 'B. Silver.', 'C. Red.', 'D. Blue.']",single,Concurrent
Real-Time Visual Understanding_sample_35_5,Action Perception,What does the person do after adding yogurt into the pot?,00:12:09,B,"['A. Turns off the stove.', 'B. Begins mixing the contents of the pot.', 'C. Places a lid on the pot.', 'D. Adds more green vegetables.']",multiple,Concurrent
Real-Time Visual Understanding_sample_36_1,Attribute Perception,What color are the kitchen cupboards?,00:03:22,B,"['A. Dark blue.', 'B. Light green.', 'C. White.', 'D. Yellow.']",single,Concurrent
Real-Time Visual Understanding_sample_36_2,Action Perception,What is the person doing with the box grater?,00:03:27,D,"['A. Slicing bread.', 'B. Chopping vegetables.', 'C. Peeling potatoes.', 'D. Grating a yellow ingredient.']",multiple,Concurrent
Real-Time Visual Understanding_sample_36_3,Object Perception,What is the person in a blue shirt chopping on the wooden cutting board?,00:06:42,A,"['A. Red bell pepper.', 'B. Carrots.', 'C. Green bell pepper.', 'D. Onions.']",single,Concurrent
Real-Time Visual Understanding_sample_36_4,Object Perception,What is the person holding right now?,00:10:02,A,"['A. A wooden spoon.', 'B. A metal spatula.', 'C. A whisk.', 'D. A ladle.']",single,Concurrent
Real-Time Visual Understanding_sample_36_5,Object Perception,What is the person holding in the right hand right now?,00:13:19,C,"['A. A pen.', 'B. A ladle.', 'C. A pan.', 'D. A rolling pin.']",single,Concurrent
Real-Time Visual Understanding_sample_37_1,Object Perception,What is the man holding up to the camera with his right hand right now?,00:02:34,A,"['A. An egg.', 'B. A spoon.', 'C. A bell pepper.', 'D. A chopping board.']",single,Concurrent
Real-Time Visual Understanding_sample_37_2,Event Understanding,What is the man doing with the egg after holding it up to the camera?,00:02:58,B,"['A. Cracking it into a bowl.', 'B. Placing it on the table.', 'C. Cooking it in a pan.', 'D. Putting it back in the refrigerator.']",multiple,Prior
Real-Time Visual Understanding_sample_37_3,Object Perception,What is spread over the chunks of minced meat in the frying pan?,00:05:11,A,"['A. Red chili slices.', 'B. Green peppers.', 'C. Yellow corn.', 'D. White onion rings.']",single,Concurrent
Real-Time Visual Understanding_sample_37_4,Attribute Perception,What is notable about the knife the person is using?,00:08:23,A,"['A. It is a large silver knife.', 'B. It has a wooden handle.', 'C. It is a small paring knife.', 'D. It has a serrated edge.']",single,Prior
Real-Time Visual Understanding_sample_37_5,Object Perception,What vegetables are being stir-fried in the black pan?,00:10:14,A,"['A. Sliced mushrooms, red and green bell peppers, and other greens.', 'B. Carrots, peas, and broccoli.', 'C. Zucchini, tomatoes, and onions.', 'D. Eggplants, spinach, and corn.']",single,Concurrent
Real-Time Visual Understanding_sample_38_1,Object Perception,What does the person in the teal shirt grasp with both hands?,00:02:04,A,"['A. A cauliflower head.', 'B. A frying pan.', 'C. A cutting board.', 'D. A glass container.']",single,Concurrent
Real-Time Visual Understanding_sample_38_2,Action Perception,What does the person do after picking up a pinch of seasoning or salt?,00:02:18,D,"['A. Places it on the cutting board.', 'B. Puts it back in the container.', 'C. Hands it to someone else.', 'D. Sprinkles it over the cauliflower.']",multiple,Prior
Real-Time Visual Understanding_sample_38_3,Object Perception,What is the person holding above the glass mixing bowl?,00:06:06,A,"['A. A small bottle of golden liquid.', 'B. A jar of honey.', 'C. A bottle of olive oil.', 'D. A cup of vinegar.']",single,Prior
Real-Time Visual Understanding_sample_38_4,Object Perception,Which utensil is the person using to stir the mixture?,00:06:15,A,"['A. Spoon.', 'B. Fork.', 'C. Whisk.', 'D. Spatula.']",single,Concurrent
Real-Time Visual Understanding_sample_38_5,Clips Summarize,What is the overall activity taking place in the kitchen?,00:06:18,A,"['A. Making a delicate cauliflower dish.', 'B. Baking a cake.', 'C. Making a sandwich.', 'D. Cooking pasta.']",multiple,Concurrent
Real-Time Visual Understanding_sample_39_1,Object Perception,What is the person in the blue T-shirt pouring into the pan?,00:01:45,A,"['A. Oil.', 'B. Water.', 'C. Milk.', 'D. Vinegar.']",single,Prior
Real-Time Visual Understanding_sample_39_2,Object Perception,Which of the following items is NOT mentioned as being on the countertop?,00:01:45,A,"['A. A blender.', 'B. A bowl of cauliflower.', 'C. A chopping board with diced ingredients.', 'D. Butter.']",single,Concurrent
Real-Time Visual Understanding_sample_39_3,Object Perception,What is the man holding in his right hand right now?,00:03:20,A,"['A. A frying pan.', 'B. A spoon.', 'C. A knife.', 'D. A red container.']",single,Concurrent
Real-Time Visual Understanding_sample_39_4,Object Perception,What is the man in the blue T-shirt pulling out from the oven?,00:05:01,A,"['A. two bread.', 'B. A pie.', 'C. A cake.', 'D. A pot.']",single,Concurrent
Real-Time Visual Understanding_sample_39_5,Object Perception,What is the person using to arrange food on the baking tray right now?,00:06:43,A,"['A. His hands.', 'B. Spoon.', 'C. Tongs.', 'D. Spatula.']",single,Concurrent
Real-Time Visual Understanding_sample_40_1,Text-Rich Understanding,What is prominently displayed behind the person standing against a blue backdrop?,00:00:20,D,"['A. ""CHEF in 10"".', 'B. ""COOK in 10"".', 'C. ""BAKE in 10"".', 'D. ""RAMSAY in 10"".']",single,Prior
Real-Time Visual Understanding_sample_40_2,Object Perception,What is the person adding to the blender cup?,00:04:00,D,"['A. Fresh fruits.', 'B. Spices.', 'C. Oil.', 'D. Fresh herbs.']",single,Concurrent
Real-Time Visual Understanding_sample_40_3,Object Perception,What is the person slicing with the knife?,08:01,D,"['A. Lemon.', 'B. Meat.', 'C. Apple.', 'D. Bread.']",single,Concurrent
Real-Time Visual Understanding_sample_40_4,Attribute Perception,What food is on the baking tray now?,00:08:26,A,"['A. Two slices of lemon and a roasted chicken.', 'B. Three slices of lime and a grilled fish.', 'C. Four slices of orange and a baked ham.', 'D. Five slices of cucumber and a roasted turkey.']",single,Concurrent
Real-Time Visual Understanding_sample_40_5,Causal Reasoning,What indicates that the grill pan is hot?,00:08:12,B,"['A. The grill pan has lemons on it.', 'B. The grill pan is emitting steam.', 'C. The grill pan is being repositioned.', 'D. The grill pan is making noise.']",multiple,Prior
Real-Time Visual Understanding_sample_41_1,Object Perception,What is the man standing in front of in the initial video?,00:00:20,D,"['A. A wooden cabinet.', 'B. A glass door.', 'C. A blackboard.', 'D. A stainless steel refrigerator.']",single,Prior
Real-Time Visual Understanding_sample_41_2,Object Perception,What is the woman holding in her left hand?,00:01:04,D,"['A. A loaf of bread.', 'B. A carton of milk.', 'C. A frying pan.', 'D. A jar.']",single,Concurrent
Real-Time Visual Understanding_sample_41_3,Action Perception,What does the woman do after opening the jar?,00:01:03,A,"['A. Pour the seasoning inside it into the white bowl with eggs.', 'B. Looks out the window.', 'C. Moves to the refrigerator.', 'D. Picks up a loaf of bread.']",multiple,Concurrent
Real-Time Visual Understanding_sample_41_4,Action Perception,What is the woman doing right now?,00:02:00,A,"['A. Pour the cereal from the box into a transparent glass of water.', 'B. Pour the sugar from the jar into a cup of hot tea.', 'C. Pour the pasta from the bag into a pot of boiling water.', 'D. Pour the flour from the container into a bowl of milk.']",multiple,Concurrent
Real-Time Visual Understanding_sample_41_5,Object Perception,What does the woman use to ensure the bread is evenly coated with the mixture?,00:04:04,D,"['A. A spoon.', 'B. Her fingers.', 'C. A fork.', 'D. A spatula.']",single,Prior
Real-Time Visual Understanding_sample_42_1,Object Perception,What is the person holding in their right hand at the beginning of the video?,00:02:01,B,"['A. A green vegetable.', 'B. A red bottle cap.', 'C. A blue utensil.', 'D. A white jar.']",single,Prior
Real-Time Visual Understanding_sample_42_2,Attribute Perception,What are the colors of the cabinets and the walls in the kitchen?,00:02:40,B,"['A. Red cabinets and white walls.', 'B. Blue cabinets and white brick walls.', 'C. White cabinets and blue walls.', 'D. Green cabinets and white brick walls.']",single,Prior
Real-Time Visual Understanding_sample_42_3,Object Perception,What does the person hold over after touching the handle of the pan?,00:06:03,B,"['A. A frying pan.', 'B. A bowl filled with shredded ingredients.', 'C. A pot.', 'D. A set of knives.']",single,Prior
Real-Time Visual Understanding_sample_42_4,Counting,How many active burners are revealed in the top-down view of the stove?,00:06:25,C,"['A. One.', 'B. Two.', 'C. Five.', 'D. Four.']",multiple,Prior
Real-Time Visual Understanding_sample_42_5,Text-Rich Understanding,What do the decorative letters on the top shelf spell?,00:06:05,C,"['A. EAT.', 'B. CHEF.', 'C. COOK.', 'D. FOOD.']",single,Prior
Real-Time Visual Understanding_sample_43_1,Object Perception,What item is being held by a person at the beginning?,00:00:20,A,"['A. A white plate with pasta.', 'B. A blue bowl with salad.', 'C. A black pan with meat.', 'D. A green cup with tea.']",single,Prior
Real-Time Visual Understanding_sample_43_2,Attribute Perception,What color are the slices of garlic as they are being cooked in the frying pan?,00:03:39,A,"['A. White.', 'B. Green.', 'C. Caramelized.', 'D. Red.']",single,Concurrent
Real-Time Visual Understanding_sample_43_3,Object Perception,What is the person using to stir the pot containing noodles?,00:06:46,C,"['A. Wooden spoon.', 'B. Plastic spatula.', 'C. Metal tongs.', 'D. Silicone whisk.']",single,Concurrent
Real-Time Visual Understanding_sample_43_4,Object Perception,What is inside the frying pan right now?,00:10:00,A,"['A. A mixture of vegetables, including green peas and diced tomatoes.', 'B. Boiling water with pasta.', 'C. Chicken and herbs.', 'D. A steak and mushrooms.']",single,Concurrent
Real-Time Visual Understanding_sample_43_5,Event Understanding,What happens after the chef uses tongs to lift pasta out of the pot?,00:10:11,B,"['A. The chef drains the pasta and sets it aside.', 'B. The chef transfers the pasta to the frying pan containing vegetables.', 'C. The chef adds seasoning to the boiling water.', 'D. The chef puts the pasta back into the boiling water.']",multiple,Concurrent
Real-Time Visual Understanding_sample_44_1,Object Perception,What objects make up the hands of the clock shown at the beginning of the video?,00:00:20,C,"['A. Fork and spoon.', 'B. Knife and spoon.', 'C. Knife and fork.', 'D. Spoon and chopstick.']",single,Prior
Real-Time Visual Understanding_sample_44_2,Object Perception,What is in the left pan?,00:04:03,B,"['A. Pasta and sauce.', 'B. Pear slices sprinkled with cinnamon powder.', 'C. Only vegetables.', 'D. Only meat.']",single,Prior
Real-Time Visual Understanding_sample_44_3,Object Perception,What is the person holding in their right hand at the beginning?,00:04:21,B,"['A. A spatula.', 'B. A striped towel.', 'C. A fork.', 'D. A knife.']",single,Prior
Real-Time Visual Understanding_sample_44_4,Attribute Perception,What is the color of the liquid in the mixing bowl that the bread is dipped into?,00:05:25,B,"['A. Red.', 'B. Yellow.', 'C. Blue.', 'D. Green.']",single,Concurrent
Real-Time Visual Understanding_sample_44_5,Causal Reasoning,Why does the person use a towel?,00:05:36,B,"['A. To clean the stove.', 'B. To avoid burning his hand.', 'C. To cover the bread.', 'D. To wipe the counter.']",multiple,Concurrent
Real-Time Visual Understanding_sample_45_1,Object Perception,What is located on the top shelf in the kitchen?,00:00:08,B,"['A. Jars and bottles.', 'B. A large red ""COOK"" sign.', 'C. A clock.', 'D. A set of knives.']",single,Concurrent
Real-Time Visual Understanding_sample_45_2,Action Perception,What is the man doing with his hands right now?,00:01:44,B,"['A. Washing dishes.', 'B. Kneading and mixing food.', 'C. Cutting vegetables.', 'D. Stirring a pot.']",multiple,Concurrent
Real-Time Visual Understanding_sample_45_3,Action Perception,What action is the man performing with the mixture on the bowl?,00:01:58,A,"['A. Rolling it into a ball.', 'B. Flattening it.', 'C. Cutting it into pieces.', 'D. Mixing it in a bowl.']",multiple,Concurrent
Real-Time Visual Understanding_sample_45_4,Action Perception,What does the person do with the sliced red pepper after cutting it?,00:03:36,B,"['A. Stores it in a container.', 'B. Adds it to a pan with white rice.', 'C. Throws it away.', 'D. Eats it.']",multiple,Concurrent
Real-Time Visual Understanding_sample_45_5,Object Perception,What was being picked up by the person just now?,00:06:46,B,"['A. Red pepper.', 'B. Green onions.', 'C. Sliced cucumbers.', 'D. Lettuce.']",multiple,Prior
Real-Time Visual Understanding_sample_46_1,Object Perception,What is placed on the gas stove burner right now?,00:01:19,D,"['A. A saucepan with boiling water.', 'B. A kettle with tea.', 'C. A wok with vegetables.', 'D. A frying pan containing several garlic.']",single,Concurrent
Real-Time Visual Understanding_sample_46_2,Event Understanding,What is the person doing with the bread on the cutting board?,00:01:59,C,"['A. Marinating it.', 'B. Grilling it.', 'C. Preparing to cut it.', 'D. Weighing it.']",multiple,Prior
Real-Time Visual Understanding_sample_46_3,Action Perception,What does the person do after placing sandwich slices on the grill pan?,00:03:30,A,"['A. Pours oil over the sandwiches.', 'B. Adds seasoning to the sandwiches.', 'C. Puts a lid on the grill pan.', 'D. Turns off the burner.']",multiple,Concurrent
Real-Time Visual Understanding_sample_46_4,Action Perception,What is the person doing right now?,00:05:14,C,"['A. Spread the butter onto the piece of toast.', 'B. Spread the jam onto the biscuit.', 'C. Spread the condiments onto the slice of bread.', 'D. Spread the mayonnaise onto the sandwich bun.']",single,Concurrent
Real-Time Visual Understanding_sample_46_5,Object Perception,What object is the person using to garnish the food?,00:06:54,D,"['A. Fork.', 'B. Knife.', 'C. Tongs.', 'D. Spoon.']",single,Concurrent
Real-Time Visual Understanding_sample_47_1,Object Perception,What graphic is featured in the video at the beginning?,00:00:20,D,"['A. A large white number ""10"" with a spoon and fork positioned like clock hands on a white plate.', 'B. A large white number ""10"" with a spoon and knife positioned like clock hands on a white plate.', 'C. A large white number ""10"" with a fork and knife positioned like clock hands on a blue plate.', 'D. A large white number ""10"" with a fork and knife positioned like clock hands on a white plate.']",single,Prior
Real-Time Visual Understanding_sample_47_2,Object Perception,What is the man seasoning on the white plate?,00:02:06,D,"['A. Vegetables.', 'B. Bread.', 'C. Fish.', 'D. Raw meat.']",single,Concurrent
Real-Time Visual Understanding_sample_47_3,Object Perception,What is being used to manage the food on the grill?,00:04:01,D,"['A. A spatula.', 'B. A wooden spoon.', 'C. A fork.', 'D. A pair of red tongs.']",single,Concurrent
Real-Time Visual Understanding_sample_47_4,Action Perception,What does the man do with the striped cloth?,00:06:05,C,"['A. He wipes the counter.', 'B. He holds it in his right hand.', 'C. He places it next to the cutting board.', 'D. He uses it to cover the bread.']",multiple,Prior
Real-Time Visual Understanding_sample_47_5,Event Understanding,What does the man do immediately after picking up a spoon?,00:06:12,B,"['A. He stirs a pot on the stovetop.', 'B. He scoops some sauce from a bowl.', 'C. He chops vegetables.', 'D. He flips food on the grill.']",multiple,Concurrent
Real-Time Visual Understanding_sample_48_1,Attribute Perception,What are the prominent colors of the ornament in the middle of the video?,00:00:03,A,"['A. Pink, blue, and gold.', 'B. Red, green, and silver.', 'C. Black, white, and blue.', 'D. Yellow, orange, and purple.']",single,Concurrent
Real-Time Visual Understanding_sample_48_2,Action Perception,What are the black-gloved hands doing right now?,00:02:00,A,"['A. Holding the ornament steadily above the cup for drainage.', 'B. Placing the ornament on a table.', 'C. Shaking the ornament to remove excess liquid.', 'D. Filling the ornament with a new liquid.']",multiple,Concurrent
Real-Time Visual Understanding_sample_48_3,Action Perception,"What is the person doing right now with the pink container labeled ""Glitter""?",00:03:38,A,"['A. Pouring fine white glitter into the funnel.', 'B. Sprinkling glitter on the white cloth.', 'C. Decorating the ornament with paint.', 'D. Mixing different colored liquids inside the ornament.']",single,Concurrent
Real-Time Visual Understanding_sample_48_4,Action Perception,What are the hands doing right now?,00:05:07,A,"['A. Rotating the sphere while applying golden liquid.', 'B. Placing the sphere on a white cloth.', 'C. Cleaning the sphere with a cloth.', 'D. Removing the golden liquid bottle.']",single,Concurrent
Real-Time Visual Understanding_sample_48_5,Action Perception,What did the person do just now with the metallic-colored paint bottle?,00:06:50,A,"['A. Applied paint to the ornament.', 'B. Shook the bottle vigorously.', 'C. Poured paint into a plastic cup.', ""D. Closed the bottle's cap.""]",multiple,Prior
Real-Time Visual Understanding_sample_49_1,Action Perception,What is the person doing right now?,00:00:20,D,"['A. Holding a set of keychains.', 'B. Displaying a text message.', 'C. Operating a Cricut cutting machine.', 'D. Preparing materials for crafting.']",single,Concurrent
Real-Time Visual Understanding_sample_49_2,Action Perception,What are the hands doing right now?,00:02:14,C,"['A. Peeling off a blue sticker.', 'B. Attaching a purple sticker to a circular sheet.', 'C. Adjusting and smoothing out a pink sticker.', 'D. Lifting a piece of pastel pink paper.']",single,Concurrent
Real-Time Visual Understanding_sample_49_3,Action Perception,What are the hands doing right now?,00:04:05,C,"['A. Stitching a piece of fabric.', 'B. Writing on a notepad.', 'C. Adjusting a pink keychain.', 'D. Sorting different colored beads.']",single,Concurrent
Real-Time Visual Understanding_sample_49_4,Action Perception,What name is being typed out right now?,00:06:07,C,"['A. Shelby.', 'B. Katie.', 'C. Millie.', 'D. Holly.']",multiple,Concurrent
Real-Time Visual Understanding_sample_49_5,Action Perception,"What is the ""Katie"" circle doing right now?",00:08:10,A,"['A. Moving to the left.', 'B. Adding a heart shape.', 'C. Displaying a light blue background.', 'D. Removing the label.']",multiple,Concurrent
Real-Time Visual Understanding_sample_50_1,Action Perception,What was shown just now?,00:00:08,A,"['A. A detailed view of three circular keychains held in a hand.', 'B. A person assembling a keychain.', 'C. A tutorial on Cricut Design Space.', 'D. A black screen with white text.']",multiple,Concurrent
Real-Time Visual Understanding_sample_50_2,Action Perception,What is the person doing right now?,00:02:20,D,"['A. Arranging a selection of materials on a screen.', 'B. Smoothing out the vinyl on the mat.', 'C. Pressing down the teal vinyl to secure it.', 'D. Inserting the mat into the machine named ""Cricutjoy"".']",multiple,Concurrent
Real-Time Visual Understanding_sample_50_3,Action Perception,What are the hands doing right now?,00:04:07,B,"['A. Move the hands closer to the white card.', 'B. Lift slightly away from the card to inspect the adhesion.', 'C. Secure the paper by pressing down firmly.', 'D. Place a new piece of transparent paper with a purple design.']",single,Concurrent
Real-Time Visual Understanding_sample_50_4,Action Perception,What did the person do just now?,00:06:12,B,"['A. Arrange a pink material at the top right.', 'B. Place a purple piece of material at the bottom left.', 'C. Position a blue piece of material at the bottom right.', 'D. Set a mint green piece at the top left.']",multiple,Concurrent
Real-Time Visual Understanding_sample_50_5,Action Perception,What did the person do just now?,00:08:19,B,"['A. Attach a purple circular piece with a strip tape.', 'B. Apply a blue pattern to a square.', 'C. Arrange pieces of pastel colors on the grid-patterned surface.', 'D. Hold a tool to adjust the position of the purple circle.']",multiple,Concurrent
Real-Time Visual Understanding_sample_51_1,Action Perception,What is being shown just now?,00:00:18,B,"['A. Three colorful discs on a grey surface.', 'B. Hands holding a stack of acrylic blanks.', 'C. The phrase ""SIX months"" on a red disc.', 'D. A light pink background with decorative leaves.']",multiple,Concurrent
Real-Time Visual Understanding_sample_51_2,Action Perception,What are the hands doing right now?,00:01:32,C,"['A. Holding a black bottle cap over the paper.', 'B. Tilting the dish slightly and applying pink liquid with a brush.', 'C. Mixing in another color from one of the bottles.', 'D. Swirling the brush inside a gold-toned bottle.']",single,Concurrent
Real-Time Visual Understanding_sample_51_3,Action Perception,What is the person doing right now?,00:03:00,A,"['A. Applying blue ink on a disc using a brush.', 'B. Mixing different inks in the three bottles.', 'C. Drawing circles on paper with a pencil.', 'D. Spreading glue on a piece of paper.']",single,Concurrent
Real-Time Visual Understanding_sample_51_4,Action Perception,What is the person doing right now?,00:04:19,C,"['A. Rotating the circular object under the light.', 'B. Cleaning the brushes with water.', 'C. Adding final touches to the circular object with a steady brushstroke.', 'D. Placing a golden cap on an ink bottle.']",single,Concurrent
Real-Time Visual Understanding_sample_51_5,Action Perception,What is the left hand doing right now?,00:05:40,D,"['A. Holding the pick tool.', 'B. Peeling back the plastic cover from the green disk.', 'C. Rotating the green disk.', 'D. Holding the red disk.']",single,Concurrent
Real-Time Visual Understanding_sample_52_1,Text-Rich Understanding,What is the screen displaying right now?,00:00:15,B,"['A. A detailed close-up of milestone discs.', 'B. The words __aby Milestone Disc_ centered on a black screen.', 'C. Two highlighted milestone discs.', 'D. A light gray background with a title and note.']",single,Concurrent
Real-Time Visual Understanding_sample_52_2,Action Perception,What is the person doing right now?,00:01:47,A,"['A. Switch to painting a round object with white paint.', 'B. Apply orange paint onto an object with a foam brush.', 'C. Dip the foam brush into the green paint can.', 'D. Place the foam brush aside.']",single,Concurrent
Real-Time Visual Understanding_sample_52_3,Action Perception,What is the person doing right now?,00:03:39,A,"['A. Smoothing a design onto an brown disc.', 'B. Peeling back a transparent sheet from the table.', 'C. Holding a white roll of vinyl with intricate patterns.', 'D. Aligning a transparent sheet with grid lines.']",multiple,Concurrent
Real-Time Visual Understanding_sample_52_4,Action Perception,What did the person just do?,00:05:18,A,"['A. Lift the Cricut tool and prepare to deliver the cut paper.', 'B. Secure the cardstock to the mat.', 'C. Insert the Cricut tool into the machine.', 'D. Begin cutting the cardstock with the machine.']",multiple,Concurrent
Real-Time Visual Understanding_sample_52_5,Action Perception,What did the hands do just now with the vinyl sticker?,00:06:59,A,"['A. Lifting the cleared vinyl decal from the backing paper.', 'B. Securing the sides of the cardboard box.', 'C. Peeling away excess material from the vinyl sticker.', 'D. Rotating the box to ensure the base is sealed.']",multiple,Concurrent
Real-Time Visual Understanding_sample_53_1,Action Perception,What is being done with the cutting mat right now?,00:00:21,D,"['A. Removing the cutting mat from the cutting machine.', 'B. Cutting the pink paper on the mat manually.', 'C. Decorating the cutting mat with stickers.', 'D. Placing the cutting mat into the cutting machine.']",multiple,Concurrent
Real-Time Visual Understanding_sample_53_2,Action Perception,What action is being performed right now?,00:01:00,D,"['A. Cutting the insert and window pieces with scissors.', 'B. Peeling off the protective sheet from the acetate.', 'C. Operating the Cricut Maker 3 cutting machine.', 'D. Arranging the cut pieces and beads on a gray surface.']",single,Concurrent
Real-Time Visual Understanding_sample_53_3,Action Perception,What are the hands holding right now?,00:01:26,D,"['A. The pink sheet of paper.', 'B. The clear plastic sheet.', 'C. The decorative beads.', 'D. The pen and keychain.']",single,Concurrent
Real-Time Visual Understanding_sample_53_4,Action Perception,What did the hands do just now?,00:02:23,D,"['A. Cut a new piece of paper.', 'B. Fold another frame without glue.', 'C. Decorate the paper frame with beads.', 'D. Smooth out the acetate window on the paper frame.']",multiple,Concurrent
Real-Time Visual Understanding_sample_53_5,Action Perception,What did the hands do just now?,00:03:04,D,"['A. Folded the pink paper object and pressed the glue.', 'B. Applied glue along the edges of the pink paper object.', 'C. Decorated the pink paper object with the beaded pen.', 'D. Put the pen and keychain into the pink box.']",multiple,Concurrent
Real-Time Visual Understanding_sample_54_1,Action Perception,What are the hands doing right now?,00:00:19,D,"['A. Painting the ornament.', 'B. Hanging the ornament on a tree.', 'C. Mixing resin components.', 'D. Holding and adjusting a mask.']",single,Concurrent
Real-Time Visual Understanding_sample_54_2,Action Perception,What is the gloved hand doing right now?,00:01:53,D,"['A. Shaking a beaker filled with golden liquid.', 'B. Stirring the resin with a wooden stick.', 'C. Holding a pair of tweezers.', 'D. Pouring resin with pink mica into the white circular object.']",single,Concurrent
Real-Time Visual Understanding_sample_54_3,Action Perception,What did the right hand do just now?,00:03:29,D,"['A. Adjusted the position of the ornament.', 'B. Lifted the ornament to inspect it.', 'C. Held the ornament securely.', 'D. Steadily moved the stick to distribute the resin.']",multiple,Concurrent
Real-Time Visual Understanding_sample_54_4,Action Perception,How is the glittery substance being applied to the circular object right now?,00:05:10,D,"['A. Using a paintbrush.', 'B. Pouring it directly from the cup.', 'C. Applying it with fingers.', 'D. Spreading it with a wooden stick.']",single,Concurrent
Real-Time Visual Understanding_sample_54_5,Action Perception,What is the person doing right now?,00:06:47,D,"['A. Placing the ornament on the mat.', 'B. Peeling off tape from the ornament.', 'C. Tying a knot in the string attached to the ornament.', 'D. Giving the string one final tug to secure it.']",single,Concurrent
Real-Time Visual Understanding_sample_55_1,Action Perception,What did the hands do just now?,00:00:15,A,"['A. Picked up the gold star.', 'B. Folded a pink star.', 'C. Arranged the stars in a line.', 'D. Removed the silver star.']",multiple,Concurrent
Real-Time Visual Understanding_sample_55_2,Action Perception,What is the person doing right now?,00:02:19,A,"['A. Folding the paper along the creases.', 'B. Cutting the paper.', 'C. Painting the paper.', 'D. Decorating the paper with colors.']",multiple,Concurrent
Real-Time Visual Understanding_sample_55_3,Action Perception,What is the person doing right now?,00:04:07,A,"['A. Applying glue to the hollow center edges of the star.', 'B. Rotating the star ornament to show its side profile.', 'C. Holding one star in front of another.', 'D. Placing the star ornament flat on the grid mat.']",single,Concurrent
Real-Time Visual Understanding_sample_55_4,Action Perception,What are the hands doing right now?,00:06:18,A,"['A. Making creases on a triangular shape.', 'B. Unfolding a piece of paper.', 'C. Cutting out shapes from a paper.', 'D. Painting on the paper.']",multiple,Concurrent
Real-Time Visual Understanding_sample_55_5,Action Perception,What is the person doing right now?,00:08:16,A,"['A. Adjusting the blue paper strip for a tight fit.', 'B. Applying glue to the paper pieces.', 'C. Cutting a new strip of paper.', 'D. Stacking finished paper structures to the side.']",single,Concurrent
Real-Time Visual Understanding_sample_56_1,Action Perception,What is the person doing right now?,00:00:19,B,"['A. Holding a decorative paper pad.', 'B. Displaying some patterned paper.', 'C. Cutting patterned paper.', 'D. Writing on the cardstock.']",multiple,Concurrent
Real-Time Visual Understanding_sample_56_2,Action Perception,What is the machine doing right now?,00:03:20,C,"['A. Being turned on.', 'B. Loading the material into the tray.', 'C. The scoring stylus is being inserted.', 'D. Performing the cutting operation.']",single,Prior
Real-Time Visual Understanding_sample_56_3,Action Perception,What is the person doing right now?,00:06:11,B,"['A. Folding another piece of white paper from the table.', 'B. Rotating and closely examining the folded piece of paper.', 'C. Removing hands from the white paper on the table.', 'D. Picking up the pink floral-patterned paper.']",multiple,Concurrent
Real-Time Visual Understanding_sample_56_4,Action Perception,What are the hands doing right now?,00:09:19,A,"['A. Tracing the inner perimeter of the circular cutout.', 'B. Folding a rectangular piece of cardstock.', 'C. Reaching for a piece of patterned paper.', 'D. Adjusting a bottle of quick-dry adhesive.']",multiple,Concurrent
Real-Time Visual Understanding_sample_56_5,Action Perception,What is the person doing right now?,00:12:20,A,"['A. Assembling the final components of the box.', 'B. Applying glue to the cardstock.', 'C. Cutting out snowflake patterns.', 'D. Placing the completed box aside.']",multiple,Concurrent
Real-Time Visual Understanding_sample_57_1,Action Perception,What is the person doing right now?,00:00:26,B,"['A. Filling an ornament with a blue liquid.', 'B. Rotating a spherical plastic bottle.', 'C. Wiping an ornament with a paper towel.', 'D. Holding a pink ornament with a funnel.']",single,Concurrent
Real-Time Visual Understanding_sample_57_2,Action Perception,What did the person just do?,00:03:03,C,"['A. Open a clear plastic globe.', 'B. Rotate the ornament slightly.', 'C. Remove the syringe from the ornament.', 'D. Pick up a glitter glue tube.']",multiple,Concurrent
Real-Time Visual Understanding_sample_57_3,Action Perception,What is the person doing right now?,00:05:39,B,"['A. Filling an ornament with a blue liquid.', 'B. Pouring the object inside the blue ball into the funnel.', 'C. Wiping an ornament with a paper towel.', 'D. Holding a pink ornament with a funnel.']",single,Concurrent
Real-Time Visual Understanding_sample_57_4,Action Perception,"What did the outline of the word ""Willow"" transform to just now?",00:08:03,B,"['A. Dark blue.', 'B. Light purple.', 'C. Bright yellow.', 'D. Deep red.']",multiple,Concurrent
Real-Time Visual Understanding_sample_57_5,Action Perception,What is the person doing right now?,00:11:00,C,"['A. Holding a blue ornament next to the grid-patterned adhesive sheet.', 'B. Smoothing out the sticker of a capital letter ""N.""', 'C. Applying a decal with intricate cursive writing to the blue ornament.', 'D. Peeling the metallic cap off the blue ornament.']",multiple,Concurrent
Real-Time Visual Understanding_sample_58_1,Action Perception,What are the hands doing right now?,00:00:08,B,"['A. Arranging flowers on a table.', 'B. Rotating a decorative paper wreath.', 'C. Painting a wreath.', 'D. Holding a black screen.']",multiple,Concurrent
Real-Time Visual Understanding_sample_58_2,Action Perception,What is the machine doing right now?,00:02:18,B,"['A. Pausing the cutting process.', 'B. Initiating a new cutting sequence.', 'C. Moving the cutting mat.', 'D. Changing the blade.']",single,Concurrent
Real-Time Visual Understanding_sample_58_3,Action Perception,What are the hands doing right now?,00:04:20,B,"['A. Assembling cream-colored paper petals together.', 'B. Adding dimension by scoring the red petals.', 'C. Sorting finished cream-colored flowers.', 'D. Disposing of unwanted petals.']",multiple,Concurrent
Real-Time Visual Understanding_sample_58_4,Action Perception,What are the person's hands doing right now?,00:06:02,B,"['A. Cutting paper into flower shapes.', 'B. Placing a finished flower with others.', 'C. Assembling a new set of flower petals.', 'D. Drawing a design on the cutting mat.']",single,Concurrent
Real-Time Visual Understanding_sample_58_5,Action Perception,What are the person's hands doing right now?,00:08:22,B,"['A. Spraying water on the flowers.', 'B. Rearranging flowers and leaves on the wreath.', 'C. Cutting the flowers with scissors.', 'D. Painting the flowers on the wreath.']",multiple,Concurrent
Real-Time Visual Understanding_sample_59_1,Action Perception,What is the hand doing right now?,00:00:23,B,"['A. Cutting the paper.', 'B. Displaying some heavy weight cardstock.', 'C. Holding a pen.', 'D. Arranging flowers.']",single,Concurrent
Real-Time Visual Understanding_sample_59_2,Action Perception,What action is being performed just now?,00:01:23,C,"['A. Displaying different material options.', 'B. Highlighting the ""On Mat"" option.', 'C. Clicking the continue button.', 'D. Changing the project type to ""Multiple Ways.""']",multiple,Concurrent
Real-Time Visual Understanding_sample_59_3,Action Perception,What is the person doing right now?,00:03:03,C,"['A. Cutting strips of double-sided tape.', 'B. Positioning the paper onto the mat.', 'C. Sliding the cutting mat into a Cricut cutting machine.', 'D. Peeling a strip of tape using scissors.']",multiple,Concurrent
Real-Time Visual Understanding_sample_59_4,Action Perception,What is the person doing right now?,00:04:19,A,"['A. Peeling off the protective layer from the foam tape.', 'B. Using the white-handled craft scissors to cut the foam tape.', 'C. Writing ""Happy Mother\'s Day"" on a cutout.', 'D. Arranging small paper cutouts on the surface.']",single,Concurrent
Real-Time Visual Understanding_sample_59_5,Action Perception,What are the hands doing right now?,00:05:41,C,"['A. Placing a new cutout on the surface.', 'B. Adding more circular sequins.', 'C. Making final adjustments to the placed flowers.', 'D. Writing ""Happy Mother\'s Day"" on the cutout.']",single,Concurrent
Real-Time Visual Understanding_sample_60_1,Text-Rich Understanding,What phrase appears right now?,00:00:14,C,"['A. ""Links to the materials I used are in the video description.""', 'B. ""Merry Christmas and Happy New Year.""', 'C. ""Alcohol Ink Ornaments.""', 'D. ""Handmade Ornaments by Design.""']",single,Concurrent
Real-Time Visual Understanding_sample_60_2,Action Perception,What are the gloved hands doing just now?,00:02:19,B,"['A. Cutting the ornament into pieces.', 'B. Dispensing fluid into the ornament.', 'C. Painting the ornament.', 'D. Measuring the ornament with a ruler.']",multiple,Concurrent
Real-Time Visual Understanding_sample_60_3,Action Perception,What is the person doing right now?,00:04:19,B,"['A. Holding a clear round ornament with golden streaks.', 'B. Applying additional golden ink to the ornament.', 'C. Mixing purple and blue ink in a container.', 'D. Holding an empty transparent container in their right hand.']",multiple,Concurrent
Real-Time Visual Understanding_sample_60_4,Action Perception,What is the person doing right now?,00:06:19,B,"['A. Applying a clear coat to the ornament.', 'B. Inspecting the ornament for any areas that might need further enhancement.', 'C. Holding the bauble unpainted.', 'D. Removing paint from the mat.']",multiple,Concurrent
Real-Time Visual Understanding_sample_60_5,Action Perception,What is the person using right now?,00:08:00,B,"['A. A pair of scissors.', ""B. A white tool labeled 'cricut'."", 'C. A ruler.', 'D. A pen.']",multiple,Concurrent
Real-Time Visual Understanding_sample_61_1,Object Perception,What is being shown right now?,00:00:05,B,"['A. A collection of colorful notebooks.', 'B. Personalized agate coasters with names on them.', 'C. A stack of books with gilded edges.', 'D. A digital workspace interface.']",multiple,Concurrent
Real-Time Visual Understanding_sample_61_2,Action Perception,What is the cursor doing right now?,00:01:54,A,"['A. Dragging ""Melissa"" upward.', 'B. Pasting the name ""Brad.""', 'C. Highlighting the name ""Emily.""', 'D. Right-clicking on the pink square.']",single,Concurrent
Real-Time Visual Understanding_sample_61_3,Action Perception,What is the cursor doing right now?,00:03:30,B,"['A. Highlighting the word ""Thomas"".', 'B. Adjusting the placement of ""Brad"".', 'C. Interacting with the word ""Melissa"".', 'D. Making changes to the word ""Emily"".']",multiple,Concurrent
Real-Time Visual Understanding_sample_61_4,Action Perception,What is the hand doing right now?,00:05:17,B,"['A. Cutting another piece of gold foil.', 'B. Tearing off the excess stickers..', 'C. Pressing down on the gold foil.', 'D. Folding the ""Cricut"" sheet.']",multiple,Concurrent
Real-Time Visual Understanding_sample_61_5,Action Perception,"What did the hands do just now with the ""Brad"" name piece?",00:06:43,B,"['A. Held it up to the light.', 'B. Placed and smoothed it down onto the surface.', 'C. Removed a protective layer.', 'D. Dropped it onto the floor.']",multiple,Concurrent
Real-Time Visual Understanding_sample_62_1,Action Perception,What is being displayed right now?,00:00:19,D,"['A. Round, glittery discs with names.', 'B. Text ""How To Resin Over Vinyl"".', 'C. A black screen with text.', 'D. Circular donut keychains with names.']",multiple,Concurrent
Real-Time Visual Understanding_sample_62_2,Action Perception,What did the person do just now?,00:02:23,D,"['A. Presented a respiratory mask from various angles.', 'B. Directed a heat tool at a canvas.', 'C. Disassembled the resin kit.', 'D. Held and examined two round items.']",multiple,Prior
Real-Time Visual Understanding_sample_62_3,Action Perception,What is both hands securing right now?,00:04:20,D,"['A. A transparent sheet onto a blue object.', 'B. A white piece onto a purple circular object.', 'C. A yellow and white crafting tool onto a white speckled piece.', 'D. A transparent tape printed with many patterns on it.']",single,Concurrent
Real-Time Visual Understanding_sample_62_4,Action Perception,What action is the person performing right now?,00:06:19,D,"['A. Measuring ingredients in two cups.', 'B. Pouring liquid into a third container.', 'C. Wearing black gloves.', 'D. Consistently stirring the liquid.']",multiple,Concurrent
Real-Time Visual Understanding_sample_62_5,Action Perception,What did the person do with the lighter just now?,00:08:08,D,"['A. Ignited a match.', 'B. Removed the popsicle stick from the container.', 'C. Adjusted the measurement markings on the container.', 'D. Brought the flame close to a gold glitter-covered top.']",multiple,Prior
Real-Time Visual Understanding_sample_63_1,Action Perception,What is the person doing right now?,00:00:20,A,"['A. Pouring Epoxy Resin Part A into a plastic cup.', 'B. Mixing flower petals in a container.', 'C. Writing names on the keychains.', 'D. Organizing the hexagonal shapes.']",multiple,Concurrent
Real-Time Visual Understanding_sample_63_2,Action Perception,What is currently placed under the hexagonal label?,00:01:59,A,"['A. A small clear container.', 'B. A transparent plastic box with colorful items.', 'C. A mixing stick.', 'D. Tweezers.']",multiple,Concurrent
Real-Time Visual Understanding_sample_63_3,Action Perception,What is the left gloved hand doing right now?,00:03:25,A,"['A. Holding a clear cup with liquid.', 'B. Using a wooden stick to manipulate decorations.', 'C. Placing another hexagon-shaped piece on the workspace.', 'D. Making precise adjustments with a pen-like tool.']",multiple,Concurrent
Real-Time Visual Understanding_sample_63_4,Action Perception,What is the gloved hand doing right now?,00:05:10,A,"['A. Pouring liquid into a hexagonal piece.', 'B. Scraping the surface of the hexagonal piece.', 'C. Adjusting floral and foliage decorations.', 'D. Holding the paintbrush with a pink handle.']",multiple,Concurrent
Real-Time Visual Understanding_sample_63_5,Action Perception,What is the person doing right now?,00:07:22,A,"['A. Attaching the name to the transparent hexagonal object.', 'B. Adjusting the hexagonal piece with their left hand.', 'C. Applying pressure on the green marking with their left hand.', 'D. Using a purple tool to press onto the hexagonal piece.']",single,Concurrent
Real-Time Visual Understanding_sample_64_1,Action Perception,What are the hands doing right now?,00:00:16,D,"['A. Writing the name ""Alli"" on a keychain.', 'B. Holding the box closed.', 'C. Removing the keychain from the packaging.', 'D. Placing the keychain into the packaging.']",single,Concurrent
Real-Time Visual Understanding_sample_64_2,Action Perception,What is the person doing right now?,00:01:57,C,"['A. Picking up a light pink cardboard piece.', 'B. Applying adhesive to a cardboard piece.', 'C. Pressing down a transparent plastic sheet.', 'D. Holding a cylindrical bottle.']",multiple,Concurrent
Real-Time Visual Understanding_sample_64_3,Action Perception,What is the cursor doing right now?,00:03:44,B,"['A. Clicking the ""Undo"" button.', 'B. Selecting multiple icons.', 'C. Opening a subfolder.', 'D. Deleting a document.']",single,Concurrent
Real-Time Visual Understanding_sample_64_4,Action Perception,What did the cursor indicate just now?,00:05:09,C,"['A. Selecting shapes on the canvas.', 'B. Displaying a pop-up menu.', 'C. Moving to the Layers panel on the right.', 'D. Highlighting text input fields.']",multiple,Concurrent
Real-Time Visual Understanding_sample_64_5,Action Perception,What action did the user perform just now?,00:07:00,C,"['A. Selected the ""Score"" tool.', 'B. Added a new shape to the design.', 'C. Chose the ""Medium Cardstock - 80 lb (216 gsm)"" as the base material.', 'D. Connected the Maker 3.']",multiple,Prior
Real-Time Visual Understanding_sample_65_1,Action Perception,What is being shown on the screen right now?,00:00:05,D,"['A. A dark background displaying ""Leopard Glitter Keychains.""', 'B. Instructions for using a cutting machine.', 'C. The Cricut Joy software interface with design options.', 'D. A hand holding glittery leopard print keychains.']",single,Concurrent
Real-Time Visual Understanding_sample_65_2,Action Perception,What action is being performed right now?,00:02:00,D,"['A. Loading a sheet into the machine.', 'B. Pulling out a sheet from the machine.', 'C. Labeling the material.', 'D. Cutting the material vertically.']",multiple,Concurrent
Real-Time Visual Understanding_sample_65_3,Action Perception,What are the hands doing right now?,00:03:13,D,"['A. Drawing on a piece of paper', 'B. Washing the stencil', 'C. Lifting the stencil off the mat', 'D. Applying a label to a stencil']",single,Concurrent
Real-Time Visual Understanding_sample_65_4,Action Perception,What is the right hand doing right now?,00:05:17,D,"['A. Applying a layer of red glitter.', 'B. Holding a pair of cups.', 'C. Removing glitter from the object.', 'D. Spreading golden glitter evenly over the white round object.']",single,Concurrent
Real-Time Visual Understanding_sample_65_5,Action Perception,What are the hands doing right now?,00:06:56,D,"['A. Pulling the adhesive backing upwards.', ""B. Adjusting the paper's position on the coaster."", 'C. Inspecting the adhesive surface on the paper.', 'D. Placing the adhesive-applied paper against the golden round object.']",single,Concurrent
Real-Time Visual Understanding_sample_66_1,Action Perception,What is the camera focusing on right now?,00:00:12,C,"['A. The entire collection of bookmarks.', 'B. A pink bookmark with the name ""Kristi.""', 'C. A black bookmark with the name ""Samantha.""', 'D. A beige bookmark with no name.']",single,Concurrent
Real-Time Visual Understanding_sample_66_2,Action Perception,What are the hands in black gloves doing right now?,00:02:19,C,"['A. Displaying the ""RIYA Milk Tea Gold"" mica powder packet.', 'B. Opening another mica powder packet.', 'C. Stirring the mixture in a small container.', 'D. Cleaning the white plate.']",single,Concurrent
Real-Time Visual Understanding_sample_66_3,Action Perception,What is the person doing right now?,00:04:19,C,"[""A. Pouring a pinkish mixture into a mold's middle compartment."", 'B. Adjusting the mixture in the middle compartment with a wooden stick.', 'C. Pouring the gold mixture into the top compartment and adjusting the flakes.', 'D. Holding the transparent cup without pouring.']",multiple,Concurrent
Real-Time Visual Understanding_sample_66_4,Action Perception,What is happening with the gold sheet right now?,00:06:26,C,"['A. The gold sheet is being painted.', 'B. The cutting tool is engraving letters.', 'C. The engravings are being cleaned.', 'D. The sheet is being folded.']",multiple,Concurrent
Real-Time Visual Understanding_sample_66_5,Action Perception,What is the person doing right now?,00:08:19,B,"['A. Writing on a gray grid mat.', 'B. Supplementing the edges of the black nameplate with gold.', 'C. Picking up another name tag.', 'D. Inspecting the marker closely.']",multiple,Concurrent
Real-Time Visual Understanding_sample_67_1,Action Perception,What did the cursor do just now?,00:00:08,B,"[""A. Click on the 'Edit' button."", ""B. Click on the 'Upload Image' button."", 'C. Drag a file into the upload area.', 'D. Select a pattern fill option.']",multiple,Concurrent
Real-Time Visual Understanding_sample_67_2,Action Perception,What is the person doing right now?,00:02:19,C,"['A. Adjusting the positioning of the soccer ball outline.', 'B. Reorganizing the ""Home"" name tag.', 'C. Tearing off the paper from the back of the white ring.', 'D. Weeding the ""Tracy"" decal.']",single,Concurrent
Real-Time Visual Understanding_sample_67_3,Action Perception,What is the person doing right now?,00:04:36,C,"['A. Removing the transparent covering from the ""JOSH"" item.', 'B. Holding the white circular item aloft for inspection.', 'C. Removing the thin film from the surface of the green tennis ball icon.', 'D. Reaching for another adhesive design.']",multiple,Concurrent
Real-Time Visual Understanding_sample_67_4,Action Perception,What is the person doing right now?,00:06:16,B,"['A. Tearing the name ""JOSH"" sticker.', 'B. Applying the ""Nathan"" name card to the baseball sticker.', 'C. Cutting a new circular sticker.', 'D. Reaching for the ""Ryan"" sticker.']",multiple,Concurrent
Real-Time Visual Understanding_sample_67_5,Action Perception,What is the person doing right now?,00:08:19,C,"['A. Pouring the liquid into the cup.', 'B. Placing the cap back on the first bottle.', 'C. Pouring the white granules from the pink bottle slowly into the cup.', 'D. Holding the cup and bottle separately.']",multiple,Concurrent
Real-Time Visual Understanding_sample_68_1,Action Perception,What is the person doing right now?,00:00:19,C,"['A. Zooming in on the plastic containers.', 'B. Cutting along the line dividing the brown object.', 'C. Peeling off a section of the brown object.', 'D. Arranging flowers in the containers.']",single,Concurrent
Real-Time Visual Understanding_sample_68_2,Action Perception,What is the gloved hand doing right now?,00:02:00,C,"['A. Adjusting the heat on the stove top.', 'B. Painting the coaster into a solid color.', 'C. Adjusting the position of the flower on the brown ring.', 'D. Picking up the coaster.']",multiple,Concurrent
Real-Time Visual Understanding_sample_68_3,Action Perception,What is the black-gloved hand doing right now?,00:03:26,C,"['A. Repositioning the white ceramic bowl.', 'B. Stirring the paintbrush in the bowl.', 'C. Adjusting the flowers with a bamboo stick.', 'D. Adjusting the blue cutting mat.']",single,Concurrent
Real-Time Visual Understanding_sample_68_4,Action Perception,What is the person doing right now?,00:04:55,A,"['A. Pouring resin into the circular mold.', 'B. Mixing colors in a bowl.', 'C. Arranging flowers on a table.', 'D. Stacking plastic cups.']",multiple,Concurrent
Real-Time Visual Understanding_sample_68_5,Action Perception,What action is being performed with the hands right now?,00:06:43,B,"['A. Painting the circular object.', 'B. Peeling off a gold-colored material.', 'C. Polishing the circular object.', 'D. Cutting the circular object into pieces.']",single,Concurrent
Real-Time Visual Understanding_sample_69_1,Action Perception,What was held up close to the camera right now?,00:00:09,A,"['A. Two Christmas ornaments.', 'B. A pair of painted canvases.', 'C. A set of colorful ribbons.', 'D. Two Christmas cards.']",single,Concurrent
Real-Time Visual Understanding_sample_69_2,Action Perception,What did the right hand do just now?,00:01:19,B,"['A. Picked up the blue paint tube.', 'B. Picked up and shook the transparent plastic sphere.', 'C. Squeezed the white paint tube.', 'D. Put down the green paint tube.']",multiple,Concurrent
Real-Time Visual Understanding_sample_69_3,Action Perception,What is the person doing right now?,00:02:24,B,"['A. Painting the sphere.', ""B. Wiping the sphere's surface."", 'C. Mixing paint colors.', 'D. Discarding the paint tubes.']",multiple,Concurrent
Real-Time Visual Understanding_sample_69_4,Action Perception,What is the person doing right now?,00:03:15,C,"['A. Add blue-green paint to the bauble.', 'B. Squeeze more black paint into the bauble.', 'C. Lift the bauble to show the paint inside.', 'D. Clean the paint tubes.']",multiple,Concurrent
Real-Time Visual Understanding_sample_69_5,Action Perception,What are the hands doing right now?,00:03:53,B,"['A. Applying paint to the ornament.', 'B. Rotating the ornament to reveal different perspectives.', 'C. Placing the ornament back on the towel.', 'D. Cleaning the paint tubes.']",single,Concurrent
Real-Time Visual Understanding_sample_70_1,Action Perception,What is the person doing right now?,00:00:20,A,"['A. Displaying the round wooden board engraved with ""Johnson"" on it.', 'B. Engraving the word ""JOHNSON"" on the board.', 'C. Changing the perspective of the view.', 'D. Cleaning the cutting board with a cloth.']",multiple,Concurrent
Real-Time Visual Understanding_sample_70_2,Action Perception,What is happening to the computer screen design interface right now?,00:02:41,A,"['A. The two black horizontal lines turned red.', 'B. The design interface is closing suddenly.', 'C. New icons are appearing in the toolbar.', 'D. The mandala artwork is being deleted.']",multiple,Concurrent
Real-Time Visual Understanding_sample_70_3,Action Perception,What action is the viewer taking right now?,00:03:43,A,"['A. Adjusting the font of the center.', 'B. Adjusting the grid layout.', 'C. Selecting a new tool.', 'D. Zooming in on the mandala design.']",single,Concurrent
Real-Time Visual Understanding_sample_70_4,Action Perception,What is the person doing right now?,00:06:19,A,"['A. Peeling off the stickers on the picture one by one.', 'B. Adjusting tape.', 'C. Using a lint roller.', 'D. Cutting the paper.']",single,Concurrent
Real-Time Visual Understanding_sample_70_5,Action Perception,What is the person doing right now?,00:08:13,A,"['A. Cutting off the top portion of the paper.', 'B. Folding the paper along the edge of the design.', 'C. Lifting a pair of black-handled scissors.', 'D. Aligning the ruler with the grid lines on the cutting mat.']",multiple,Concurrent
Real-Time Visual Understanding_sample_71_1,Counting,How many times in total have movie clips been inserted during this person's explanation so far?,00:00:18,A,"['A. 0.', 'B. 1.', 'C. 3.', 'D. 4.']",multiple,Concurrent
Real-Time Visual Understanding_sample_71_2,Counting,How many times in total have movie clips been inserted during this person's explanation so far?,00:00:58,A,"['A. 0.', 'B. 1.', 'C. 3.', 'D. 4.']",multiple,Concurrent
Real-Time Visual Understanding_sample_71_3,Counting,How many times in total have movie clips been inserted during this person's explanation so far?,00:02:18,A,"['A. 0.', 'B. 1.', 'C. 3.', 'D. 4.']",multiple,Concurrent
Real-Time Visual Understanding_sample_71_4,Counting,How many times in total have movie clips been inserted during this person's explanation so far?,00:02:58,A,"['A. 0.', 'B. 1.', 'C. 3.', 'D. 4.']",multiple,Concurrent
Real-Time Visual Understanding_sample_71_5,Counting,How many times in total have movie clips been inserted during this person's explanation so far?,00:05:18,A,"['A. 0.', 'B. 1.', 'C. 3.', 'D. 4.']",multiple,Concurrent
Real-Time Visual Understanding_sample_72_1,Counting,How many times in total have movie clips been inserted during this person's explanation so far?,00:03:12,A,"['A. 1.', 'B. 3.', 'C. 4.', 'D. 0.']",multiple,Concurrent
Real-Time Visual Understanding_sample_72_2,Counting,How many times in total have movie clips been inserted during this person's explanation so far?,00:03:28,B,"['A. 1.', 'B. 2.', 'C. 4.', 'D. 0.']",multiple,Concurrent
Real-Time Visual Understanding_sample_72_3,Counting,How many times in total have movie clips been inserted during this person's explanation so far?,00:04:22,B,"['A. 1.', 'B. 3.', 'C. 4.', 'D. 0.']",multiple,Concurrent
Real-Time Visual Understanding_sample_72_4,Counting,How many times in total have movie clips been inserted during this person's explanation so far?,00:05:18,C,"['A. 1.', 'B. 3.', 'C. 4.', 'D. 5.']",multiple,Concurrent
Real-Time Visual Understanding_sample_72_5,Counting,How many times in total have movie clips been inserted during this person's explanation so far?,00:13:30,D,"['A. 10.', 'B. 11.', 'C. 12.', 'D. 13.']",multiple,Concurrent
Real-Time Visual Understanding_sample_73_1,Counting,How many times in total have movie clips been inserted during this person's explanation so far?,00:03:12,A,"['A. 2.', 'B. 3.', 'C. 4.', 'D. 0.']",multiple,Concurrent
Real-Time Visual Understanding_sample_73_2,Counting,How many times in total have movie clips been inserted during this person's explanation so far?,00:04:31,B,"['A. 1.', 'B. 4.', 'C. 2.', 'D. 0.']",multiple,Concurrent
Real-Time Visual Understanding_sample_73_3,Counting,How many times in total have movie clips been inserted during this person's explanation so far?,00:05:18,D,"['A. 1.', 'B. 3.', 'C. 2.', 'D. 5.']",multiple,Concurrent
Real-Time Visual Understanding_sample_73_4,Counting,How many times in total have movie clips been inserted during this person's explanation so far?,00:07:18,C,"['A. 1.', 'B. 3.', 'C. 7.', 'D. 5.']",multiple,Concurrent
Real-Time Visual Understanding_sample_73_5,Counting,How many times in total have movie clips been inserted during this person's explanation so far?,00:12:21,B,"['A. 10.', 'B. 11.', 'C. 9.', 'D. 12.']",multiple,Concurrent
Real-Time Visual Understanding_sample_74_1,Counting,How many times in total have movie clips been inserted during this person's explanation so far?,00:03:18,A,"['A. 2.', 'B. 3.', 'C. 4.', 'D. 0.']",multiple,Concurrent
Real-Time Visual Understanding_sample_74_2,Counting,How many times in total have movie clips been inserted during this person's explanation so far?,00:04:31,B,"['A. 4.', 'B. 5.', 'C. 3.', 'D. 2.']",multiple,Concurrent
Real-Time Visual Understanding_sample_74_3,Counting,How many times in total have movie clips been inserted during this person's explanation so far?,00:05:18,D,"['A. 1.', 'B. 3.', 'C. 2.', 'D. 5.']",multiple,Concurrent
Real-Time Visual Understanding_sample_74_4,Counting,How many times in total have movie clips been inserted during this person's explanation so far?,00:07:18,C,"['A. 1.', 'B. 3.', 'C. 5.', 'D. 7.']",multiple,Concurrent
Real-Time Visual Understanding_sample_74_5,Counting,How many times in total have movie clips been inserted during this person's explanation so far?,00:08:11,B,"['A. 5.', 'B. 6.', 'C. 7.', 'D. 8.']",multiple,Concurrent
Real-Time Visual Understanding_sample_75_1,Counting,How many times in total have movie clips been inserted during this person's explanation so far?,00:00:18,D,"['A. 2.', 'B. 3.', 'C. 4.', 'D. 0.']",multiple,Concurrent
Real-Time Visual Understanding_sample_75_2,Counting,How many times in total have movie clips been inserted during this person's explanation so far?,00:03:23,B,"['A. 2.', 'B. 3.', 'C. 4.', 'D. 0.']",multiple,Concurrent
Real-Time Visual Understanding_sample_75_3,Counting,How many times in total have movie clips been inserted during this person's explanation so far?,00:04:31,B,"['A. 4.', 'B. 5.', 'C. 3.', 'D. 2.']",multiple,Concurrent
Real-Time Visual Understanding_sample_75_4,Counting,How many times in total have movie clips been inserted during this person's explanation so far?,00:05:18,D,"['A. 1.', 'B. 3.', 'C. 2.', 'D. 5.']",multiple,Concurrent
Real-Time Visual Understanding_sample_75_5,Counting,How many times in total have movie clips been inserted during this person's explanation so far?,00:06:37,D,"['A. 1.', 'B. 3.', 'C. 5.', 'D. 7.']",multiple,Concurrent
Real-Time Visual Understanding_sample_76_1,Counting,How many times in total have movie clips been inserted during this person's explanation so far?,00:00:18,A,"['A. 0.', 'B. 2.', 'C. 3.', 'D. 4.']",multiple,Concurrent
Real-Time Visual Understanding_sample_76_2,Counting,How many times in total have movie clips been inserted during this person's explanation so far?,00:03:23,A,"['A. 3.', 'B. 2.', 'C. 4.', 'D. 0.']",multiple,Concurrent
Real-Time Visual Understanding_sample_76_3,Counting,How many times in total have movie clips been inserted during this person's explanation so far?,00:04:31,A,"['A. 4.', 'B. 5.', 'C. 3.', 'D. 2.']",multiple,Concurrent
Real-Time Visual Understanding_sample_76_4,Counting,How many times in total have movie clips been inserted during this person's explanation so far?,00:05:18,A,"['A. 4.', 'B. 1.', 'C. 3.', 'D. 2.']",multiple,Concurrent
Real-Time Visual Understanding_sample_76_5,Counting,How many times in total have movie clips been inserted during this person's explanation so far?,00:07:07,A,"['A. 5.', 'B. 1.', 'C. 3.', 'D. 7.']",multiple,Concurrent
Real-Time Visual Understanding_sample_77_1,Counting,How many times in total have movie clips been inserted during this person's explanation so far?,00:00:18,C,"['A. 2.', 'B. 3.', 'C. 0.', 'D. 4.']",multiple,Concurrent
Real-Time Visual Understanding_sample_77_2,Counting,How many times in total have movie clips been inserted during this person's explanation so far?,00:03:28,C,"['A. 2.', 'B. 4.', 'C. 6.', 'D. 0.']",multiple,Concurrent
Real-Time Visual Understanding_sample_77_3,Counting,How many times in total have movie clips been inserted during this person's explanation so far?,00:04:31,C,"['A. 8.', 'B. 7.', 'C. 9.', 'D. 10.']",multiple,Concurrent
Real-Time Visual Understanding_sample_77_4,Counting,How many times in total have movie clips been inserted during this person's explanation so far?,00:05:18,C,"['A. 10.', 'B. 7.', 'C. 9.', 'D. 8.']",multiple,Concurrent
Real-Time Visual Understanding_sample_77_5,Counting,How many times in total have movie clips been inserted during this person's explanation so far?,00:07:07,C,"['A. 13.', 'B. 10.', 'C. 12.', 'D. 11.']",multiple,Concurrent
Real-Time Visual Understanding_sample_78_1,Counting,How many times in total have movie clips been inserted during this person's explanation so far?,00:00:18,C,"['A. 2.', 'B. 3.', 'C. 0.', 'D. 4.']",multiple,Concurrent
Real-Time Visual Understanding_sample_78_2,Counting,How many times in total have movie clips been inserted during this person's explanation so far?,00:03:05,C,"['A. 2.', 'B. 4.', 'C. 3.', 'D. 0.']",multiple,Concurrent
Real-Time Visual Understanding_sample_78_3,Counting,How many times in total have movie clips been inserted during this person's explanation so far?,00:04:02,C,"['A. 5.', 'B. 6.', 'C. 4.', 'D. 3.']",multiple,Concurrent
Real-Time Visual Understanding_sample_78_4,Counting,How many times in total have movie clips been inserted during this person's explanation so far?,00:05:01,C,"['A. 2.', 'B. 3.', 'C. 4.', 'D. 5.']",multiple,Concurrent
Real-Time Visual Understanding_sample_78_5,Counting,How many times in total have movie clips been inserted during this person's explanation so far?,00:05:33,C,"['A. 2.', 'B. 3.', 'C. 4.', 'D. 5.']",multiple,Concurrent
Real-Time Visual Understanding_sample_79_1,Counting,How many times in total have movie clips been inserted during this person's explanation so far?,00:00:18,C,"['A. 2.', 'B. 3.', 'C. 0.', 'D. 4.']",multiple,Concurrent
Real-Time Visual Understanding_sample_79_2,Counting,How many times in total have movie clips been inserted during this person's explanation so far?,00:03:05,C,"['A. 3.', 'B. 4.', 'C. 2.', 'D. 0.']",multiple,Concurrent
Real-Time Visual Understanding_sample_79_3,Counting,How many times in total have movie clips been inserted during this person's explanation so far?,00:04:02,C,"['A. 5.', 'B. 6.', 'C. 3.', 'D. 4.']",multiple,Concurrent
Real-Time Visual Understanding_sample_79_4,Counting,How many times in total have movie clips been inserted during this person's explanation so far?,00:05:01,C,"['A. 2.', 'B. 5.', 'C. 3.', 'D. 4.']",multiple,Concurrent
Real-Time Visual Understanding_sample_79_5,Counting,How many times in total have movie clips been inserted during this person's explanation so far?,00:05:33,C,"['A. 2.', 'B. 3.', 'C. 4.', 'D. 5.']",multiple,Concurrent
Real-Time Visual Understanding_sample_80_1,Counting,How many times in total have movie clips been inserted during this person's explanation so far?,00:00:18,D,"['A. 2.', 'B. 3.', 'C. 4.', 'D. 0.']",multiple,Concurrent
Real-Time Visual Understanding_sample_80_2,Counting,How many times in total have movie clips been inserted during this person's explanation so far?,00:03:05,A,"['A. 2.', 'B. 3.', 'C. 4.', 'D. 0.']",multiple,Concurrent
Real-Time Visual Understanding_sample_80_3,Counting,How many times in total have movie clips been inserted during this person's explanation so far?,00:04:02,A,"['A. 2.', 'B. 3.', 'C. 6.', 'D. 4.']",multiple,Concurrent
Real-Time Visual Understanding_sample_80_4,Counting,How many times in total have movie clips been inserted during this person's explanation so far?,00:05:01,B,"['A. 2.', 'B. 5.', 'C. 3.', 'D. 4.']",multiple,Concurrent
Real-Time Visual Understanding_sample_80_5,Counting,How many times in total have movie clips been inserted during this person's explanation so far?,00:05:33,D,"['A. 2.', 'B. 3.', 'C. 5.', 'D. 6.']",multiple,Concurrent
Real-Time Visual Understanding_sample_81_1,Counting,How many times in total have movie clips been inserted during this person's explanation so far?,00:00:18,D,"['A. 2.', 'B. 3.', 'C. 4.', 'D. 0.']",multiple,Concurrent
Real-Time Visual Understanding_sample_81_2,Counting,How many times in total have movie clips been inserted during this person's explanation so far?,00:03:46,A,"['A. 6.', 'B. 5.', 'C. 4.', 'D. 0.']",multiple,Concurrent
Real-Time Visual Understanding_sample_81_3,Counting,How many times in total have movie clips been inserted during this person's explanation so far?,00:04:02,C,"['A. 2.', 'B. 3.', 'C. 6.', 'D. 4.']",multiple,Concurrent
Real-Time Visual Understanding_sample_81_4,Counting,How many times in total have movie clips been inserted during this person's explanation so far?,00:05:01,B,"['A. 2.', 'B. 7.', 'C. 6.', 'D. 8.']",multiple,Concurrent
Real-Time Visual Understanding_sample_81_5,Counting,How many times in total have movie clips been inserted during this person's explanation so far?,00:05:33,D,"['A. 5.', 'B. 8.', 'C. 6.', 'D. 7.']",multiple,Concurrent
Real-Time Visual Understanding_sample_82_1,Counting,How many times in total have movie clips been inserted during this person's explanation so far?,00:00:18,A,"['A. 0.', 'B. 2.', 'C. 3.', 'D. 4.']",multiple,Concurrent
Real-Time Visual Understanding_sample_82_2,Counting,How many times in total have movie clips been inserted during this person's explanation so far?,00:03:07,A,"['A. 5.', 'B. 6.', 'C. 4.', 'D. 0.']",multiple,Concurrent
Real-Time Visual Understanding_sample_82_3,Counting,How many times in total have movie clips been inserted during this person's explanation so far?,00:04:09,A,"['A. 6.', 'B. 2.', 'C. 3.', 'D. 4.']",multiple,Concurrent
Real-Time Visual Understanding_sample_82_4,Counting,How many times in total have movie clips been inserted during this person's explanation so far?,00:05:01,A,"['A. 7.', 'B. 2.', 'C. 6.', 'D. 8.']",multiple,Concurrent
Real-Time Visual Understanding_sample_82_5,Counting,How many times in total have movie clips been inserted during this person's explanation so far?,00:05:33,A,"['A. 9.', 'B. 5.', 'C. 8.', 'D. 6.']",multiple,Concurrent
Real-Time Visual Understanding_sample_83_1,Counting,How many times in total have movie clips been inserted during this person's explanation so far?,00:00:58,A,"['A. 1.', 'B. 2.', 'C. 3.', 'D. 4.']",multiple,Concurrent
Real-Time Visual Understanding_sample_83_2,Counting,How many times in total have movie clips been inserted during this person's explanation so far?,00:03:07,A,"['A. 6.', 'B. 5.', 'C. 4.', 'D. 0.']",multiple,Concurrent
Real-Time Visual Understanding_sample_83_3,Counting,How many times in total have movie clips been inserted during this person's explanation so far?,00:04:02,A,"['A. 7.', 'B. 2.', 'C. 3.', 'D. 6.']",multiple,Concurrent
Real-Time Visual Understanding_sample_83_4,Counting,How many times in total have movie clips been inserted during this person's explanation so far?,00:05:01,A,"['A. 8.', 'B. 2.', 'C. 7.', 'D. 6.']",multiple,Concurrent
Real-Time Visual Understanding_sample_83_5,Counting,How many times in total have movie clips been inserted during this person's explanation so far?,00:05:33,A,"['A. 9.', 'B. 5.', 'C. 8.', 'D. 6.']",multiple,Concurrent
Real-Time Visual Understanding_sample_84_1,Counting,How many times in total have movie clips been inserted during this person's explanation so far?,00:00:18,A,"['A. 0.', 'B. 2.', 'C. 3.', 'D. 4.']",multiple,Concurrent
Real-Time Visual Understanding_sample_84_2,Counting,How many times in total have movie clips been inserted during this person's explanation so far?,00:03:07,A,"['A. 4.', 'B. 5.', 'C. 6.', 'D. 0.']",multiple,Concurrent
Real-Time Visual Understanding_sample_84_3,Counting,How many times in total have movie clips been inserted during this person's explanation so far?,00:04:02,A,"['A. 5.', 'B. 2.', 'C. 3.', 'D. 6.']",multiple,Concurrent
Real-Time Visual Understanding_sample_84_4,Counting,How many times in total have movie clips been inserted during this person's explanation so far?,00:05:01,A,"['A. 5.', 'B. 2.', 'C. 7.', 'D. 6.']",multiple,Concurrent
Real-Time Visual Understanding_sample_84_5,Counting,How many times in total have movie clips been inserted during this person's explanation so far?,00:06:00,A,"['A. 7.', 'B. 5.', 'C. 8.', 'D. 6.']",multiple,Concurrent
Real-Time Visual Understanding_sample_85_1,Counting,How many times in total have movie clips been inserted during this person's explanation so far?,00:00:18,A,"['A. 0.', 'B. 2.', 'C. 3.', 'D. 4.']",multiple,Concurrent
Real-Time Visual Understanding_sample_85_2,Counting,How many times in total have movie clips been inserted during this person's explanation so far?,00:03:07,A,"['A. 2.', 'B. 5.', 'C. 6.', 'D. 0.']",multiple,Concurrent
Real-Time Visual Understanding_sample_85_3,Counting,How many times in total have movie clips been inserted during this person's explanation so far?,00:04:02,A,"['A. 4.', 'B. 2.', 'C. 3.', 'D. 6.']",multiple,Concurrent
Real-Time Visual Understanding_sample_85_4,Counting,How many times in total have movie clips been inserted during this person's explanation so far?,00:05:01,A,"['A. 7.', 'B. 2.', 'C. 5.', 'D. 6.']",multiple,Concurrent
Real-Time Visual Understanding_sample_85_5,Counting,How many times in total have movie clips been inserted during this person's explanation so far?,00:06:55,A,"['A. 8.', 'B. 5.', 'C. 4.', 'D. 6.']",multiple,Concurrent
Real-Time Visual Understanding_sample_86_1,Counting,How many times in total have movie clips been inserted during this person's explanation so far?,00:00:18,D,"['A. 2.', 'B. 3.', 'C. 4.', 'D. 0.']",multiple,Concurrent
Real-Time Visual Understanding_sample_86_2,Counting,How many times in total have movie clips been inserted during this person's explanation so far?,00:03:42,A,"['A. 3.', 'B. 5.', 'C. 6.', 'D. 0.']",multiple,Concurrent
Real-Time Visual Understanding_sample_86_3,Counting,How many times in total have movie clips been inserted during this person's explanation so far?,00:04:02,C,"['A. 2.', 'B. 4.', 'C. 3.', 'D. 6.']",multiple,Concurrent
Real-Time Visual Understanding_sample_86_4,Counting,How many times in total have movie clips been inserted during this person's explanation so far?,00:05:01,C,"['A. 2.', 'B. 5.', 'C. 4.', 'D. 6.']",multiple,Concurrent
Real-Time Visual Understanding_sample_86_5,Counting,How many times in total have movie clips been inserted during this person's explanation so far?,00:06:19,D,"['A. 4.', 'B. 8.', 'C. 6.', 'D. 5.']",multiple,Concurrent
Real-Time Visual Understanding_sample_87_1,Counting,How many times in total have movie clips been inserted during this person's explanation so far?,00:00:16,D,"['A. 2.', 'B. 3.', 'C. 4.', 'D. 0.']",multiple,Concurrent
Real-Time Visual Understanding_sample_87_2,Counting,How many times in total have movie clips been inserted during this person's explanation so far?,00:03:04,A,"['A. 4.', 'B. 5.', 'C. 6.', 'D. 0.']",multiple,Concurrent
Real-Time Visual Understanding_sample_87_3,Counting,How many times in total have movie clips been inserted during this person's explanation so far?,00:04:11,B,"['A. 2.', 'B. 4.', 'C. 3.', 'D. 6.']",multiple,Concurrent
Real-Time Visual Understanding_sample_87_4,Counting,How many times in total have movie clips been inserted during this person's explanation so far?,00:05:01,C,"['A. 2.', 'B. 5.', 'C. 4.', 'D. 6.']",multiple,Concurrent
Real-Time Visual Understanding_sample_87_5,Counting,How many times in total have movie clips been inserted during this person's explanation so far?,00:06:19,D,"['A. 4.', 'B. 8.', 'C. 6.', 'D. 5.']",multiple,Concurrent
Real-Time Visual Understanding_sample_88_1,Counting,How many times in total have movie clips been inserted during this person's explanation so far?,00:00:16,D,"['A. 2.', 'B. 3.', 'C. 4.', 'D. 0.']",multiple,Prior
Real-Time Visual Understanding_sample_88_2,Counting,How many times in total have movie clips been inserted during this person's explanation so far?,00:03:08,A,"['A. 4.', 'B. 5.', 'C. 6.', 'D. 0.']",multiple,Concurrent
Real-Time Visual Understanding_sample_88_3,Counting,How many times in total have movie clips been inserted during this person's explanation so far?,00:04:11,B,"['A. 2.', 'B. 4.', 'C. 3.', 'D. 6.']",multiple,Concurrent
Real-Time Visual Understanding_sample_88_4,Counting,How many times in total have movie clips been inserted during this person's explanation so far?,00:05:01,B,"['A. 2.', 'B. 5.', 'C. 4.', 'D. 6.']",multiple,Concurrent
Real-Time Visual Understanding_sample_88_5,Counting,How many times in total have movie clips been inserted during this person's explanation so far?,00:06:19,D,"['A. 4.', 'B. 8.', 'C. 6.', 'D. 7.']",multiple,Concurrent
Real-Time Visual Understanding_sample_89_1,Counting,How many times in total have movie clips been inserted during this person's explanation so far?,00:00:16,D,"['A. 2.', 'B. 3.', 'C. 4.', 'D. 0.']",multiple,Concurrent
Real-Time Visual Understanding_sample_89_2,Counting,How many times in total have movie clips been inserted during this person's explanation so far?,00:03:34,A,"['A. 3.', 'B. 5.', 'C. 6.', 'D. 0.']",multiple,Concurrent
Real-Time Visual Understanding_sample_89_3,Counting,How many times in total have movie clips been inserted during this person's explanation so far?,00:04:21,B,"['A. 2.', 'B. 4.', 'C. 3.', 'D. 6.']",multiple,Concurrent
Real-Time Visual Understanding_sample_89_4,Counting,How many times in total have movie clips been inserted during this person's explanation so far?,00:05:19,B,"['A. 2.', 'B. 5.', 'C. 4.', 'D. 6.']",multiple,Concurrent
Real-Time Visual Understanding_sample_89_5,Counting,How many times in total have movie clips been inserted during this person's explanation so far?,00:06:19,C,"['A. 4.', 'B. 8.', 'C. 6.', 'D. 7.']",multiple,Concurrent
Real-Time Visual Understanding_sample_90_1,Counting,How many times in total have movie clips been inserted during this person's explanation so far?,00:00:16,D,"['A. 2.', 'B. 3.', 'C. 4.', 'D. 0.']",multiple,Concurrent
Real-Time Visual Understanding_sample_90_2,Counting,How many times in total have movie clips been inserted during this person's explanation so far?,00:03:44,B,"['A. 3.', 'B. 5.', 'C. 6.', 'D. 0.']",multiple,Concurrent
Real-Time Visual Understanding_sample_90_3,Counting,How many times in total have movie clips been inserted during this person's explanation so far?,00:04:14,D,"['A. 2.', 'B. 4.', 'C. 3.', 'D. 6.']",multiple,Concurrent
Real-Time Visual Understanding_sample_90_4,Counting,How many times in total have movie clips been inserted during this person's explanation so far?,00:05:27,B,"['A. 2.', 'B. 8.', 'C. 4.', 'D. 6.']",multiple,Concurrent
Real-Time Visual Understanding_sample_90_5,Counting,How many times in total have movie clips been inserted during this person's explanation so far?,00:06:24,C,"['A. 4.', 'B. 8.', 'C. 10.', 'D. 7.']",multiple,Concurrent
Real-Time Visual Understanding_sample_91_1,Counting,How many times in total have movie clips been inserted during this person's explanation so far?,00:00:16,D,"['A. 2.', 'B. 3.', 'C. 4.', 'D. 0.']",multiple,Concurrent
Real-Time Visual Understanding_sample_91_2,Counting,How many times in total have movie clips been inserted during this person's explanation so far?,00:00:37,D,"['A. 2.', 'B. 3.', 'C. 4.', 'D. 0.']",multiple,Concurrent
Real-Time Visual Understanding_sample_91_3,Counting,How many times in total have movie clips been inserted during this person's explanation so far?,00:03:16,B,"['A. 3.', 'B. 5.', 'C. 6.', 'D. 0.']",multiple,Concurrent
Real-Time Visual Understanding_sample_91_4,Counting,How many times in total have movie clips been inserted during this person's explanation so far?,00:04:14,D,"['A. 2.', 'B. 4.', 'C. 3.', 'D. 6.']",multiple,Concurrent
Real-Time Visual Understanding_sample_91_5,Counting,How many times in total have movie clips been inserted during this person's explanation so far?,00:05:13,B,"['A. 2.', 'B. 9.', 'C. 8.', 'D. 6.']",multiple,Concurrent
Real-Time Visual Understanding_sample_92_1,Counting,How many times in total have movie clips been inserted during this person's explanation so far?,00:00:16,D,"['A. 2.', 'B. 3.', 'C. 4.', 'D. 0.']",multiple,Concurrent
Real-Time Visual Understanding_sample_92_2,Counting,How many times in total have movie clips been inserted during this person's explanation so far?,00:00:45,D,"['A. 2.', 'B. 3.', 'C. 4.', 'D. 1.']",multiple,Concurrent
Real-Time Visual Understanding_sample_92_3,Counting,How many times in total have movie clips been inserted during this person's explanation so far?,00:03:32,B,"['A. 3.', 'B. 5.', 'C. 6.', 'D. 0.']",multiple,Concurrent
Real-Time Visual Understanding_sample_92_4,Counting,How many times in total have movie clips been inserted during this person's explanation so far?,00:04:10,D,"['A. 2.', 'B. 4.', 'C. 3.', 'D. 6.']",multiple,Concurrent
Real-Time Visual Understanding_sample_92_5,Counting,How many times in total have movie clips been inserted during this person's explanation so far?,00:05:17,B,"['A. 2.', 'B. 9.', 'C. 8.', 'D. 6.']",multiple,Concurrent
Real-Time Visual Understanding_sample_93_1,Counting,How many times in total have movie clips been inserted during this person's explanation so far?,00:00:16,D,"['A. 2.', 'B. 3.', 'C. 4.', 'D. 0.']",multiple,Concurrent
Real-Time Visual Understanding_sample_93_2,Counting,How many times in total have movie clips been inserted during this person's explanation so far?,00:01:14,D,"['A. 2.', 'B. 3.', 'C. 4.', 'D. 1.']",multiple,Concurrent
Real-Time Visual Understanding_sample_93_3,Counting,How many times in total have movie clips been inserted during this person's explanation so far?,00:03:26,B,"['A. 3.', 'B. 4.', 'C. 6.', 'D. 0.']",multiple,Concurrent
Real-Time Visual Understanding_sample_93_4,Counting,How many times in total have movie clips been inserted during this person's explanation so far?,00:04:07,D,"['A. 2.', 'B. 4.', 'C. 3.', 'D. 5.']",multiple,Concurrent
Real-Time Visual Understanding_sample_93_5,Counting,How many times in total have movie clips been inserted during this person's explanation so far?,00:05:31,B,"['A. 2.', 'B. 7.', 'C. 8.', 'D. 6.']",multiple,Concurrent
Real-Time Visual Understanding_sample_94_1,Counting,How many times in total have movie clips been inserted during this person's explanation so far?,00:00:16,D,"['A. 2.', 'B. 3.', 'C. 4.', 'D. 0.']",multiple,Concurrent
Real-Time Visual Understanding_sample_94_2,Counting,How many times in total have movie clips been inserted during this person's explanation so far?,00:01:15,A,"['A. 2.', 'B. 3.', 'C. 4.', 'D. 1.']",multiple,Concurrent
Real-Time Visual Understanding_sample_94_3,Counting,How many times in total have movie clips been inserted during this person's explanation so far?,00:03:32,C,"['A. 3.', 'B. 4.', 'C. 6.', 'D. 0.']",multiple,Concurrent
Real-Time Visual Understanding_sample_94_4,Counting,How many times in total have movie clips been inserted during this person's explanation so far?,00:04:18,D,"['A. 2.', 'B. 4.', 'C. 3.', 'D. 7.']",multiple,Concurrent
Real-Time Visual Understanding_sample_94_5,Counting,How many times in total have movie clips been inserted during this person's explanation so far?,00:05:40,B,"['A. 2.', 'B. 10.', 'C. 9.', 'D. 6.']",multiple,Concurrent
Real-Time Visual Understanding_sample_95_1,Counting,How many times in total have movie clips been inserted during this person's explanation so far?,00:00:16,D,"['A. 2.', 'B. 3.', 'C. 4.', 'D. 0.']",multiple,Concurrent
Real-Time Visual Understanding_sample_95_2,Counting,How many times in total have movie clips been inserted during this person's explanation so far?,00:01:29,D,"['A. 2.', 'B. 3.', 'C. 4.', 'D. 1.']",multiple,Concurrent
Real-Time Visual Understanding_sample_95_3,Counting,How many times in total have movie clips been inserted during this person's explanation so far?,00:03:58,B,"['A. 3.', 'B. 4.', 'C. 6.', 'D. 0.']",multiple,Concurrent
Real-Time Visual Understanding_sample_95_4,Counting,How many times in total have movie clips been inserted during this person's explanation so far?,00:04:18,B,"['A. 2.', 'B. 4.', 'C. 3.', 'D. 7.']",multiple,Concurrent
Real-Time Visual Understanding_sample_95_5,Counting,How many times in total have movie clips been inserted during this person's explanation so far?,00:05:40,B,"['A. 2.', 'B. 4.', 'C. 9.', 'D. 6.']",multiple,Concurrent
Real-Time Visual Understanding_sample_96_1,Counting,How many times in total have movie clips been inserted during this person's explanation so far?,00:00:16,D,"['A. 2.', 'B. 3.', 'C. 4.', 'D. 0.']",multiple,Concurrent
Real-Time Visual Understanding_sample_96_2,Counting,How many times in total have movie clips been inserted during this person's explanation so far?,00:01:00,D,"['A. 2.', 'B. 3.', 'C. 4.', 'D. 1.']",multiple,Concurrent
Real-Time Visual Understanding_sample_96_3,Counting,How many times in total have movie clips been inserted during this person's explanation so far?,00:03:15,A,"['A. 3.', 'B. 4.', 'C. 6.', 'D. 0.']",multiple,Concurrent
Real-Time Visual Understanding_sample_96_4,Counting,How many times in total have movie clips been inserted during this person's explanation so far?,00:04:28,B,"['A. 2.', 'B. 5.', 'C. 3.', 'D. 7.']",multiple,Concurrent
Real-Time Visual Understanding_sample_96_5,Counting,How many times in total have movie clips been inserted during this person's explanation so far?,00:05:40,D,"['A. 2.', 'B. 4.', 'C. 9.', 'D. 6.']",multiple,Concurrent
Real-Time Visual Understanding_sample_97_1,Counting,How many times in total have movie clips been inserted during this person's explanation so far?,00:00:16,D,"['A. 2.', 'B. 3.', 'C. 4.', 'D. 0.']",multiple,Concurrent
Real-Time Visual Understanding_sample_97_2,Counting,How many times in total have movie clips been inserted during this person's explanation so far?,00:00:50,D,"['A. 2.', 'B. 3.', 'C. 4.', 'D. 0.']",multiple,Concurrent
Real-Time Visual Understanding_sample_97_3,Counting,How many times in total have movie clips been inserted during this person's explanation so far?,00:01:00,D,"['A. 2.', 'B. 3.', 'C. 4.', 'D. 0.']",multiple,Concurrent
Real-Time Visual Understanding_sample_97_4,Counting,How many times in total have movie clips been inserted during this person's explanation so far?,00:03:29,A,"['A. 3.', 'B. 4.', 'C. 6.', 'D. 0.']",multiple,Concurrent
Real-Time Visual Understanding_sample_97_5,Counting,How many times in total have movie clips been inserted during this person's explanation so far?,00:04:14,B,"['A. 2.', 'B. 5.', 'C. 3.', 'D. 7.']",multiple,Concurrent
Real-Time Visual Understanding_sample_98_1,Counting,How many times in total have movie clips been inserted during this person's explanation so far?,00:00:16,D,"['A. 2.', 'B. 3.', 'C. 4.', 'D. 0.']",multiple,Concurrent
Real-Time Visual Understanding_sample_98_2,Counting,How many times in total have movie clips been inserted during this person's explanation so far?,00:01:26,D,"['A. 2.', 'B. 3.', 'C. 4.', 'D. 1.']",multiple,Concurrent
Real-Time Visual Understanding_sample_98_3,Counting,How many times in total have movie clips been inserted during this person's explanation so far?,00:03:18,C,"['A. 3.', 'B. 4.', 'C. 6.', 'D. 0.']",multiple,Concurrent
Real-Time Visual Understanding_sample_98_4,Counting,How many times in total have movie clips been inserted during this person's explanation so far?,00:04:41,B,"['A. 2.', 'B. 8.', 'C. 3.', 'D. 7.']",multiple,Concurrent
Real-Time Visual Understanding_sample_98_5,Counting,How many times in total have movie clips been inserted during this person's explanation so far?,00:05:24,B,"['A. 2.', 'B. 8.', 'C. 3.', 'D. 7.']",multiple,Concurrent
Real-Time Visual Understanding_sample_99_1,Counting,How many times in total have movie clips been inserted during this person's explanation so far?,00:00:16,D,"['A. 2.', 'B. 3.', 'C. 4.', 'D. 0.']",multiple,Concurrent
Real-Time Visual Understanding_sample_99_2,Counting,How many times in total have movie clips been inserted during this person's explanation so far?,00:00:56,A,"['A. 1.', 'B. 3.', 'C. 4.', 'D. 0.']",multiple,Concurrent
Real-Time Visual Understanding_sample_99_3,Counting,How many times in total have movie clips been inserted during this person's explanation so far?,00:01:26,A,"['A. 2.', 'B. 3.', 'C. 4.', 'D. 1.']",multiple,Concurrent
Real-Time Visual Understanding_sample_99_4,Counting,How many times in total have movie clips been inserted during this person's explanation so far?,00:03:26,B,"['A. 3.', 'B. 4.', 'C. 6.', 'D. 0.']",multiple,Concurrent
Real-Time Visual Understanding_sample_99_5,Counting,How many times in total have movie clips been inserted during this person's explanation so far?,00:04:41,D,"['A. 2.', 'B. 8.', 'C. 3.', 'D. 7.']",multiple,Concurrent
Real-Time Visual Understanding_sample_100_1,Counting,How many times in total have movie clips been inserted during this person's explanation so far?,00:00:16,C,"['A. 2.', 'B. 3.', 'C. 0.', 'D. 4.']",multiple,Concurrent
Real-Time Visual Understanding_sample_100_2,Counting,How many times in total have movie clips been inserted during this person's explanation so far?,00:00:56,C,"['A. 1.', 'B. 3.', 'C. 0.', 'D. 4.']",multiple,Concurrent
Real-Time Visual Understanding_sample_100_3,Counting,How many times in total have movie clips been inserted during this person's explanation so far?,00:01:26,C,"['A. 3.', 'B. 4.', 'C. 0.', 'D. 1.']",multiple,Concurrent
Real-Time Visual Understanding_sample_100_4,Counting,How many times in total have movie clips been inserted during this person's explanation so far?,00:03:26,C,"['A. 3.', 'B. 4.', 'C. 0.', 'D. 6.']",multiple,Concurrent
Real-Time Visual Understanding_sample_100_5,Counting,How many times in total have movie clips been inserted during this person's explanation so far?,00:05:24,C,"['A. 2.', 'B. 3.', 'C. 0.', 'D. 7.']",multiple,Concurrent
Real-Time Visual Understanding_sample_101_1,Counting,How many times in total have movie clips been inserted during this person's explanation so far?,00:00:16,C,"['A. 2.', 'B. 3.', 'C. 0.', 'D. 4.']",multiple,Concurrent
Real-Time Visual Understanding_sample_101_2,Counting,How many times in total have movie clips been inserted during this person's explanation so far?,00:00:56,C,"['A. 1.', 'B. 3.', 'C. 0.', 'D. 4.']",multiple,Concurrent
Real-Time Visual Understanding_sample_101_3,Counting,How many times in total have movie clips been inserted during this person's explanation so far?,00:01:26,C,"['A. 3.', 'B. 4.', 'C. 0.', 'D. 1.']",multiple,Concurrent
Real-Time Visual Understanding_sample_101_4,Counting,How many times in total have movie clips been inserted during this person's explanation so far?,00:03:26,C,"['A. 3.', 'B. 4.', 'C. 0.', 'D. 6.']",multiple,Concurrent
Real-Time Visual Understanding_sample_101_5,Counting,How many times in total have movie clips been inserted during this person's explanation so far?,00:04:41,C,"['A. 2.', 'B. 8.', 'C. 0.', 'D. 3.']",multiple,Concurrent
Real-Time Visual Understanding_sample_102_1,Counting,How many times in total have movie clips been inserted during this person's explanation so far?,00:00:16,D,"['A. 2.', 'B. 3.', 'C. 4.', 'D. 0.']",multiple,Concurrent
Real-Time Visual Understanding_sample_102_2,Counting,How many times in total have movie clips been inserted during this person's explanation so far?,00:00:56,D,"['A. 1.', 'B. 3.', 'C. 4.', 'D. 0.']",multiple,Concurrent
Real-Time Visual Understanding_sample_102_3,Counting,How many times in total have movie clips been inserted during this person's explanation so far?,00:01:26,A,"['A. 0.', 'B. 3.', 'C. 4.', 'D. 1.']",multiple,Concurrent
Real-Time Visual Understanding_sample_102_4,Counting,How many times in total have movie clips been inserted during this person's explanation so far?,00:03:26,D,"['A. 3.', 'B. 4.', 'C. 6.', 'D. 0.']",multiple,Concurrent
Real-Time Visual Understanding_sample_102_5,Counting,How many times in total have movie clips been inserted during this person's explanation so far?,00:04:41,D,"['A. 2.', 'B. 8.', 'C. 3.', 'D. 0.']",multiple,Concurrent
Real-Time Visual Understanding_sample_103_1,Counting,How many times in total have movie clips been inserted during this person's explanation so far?,00:00:16,D,"['A. 2.', 'B. 3.', 'C. 4.', 'D. 0.']",multiple,Concurrent
Real-Time Visual Understanding_sample_103_2,Counting,How many times in total have movie clips been inserted during this person's explanation so far?,00:00:56,D,"['A. 1.', 'B. 3.', 'C. 4.', 'D. 0.']",multiple,Concurrent
Real-Time Visual Understanding_sample_103_3,Counting,How many times in total have movie clips been inserted during this person's explanation so far?,00:01:26,A,"['A. 0.', 'B. 3.', 'C. 4.', 'D. 1.']",multiple,Concurrent
Real-Time Visual Understanding_sample_103_4,Counting,How many times in total have movie clips been inserted during this person's explanation so far?,00:01:55,A,"['A. 0.', 'B. 3.', 'C. 4.', 'D. 1.']",multiple,Concurrent
Real-Time Visual Understanding_sample_103_5,Counting,How many times in total have movie clips been inserted during this person's explanation so far?,00:03:26,D,"['A. 3.', 'B. 4.', 'C. 6.', 'D. 0.']",multiple,Concurrent
Real-Time Visual Understanding_sample_104_1,Text-Rich Understanding,What is written on the rectangular object that the individual is presenting?,00:00:15,B,"['A. GTX 1080.', 'B. RTX 4090.', 'C. RTX 3070.', 'D. RX 6900.']",single,Concurrent
Real-Time Visual Understanding_sample_104_2,Text-Rich Understanding,"Just now, which graphics card model has its frame rate exceeding 200 FPS?",00:04:00,C,"['A. RTX 2080 Ti.', 'B. RTX 3090.', 'C. RTX 4090.', 'D. GTX 1080.']",single,Concurrent
Real-Time Visual Understanding_sample_104_3,Text-Rich Understanding,"Which rival drivers are shown in front of the first-person perspective of the ""WILLIAMS"" car right now?",00:07:37,B,"['A. RUSSELL and ALONSO', 'B. VERSTAPPEN, BOTTAS, RUSSELL, MAGNUSSEN and ALBON', 'C. HAMILTON and LECLERC', 'D. VETTEL and GASLY']",single,Concurrent
Real-Time Visual Understanding_sample_104_4,Text-Rich Understanding,What key statistics about the GPU were shown just now?,00:11:12,B,"['A. CPU usage and system temperature.', 'B. GPU model, temperature readings, clock speed, and power.', 'C. Memory usage and network speed.', 'D. Hard drive space and cooling fan speed.']",multiple,Concurrent
Real-Time Visual Understanding_sample_104_5,Text-Rich Understanding,What is the visual focus of the scene right now?,00:13:46,B,"['A. The setup of a gaming console.', 'B. Two graphics cards on a white surface.', 'C. A close-up of a computer screen.', 'D. A group of people discussing.']",single,Concurrent
Real-Time Visual Understanding_sample_105_1,Text-Rich Understanding,What graphics card is mentioned as having 44 shader TFLOPS?,00:00:20,D,"['A. RTX 4070 Super.', 'B. RTX 4080 Super.', 'C. RTX 4090.', 'D. RTX 4070 Ti Super.']",single,Prior
Real-Time Visual Understanding_sample_105_2,Text-Rich Understanding,Which series of graphics cards is being displayed right now?,00:03:34,B,"['A. GTX 1080 Ti.', 'B. RTX 4070 Super.', 'C. RX 5700 XT.', 'D. RTX 3060.']",single,Concurrent
Real-Time Visual Understanding_sample_105_3,Text-Rich Understanding,Which graphics card achieves the highest performance in all categories as shown?,00:07:00,C,"['A. RTX 4070', 'B. RTX 4070 SUPER', 'C. RTX 4070 Ti', 'D. RTX 4060 Ti']",single,Concurrent
Real-Time Visual Understanding_sample_105_4,Text-Rich Understanding,"What type of data is shown regarding ""Stable Diffusion AI"" right now?",00:10:20,B,"['A. User reviews.', 'B. Benchmarking data.', 'C. Software tutorials.', 'D. Game results.']",single,Concurrent
Real-Time Visual Understanding_sample_105_5,Text-Rich Understanding,What models are the two graphics cards labeled right now?,00:12:15,C,"['A. GTX 3090.', 'B. RX 6900.', 'C. RTX 4070 and RTX 4070 SUPER.', 'D. LIV.']",single,Prior
Real-Time Visual Understanding_sample_106_1,Text-Rich Understanding,What is the boost clock speed of the RTX 4090 right now?,00:00:20,C,"['A. 1665 MHz.', 'B. 1695 MHz.', 'C. 2520 MHz.', 'D. 2505 MHz.']",single,Prior
Real-Time Visual Understanding_sample_106_2,Text-Rich Understanding,Which performance metrics are being shown right now?,00:03:40,C,"['A. CPU benchmarks for various processors.', 'B. FPS results for different games.', 'C. CPU clock, CPU Usage, VRAM Usage, GPU Power, GPU Temp, and FPS for 4070TiS.', 'D. RAM speed metrics for different memory types.']",single,Concurrent
Real-Time Visual Understanding_sample_106_3,Text-Rich Understanding,Which graphics card is labeled in green in the performance comparison right now?,00:06:59,C,"['A. RTX 3060 Ti', 'B. RTX 4060 Ti', 'C. RTX 4070 Ti SUPER', 'D. RTX 2070']",single,Concurrent
Real-Time Visual Understanding_sample_106_4,Text-Rich Understanding,"Which GPU shows the best performance for ""SDXL(512x512)"" right now?",00:10:20,C,"['A. RTX 4070.', 'B. RTX 4070 Ti.', 'C. RTX 4080.', 'D. SD1.5(512x512).']",single,Concurrent
Real-Time Visual Understanding_sample_106_5,Text-Rich Understanding,What emojis are currently displayed around the man and the graphics card?,00:12:43,C,"['A. ""like,"" ""comment,"" ""follow,"" and ""share"".', 'B. ""like,"" ""save,"" ""comment,"" and ""share"".', 'C. ""like,"" ""insert coins,"" ""favorite,"" and ""share"".', 'D. ""like,"" ""comment,"" ""subscribe,"" and ""share"".']",single,Concurrent
Real-Time Visual Understanding_sample_107_1,Text-Rich Understanding,What text is prominently displayed on the screen right now before the scene transitions to an outline resembling glasses?,00:00:05,D,"['A. Introducing the future.', 'B. Just one more thing...', 'C. One last item...', 'D. One more thing...']",single,Prior
Real-Time Visual Understanding_sample_107_2,Text-Rich Understanding,"What scores are shown for the MacBook Air 13 just now for ""Premiere Pro"" in the ""Adobe results?",00:03:16,A,"['A. 322.', 'B. 835.', 'C. 327.', 'D. 1042.']",multiple,Concurrent
Real-Time Visual Understanding_sample_107_3,Text-Rich Understanding,What word is printed on the sides of the yellow and black backpack right now?,00:06:02,C,"['A. TECHNO.', 'B. FUTURE.', 'C. CYBERPUNK.', 'D. HACKER.']",single,Prior
Real-Time Visual Understanding_sample_107_4,Text-Rich Understanding,Which MacBook model is shown with a geometric design on the screen right now?,00:09:07,D,"['A. MacBook Air 15.', 'B. MacBook Pro 14.', 'C. MacBook Pro 16.', 'D. MacBook Air 13.']",single,Prior
Real-Time Visual Understanding_sample_107_5,Text-Rich Understanding,What color is the background right now while the man is speaking?,00:12:14,C,"['A. Red.', 'B. Green.', 'C. Blue.', 'D. Yellow.']",single,Concurrent
Real-Time Visual Understanding_sample_108_1,Text-Rich Understanding,What is the price of the RTX 4080 shown right now?,00:00:15,B,"['A. 6499.', 'B. 9499.', 'C. 7499.', 'D. 5499.']",single,Concurrent
Real-Time Visual Understanding_sample_108_2,Text-Rich Understanding,What is highlighted as the top-performing graphics card right now according to the 3DMark Time Spy Extreme scores?,00:04:20,B,"['A. RTX 3070.', 'B. RTX 4090.', 'C. RTX 4080.', 'D. RTX 3090 Ti.']",single,Prior
Real-Time Visual Understanding_sample_108_3,Text-Rich Understanding,What is the average FPS score of the RTX 4080 at a resolution of 3840x2160 right now?,00:08:09,C,"['A. 124.', 'B. 118.', 'C. 100.', 'D. 82.']",single,Concurrent
Real-Time Visual Understanding_sample_108_4,Text-Rich Understanding,What is the marked performance percentage of the RTX 4090 right now?,00:12:01,D,"['A. 100%', 'B. 121%', 'C. 129%', 'D. 166%']",single,Concurrent
Real-Time Visual Understanding_sample_108_5,Text-Rich Understanding,What is the price of the RTX 4080 graphics card in yuan?,00:12:15,B,"['A. 5499 yuan.', 'B. 9499 yuan.', 'C. 11999 yuan.', 'D. 12999 yuan.']",single,Prior
Real-Time Visual Understanding_sample_109_1,Text-Rich Understanding,What GPU does the AMD Ryzen 7 5700G have right now?,00:00:20,C,"['A. Vega 6.', 'B. Vega 7.', 'C. Vega 8.', 'D. Vega 9.']",single,Prior
Real-Time Visual Understanding_sample_109_2,Text-Rich Understanding,What is the score of the i7-1165G7 (Iris Xe Graphics) processor right now?,00:03:38,B,"['A. 862.', 'B. 1656.', 'C. 1312.', 'D. 1429.']",single,Prior
Real-Time Visual Understanding_sample_109_3,Text-Rich Understanding,What graphical setting is mentioned on the menu screen right now?,00:06:45,D,"['A. Display.', 'B. Graphics.', 'C. Anti-Aliasing.', 'D. FidelityFX Super Resolution 1.0.']",single,Concurrent
Real-Time Visual Understanding_sample_109_4,Text-Rich Understanding,"What value was set for the ""GFX Voltage"" just now?",00:10:01,D,"['A. 1.200V.', 'B. 1.500V.', 'C. 1.250V.', 'D. 1.400V.']",single,Prior
Real-Time Visual Understanding_sample_109_5,Text-Rich Understanding,What is the label on the boxed CPU seen right now?,00:12:23,B,"['A. Intel Core i7.', 'B. AMD Ryzen 5.', 'C. NVIDIA GeForce GTX.', 'D. Intel Core i5.']",single,Concurrent
Real-Time Visual Understanding_sample_110_1,Text-Rich Understanding,What information is displayed as white text in Chinese on the black screen right now?,00:00:03,B,"['A. The video was edited using advanced software.', 'B. The video was shot entirely on an iPhone.', 'C. The video highlights scenic city landscapes.', 'D. The video was produced by a famous filmmaker.']",single,Concurrent
Real-Time Visual Understanding_sample_110_2,Text-Rich Understanding,What language are the graph labels showing performance metrics written in right now?,00:04:19,D,"['A. English.', 'B. Japanese.', 'C. Korean.', 'D. Chinese.']",single,Concurrent
Real-Time Visual Understanding_sample_110_3,Text-Rich Understanding,What labels are shown on the display screen right now?,00:08:15,D,"['A. ""HDR,"" ""Portrait,"" ""Landscape,"" and ""Night.""', 'B. ""Pro,"" ""Normal,"" ""Custom,"" and ""Basic.""', 'C. ""Ultra wide,"" ""Wide,"" ""Depth,"" and ""Zoom.""', 'D. ""Ultra wide,"" ""Wide,"" ""Tele,"" and ""Selfie.""']",single,Concurrent
Real-Time Visual Understanding_sample_110_4,Text-Rich Understanding,What app is being used on the smartphone right now?,00:12:09,B,"['A. FITNESS TRACKER.', 'B. SPEEDTEST.', 'C. WEATHER FORECAST.', 'D. MAPS NAVIGATION.']",single,Concurrent
Real-Time Visual Understanding_sample_110_5,Text-Rich Understanding,What does the overlay text on the screen right now humorously suggest?,00:15:22,B,"['A. Someone is praising the person.', 'B. Someone is gossiping about the person.', 'C. Someone is giving directions to the person.', 'D. Someone is warning the person.']",single,Concurrent
Real-Time Visual Understanding_sample_111_1,Text-Rich Understanding,What is the main subject of the comparison shown right now?,00:00:10,B,"['A. The gadgets on the shelves.', 'B. The MediaTek Dimensity 9000 chip and another chip labeled Snapdragon 8 Gen 1.', ""C. The person's hand gestures and facial expressions."", 'D. The blue wall with shelves in the background.']",single,Concurrent
Real-Time Visual Understanding_sample_111_2,Text-Rich Understanding,What is the label of the highlighted central block in the GPU section right now?,00:04:00,B,"['A. A510 1.8GHz.', 'B. G710MC10.', 'C. X2 3.05GHz.', 'D. A710 2.85GHz.']",single,Concurrent
Real-Time Visual Understanding_sample_111_3,Text-Rich Understanding,What are the performance values shown for the device labeled Dimensity 9000 right now?,00:07:30,D,"['A. 42 and 115.', 'B. 43 and 100.', 'C. 100 and 42.', 'D. 42 and 100.']",single,Concurrent
Real-Time Visual Understanding_sample_111_4,Text-Rich Understanding,What is the average frame rate and power consumption for the Snapdragon 8 Gen1 device right now?,00:11:20,C,"['A. 59 fps/3.9W.', 'B. 59 fps/4.8W.', 'C. 58 fps/6.3W.', 'D. 48 fps/5.1W.']",single,Concurrent
Real-Time Visual Understanding_sample_111_5,Text-Rich Understanding,Which symbol is NOT displayed across the screen right now?,00:14:02,D,"['A. Thumbs-up icon.', 'B. forward icon.', 'C. Star.', 'D. Heart.']",single,Concurrent
Real-Time Visual Understanding_sample_112_1,Text-Rich Understanding,Which graphics cards are being compared right now?,00:00:20,A,"['A. RTX 3080 Ti and RTX 3070 Ti.', 'B. RTX 3060 and RTX 3070 Ti.', 'C. RTX 3080 Ti and RTX 3090.', 'D. RTX 3070 and RTX 3080 Ti.']",single,Concurrent
Real-Time Visual Understanding_sample_112_2,Text-Rich Understanding,Which graphics cards are being compared right now?,00:03:11,A,"['A. RTX 3080 Ti and RTX 3080.', 'B. RTX 3060 and RTX 3070 Ti.', 'C. RTX 3080 Ti and RTX 3090.', 'D. RTX 3070 and RTX 3080 Ti.']",single,Concurrent
Real-Time Visual Understanding_sample_112_3,Text-Rich Understanding,What metrics are displayed on the benchmarking screen for each graphics card right now?,00:06:00,A,"['A. FPS, clock speed, temperature, power, and CPU usage.', 'B. Memory usage, CPU temperature, and power draw.', 'C. Ping rate, jitter, and packet loss.', 'D. Frame time, GPU load, and VRAM usage.']",single,Concurrent
Real-Time Visual Understanding_sample_112_4,Text-Rich Understanding,"What frame rate does the RTX 3080 Ti with Intel i9 12900K and 32G DDR5 4800 achieve for ""God of War 4"" at 4K+DLSS right now?",00:09:20,A,"['A. 101 fps.', 'B. 135 fps.', 'C. 91 fps.', 'D. 87 fps.']",single,Prior
Real-Time Visual Understanding_sample_112_5,Text-Rich Understanding,What appears in the overlay graphics on the screen right now?,00:11:13,A,"['A. User interaction options.', 'B. Weather icons.', 'C. Application logos.', 'D. Navigation tools.']",single,Concurrent
Real-Time Visual Understanding_sample_113_1,Text-Rich Understanding,What item is the person holding close to the camera right now?,00:00:07,D,"['A. A framed picture.', 'B. A black device.', 'C. A navy blue t-shirt.', 'D. A smartphone.']",single,Concurrent
Real-Time Visual Understanding_sample_113_2,Text-Rich Understanding,What is the CPU multi-core score shown in the video for the A15?,00:03:00,D,"['A. 4317.', 'B. 1741.', 'C. 4211.', 'D. 4908.']",single,Prior
Real-Time Visual Understanding_sample_113_3,Text-Rich Understanding,What title is displayed at the top center of the black background right now?,00:05:27,D,"['A. 3DMark Benchmark Results.', 'B. Processor Performance Test.', 'C. 3DMark Extreme Test.', 'D. 3DMark Wild Extreme Stress.']",single,Concurrent
Real-Time Visual Understanding_sample_113_4,Text-Rich Understanding,What is the title of the bar chart being displayed right now?,00:08:19,D,"['A. Game Equipment Comparison.', 'B. Relationship between Frame Rate and Temperature.', 'C. Power Consumption Comparison of Different Devices.', 'D. Real-time Frame Rate of the Game ""Genshin Impact"".']",single,Concurrent
Real-Time Visual Understanding_sample_113_5,Text-Rich Understanding,What type of products are predominantly displayed on the shopping application right now?,00:10:31,D,"['A. Clothes.', 'B. Books.', 'C. Furniture.', 'D. Electronics.']",single,Concurrent
Real-Time Visual Understanding_sample_114_1,Text-Rich Understanding,What label is prominently visible on the computer case right now?,00:00:06,D,"['A. ASUS.', 'B. Corsair.', 'C. Cooler Master.', 'D. NZXT.']",single,Concurrent
Real-Time Visual Understanding_sample_114_2,Text-Rich Understanding,What label is visible on the memory bank just now?,00:04:07,D,"['A. Essential.', 'B. Major.', 'C. Primary.', 'D. Crucial.']",multiple,Concurrent
Real-Time Visual Understanding_sample_114_3,Text-Rich Understanding,Which brand name appears on the black fans inside the computer case right now?,00:07:39,D,"['A. Corsair.', 'B. Cooler Master.', 'C. Thermaltake.', 'D. NZXT.']",single,Concurrent
Real-Time Visual Understanding_sample_114_4,Text-Rich Understanding,Which CPU's performance are displayed right now?,00:11:20,D,"['A. RTX 4070 Ti SUPER.', 'B. RTX 4090.', 'C. RTX 4080.', 'D. RTX 4070Ti.']",single,Concurrent
Real-Time Visual Understanding_sample_114_5,Text-Rich Understanding,What words can be seen inside the computer case now?,00:14:16,D,"['A. GPU.', 'B. RTX 4070 Ti SUPER.', 'C. FAN.', 'D. GIGABYTE.']",single,Concurrent
Real-Time Visual Understanding_sample_115_1,Text-Rich Understanding,Which graphics card performs better in this game?,00:00:13,A,"['A. RTX 4090.', 'B. RTX 3080.', 'C. RTX 3090.', 'D. RTX 4080.']",single,Prior
Real-Time Visual Understanding_sample_115_2,Text-Rich Understanding,What price is shown for the GeForce RTX 4060 Family graphics card right now?,00:02:43,A,"['A. AUD $545.', 'B. AUD $499.', 'C. USD $545.', 'D. USD $499.']",single,Concurrent
Real-Time Visual Understanding_sample_115_3,Text-Rich Understanding,What graphical setting is added to the right view that is not included in the left view right now?,00:05:26,A,"['A. Frame Generation.', 'B. DLSS 3 Perf.', 'C. RT Psycho.', 'D. RTX 4090.']",single,Concurrent
Real-Time Visual Understanding_sample_115_4,Text-Rich Understanding,What comparison is displayed on the screen right now?,00:08:08,A,"['A. 4070Ti vs 4070 in various games.', 'B. Cooling efficiency of RTX 4070 against previous models.', 'C. 4070 in different regions.', 'D. 4070.']",single,Concurrent
Real-Time Visual Understanding_sample_115_5,Text-Rich Understanding,What is the message printed on the box underneath the GeForce RTX graphics card right now?,00:09:40,A,"['A. INSPIRED BY GAMERS, BUILT BY NVIDIA.', 'B. DESIGNED FOR GAMERS, MADE BY NVIDIA.', 'C. CREATED FOR GAMERS, MADE BY NVIDIA.', 'D. DESIGNED FOR GAMERS, BUILT BY NVIDIA.']",single,Concurrent
Real-Time Visual Understanding_sample_116_1,Action Perception,What action are the hands performing right now?,00:00:15,A,"['A. Positioning the graphics card inside the case.', 'B. Lifting a black mesh panel.', 'C. Installing a light olive green t-shirt.', 'D. Talking at a white table.']",single,Concurrent
Real-Time Visual Understanding_sample_116_2,Text-Rich Understanding,Which logo is illuminated in white on the dark mesh panel right now?,00:03:03,C,"['A. GEFORCE GT.', 'B. GTX ROG.', 'C. GEFORCE RTX.', 'D. GEFORCE ROG.']",single,Concurrent
Real-Time Visual Understanding_sample_116_3,Attribute Perception,What color is the light glowing from one of the components right now?,00:06:25,C,"['A. Red.', 'B. Green.', 'C. Blue.', 'D. Yellow.']",single,Prior
Real-Time Visual Understanding_sample_116_4,Text-Rich Understanding,What brand name is shown on the GPU right now?,00:09:13,C,"['A. ASUS.', 'B. CORSAIR.', 'C. MSI.', 'D. EVGA.']",single,Concurrent
Real-Time Visual Understanding_sample_116_5,Object Perception,What items are beside the computer case right now?,00:11:01,A,"['A. A screwdriver and mouse.', 'B. A pair of pliers and a keyboard.', 'C. A keyboard.', 'D. A set of cables.']",single,Concurrent
Real-Time Visual Understanding_sample_117_1,Text-Rich Understanding,What specific text is etched on the graphics card shown right now?,00:00:07,C,"['A. RTX 3060 Ti.', 'B. RTX 4070 Ti.', 'C. RTX 4080 SUPER.', 'D. RTX 5000 ULTRA.']",single,Concurrent
Real-Time Visual Understanding_sample_117_2,Text-Rich Understanding,What is the highlighted label on the graphics chip right now?,00:03:32,A,"['A. AD103-400A1.', 'B. AD104-300B1.', 'C. TS MC223A2.', 'D. AD102-500A3.']",single,Concurrent
Real-Time Visual Understanding_sample_117_3,Text-Rich Understanding,What resolution setting is highlighted right now?,00:06:52,C,"['A. 2560x1440.', 'B. 1920x1080.', 'C. 3840x2160.', 'D. 3200x1800.']",single,Concurrent
Real-Time Visual Understanding_sample_117_4,Text-Rich Understanding,What performance gain does the NVIDIA RTX 4080 SUPER achieve in ray-traced games at 2160P resolution right now?,00:10:20,C,"['A. +2.93%', 'B. +3.21%', 'C. +3.11%', 'D. -3%']",single,Concurrent
Real-Time Visual Understanding_sample_117_5,Text-Rich Understanding,What is the label on the rightmost graphics card right now?,00:12:43,C,"['A. GeForce RTX 4090.', 'B. GeForce GTX 4090 SUPER.', 'C. GeForce RTX 4080.', 'D. GTX 4090.']",single,Concurrent
Real-Time Visual Understanding_sample_118_1,Text-Rich Understanding,What label is visible on the computer component inside the electronic device right now?,00:00:06,A,"['A. GEFORCE RTX.', 'B. FIRE GTX.', 'C. GEFORCE GTX.', 'D. G*FORCE GTX.']",single,Concurrent
Real-Time Visual Understanding_sample_118_2,Text-Rich Understanding,What brand of heatsink is being installed onto the motherboard's CPU right now?,00:02:47,B,"['A. Noctua.', 'B. Cooler Master.', 'C. Corsair.', 'D. Be Quiet!.']",single,Concurrent
Real-Time Visual Understanding_sample_118_3,Object Perception,What product image is shown on the webpage right now?,00:05:20,B,"['A. White CPU cooler.', 'B. Black fan cooler.', 'C. RGB lighting.', 'D. Transparent case fan.']",single,Concurrent
Real-Time Visual Understanding_sample_118_4,Text-Rich Understanding,What setting is being selected in the voltage settings interface right now?,00:08:18,C,"['A. Auto Mode.', 'B. Fixed Mode.', 'C. Offset Mode.', 'D. Manual Mode.']",single,Concurrent
Real-Time Visual Understanding_sample_118_5,Text-Rich Understanding,What hardware performance metric is visible at the top of the screen right now?,00:09:41,B,"['A. CPU clock speed.', 'B. Temperature, power, framerate for cpu and gpu.', 'C. Network speed.', 'D. Memory usage.']",single,Concurrent
Real-Time Visual Understanding_sample_119_1,Text-Rich Understanding,What element is illuminated in the close-up view of the computer part right now?,00:00:06,B,"['A. A red circuit board.', 'B. A ROG logo.', 'C. A MSI logo.', 'D. Computer cables.']",single,Concurrent
Real-Time Visual Understanding_sample_119_2,Text-Rich Understanding,What component is being detached from the GPU just now?,00:01:52,B,"['A. A fan module.', 'B. A copper heat sink.', 'C. A plastic cover.', 'D. A backplate.']",multiple,Concurrent
Real-Time Visual Understanding_sample_119_3,Attribute Perception,"Which colors are the RGB lighting alternating between on the ""Matrix"" component right now?",00:03:23,C,"['A. Red, green, and blue.', 'B. Blue, purple, and green.', 'C. Red, blue, and purple.', 'D. Red, purple, and green.']",single,Concurrent
Real-Time Visual Understanding_sample_119_4,Text-Rich Understanding,What graphics card models are shown on the benchmarking results right now?,00:05:09,D,"['A. 4080 FE, 4090 Suprim X, 4090 Matrix.', 'B. 4090 FE, 4080 Suprim X, 4090 Matrix.', 'C. 4090 FE, 4090 Suprim X, 4080 Matrix.', 'D. 4090 FE, 4090 Suprim X, 4090 Matrix.']",single,Concurrent
Real-Time Visual Understanding_sample_119_5,Causal Reasoning,What is the likely purpose of the person's gestures right now?,00:06:27,B,"['A. Asking a question.', 'B. Explaining a concept.', 'C. Writing something down.', 'D. Watching a demonstration.']",multiple,Concurrent
Real-Time Visual Understanding_sample_120_1,Text-Rich Understanding,What text is visible on the white box being handled right now?,00:00:07,B,"['A. ""Apple Device"".', 'B. ""Mac Studio"".', 'C. ""Tech Gear"".', 'D. ""Studio Box"".']",single,Concurrent
Real-Time Visual Understanding_sample_120_2,Text-Rich Understanding,What specific hardware components are highlighted right now?,00:03:59,A,"['A. RTX 3090 and GTX 980 Ti graphics cards.', 'B. Cooling fan and motherboard.', 'C. Large black box and smaller silver box.', 'D. Computer monitor and keyboard.']",single,Concurrent
Real-Time Visual Understanding_sample_120_3,Text-Rich Understanding,What is the title shown on the digital display with a bar graph right now?,00:07:26,C,"['A. System Analysis.', 'B. Performance Metrics.', 'C. Mask Tracking.', 'D. Data Comparison.']",single,Concurrent
Real-Time Visual Understanding_sample_120_4,Attribute Perception,What type of wallpaper is displayed on the monitor screen right now?,00:11:03,D,"['A. Green and yellow abstract design.', 'B. Photo of a natural landscape.', 'C. Black and white geometric pattern.', 'D. Vibrant blue and purple gradient.']",single,Concurrent
Real-Time Visual Understanding_sample_120_5,Text-Rich Understanding,What is the person in the green shirt gesturing towards right now?,00:14:51,B,"['A. The compact computer on the left.', 'B. The opened black computer case on the right.', 'C. The monitor displaying a colorful desktop screen.', 'D. The table itself.']",single,Concurrent
Real-Time Visual Understanding_sample_121_1,Text-Rich Understanding,What label on the graphics card is visible right now?,00:00:11,A,"['A. RTX 4090.', 'B. AMD RADEON.', 'C. INTEL ARC.', 'D. NVIDIA TESLA.']",single,Concurrent
Real-Time Visual Understanding_sample_121_2,Text-Rich Understanding,What license plate is displayed on the left car's rear right now?,00:03:20,B,"['A. RTX1MUM.', 'B. OPT1MUM.', 'C. DLX3080.', 'D. CAR4080.']",single,Concurrent
Real-Time Visual Understanding_sample_121_3,Text-Rich Understanding,Which graphical overlay is NOT shown right now?,00:06:20,C,"['A. RTX 2080 S.', 'B. RTX 3080.', 'C. RTX 3070.', 'D. RTX 4080.']",single,Concurrent
Real-Time Visual Understanding_sample_121_4,Text-Rich Understanding,What is the V-Ray 5 benchmark score for the RTX 3080 right now?,00:09:19,A,"['A. 2314.', 'B. 2691.', 'C. 1308.', 'D. 3972.']",single,Concurrent
Real-Time Visual Understanding_sample_121_5,Text-Rich Understanding,What brand and model of the graphics card box is visible on the man's hand right now?,00:11:45,C,"['A. Radeon RX 590.', 'B. GeForce GTX 1080.', 'C. GeForce RTX 4080.', 'D. Radeon RX 6700.']",single,Concurrent
Real-Time Visual Understanding_sample_122_1,Text-Rich Understanding,What text is prominently shown on the packaging of the darker graphics card right now?,00:00:15,C,"['A. DESIGNED BY GAMERS, BUILT BY NVIDIA.', 'B. CREATED BY GAMERS, DEVELOPED BY NVIDIA.', 'C. INSPIRED BY GAMERS. BUILT BY NVIDIA.', 'D. ENGINEERED BY GAMERS, MADE BY NVIDIA.']",single,Concurrent
Real-Time Visual Understanding_sample_122_2,Text-Rich Understanding,What titles are not listed on the comparison chart shown right now?,00:01:36,A,"['A. GTA V.', 'B. Shadow of the Tomb Raider.', 'C. Forza Horizon 5.', 'D. God of War.']",single,Concurrent
Real-Time Visual Understanding_sample_122_3,Text-Rich Understanding,What is the brand name of the graphics card shown right now?,00:03:00,C,"['A. NVIDIA.', 'B. GE FORCE.', 'C. AMD.', 'D. RADEON.']",single,Concurrent
Real-Time Visual Understanding_sample_122_4,Attribute Perception,What is the design feature of the graphics card on the right right now?,00:04:11,B,"['A. It has dual fans with a sleek design.', 'B. It has three fans with a geometric, aggressive design.', 'C. It features a single large fan in the center.', 'D. It is completely fanless with a passive cooling system.']",single,Concurrent
Real-Time Visual Understanding_sample_122_5,Counting,How many fans does the graphics card on the right have right now?,00:04:46,C,"['A. One.', 'B. Two.', 'C. Three.', 'D. Four.']",single,Concurrent
Real-Time Visual Understanding_sample_123_1,Text-Rich Understanding,What text appears next to the graphics card on the desk right now?,00:00:08,A,"['A. RTX 4060.', 'B. GTX 3050.', 'C. RTX 3090.', 'D. GTX 1080.']",single,Concurrent
Real-Time Visual Understanding_sample_123_2,Text-Rich Understanding,"According to the comparison chart, what is the memory size of the RTX 3060 and the RTX 4060 right now?",00:02:30,A,"['A. 12GB for RTX 3060, 8GB for RTX 4060.', 'B. 8GB for RTX 3060, 12GB for RTX 4060.', 'C. 10GB for RTX 3060, 8GB for RTX 4060.', 'D. 16GB for RTX 3060, 10GB for RTX 4060.']",single,Concurrent
Real-Time Visual Understanding_sample_123_3,Text-Rich Understanding,"According to the performance test titled ""3DMark Time Spy Extreme"", which graphics card scored the highest?",00:05:00,A,"['A. RTX 4060 Ti.', 'B. RTX 4060.', 'C. RTX 3060.', 'D. RTX 3060 Ti.']",single,Prior
Real-Time Visual Understanding_sample_123_4,Text-Rich Understanding,"Which game's performance metrics are consistently shown for the RTX 3060 Ti, RTX 3060, and RTX 4060 at a 1920x1080 resolution right now?",00:07:20,A,"['A. Journey to Hogwarts.', 'B. Horizon 5.', 'C. Apex Legends.', 'D. Call of Duty.']",single,Concurrent
Real-Time Visual Understanding_sample_123_5,Text-Rich Understanding,What benchmark score is being displayed for the time spy?,00:09:31,A,"['A. 13,001.', 'B. 10,000.', 'C. 11,380.', 'D. 13,300.']",single,Prior
Real-Time Visual Understanding_sample_124_1,Event Understanding,What is the man in the video doing so far?,00:00:19,A,"['A. Speaking and gesturing while seated.', 'B. Cooking in a dimly lit kitchen.', 'C. Reading a book quietly.', 'D. Writing notes on a paper.']",multiple,Concurrent
Real-Time Visual Understanding_sample_124_2,Attribute Perception,"What brand is mentioned on the white bottle labeled ""GAC 100""?",00:02:40,A,"['A. GOLDEN.', 'B. SILVER.', 'C. BRONZE.', 'D. PLATINUM.']",single,Prior
Real-Time Visual Understanding_sample_124_3,Causal Reasoning,Why is the yellow tape used on the denim fabric?,00:02:59,B,"['A. To secure the fabric to the table.', 'B. To create a border for the white liquid application.', 'C. To measure the fabric size.', 'D. To mark the sections for different colors.']",multiple,Concurrent
Real-Time Visual Understanding_sample_124_4,Causal Reasoning,Why does the artist add layers of white paint to the portrait?,00:04:57,A,"['A. To create highlights and enhance dimensionality.', 'B. To cover mistakes made earlier.', 'C. To change the color of the background.', 'D. To outline the figure in the portrait.']",multiple,Concurrent
Real-Time Visual Understanding_sample_124_5,Clips Summarize,Which of the following best summarizes the painting shown in the clip?,00:07:09,D,"['A. A young warrior playing a musical instrument.', 'B. A landscape with a forest and a gardener.', 'C. An abstract painting with vibrant colors.', 'D. An elderly man with a blue sword-like object.']",multiple,Concurrent
Real-Time Visual Understanding_sample_125_1,Event Understanding,What happens right after the scene shifts to a different view showing a blank white canvas?,00:00:16,A,"['A. A piece of gray fabric is placed over the canvas.', 'B. The canvas is painted with light colors.', 'C. A new portrait appears on the canvas.', 'D. The video zooms out to show the entire table.']",multiple,Prior
Real-Time Visual Understanding_sample_125_2,Attribute Perception,What color is the circle in the background of the painting?,00:03:19,D,"['A. Red.', 'B. Blue.', 'C. Green.', 'D. Yellow.']",single,Concurrent
Real-Time Visual Understanding_sample_125_3,Action Perception,What is the hand doing just now?,00:06:06,D,"['A. Painting a landscape.', 'B. Blending the background colors.', ""C. Painting the subject's face."", 'D. Adding details to the hair.']",multiple,Concurrent
Real-Time Visual Understanding_sample_125_4,Event Understanding,What is the hand doing when it shifts focus to the lower part of the painting?,00:06:27,B,"['A. Adding texture to the hair.', 'B. Painting broad strokes with pink and purple hues.', ""C. Detailing the woman's face."", 'D. Refining the transition between background colors.']",multiple,Concurrent
Real-Time Visual Understanding_sample_125_5,Clips Summarize,Which of the following best summarizes the painting shown in the video?,00:09:20,A,"['A. A detailed painting of a woman with blonde hair on a dark blue background with a full moon and clouds.', 'B. A landscape painting with mountains and rivers.', 'C. An abstract painting with vibrant colors and shapes.', 'D. A close-up portrait of an elderly man.']",multiple,Concurrent
Real-Time Visual Understanding_sample_126_1,Action Perception,What is the artist doing with the gold leaf in the video?,00:00:08,A,"['A. Applying it to a painted surface.', 'B. Cutting it into smaller pieces.', 'C. Mixing it with paint.', 'D. Discarding it.']",multiple,Concurrent
Real-Time Visual Understanding_sample_126_2,Event Understanding,What is the sequence of actions just performed by the artist?,00:03:00,B,"['A. Painting the background, then the nose, followed by the cheek, and finally the forehead.', 'B. Painting the nose, then the cheek, followed by the forehead.', 'C. Painting the forehead, then the nose, followed by the cheek.', 'D. Painting the cheek, then the forehead, followed by the nose.']",multiple,Concurrent
Real-Time Visual Understanding_sample_126_3,Action Perception,What did the artist do just now?,00:05:38,B,"['A. Sketching the ear.', 'B. Applying meticulous strokes to the ear area.', 'C. Cleaning the paintbrush.', 'D. Painting the background.']",multiple,Concurrent
Real-Time Visual Understanding_sample_126_4,Spatial Understanding,Where are the other brushes and pencils located in relation to the artwork?,00:08:10,B,"['A. On a shelf above the artwork.', 'B. Scattered around the artwork on the table.', 'C. Inside a drawer next to the table.', ""D. Held in the artist's other hand.""]",single,Concurrent
Real-Time Visual Understanding_sample_126_5,Clips Summarize,Which of the following best summarizes the painting shown in the video?,00:08:20,C,"['A. A detailed painting of a woman with blonde hair on a dark blue background with a full moon and clouds.', 'B. A landscape painting with mountains and rivers.', ""C. A detailed illustration of a woman's profile with leaves in her hair being painted."", 'D. A close-up portrait of an elderly man.']",multiple,Prior
Real-Time Visual Understanding_sample_127_1,Attribute Perception,What color was added to the eyes of the sketched portrait?,00:00:20,C,"['A. Green', 'B. Brown', 'C. Blue', 'D. Hazel']",single,Prior
Real-Time Visual Understanding_sample_127_2,Action Perception,What action is the paintbrush performing right now?,00:03:49,C,"['A. Adding details to the hair.', 'B. Coloring the lips.', 'C. Adding details to the nose.', 'D. Shading the background.']",single,Concurrent
Real-Time Visual Understanding_sample_127_3,Spatial Understanding,Which parts of the face remain unpainted right now?,00:04:00,B,"['A. Eyes and lips.', 'B. Hair and surrounding skin areas.', 'C. Nose and lips.', 'D. Eyes and nose.']",single,Concurrent
Real-Time Visual Understanding_sample_127_4,Event Understanding,What is the primary focus of the video?,00:07:40,C,"['A. The artist mixing paints.', 'B. The artist adjusting the background.', ""C. The detailed painting of a woman's face."", 'D. The artist framing the artwork.']",multiple,Concurrent
Real-Time Visual Understanding_sample_127_5,Event Understanding,What does the painter focus on during the last strokes?,00:11:20,B,"['A. The eyes and hair.', 'B. The lower face.', 'C. The background and plant.', 'D. The canvas texture.']",multiple,Concurrent
Real-Time Visual Understanding_sample_128_1,Spatial Understanding,Where is the green potted plant positioned relative to the painting in the initial scene?,00:00:06,C,"['A. To the right of the painting.', 'B. In front of the painting.', 'C. To the left of the painting.', 'D. Above the painting.']",single,Concurrent
Real-Time Visual Understanding_sample_128_2,Clips Summarize,Which of the following best summarizes the scene in the video?,00:00:19,C,"['A. A detailed exploration of a landscape painting.', 'B. The process of painting a landscape with vibrant colors.', ""C. A focus on a woman's portrait with a tranquil expression."", 'D. An artist discussing the inspiration behind an abstract piece.']",multiple,Concurrent
Real-Time Visual Understanding_sample_128_3,Spatial Understanding,What is visible in the left lower corner of the frame after the camera zooms out?,00:02:58,B,"['A. A decorative statue.', 'B. A green plant.', 'C. A part of a bookshelf.', 'D. A palette of colors.']",single,Concurrent
Real-Time Visual Understanding_sample_128_4,Clips Summarize,Which of the following best summarizes the painting shown in the video?,00:05:26,C,"['A. A woman with open eyes and vibrant colors.', 'B. A landscape with intricate textures.', ""C. A woman's face with closed eyes and partially painted skin tones."", 'D. An abstract painting with geometric shapes.']",multiple,Prior
Real-Time Visual Understanding_sample_128_5,Clips Summarize,Which of the following best summarizes the content that was just shown in the video?,00:08:20,B,"['A. Two paintings of a landscape are displayed, followed by a close-up of a bird sculpture.', 'B. Two portraits of a woman are shown, with a close-up revealing details of one painting, and then the original view is restored.', ""C. A painting of a young man is displayed, followed by a description of the artist's technique."", 'D. A video of an artist painting is shown, with a focus on the brush strokes and colors used.']",multiple,Concurrent
Real-Time Visual Understanding_sample_129_1,Spatial Understanding,Which side of the head does the person paint first?,00:00:09,B,"['A. The top.', 'B. The left side.', 'C. The right side.', 'D. The back.']",single,Prior
Real-Time Visual Understanding_sample_129_2,Clips Summarize,Which of the following best summarizes the painting process that was just shown in the video?,00:02:39,B,"['A. Adding final touches to a landscape.', 'B. Detailing a person with short brown hair and a red coat.', 'C. Painting an abstract art piece.', 'D. Working on a cityscape with vibrant colors.']",multiple,Concurrent
Real-Time Visual Understanding_sample_129_3,Causal Reasoning,Why is the artist applying touches to the facial features frequently?,00:04:59,B,"['A. To correct mistakes.', 'B. To emphasize expressions.', 'C. To add abstract elements.', 'D. To change the background color.']",multiple,Concurrent
Real-Time Visual Understanding_sample_129_4,Spatial Understanding,Where are the plants located in relation to the painting in the studio?,00:07:20,C,"['A. To the right side of the painting.', 'B. On a table beneath the painting.', 'C. On the left side of the painting.', 'D. Behind the artist.']",single,Concurrent
Real-Time Visual Understanding_sample_129_5,Clips Summarize,Which of the following best summarizes the content that was just shown in the video?,00:07:20,B,"['A. The artist is setting up the studio before starting to paint.', 'B. The artist is making precise adjustments to an already detailed portrait.', 'C. The artist is selecting colors and preparing brushes for a new painting.', 'D. The artist is cleaning up the studio after completing a painting.']",multiple,Concurrent
Real-Time Visual Understanding_sample_130_1,Clips Summarize,What is the main activity depicted in the video so far?,00:00:19,A,"['A. Sketching a helmeted figure.', 'B. Painting a landscape.', 'C. Arranging art supplies.', 'D. Painting a portrait.']",multiple,Concurrent
Real-Time Visual Understanding_sample_130_2,Clips Summarize,Which of the following best summarizes the painting process just shown in the video?,00:03:00,A,"['A. A hand paints a helmet with silver and blue accents, focusing on refining details.', 'B. A hand paints a landscape and then switches to a portrait.', 'C. A hand starts with abstract strokes and then adds a figure wearing armor.', 'D. A hand repaints a completed painting with new colors.']",multiple,Concurrent
Real-Time Visual Understanding_sample_130_3,Spatial Understanding,Where is the artist applying pink paint on the helmet right now?,00:08:19,C,"['A. The upper left portion.', 'B. The lower right portion.', 'C. The upper right portion.', 'D. The lower left portion.']",single,Concurrent
Real-Time Visual Understanding_sample_130_4,Clips Summarize,Which of the following best summarizes the artist's activity shown in the video just now?,00:08:20,A,"['A. The artist is painting a background with pink paint.', 'B. The artist is drawing a landscape with various colors.', 'C. The artist is sketching an abstract figure with fine details.', 'D. The artist is applying blue and brown accents to a white background.']",multiple,Concurrent
Real-Time Visual Understanding_sample_130_5,Spatial Understanding,What objects are scattered behind the easel?,00:10:42,B,"['A. Pencils and papers.', 'B. Paint tubes and brushes.', 'C. Books and magazines.', 'D. Sculpting tools and clay.']",single,Concurrent
Real-Time Visual Understanding_sample_131_1,Event Understanding,What sequence of paintings was revealed in the notebook?,00:00:17,B,"['A. A fish, a tree, and a landscape.', 'B. A creature with a long beak, a feline face, and a realistic fish.', 'C. An abstract design, a human portrait, and a cityscape.', 'D. A bird, a flower, and a mountain.']",multiple,Prior
Real-Time Visual Understanding_sample_131_2,Clips Summarize,Which of the following best summarizes the content shown in the video just now?,00:03:19,D,"['A. The artist is painting a landscape with various animals.', 'B. The artist is sketching a detailed rooster using a pencil.', 'C. The artist is painting abstract shapes and patterns.', ""D. The artist is painting a rooster's head and body with vibrant colors and detailed brushstrokes.""]",multiple,Concurrent
Real-Time Visual Understanding_sample_131_3,Event Understanding,What is the painter focusing right now?,00:06:12,B,"['A. Adding a background landscape.', ""B. Detailing the chicken's neck and feathers."", ""C. Painting the chicken's feet."", 'D. Sketching a second chicken.']",multiple,Concurrent
Real-Time Visual Understanding_sample_131_4,Action Perception,What action is the painter performing at the upper left corner of the painting?,00:09:09,C,"['A. Adding red paint.', 'B. Adding green paint.', 'C. Adding blue paint.', 'D. Adding yellow paint.']",multiple,Concurrent
Real-Time Visual Understanding_sample_131_5,Event Understanding,What is the painter focusing right now?,00:09:19,C,"['A. The painter begins a new painting.', ""B. The painter adds blue paint to the rooster's body."", 'C. The painter makes touches and adjustments to the background.', 'D. The painter signs the painting.']",multiple,Concurrent
Real-Time Visual Understanding_sample_132_1,Event Understanding,What does the person do immediately after aligning the paper on the easel?,00:00:19,A,"['A. Makes small adjustments by touching the paper.', 'B. Places a new sketch on the easel.', 'C. Moves the easel to a different spot.', 'D. Changes the spotlight angle.']",multiple,Prior
Real-Time Visual Understanding_sample_132_2,Spatial Understanding,Where is the potted plant located in relation to the portrait?,00:04:20,C,"['A. On the right side.', 'B. Behind the canvas.', 'C. On the left side.', 'D. Under the table.']",single,Concurrent
Real-Time Visual Understanding_sample_132_3,Clips Summarize,Which of the following best summarizes the artist's activity just shown in the video?,00:04:20,B,"['A. Creating a landscape painting.', 'B. Working on a realistic portrait of a woman, focusing on the neck area.', 'C. Sketching a preliminary outline for a new artwork.', 'D. Mixing colors on a palette for future use.']",multiple,Concurrent
Real-Time Visual Understanding_sample_132_4,Spatial Understanding,Where are the bird decorations located in the workspace?,00:12:20,C,"['A. On the left side.', 'B. In front of the canvas.', 'C. On a shelf to the right.', 'D. Next to the potted plant.']",single,Concurrent
Real-Time Visual Understanding_sample_132_5,Clips Summarize,Which of the following best summarizes the painting process just shown in the video?,00:12:30,C,"['A. The artist is organizing painting tools in a vibrant studio.', 'B. The painter is applying broad strokes to a landscape painting.', 'C. The video captures the detailed process of painting background of a portrait with various brush strokes.', 'D. The artist is blending colors on the palette while preparing to paint.']",multiple,Prior
Real-Time Visual Understanding_sample_133_1,Spatial Understanding,What is the position of the paintbrush relative to the sketchbooks initially?,00:00:20,B,"['A. In front of the open sketchbook.', 'B. Between a sketchbook and a white item.', 'C. Behind the closed sketchbook.', 'D. To the left of the open sketchbook.']",single,Prior
Real-Time Visual Understanding_sample_133_2,Event Understanding,What is the artist focusing on right now?,00:03:39,B,"['A. Adding a background.', ""B. Painting the portrait's face."", 'C. Sketching the portrait.', 'D. Cleaning the palette.']",multiple,Concurrent
Real-Time Visual Understanding_sample_133_3,Spatial Understanding,Where is the painting set while the artist works on it?,00:07:00,C,"['A. On an easel.', 'B. On the floor.', 'C. On a table.', 'D. On a wall.']",single,Concurrent
Real-Time Visual Understanding_sample_133_4,Clips Summarize,Which of the following best summarizes the painting process shown just now?,00:07:00,B,"['A. A rough sketch of a landscape.', 'B. Add background color to the portrait.', 'C. An abstract painting with vibrant colors.', 'D. A still life painting of fruits and flowers.']",multiple,Concurrent
Real-Time Visual Understanding_sample_133_5,Clips Summarize,Which of the following best summarizes the painting process in the video?,00:10:19,C,"['A. Bold brushstrokes on a colorful landscape.', 'B. Fine details on a still life painting.', 'C. Detailing a portrait of a man with dark hair and a serious expressions.', 'D. Subtle shading on an abstract design.']",multiple,Concurrent
Real-Time Visual Understanding_sample_134_1,Event Understanding,Which part of the drawing is being detailed by the brush in the first few seconds?,00:00:20,A,"['A. The left eye.', 'B. The right eye.', 'C. The nose.', 'D. The mouth.']",multiple,Prior
Real-Time Visual Understanding_sample_134_2,Clips Summarize,Which of the following best summarizes the content just shown in the video?,00:00:20,D,"['A. A paintbrush outlines and details floral elements.', 'B. A detailed drawing of a face is created from scratch.', 'C. A paintbrush adds color to the floral headpiece.', 'D. A paintbrush outlines and fills in the eyes of a detailed drawing.']",multiple,Concurrent
Real-Time Visual Understanding_sample_134_3,Clips Summarize,Which of the following best summarizes the painting process just shown in the video?,00:03:20,B,"[""A. An artist begins sketching a woman's face on a new canvas."", ""B. An artist is detailing a woman's face, focusing on her eyes, cheeks, and nose."", 'C. An artist adds a detailed background to a painting of a woman.', ""D. An artist is drawing abstract patterns around a woman's face.""]",multiple,Concurrent
Real-Time Visual Understanding_sample_134_4,Clips Summarize,Which of the following best summarizes the painting process just shown in the video?,00:06:20,B,"['A. A landscape being painted with different shades of green.', 'B. A portrait of a woman being detailed with various brushes.', 'C. An abstract painting with bright colors.', 'D. A still life of fruits being created with careful strokes.']",multiple,Concurrent
Real-Time Visual Understanding_sample_134_5,Clips Summarize,Which of the following best summarizes the content of the video?,00:09:19,B,"['A. An artist painting a landscape.', 'B. An artist creating a portrait with vibrant colors and detailed features.', 'C. A woman decorating her hair with flowers.', 'D. An artist discussing painting techniques.']",multiple,Concurrent
Real-Time Visual Understanding_sample_135_1,Clips Summarize,Which of the following best summarizes the painting just shown in the video?,00:00:19,B,"['A. A partially painted left eye with preliminary details.', 'B. A complete and detailed right eye, including the upper eyelid line.', 'C. A detailed sketch of the entire face with no paint.', 'D. An unfinished sketch with some paint on the lips.']",multiple,Concurrent
Real-Time Visual Understanding_sample_135_2,Spatial Understanding,Which area of the face remains largely unpainted so far?,00:03:07,D,"['A. The eyes.', 'B. The lips.', 'C. The eyebrows.', 'D. The cheeks and hair.']",multiple,Concurrent
Real-Time Visual Understanding_sample_135_3,Clips Summarize,Which of the following best summarizes the painting process just shown in the video?,00:06:20,B,"['A. The artist is preparing a new canvas for painting.', 'B. This artist is adding details to the face of the portrait.', 'C. The artist is drawing a rough sketch of a landscape.', 'D. The artist is cleaning up after completing a painting.']",multiple,Concurrent
Real-Time Visual Understanding_sample_135_4,Spatial Understanding,What is positioned to the left of the canvas?,00:09:20,B,"['A. A window.', 'B. A green plant.', 'C. A cup of coffee.', 'D. A lamp.']",single,Concurrent
Real-Time Visual Understanding_sample_135_5,Clips Summarize,Which statement best summarizes the painting process just shown in the video?,00:09:18,C,"['A. The artist is rapidly applying layers of paint with a wide brush.', 'B. The painter is outdoors, capturing a landscape with vivid colors.', ""C. The artist is working methodically on a woman's portrait, focusing on hair details indoors."", 'D. The canvas depicts an abstract scene with no distinguishable features.']",multiple,Concurrent
Real-Time Visual Understanding_sample_136_1,Text-Rich Understanding,What are the dimensions of the canvas just shown in the video?,00:00:20,B,"['A. 25 cm by 20 cm.', 'B. 28 cm by 23 cm.', 'C. 30 cm by 25 cm.', 'D. 32 cm by 28 cm.']",multiple,Prior
Real-Time Visual Understanding_sample_136_2,Spatial Understanding,Where is the white palette located relative to the canvas?,00:00:08,D,"['A. To the left of the canvas.', 'B. Above the canvas.', 'C. Below the canvas.', 'D. To the right of the canvas.']",single,Concurrent
Real-Time Visual Understanding_sample_136_3,Spatial Understanding,Where is the palette located in relation to the canvas?,00:02:59,D,"['A. To the left of the canvas.', 'B. Above the canvas.', 'C. Below the canvas.', 'D. To the right of the canvas.']",single,Concurrent
Real-Time Visual Understanding_sample_136_4,Event Understanding,What does the painter do after shifting to a broader view of the canvas?,00:05:34,C,"['A. Cleans the brush.', 'B. Adds details to the water.', 'C. Mixes paint on the palette.', 'D. Adjusts the position of the canvas.']",multiple,Concurrent
Real-Time Visual Understanding_sample_136_5,Clips Summarize,Which of the following best summarizes the painting process just shown in the video?,00:08:19,D,"['A. The artist paints a bright sunny day with flowers and butterflies.', 'B. The artist creates a night scene with stars and a moon.', 'C. The artist illustrates a winter landscape with snow and ice.', 'D. The artist depicts a sunset over water, adding vertical elements like trees or reeds.']",multiple,Concurrent
Real-Time Visual Understanding_sample_137_1,Clips Summarize,Which of the following best describes the initial actions shown in the clip?,00:00:12,D,"['A. A hand is painting directly on a canvas.', 'B. A plastic sheet is covered with paint stains, then a name appears.', 'C. A blank canvas is being prepared for painting.', 'D. Paint is being dispensed onto a plastic sheet covering a canvas.']",multiple,Concurrent
Real-Time Visual Understanding_sample_137_2,Prospective Reasoning,What is likely the next step after dispensing all the paint colors onto the plastic sheet?,00:00:19,B,"['A. The hand will spread the paint across the sheet.', 'B. The plastic sheet will be removed from the canvas.', 'C. Additional colors will be added.', 'D. The text ""CorreaArt"" will be erased.']",multiple,Concurrent
Real-Time Visual Understanding_sample_137_3,Spatial Understanding,Where are the various squeezed paint tubes located in relation to the canvas?,00:05:08,D,"['A. To the left of the canvas.', 'B. On a shelf above the canvas.', 'C. Below the canvas on the floor.', 'D. On a wooden table to the right of the canvas.']",single,Concurrent
Real-Time Visual Understanding_sample_137_4,Causal Reasoning,Why does the paint mixture become deeper and richer in purple color right now?,00:10:16,B,"['A. Because more orange paint was added.', 'B. Because more red and blue paint was added.', 'C. Because purple paint was added.', 'D. Because the palette knife was cleaned.']",multiple,Concurrent
Real-Time Visual Understanding_sample_137_5,Clips Summarize,Which of the following best summarizes the artistic process just shown in the clip?,00:15:20,D,"['A. A painter adding final touches to a portrait.', 'B. A painter cleaning their tools after finishing a painting.', 'C. A painter starting a new abstract piece.', 'D. A painter refining the details of ocean waves.']",multiple,Prior
Real-Time Visual Understanding_sample_138_1,Clips Summarize,Which of the following best summarizes the initial painting process in the clip?,00:00:19,A,"['A. Applying and blending cerulean blue and white paint on the upper part of the canvas.', 'B. Setting up various colors of paint and brushes on the canvas.', 'C. Drawing an outline before filling in with different colors.', 'D. Cleaning the brushes and preparing the paint palette.']",multiple,Concurrent
Real-Time Visual Understanding_sample_138_2,Clips Summarize,Which of the following best summarizes the painting activity just shown in the video?,00:02:20,A,"[""A. Adding texture to a tree's foliage against a blue sky."", 'B. Painting a landscape with mountains and a river.', 'C. Creating a portrait with detailed facial features.', 'D. Sketching a building with architectural details.']",multiple,Concurrent
Real-Time Visual Understanding_sample_138_3,Clips Summarize,Which of the following options best describes what the artist is doing?,00:04:19,A,"['A. An artist painting a landscape with a bright sky and a leafy tree.', 'B. An artist drawing a portrait of a person.', 'C. An artist sculpting a figure out of clay.', 'D. An artist photographing a nature scene.']",multiple,Concurrent
Real-Time Visual Understanding_sample_138_4,Spatial Understanding,Where is the artist adding pink flowers on the canvas?,00:06:08,B,"['A. Top right quadrant.', 'B. Bottom left quadrant.', 'C. Center of the canvas.', 'D. Top left quadrant.']",single,Concurrent
Real-Time Visual Understanding_sample_138_5,Clips Summarize,Which of the following best summarizes the painting process just shown in the video?,00:06:19,A,"['A. An artist adding intricate floral details to a scenic painting.', 'B. An artist painting a mountainous scene with animals.', 'C. An artist sculpting a clay model of a tree.', 'D. An artist drawing a sketch of a cityscape.']",multiple,Concurrent
Real-Time Visual Understanding_sample_139_1,Clips Summarize,Which of the following best summarizes the initial sequence of the video?,00:00:20,A,"['A. A dark screen is followed by a splash screen, then a hand arranges and prepares paint for a painting session.', 'B. A splash screen is followed by a dark screen, then a hand arranges brushes for a painting session.', 'C. A white canvas is shown first, followed by a splash screen and paint tubes being arranged.', 'D. A palette is shown with various colors, followed by a splash screen and a hand preparing brushes.']",multiple,Concurrent
Real-Time Visual Understanding_sample_139_2,Spatial Understanding,Where is the masking tape positioned on the canvas?,00:02:44,C,"['A. Along the top edge.', 'B. Along the bottom edge.', 'C. Aligning with the horizon.', 'D. Vertical down the center.']",single,Concurrent
Real-Time Visual Understanding_sample_139_3,Causal Reasoning,Why did the hand reach towards the palette just now?,00:03:00,B,"['A. To clean the brush.', 'B. To mix and pick up more paint.', 'C. To adjust the masking tape.', 'D. To start a new painting.']",multiple,Prior
Real-Time Visual Understanding_sample_139_4,Spatial Understanding,Where is the hand focusing its painting efforts right now?,00:05:38,C,"['A. On the sandy beach.', 'B. On the horizon line.', 'C. On the the second wave.', 'D. On the fluffy white clouds.']",single,Concurrent
Real-Time Visual Understanding_sample_139_5,Clips Summarize,Which of the following best summarizes the content just shown in the video?,00:08:20,A,"['A. A hand painting a vibrant seascape with turquoise waves and white foam.', 'B. A close-up of an artist sketching a cityscape.', 'C. A detailed view of a forest scene being painted.', 'D. An artist mixing colors on a palette.']",multiple,Concurrent
Real-Time Visual Understanding_sample_140_1,Causal Reasoning,Why does the gradient effect become more pronounced?,00:00:20,C,"['A. Because more dark paint is added.', 'B. Because the brushstrokes become vertical.', 'C. Because the brushstrokes blend smoothly from pink to white.', 'D. Because the person stops adding paint.']",multiple,Concurrent
Real-Time Visual Understanding_sample_140_2,Clips Summarize,Which of the following best summarizes the painting process just shown in the video?,00:00:20,A,"['A. The person paints a gradient from pink to white with smooth horizontal strokes.', 'B. The canvas is covered with random colors and patterns.', 'C. The palette is used to mix blue and green colors for a landscape.', 'D. The person uses a sponge to create a textured effect.']",multiple,Concurrent
Real-Time Visual Understanding_sample_140_3,Action Perception,What action is the artist performing right now?,00:02:19,C,"['A. Mixing colors on the palette.', 'B. Framing the finished painting.', 'C. Applying fine details to the grass lawn.', 'D. Cleaning the brush with water.']",multiple,Concurrent
Real-Time Visual Understanding_sample_140_4,Clips Summarize,Which of the following best summarizes the painting just shown in the video?,00:04:20,A,"['A. A landscape painting with a path leading to a small white house with a red roof.', 'B. A portrait of an elderly man being painted with fine details.', 'C. A close-up of a flower being painted with vibrant colors.', 'D. An abstract painting with various geometric shapes.']",multiple,Concurrent
Real-Time Visual Understanding_sample_140_5,Spatial Understanding,What is located below the large dark brown tree in the painting?,00:06:20,D,"['A. A lake with a boat.', 'B. A group of animals.', 'C. A river with a bridge.', 'D. A grass lawn.']",single,Concurrent
Real-Time Visual Understanding_sample_141_1,Spatial Understanding,What is the arrangement of the items on the wooden surface now?,00:00:08,A,"['A. The watercolor palette is on the left, and the white canvas is on the right.', 'B. The watercolor palette is on the right, and the glass dish is on the left.', 'C. The watercolor palette is in the center, and the paper is on the right.', 'D. The glass dish is in the center, and the paper is on the left.']",single,Concurrent
Real-Time Visual Understanding_sample_141_2,Clips Summarize,Which of the following best summarizes the painting activity just shown in the video?,00:03:00,A,"['A. The hand is painting a deep green and light green abstract form on paper.', 'B. The hand is drawing a detailed landscape.', 'C. The hand is sketching with a pencil before painting.', 'D. The hand is creating a watercolor portrait.']",multiple,Concurrent
Real-Time Visual Understanding_sample_141_3,Prospective Reasoning,What is the artist likely to do next?,00:05:34,B,"['A. Sign the painting.', 'B. Add more details to the painting.', 'C. Clean up the workspace.', 'D. Start a new painting.']",multiple,Concurrent
Real-Time Visual Understanding_sample_141_4,Spatial Understanding,Where is the paint palette positioned relative to the artist's hand?,00:08:19,A,"['A. To the left of the hand.', 'B. To the right of the hand.', 'C. Directly below the hand.', 'D. Above the hand.']",single,Concurrent
Real-Time Visual Understanding_sample_141_5,Event Understanding,What is the artist creating in the video?,00:08:19,B,"['A. A portrait of a person.', 'B. A watercolor landscape.', 'C. An abstract painting.', 'D. A charcoal sketch.']",multiple,Concurrent
Real-Time Visual Understanding_sample_142_1,Spatial Understanding,Where is the paint palette located relative to the canvas?,00:00:01,B,"['A. To the left of the canvas.', 'B. To the right of the canvas.', 'C. Below the canvas.', 'D. Above the canvas.']",single,Concurrent
Real-Time Visual Understanding_sample_142_2,Action Perception,What is the hand doing in the video?,00:02:19,A,"['A. Applying white paint to a curved surface.', 'B. Drawing a straight line with a pencil.', 'C. Cleaning the paintbrush.', 'D. Mixing colors on a palette.']",multiple,Concurrent
Real-Time Visual Understanding_sample_142_3,Action Perception,What is the artist doing right now,00:04:11,B,"['A. Mixing colors on the palette.', ""B. Applying paint to the moon's surface."", 'C. Cleaning the paintbrush.', 'D. Adjusting the canvas.']",multiple,Concurrent
Real-Time Visual Understanding_sample_142_4,Causal Reasoning,Why does the artist pick up a larger paintbrush after finishing the lines?,00:06:21,A,"['A. To add foliage details.', 'B. To clean the previous paintbrush.', 'C. To start a new painting.', 'D. To add a new color to the palette.']",multiple,Concurrent
Real-Time Visual Understanding_sample_142_5,Clips Summarize,Which of the following best summarizes the artist's actions just shown in the video,00:06:20,C,"['A. The artist sketches a rough outline of a landscape.', 'B. The artist adds fine details to a previously sketched portrait.', 'C. The artist paints vertical lines, mixes paint, and adds foliage details to the canvas.', 'D. The artist starts a new painting with a fresh palette and blank canvas.']",multiple,Concurrent
Real-Time Visual Understanding_sample_143_1,Event Understanding,What does the split-screen show right now?,00:03:21,C,"['A. Two different people performing the same exercise.', 'B. A comparison between two types of exercise equipment.', 'C. Two options for the same exercise.', 'D. Different stages of the same workout.']",single,Concurrent
Real-Time Visual Understanding_sample_143_2,Event Understanding,"What exercise is being performed in ""Exercise 2 of 7""?",00:03:26,C,"['A. Deadlift.', 'B. Bench Press.', 'C. Larsen Press.', 'D. Squat.']",multiple,Concurrent
Real-Time Visual Understanding_sample_143_3,Action Perception,What exercise is the man performing right now?,00:06:40,B,"['A. Bicep curls.', 'B. Press around.', 'C. Leg press.', 'D. Shoulder press.']",multiple,Concurrent
Real-Time Visual Understanding_sample_143_4,Attribute Perception,What is the man wearing during his exercise in the gym?,00:07:00,B,"['A. Black T-shirt and white shorts.', 'B. White T-shirt and black shorts.', 'C. Gray T-shirt and white pants.', 'D. Blue T-shirt and pants.']",single,Prior
Real-Time Visual Understanding_sample_143_5,Action Perception,What action is the man in a white shirt performing right now?,00:10:06,C,"['A. Stretch-Only Overhead Extension.', 'B. Bicep Curl.', 'C. Squeeze-Only Pressdown.', 'D. Leg Press.']",multiple,Concurrent
Real-Time Visual Understanding_sample_144_1,Event Understanding,What series is being presented according to the text overlay during the video?,00:00:15,D,"['A. ""THE ULTIMATE BODYBUILDING SERIES"".', 'B. ""JEFF NIPPARD\'S WORKOUT SERIES"".', 'C. ""THE ULTIMATE GYM SERIES"".', 'D. ""THE ULTIMATE PUSH PULL LEGS SERIES"".']",multiple,Prior
Real-Time Visual Understanding_sample_144_2,Counting,How many exercises are indicated in the sequence the person is following?,00:03:10,C,"['A. 4', 'B. 5', 'C. 6', 'D. 7']",multiple,Concurrent
Real-Time Visual Understanding_sample_144_3,Action Perception,What exercise is the person performing right now?,00:06:02,B,"['A. Squats', 'B. Lunges', 'C. Push-ups', 'D. Deadlifts']",multiple,Concurrent
Real-Time Visual Understanding_sample_144_4,Event Understanding,What action does the person take after squatting down and adjusting their grip on the dumbbells?,00:06:17,D,"['A. He put the dumbbells down.', 'B. He start doing push-ups.', 'C. He switch to another exercise machine.', 'D. He begin performing lunges again.']",multiple,Concurrent
Real-Time Visual Understanding_sample_144_5,Object Perception,What is shown on the left side of the screen right now?,00:09:05,A,"['A. An anatomical illustration of the lower leg muscles.', 'B. A person exercising in a gym.', 'C. A chart with data points.', 'D. A blue and green arrow.']",single,Concurrent
Real-Time Visual Understanding_sample_145_1,Action Perception,What exercise is the individual performing in the gym after the box jumps?,00:07,C,"['A. Squats.', 'B. Deadlifts.', 'C. Barbell clean and press.', 'D. Push-ups.']",multiple,Concurrent
Real-Time Visual Understanding_sample_145_2,Attribute Perception,What color are the sneakers worn by the person performing the lift right now?,00:03:33,B,"['A. Black and yellow.', 'B. White and black.', 'C. Blue and white.', 'D. Red and white.']",single,Concurrent
Real-Time Visual Understanding_sample_145_3,Spatial Understanding,Where is the American flag located in relation to the person performing the box jump?,00:03:39,C,"['A. Directly behind him.', 'B. To his left.', 'C. To his right.', 'D. In front of him.']",multiple,Concurrent
Real-Time Visual Understanding_sample_145_4,Object Perception,What is the man who is lifting wearing right now?,00:07:00,B,"['A. Red sleeveless shirt, black shorts, and white athletic shoes.', 'B. Blue sleeveless shirt, black shorts, and white athletic shoes.', 'C. Green sleeveless shirt, black shorts, and white athletic shoes.', 'D. Blue sleeveless shirt, red shorts, and white athletic shoes.']",single,Concurrent
Real-Time Visual Understanding_sample_145_5,Action Perception,What action is the individual performing right now?,00:10:27,C,"['A. Running on the treadmill.', 'B. Lifting weights.', 'C. Performing box jumps.', 'D. Stretching.']",single,Prior
Real-Time Visual Understanding_sample_146_1,Text-Rich Understanding,What text is displayed on the screen at the beginning?,00:06,A,"['A. ""HOW I TRAIN"".', 'B. ""CHEST WORKOUT"".', 'C. ""MUSCLE FLEX"".', 'D. ""GYM EQUIPMENT"".']",single,Prior
Real-Time Visual Understanding_sample_146_2,Action Perception,What is the person doing right now?,00:00:16,A,"['A. Walking on a treadmill.', 'B. Performing bench presses.', 'C. Lifting weights overhead.', 'D. Doing tricep presses.']",single,Concurrent
Real-Time Visual Understanding_sample_146_3,Object Perception,What is the man holding above his chest right now?,00:03:00,C,"['A. Dumbbells.', 'B. A kettlebell.', 'C. A barbell.', 'D. A medicine ball.']",single,Concurrent
Real-Time Visual Understanding_sample_146_4,Event Understanding,What is the person doing after the barbell exercise?,00:05:39,B,"['A. Running on a treadmill.', 'B. Performing cable fly.', 'C. Stretching.', 'D. Using a rowing machine.']",multiple,Concurrent
Real-Time Visual Understanding_sample_146_5,Object Perception,What muscle groups are highlighted in red on the left side of the screen during the front raise exercise?,00:08:06,A,"['A. Front deltoids.', 'B. Rear deltoids.', 'C. Side deltoids.', 'D. Biceps.']",single,Concurrent
Real-Time Visual Understanding_sample_147_1,Attribute Perception,What color are the shorts the man is wearing while stretching his arms and warming up?,00:00:19,D,"['A. Red.', 'B. Black.', 'C. Gray.', 'D. Blue.']",single,Concurrent
Real-Time Visual Understanding_sample_147_2,Text-Rich Understanding,What text appears on the screen when the man is shown exercising on the treadmill?,00:00:13,A,"['A. ""WARM-UP"".', 'B. ""HOW TO TRAIN"".', 'C. ""BACK & BICEPS"".', 'D. ""WORKOUT PLAN"".']",single,Concurrent
Real-Time Visual Understanding_sample_147_3,Object Perception,What is the man using for his exercise?,00:02:20,C,"['A. A treadmill.', 'B. A dumbbell.', 'C. A pull-up bar.', 'D. A bench press.']",single,Concurrent
Real-Time Visual Understanding_sample_147_4,Object Perception,What is the man holding in his left hand?,00:04:09,D,"['A. A barbell.', 'B. A kettlebell.', 'C. A resistance band.', 'D. A dumbbell.']",single,Concurrent
Real-Time Visual Understanding_sample_147_5,Text-Rich Understanding,What is the main focus of the study shown in the scientific paper format?,00:06:20,A,"['A. The effect of hand position on EMG activity of posterior shoulder musculature during horizontal abduction exercise.', 'B. The effect of hand position on shoulder pain.', 'C. The effect of different exercises on overall shoulder strength.', 'D. The comparison of EMG activity between different exercises.']",multiple,Concurrent
Real-Time Visual Understanding_sample_148_1,Action Perception,What does the man do at the start of the video?,00:00:08,A,"['A. He is scratching his head.', 'B. He is tying his shoes.', 'C. He is drinking water.', 'D. He is adjusting his watch.']",multiple,Prior
Real-Time Visual Understanding_sample_148_2,Attribute Perception,How is the tier list diagram colored?,00:00:10,A,"['A. Red, orange, yellow, and green.', 'B. Blue, purple, yellow, and red.', 'C. Green, yellow, orange, and red.', 'D. Yellow, blue, green, and orange.']",single,Prior
Real-Time Visual Understanding_sample_148_3,Text-Rich Understanding,What text appeared at the bottom of the screen just now?,00:03:10,C,"['A. ""BARBELL BACK SQUAT"".', 'B. ""DEADLIFT"".', 'C. ""BARBELL FRONT SQUAT"".', 'D. ""BENCH PRESS"".']",multiple,Concurrent
Real-Time Visual Understanding_sample_148_4,Object Perception,What is the man using right now?,00:06:23,D,"['A. Treadmill.', 'B. Dumbbells.', 'C. Elliptical machine.', 'D. Leg press machine.']",single,Concurrent
Real-Time Visual Understanding_sample_148_5,Action Perception,What exercise is the person performing in the gym right now?,00:09:14,C,"['A. Deadlift.', 'B. Bench press.', 'C. Weighted squat.', 'D. Push-up.']",single,Concurrent
Real-Time Visual Understanding_sample_149_1,Text-Rich Understanding,What text appears prominently on the left side of the screen at the start of the video?,00:00:03,A,"['A. ""HOW TO TRAIN""', 'B. ""WORKOUT ROUTINE""', 'C. ""TRAINING SCHEDULE""', 'D. ""GYM TIPS""']",single,Concurrent
Real-Time Visual Understanding_sample_149_2,Text-Rich Understanding,How many repetitions are suggested for each leg for both front-to-back and side-to-side leg swings?,00:00:20,A,"['A. 12 reps.', 'B. 10 reps.', 'C. 15 reps.', 'D. 20 reps.']",single,Prior
Real-Time Visual Understanding_sample_149_3,Attribute Perception,What is the man wearing during the deadlift exercise?,00:02:14,B,"['A. A white t-shirt and black shorts.', 'B. A dark gray t-shirt and black shorts.', 'C. A blue t-shirt and black shorts.', 'D. A dark gray t-shirt and blue shorts.']",single,Concurrent
Real-Time Visual Understanding_sample_149_4,Action Perception,"What is the man doing during the ""Slow-Eccentric Leg Extension"" exercise?",00:04:19,D,"['A. Pulling the bar upwards quickly with his legs.', 'B. Jumping off the machine.', 'C. Swinging his legs back and forth.', 'D. Pushing the padded bar upwards and lowering it slowly with his legs.']",multiple,Concurrent
Real-Time Visual Understanding_sample_149_5,Object Perception,What is written on the poster next to the person right now?,00:07:41,D,"['A. ""The Ultimate Bodybuilding Guide"".', 'B. ""The Ultimate Fitness Program"".', 'C. ""The Ultimate Muscle Flex System"".', 'D. ""The Ultimate Push Pull Legs System"".']",single,Concurrent
Real-Time Visual Understanding_sample_150_1,Action Perception,What action does the man perform after taking off his gray t-shirt?,00:00:05,A,"['A. Clap hands to remove the excess powder and adjusts a weightlifting belt.', 'B. Does a pull-up.', 'C. Puts on a black t-shirt.', 'D. Walks through the gym.']",multiple,Concurrent
Real-Time Visual Understanding_sample_150_2,Object Perception,What is the person adjusting right now?,00:03:02,A,"['A. The weight on a gym machine.', 'B. A treadmill speed.', 'C. A dumbbell rack.', 'D. A stationary bike seat.']",multiple,Concurrent
Real-Time Visual Understanding_sample_150_3,Event Understanding,What is the individual doing right now after shifting focus to the new exercise machine?,00:06:13,C,"['A. Performing vertical pull exercises.', 'B. Flexing his muscles.', 'C. Performing a seated exercise targeting upper body muscles.', 'D. Walking around the gym.']",multiple,Concurrent
Real-Time Visual Understanding_sample_150_4,Text-Rich Understanding,What type of exercise is the person performing in the left panel?,00:09:01,C,"['A. High-to-Low.', 'B. Mid-to-Mid.', 'C. Low-to-High.', 'D. Low-to-Mid.']",single,Concurrent
Real-Time Visual Understanding_sample_150_5,Object Perception,What is positioned above the books on the man's desk?,00:11:41,D,"['A. A potted plant.', 'B. A laptop.', 'C. A microphone.', 'D. A globe.']",single,Concurrent
Real-Time Visual Understanding_sample_151_1,Action Perception,What is the woman in the white dress doing when the scene transitions?,00:00:10,C,"['A. Dancing.', ""B. Styling another person's hair."", 'C. Getting her hair styled by another person.', 'D. Eating.']",multiple,Concurrent
Real-Time Visual Understanding_sample_151_2,Attribute Perception,What is the color of the undershirt worn by the woman on the left?,00:01:55,B,"['A. Black.', 'B. White.', 'C. Red.', 'D. Blue.']",single,Concurrent
Real-Time Visual Understanding_sample_151_3,Event Understanding,What activity are the two women primarily engaged in?,00:02:00,C,"['A. Cooking.', 'B. Cleaning.', 'C. Dressing.', 'D. Sewing.']",multiple,Concurrent
Real-Time Visual Understanding_sample_151_4,Attribute Perception,What color is the assistant's dress?,00:03:26,B,"['A. Blue and red.', 'B. Red and white.', 'C. Green and red.', 'D. Purple and white.']",single,Concurrent
Real-Time Visual Understanding_sample_151_5,Object Perception,"What is the man with medium-length, curly, white hair wearing?",00:05:19,B,"['A. A white top with a black neckline.', 'B. A black top with a white neckline.', 'C. A dark robe with yellow-gold sleeves.', 'D. A dress with intricate gold stitching.']",single,Prior
Real-Time Visual Understanding_sample_152_1,Object Perception,What item does the video start with someone picking up?,00:00:02,A,"['A. A decorative hair comb.', 'B. A wooden comb.', 'C. A hand mirror.', 'D. A jeweled necklace.']",single,Concurrent
Real-Time Visual Understanding_sample_152_2,Attribute Perception,What are the colors of the corset and its trim worn by the person?,00:01:44,B,"['A. Light brown with white stripes and black lace trim.', 'B. Light brown with black stripes and white lace trim.', 'C. White with black stripes and light brown lace trim.', 'D. Black with white stripes and brown lace trim.']",single,Concurrent
Real-Time Visual Understanding_sample_152_3,Action Perception,What action did the person just perform?,00:01:49,C,"['A. Fastening the metal clasps.', 'B. Adjusting the white dress.', 'C. Tightening the corset laces.', 'D. Lowering their arms.']",multiple,Concurrent
Real-Time Visual Understanding_sample_152_4,Object Perception,What is the left side person holding in his hands?,00:03:25,A,"['A. A white garment.', 'B. A black hat.', 'C. A book.', 'D. A pair of shoes.']",single,Concurrent
Real-Time Visual Understanding_sample_152_5,Object Perception,What is hanging on the mirror right now?,00:05:10,A,"['A. White gloves.', 'B. A hat.', 'C. A scarf.', 'D. A necklace.']",single,Concurrent
Real-Time Visual Understanding_sample_153_1,Attribute Perception,What is the distinctive feature of the man's appearance?,00:00:05,B,"['A. A scar on his cheek.', 'B. A handlebar mustache.', 'C. A monocle.', 'D. A bow tie.']",single,Prior
Real-Time Visual Understanding_sample_153_2,Object Perception,What item is located below the painting with the golden frame?,00:01:04,C,"['A. A bookshelf.', 'B. A table with a vase.', 'C. A candelabrum.', 'D. A mirror.']",single,Prior
Real-Time Visual Understanding_sample_153_3,Action Perception,What is the man doing while sitting on a chair?,00:01:10,C,"['A. Reading a book.', 'B. Polishing his shoes.', 'C. Adjusting his trousers and shoes.', 'D. Writing a letter.']",multiple,Prior
Real-Time Visual Understanding_sample_153_4,Attribute Perception,What color is the vest of the man being helped?,00:02:20,B,"['A. White.', 'B. Beige.', 'C. Black.', 'D. Gray.']",single,Concurrent
Real-Time Visual Understanding_sample_153_5,Action Perception,What does the man being helped do after the helper finishes adjusting his collar and bow tie?,00:02:15,D,"['A. Looks in the mirror.', 'B. Closes his eyes.', 'C. Lifts his arm.', 'D. Looks down slightly.']",multiple,Concurrent
Real-Time Visual Understanding_sample_154_1,Attribute Perception,What color are the walls and the bed in the bedroom?,00:00:05,D,"['A. Blue.', 'B. Green.', 'C. Yellow.', 'D. Red.']",single,Prior
Real-Time Visual Understanding_sample_154_2,Action Perception,What does the person do after waking up?,00:00:19,C,"['A. Lies back down.', 'B. Walks out of the room.', 'C. Sits up on the edge of the bed.', 'D. Stands up and stretches.']",multiple,Prior
Real-Time Visual Understanding_sample_154_3,Attribute Perception,What type are the man's sleeves?,00:01:25,D,"['A. Blue with embroidery.', 'B. Green with stripes.', 'C. Black with buttons.', 'D. White with lace.']",single,Concurrent
Real-Time Visual Understanding_sample_154_4,Object Perception,What item does the man pick up from the table while sitting?,00:01:29,D,"['A. A chalice.', 'B. A green vase.', 'C. A metal container.', 'D. A large white wig.']",single,Prior
Real-Time Visual Understanding_sample_154_5,Clips Summarize,How did the scene change just now?,00:01:39,A,"['A. The man picked up a piece of clothing on a red sofa in a different room.', 'B. The man is seen standing in front of a mirror.', 'C. The man is shown sitting and adjusting his wig.', 'D. The man walks out of the room.']",multiple,Concurrent
Real-Time Visual Understanding_sample_155_1,Action Perception,What is the elderly person with a white beard doing in the video?,00:00:10,D,"['A. Reading a book.', 'B. Painting on a canvas.', 'C. Cooking with a pot.', 'D. Writing with a quill pen.']",multiple,Concurrent
Real-Time Visual Understanding_sample_155_2,Counting,How many eggs are in the wooden bowl next to the marble slab?,00:00:03,B,"['A. One.', 'B. Five.', 'C. Three.', 'D. Four.']",single,Concurrent
Real-Time Visual Understanding_sample_155_3,Action Perception,What action does the man perform after adjusting his waistband?,00:01:40,D,"['A. Sits down.', 'B. Looks out the window.', 'C. Lies down on the bed.', 'D. Reaches for a piece of clothing.']",multiple,Prior
Real-Time Visual Understanding_sample_155_4,Attribute Perception,What type of boots is the person wearing?,00:02:49,A,"['A. Brown leather boots.', 'B. Rubber boots.', 'C. Sneakers.', 'D. Sandals.']",single,Concurrent
Real-Time Visual Understanding_sample_155_5,Object Perception,What is the person wearing around their neck right now?,00:04:05,A,"['A. A dark purple scarf.', 'B. A dark green scarf.', 'C. A light brown scarf.', 'D. A dark blue scarf.']",single,Concurrent
Real-Time Visual Understanding_sample_156_1,Text-Rich Understanding,What text appears first on the black screen?,00:00:03,C,"['A. ""National Museums Liverpool"".', 'B. ""Art Gallery"".', 'C. ""Walker"".', 'D. ""Walker Art Gallery"".']",single,Prior
Real-Time Visual Understanding_sample_156_2,Attribute Perception,What are the walls' color in the larger room?,00:00:13,B,"['A. White.', 'B. Peach.', 'C. Blue.', 'D. Gray.']",single,Concurrent
Real-Time Visual Understanding_sample_156_3,Attribute Perception,What is notable about the gold button?,00:01:38,C,"['A. It has a plain surface.', 'B. It is silver with a smooth finish.', 'C. It has a decorative design.', 'D. It is wooden with carvings.']",single,Concurrent
Real-Time Visual Understanding_sample_156_4,Object Perception,What item of clothing is the older man helping the younger man with?,00:03:00,C,"['A. Shirt.', 'B. Trousers.', 'C. Waistcoat.', 'D. Jacket.']",single,Concurrent
Real-Time Visual Understanding_sample_156_5,Object Perception,What is one of the items on the well-decorated table?,00:04:21,B,"['A. A book.', 'B. A ceramic pitcher.', 'C. A silver tray.', 'D. A candle.']",single,Concurrent
Real-Time Visual Understanding_sample_157_1,Action Perception,What is the woman doing to secure the sock in place?,00:00:13,B,"['A. Tying it with a ribbon.', 'B. Securing it with a black strap or garter.', 'C. Using a safety pin.', 'D. Sewing it in place.']",multiple,Prior
Real-Time Visual Understanding_sample_157_2,Action Perception,What do the two standing women do to the seated woman?,00:02:30,B,"['A. They are talking to her.', 'B. They are adjusting her clothing items.', 'C. They are serving her food.', 'D. They are combing her hair.']",multiple,Concurrent
Real-Time Visual Understanding_sample_157_3,Action Perception,What are the two women wearing white caps and aprons doing?,00:04:09,B,"['A. Standing by the table.', ""B. Adjusting the central woman's clothing."", 'C. Preparing food.', 'D. Cleaning the room.']",multiple,Concurrent
Real-Time Visual Understanding_sample_157_4,Spatial Understanding,Where is the table with a white tablecloth positioned in the room?,00:04:03,A,"['A. To the left of the central woman.', 'B. To the right of the central woman.', 'C. In front of the central woman.', 'D. Behind the central woman.']",single,Concurrent
Real-Time Visual Understanding_sample_157_5,Spatial Understanding,Where is the young woman sitting right now?,00:06:19,B,"['A. On a cushion on the floor.', 'B. On an intricately carved wooden chair.', 'C. On a plain wooden bench.', 'D. On a cushioned sofa.']",single,Concurrent
Real-Time Visual Understanding_sample_158_1,Attribute Perception,What are the patterns on the second fabric piece retrieved from the drawer?,00:00:16,C,"['A. Polka dots.', 'B. Stripes.', 'C. Floral patterns.', 'D. Geometric shapes.']",single,Concurrent
Real-Time Visual Understanding_sample_158_2,Object Perception,What is the person putting on their feet?,00:01:30,B,"['A. Red boots.', 'B. Red shoes with a low heel and a strap.', 'C. Black sneakers.', 'D. Sandals.']",single,Prior
Real-Time Visual Understanding_sample_158_3,Attribute Perception,What pattern is on the stocking the person is wearing?,00:01:24,C,"['A. Stripes.', 'B. Polka dots.', 'C. Checkered.', 'D. Floral.']",single,Concurrent
Real-Time Visual Understanding_sample_158_4,Object Perception,What is featured in the background of the scene right now?,00:01:36,B,"['A. A plain white wall.', 'B. A patterned rug with horizontal stripes in various colors.', 'C. A window with curtains.', 'D. A bookshelf.']",single,Concurrent
Real-Time Visual Understanding_sample_158_5,Attribute Perception,What is the focus of the person when the camera cuts to a close-up of their face?,00:01:40,C,"['A. They are smiling and talking.', 'B. They are eating.', 'C. They appear focused, possibly adjusting their appearance.', 'D. They are looking at the camera and waving.']",single,Concurrent
Real-Time Visual Understanding_sample_159_1,Object Perception,What is the woman wearing right now?,00:00:11,B,"['A. A black dress.', 'B. A white strapless top.', 'C. A red shirt.', 'D. A grayish-blue long-sleeved shirt.']",single,Concurrent
Real-Time Visual Understanding_sample_159_2,Attribute Perception,What is the color of the wall in front of the woman?,00:00:14,C,"['A. White with blue stripes.', 'B. Pink with white stripes.', 'C. Light-colored with pink stripes.', 'D. Dark-colored with gold detailing.']",single,Concurrent
Real-Time Visual Understanding_sample_159_3,Action Perception,What are the helpers doing to the person in the golden robe?,00:01:06,B,"['A. Applying makeup.', 'B. Adjusting a braided belt.', 'C. Polishing their sandals.', 'D. Fixing their hair.']",multiple,Concurrent
Real-Time Visual Understanding_sample_159_4,Action Perception,What is the person in the yellow garment doing right now?,00:02:09,B,"['A. Reaching for the box.', 'B. Selecting a bracelet from the wooden box and putting it on her hand.', 'C. Putting on a necklace.', 'D. Fixing their hairstyle.']",single,Concurrent
Real-Time Visual Understanding_sample_159_5,Action Perception,What does the older woman do after appearing behind the young woman?,00:03:05,A,"['A. Adjusts the shawl of the young woman.', 'B. Hands a vessel to the young woman.', 'C. Sits down beside the young woman.', 'D. Leaves the scene immediately.']",multiple,Concurrent
Real-Time Visual Understanding_sample_160_1,Object Perception,What is the person picking up in the video?,00:00:11,B,"['A. A small piece of fabric.', 'B. A large piece of beige fabric.', 'C. A wooden beam.', 'D. A piece of darker fabric.']",single,Concurrent
Real-Time Visual Understanding_sample_160_2,Action Perception,What action does the person perform with the large piece of fabric?,00:00:15,B,"['A. Ties it around their waist.', 'B. Drapes it over themselves and threads arms through the sleeves.', 'C. Folds it neatly and places it on the floor.', 'D. Wraps it around their head.']",multiple,Prior
Real-Time Visual Understanding_sample_160_3,Event Understanding,What does the person do after picking up or placing several small objects?,00:01:33,C,"['A. Opens the window.', 'B. Sits down at the table.', 'C. Adjusts a braided belt around their waist.', 'D. Leaves the room.']",multiple,Concurrent
Real-Time Visual Understanding_sample_160_4,Action Perception,What is the person doing right now?,00:02:57,D,"['A. Adjusting their belt.', 'B. Pulling a hood over their head.', 'C. Opening a wooden door.', 'D. Stepping outside.']",multiple,Concurrent
Real-Time Visual Understanding_sample_160_5,Attribute Perception,What are the colors of the garments worn by the person lying down?,00:04:28,A,"['A. Cream and blue with red embroidered edges.', 'B. White and blue with gold embroidered edges.', 'C. Cream and green with silver embroidered edges.', 'D. White and red with blue embroidered edges.']",single,Concurrent
Real-Time Visual Understanding_sample_161_1,Attribute Perception,What pattern is on the woman's robe?,00:00:02,C,"['A. Stripes.', 'B. Polka dots.', 'C. Floral.', 'D. Geometric.']",single,Concurrent
Real-Time Visual Understanding_sample_161_2,Attribute Perception,What color is the cover on the bed?,00:01:20,C,"['A. Blue.', 'B. Green.', 'C. Peach.', 'D. White.']",single,Prior
Real-Time Visual Understanding_sample_161_3,Action Perception,What does the woman do after putting on the dress?,00:01:29,B,"['A. Brushes her hair.', 'B. Put on her high heels.', 'C. Adjusts the mirror.', 'D. Picks up a jewelry box.']",multiple,Concurrent
Real-Time Visual Understanding_sample_161_4,Event Understanding,What is the woman primarily doing in the video?,00:01:20,C,"['A. Cleaning the room.', 'B. Reading a book.', 'C. Dressing herself.', 'D. Writing a letter.']",multiple,Concurrent
Real-Time Visual Understanding_sample_161_5,Action Perception,What is the woman doing right now?,00:02:42,B,"['A. Singing.', 'B. Dancing.', 'C. Smiling.', 'D. Reading.']",multiple,Concurrent
Real-Time Visual Understanding_sample_162_1,Object Perception,What is hanging on the wall beside the nurse?,00:00:14,C,"['A. A clock.', 'B. A portrait.', 'C. A Union Jack flag.', 'D. A medical certificate.']",single,Prior
Real-Time Visual Understanding_sample_162_2,Action Perception,What is the nurse doing in the room?,00:00:20,C,"['A. Preparing a meal.', 'B. Writing notes.', 'C. Making a bed.', 'D. Cleaning the floor.']",multiple,Prior
Real-Time Visual Understanding_sample_162_3,Attribute Perception,What color are the socks being put on the seated person?,00:01:12,D,"['A. Red.', 'B. Blue.', 'C. Yellow.', 'D. Green.']",single,Prior
Real-Time Visual Understanding_sample_162_4,Attribute Perception,What color is the man's tie?,00:02:04,D,"['A. Blue.', 'B. Green.', 'C. Yellow.', 'D. Red.']",single,Prior
Real-Time Visual Understanding_sample_162_5,Event Understanding,What are the women doing as the man puts on the navy blue jacket?,00:03:11,B,"['A. They are leaving the room.', 'B. They are helping him put on the jacket and adjusting it.', 'C. They are folding the linens.', 'D. They are standing by the window.']",multiple,Concurrent
Real-Time Visual Understanding_sample_163_1,Text-Rich Understanding,What is the current mph of the rider in the video?,00:00:49,A,"['A. 32 mph.', 'B. 33 mph.', 'C. 34 mph.', 'D. 35 mph.']",single,Concurrent
Real-Time Visual Understanding_sample_163_2,Text-Rich Understanding,What is the current kmh of the rider in the video?,00:01:01,B,"['A. 52 kmh.', 'B. 51 kmh.', 'C. 53 kmh.', 'D. 54 kmh.']",single,Concurrent
Real-Time Visual Understanding_sample_163_3,Text-Rich Understanding,What is the current grad. of the rider in the video?,00:03:45,C,"['A. -7.', 'B. -9.', 'C. -8.', 'D. -6.']",single,Concurrent
Real-Time Visual Understanding_sample_163_4,Text-Rich Understanding,What is the current grad. of the rider in the video?,00:06:11,D,"['A. -7.', 'B. -9.', 'C. -6.', 'D. -8.']",single,Concurrent
Real-Time Visual Understanding_sample_163_5,Spatial Understanding,Where is the road positioned right now?,00:07:46,D,"['A. Between field and forest.', 'B. Through a dense forest.', 'C. Beside a river.', 'D. Along a mountain ridge.']",single,Concurrent
Real-Time Visual Understanding_sample_164_1,Spatial Understanding,Where is the cyclist located right now?,00:00:07,A,"['A. At an intersection.', 'B. On a bridge.', 'C. Passing through a tunnel.', 'D. In the middle of an open field.']",single,Concurrent
Real-Time Visual Understanding_sample_164_2,Spatial Understanding,What is located on the right side of the road right now?,00:02:04,C,"['A. A river.', 'B. A fence.', 'C. Tall bushes and trees.', 'D. A concrete wall.']",single,Concurrent
Real-Time Visual Understanding_sample_164_3,Spatial Understanding,What is visible on the left side of the road right now?,00:03:53,D,"['A. A field.', 'B. A river.', 'C. A dense forest.', 'D. A row of trees and bushes.']",single,Concurrent
Real-Time Visual Understanding_sample_164_4,Spatial Understanding,What is located on the left side of the road right now?,00:05:50,B,"['A. A field with crops.', 'B. A dense line of trees and bushes.', 'C. A small river.', 'D. An open green field.']",single,Concurrent
Real-Time Visual Understanding_sample_164_5,Spatial Understanding,Where is the road positioned right now?,00:07:47,A,"['A. Between field and forest.', 'B. Through a dense forest.', 'C. Beside a river.', 'D. Along a mountain ridge.']",single,Concurrent
Real-Time Visual Understanding_sample_165_1,Spatial Understanding,Where is the red car located right now?,00:00:02,C,"['A. In front of the cyclist, on the left.', 'B. Just behind the cyclist, on the right.', 'C. Parked on the side of the road, on the right.', 'D. Ahead in the distance, slightly to the left.']",single,Concurrent
Real-Time Visual Understanding_sample_165_2,Spatial Understanding,Where are the trees located right now?,00:02:20,A,"['A. On both sides of the road.', 'B. Only on the left side of the road.', 'C. Only on the right side of the road.', 'D. Directly in front of the cyclist.']",single,Concurrent
Real-Time Visual Understanding_sample_165_3,Spatial Understanding,Where are the trees located right now?,00:04:15,A,"['A. On both sides of the road.', 'B. On the right side of the road.', 'C. In the center of the road.', 'D. Evenly distributed on both sides.']",single,Concurrent
Real-Time Visual Understanding_sample_165_4,Spatial Understanding,Where are the trees located right now?,00:06:25,C,"['A. On both sides of the road.', 'B. On the left side of the road.', 'C. On the right side of the road.', 'D. There are no trees visible right now.']",single,Concurrent
Real-Time Visual Understanding_sample_165_5,Text-Rich Understanding,What is the current value of 'distanz' displayed in the video?,00:08:13,A,"['A. 76.2KM.', 'B. 76.3KM.', 'C. 76.1KM.', 'D. 76.0KM.']",single,Concurrent
Real-Time Visual Understanding_sample_166_1,Spatial Understanding,Which side of the trail has more dense foliage right now?,00:00:10,A,"['A. The left side.', 'B. The right side.', 'C. Both sides equally.', 'D. Neither side has foliage.']",single,Concurrent
Real-Time Visual Understanding_sample_166_2,Spatial Understanding,Where is the large tree located right now?,00:02:06,D,"['A. On the left side of the road.', 'B. Ahead, slightly to the left.', 'C. Overhead, providing shade.', 'D. On the right side of the road.']",single,Concurrent
Real-Time Visual Understanding_sample_166_3,Spatial Understanding,Where is the shadowed area located right now?,00:03:53,B,"['A. On the left side of the road.', 'B. Across the entire road.', 'C. On the right side of the road.', 'D. No shadow at all.']",single,Concurrent
Real-Time Visual Understanding_sample_166_4,Spatial Understanding,What is located immediately ahead in the clearing right now?,00:05:33,A,"['A. An intersection.', 'B. A steep hill.', 'C. A large boulder.', 'D. A narrow bridge.']",single,Concurrent
Real-Time Visual Understanding_sample_166_5,Spatial Understanding,What is mainly visible on the left side of the road right now?,00:07:20,B,"['A. A lake.', 'B. Trees and dense foliage.', 'C. A building complex.', 'D. Farmland.']",single,Concurrent
Real-Time Visual Understanding_sample_167_1,Spatial Understanding,Where is the black car parked right now?,00:00:36,A,"['A. On the right side of the road.', 'B. On the left side of the road.', 'C. Directly in front of the road.', 'D. Behind the cyclist.']",single,Concurrent
Real-Time Visual Understanding_sample_167_2,Text-Rich Understanding,What is the current value of 'distanz' displayed in the video?,00:02:25,A,"['A. 6.0KM.', 'B. 6.1KM.', 'C. 6.2KM.', 'D. 5.9KM.']",single,Concurrent
Real-Time Visual Understanding_sample_167_3,Spatial Understanding,What is the object seen parallel and closest to the right side of the cyclist right now?,00:04:30,C,"['A. A river.', 'B. A line of trees.', 'C. Another cyclist.', 'D. A fenceline.']",single,Prior
Real-Time Visual Understanding_sample_167_4,Spatial Understanding,Where is the white railing located right now?,00:06:33,A,"['A. On the right side of the path.', 'B. On the left side of the path.', 'C. Overhead, forming an arch.', 'D. Directly in front of the cyclist.']",single,Concurrent
Real-Time Visual Understanding_sample_167_5,Spatial Understanding,Where are the power lines located right now?,00:08:33,C,"['A. To the left of the road.', 'B. Overhead, crossing the road.', 'C. To the right side of the road.', 'D. Directly in front of the cyclist.']",single,Concurrent
Real-Time Visual Understanding_sample_168_1,Spatial Understanding,What is located on the left side of the cyclists right now?,00:00:19,A,"['A. A row of shops.', 'B. A forest.', 'C. A parking lot.', 'D. A large park.']",single,Concurrent
Real-Time Visual Understanding_sample_168_2,Spatial Understanding,Where is the National Championships banner located right now?,00:02:17,A,"['A. Hanging above the cyclist.', 'B. On the left side of the road.', 'C. On the right side of the road.', 'D. Directly behind the cyclist.']",single,Prior
Real-Time Visual Understanding_sample_168_3,Spatial Understanding,Where is the stop sign located right now?,00:04:13,A,"['A. On the right side of the cyclists.', 'B. On the left side of the road.', 'C. Directly ahead of the cyclists.', 'D. Behind the cyclists.']",single,Concurrent
Real-Time Visual Understanding_sample_168_4,Spatial Understanding,What is positioned on the right side of the cyclists right now?,00:06:09,A,"['A. A green fence.', 'B. A banner with an advertisement.', 'C. A row of trees.', 'D. A pedestrian sitting area.']",single,Concurrent
Real-Time Visual Understanding_sample_168_5,Spatial Understanding,Where is the cyclist with the orange socks located right now?,00:08:12,B,"['A. To the right of the cameraman.', 'B. Directly in front of the cameraman.', 'C. To the left of the cameraman.', 'D. Behind the cameraman.']",single,Concurrent
Real-Time Visual Understanding_sample_169_1,Spatial Understanding,What is located to the right side of the road right now?,00:00:20,D,"['A. A gas station.', 'B. A bank.', 'C. A park.', 'D. A cafe.']",single,Concurrent
Real-Time Visual Understanding_sample_169_2,Attribute Perception,What are the main colors of the flowers in the hanging baskets right now?,00:02:14,D,"['A. Green and black.', 'B. Red and pink.', 'C. Red and blue.', 'D. White, yellow and purple.']",single,Concurrent
Real-Time Visual Understanding_sample_169_3,Spatial Understanding,Where are the kayaks located right now?,00:04:40,B,"['A. On the right side of the road.', 'B. On the left side of the road.', 'C. On the grass beside the path.', 'D. Docked at the shore.']",single,Concurrent
Real-Time Visual Understanding_sample_169_4,Spatial Understanding,What is located on the left side of the cyclist right now?,00:06:49,B,"['A. A field.', 'B. A canal.', 'C. A dense forest.', 'D. A building.']",single,Concurrent
Real-Time Visual Understanding_sample_169_5,Spatial Understanding,What is located on the left side of the path right now?,00:09:11,B,"['A. A river.', 'B. A line of trees.', 'C. A building.', 'D. A field.']",single,Concurrent
Real-Time Visual Understanding_sample_170_1,Spatial Understanding,What is on the left side of the road right now?,00:00:10,D,"['A. A clear field.', 'B. A group of houses.', 'C. A river.', 'D. A line of trees.']",single,Concurrent
Real-Time Visual Understanding_sample_170_2,Spatial Understanding,Where is the nearest dense row of trees located right now?,00:02:30,D,"['A. On the right side of the road.', 'B. On both sides of the road.', 'C. In the distance ahead.', 'D. On the left side of the road.']",single,Concurrent
Real-Time Visual Understanding_sample_170_3,Spatial Understanding,Where is the wooden bench?,00:04:48,D,"['A. On the left side of the road.', 'B. Directly ahead.', 'C. There is no bench.', 'D. On the right side of the road.']",single,Concurrent
Real-Time Visual Understanding_sample_170_4,Spatial Understanding,What is present on the left side of the road right now?,00:07:09,D,"['A. A small park with benches.', 'B. A river with a pedestrian bridge.', 'C. An open field with trees.', 'D. A parked cars and several houses.']",single,Concurrent
Real-Time Visual Understanding_sample_170_5,Spatial Understanding,Where is the tree casting a shadow located right now?,00:09:20,D,"['A. On the left side, in the field.', 'B. In the middle of the road.', 'C. On the right side of the road.', 'D. Slightly in front of the cyclist, on the left.']",single,Concurrent
Real-Time Visual Understanding_sample_171_1,Spatial Understanding,Where are the power lines located right now?,00:00:08,D,"['A. Crossing diagonally over the road.', 'B. Parallel to the right side of the road.', 'C. Intersecting the road perpendicularly.', 'D. Running parallel to the left side of the road.']",single,Concurrent
Real-Time Visual Understanding_sample_171_2,Spatial Understanding,Where is the red graffiti?,00:02:16,D,"['A. On the right side of the road.', 'B. On the left side of the road.', 'C. In front of the road.', 'D. Above the entrance of the tunnel.']",single,Concurrent
Real-Time Visual Understanding_sample_171_3,Spatial Understanding,What is on the left side of the road right now?,00:04:10,D,"['A. A river.', 'B. A small building.', 'C. An open field.', 'D. Dense vegetation.']",single,Concurrent
Real-Time Visual Understanding_sample_171_4,Spatial Understanding,What is located on the left side of the path right now?,00:06:27,D,"['A. A cornfield.', 'B. A tall building.', 'C. A dense forest.', 'D. A patch of grass.']",single,Concurrent
Real-Time Visual Understanding_sample_171_5,Spatial Understanding,What is located on the right side of the road right now?,00:08:34,D,"['A. A field of corn.', 'B. A forest.', 'C. A river.', 'D. A field of wheat.']",single,Concurrent
Real-Time Visual Understanding_sample_172_1,Spatial Understanding,What is located on the right side of the cyclist right now?,00:00:14,B,"['A. A supermarket entrance.', 'B. A row of flags.', 'C. A bus stop.', 'D. A park.']",single,Concurrent
Real-Time Visual Understanding_sample_172_2,Spatial Understanding,"What structure is located straight ahead on the right side of the road, visible right now?",00:02:21,C,"['A. A bridge.', 'B. A gym.', 'C. A billboard.', 'D. A roundabout.']",single,Concurrent
Real-Time Visual Understanding_sample_172_3,Spatial Understanding,What is located on the right side of the road right now?,00:04:23,A,"['A. A series of road signs.', 'B. A parked car.', 'C. A bus stop.', 'D. A pedestrian crossing.']",single,Concurrent
Real-Time Visual Understanding_sample_172_4,Spatial Understanding,Where is the cyclist right now?,00:06:14,C,"['A. Turning a corner.', 'B. Going uphill.', 'C. On a straight road.', 'D. About to reach a roundabout.']",single,Concurrent
Real-Time Visual Understanding_sample_172_5,Spatial Understanding,Where is the big red truck?,00:09:20,A,"['A. On the left side of the cyclist.', 'B. Behind the cyclist, on the right.', 'C. On the right side of the main path.', 'D. Ahead, to the left.']",single,Concurrent
Real-Time Visual Understanding_sample_173_1,Spatial Understanding,What is visible on the right side of the road right now?,00:00:15,B,"['A. A fence.', 'B. A small white sign.', 'C. A utility pole.', 'D. A parked vehicle.']",single,Concurrent
Real-Time Visual Understanding_sample_173_2,Spatial Understanding,On which side are the two walkers located right now?,00:02:13,A,"['A. On the right side.', 'B. In the middle of the path.', 'C. On the left side.', 'D. Not visible.']",single,Concurrent
Real-Time Visual Understanding_sample_173_3,Spatial Understanding,What is located on the left side of the road right now?,00:04:22,B,"['A. A row of houses.', 'B. A field.', 'C. A dense forest.', 'D. A river.']",single,Concurrent
Real-Time Visual Understanding_sample_173_4,Spatial Understanding,What is located to the right side of the cyclist right now?,00:06:47,C,"['A. A parked black car.', 'B. An open field.', 'C. A white building.', 'D. A wooded area.']",single,Concurrent
Real-Time Visual Understanding_sample_173_5,Spatial Understanding,Where is the tree shadow falling on the road right now?,00:08:50,B,"['A. On the left side of the road.', 'B. On the right side of the road.', 'C. In the center of the road.', 'D. No shadows are visible.']",single,Concurrent
Real-Time Visual Understanding_sample_174_1,Spatial Understanding,What is located on the left side of the current road?,00:00:10,B,"['A. A dense forest.', 'B. An open field.', 'C. A river.', 'D. A row of houses.']",single,Concurrent
Real-Time Visual Understanding_sample_174_2,Spatial Understanding,Where is the wire fence located right now?,00:02:20,B,"['A. On the right side of the road.', 'B. On the left side of the road.', 'C. Ahead on the left.', 'D. Behind on the right.']",single,Concurrent
Real-Time Visual Understanding_sample_174_3,Spatial Understanding,What is situated on the right side of the path right now?,00:04:19,B,"['A. A lamp post.', 'B. A bench.', 'C. A trash can.', 'D. A bicycle rack.']",single,Concurrent
Real-Time Visual Understanding_sample_174_4,Spatial Understanding,Where are the overhead power lines located right now?,00:06:17,B,"['A. Crossing the road ahead.', 'B. Running parallel to the left of the road.', 'C. Running parallel to the right of the road.', 'D. Not visible at the moment.']",single,Concurrent
Real-Time Visual Understanding_sample_174_5,Spatial Understanding,What is visible on the left side of the path right now?,00:08:18,A,"['A. A field with some fencing.', 'B. A dense forest.', 'C. A village with a few houses.', 'D. A river flowing parallel to the path.']",single,Concurrent
Real-Time Visual Understanding_sample_175_1,Spatial Understanding,Where is the cyclist with the number 894 located relative to the main pack right now?,00:00:19,B,"['A. Leading the main pack.', 'B. Directly behind the main pack.', 'C. In the middle of the main pack.', 'D. To the side of the main pack.']",single,Concurrent
Real-Time Visual Understanding_sample_175_2,Spatial Understanding,What structure is the cyclist approaching right now?,00:02:07,A,"['A. A National Championships banner.', ""B. A McDonald's sign."", 'C. A residential building.', 'D. A traffic light.']",single,Concurrent
Real-Time Visual Understanding_sample_175_3,Spatial Understanding,What is the relative position of the red brick building to the cyclist right now?,00:04:19,C,"['A. On the left side of the road.', 'B. Directly ahead.', 'C. On the right side of the road.', 'D. Directly behind the cyclist.']",single,Concurrent
Real-Time Visual Understanding_sample_175_4,Spatial Understanding,"Where is the ""National Championships"" banner located right now?",00:06:34,C,"['A. On the right side of the road.', 'B. Above the cyclists.', 'C. Hanging in the middle of the road.', 'D. Directly behind the cyclists.']",single,Concurrent
Real-Time Visual Understanding_sample_175_5,Spatial Understanding,What is the relative position of the cyclist in the green shoes to the group right now?,00:08:32,C,"['A. Leading the group.', 'B. In the middle of the group.', 'C. At the back of the group.', 'D. Outside the group.']",single,Concurrent
Real-Time Visual Understanding_sample_176_1,Spatial Understanding,Where is the white car parked right now?,00:00:10,D,"['A. Next to the cyclist.', 'B. On the right side of the road.', 'C. Directly ahead of the cyclist.', 'D. On the left side of the road.']",single,Prior
Real-Time Visual Understanding_sample_176_2,Spatial Understanding,Where is the telegraph pole located right now?,00:02:07,D,"['A. On the left side.', 'B. In the middle of the road.', 'C. Directly above the road.', 'D. On the right side.']",single,Concurrent
Real-Time Visual Understanding_sample_176_3,Spatial Understanding,Where are the trees located?,00:04:20,A,"['A. On both sides of the road.', 'B. On the left side of the road.', 'C. On the right side of the road.', 'D. Directly ahead.']",single,Concurrent
Real-Time Visual Understanding_sample_176_4,Spatial Understanding,What is the object on the left front of the cyclist right now?,00:06:39,D,"['A. A traffic light.', 'B. A bus stop.', 'C. A water fountain.', 'D. A green bollard.']",single,Concurrent
Real-Time Visual Understanding_sample_176_5,Spatial Understanding,What is the position of the church building right now?,00:08:45,D,"['A. On the left side of the road.', 'B. On the right side of the road.', 'C. Behind the cyclist.', 'D. Directly ahead.']",single,Concurrent
Real-Time Visual Understanding_sample_177_1,Spatial Understanding,Where are the trees located?,00:00:20,A,"['A. On the both sides of the road.', 'B. On the left side of the road.', 'C. In the middle of the road.', 'D. On the right side of the road.']",single,Concurrent
Real-Time Visual Understanding_sample_177_2,Spatial Understanding,What is located on the right side of the path right now?,00:02:19,A,"['A. An open field.', 'B. A dense forest.', 'C. A farmhouse.', 'D. A shopping plaza.']",single,Concurrent
Real-Time Visual Understanding_sample_177_3,Spatial Understanding,Where is the house with the brown roof located right now?,00:04:09,A,"['A. On the right side of the road.', 'B. On the left side of the road.', 'C. Directly behind the cyclist.', 'D. In the middle of the forest.']",single,Concurrent
Real-Time Visual Understanding_sample_177_4,Spatial Understanding,Where are the trees located right now?,00:06:16,A,"['A. On the both sides of the road.', 'B. On the left side of the road.', 'C. In the middle of the road.', 'D. On the right side of the road.']",single,Concurrent
Real-Time Visual Understanding_sample_177_5,Spatial Understanding,What is the black car parked right now?,00:07:57,A,"['A. On the left side of the road.', 'B. On the both sides of the road.', 'C. On the right side of the road.', 'D. No black car.']",single,Concurrent
Real-Time Visual Understanding_sample_178_1,Spatial Understanding,Where is the white road marker positioned relative to the cyclist right now?,00:00:06,A,"['A. On both sides of the cyclist.', 'B. In front of the cyclist.', 'C. To the left of the cyclist.', 'D. Behind the cyclist.']",single,Concurrent
Real-Time Visual Understanding_sample_178_2,Spatial Understanding,How are the road signs oriented right now?,00:01:55,A,"['A. Indicating a left turn.', 'B. Pointing straight ahead.', 'C. Indicating a right turn.', 'D. Indicating a U-turn.']",single,Prior
Real-Time Visual Understanding_sample_178_3,Spatial Understanding,What is located at the far end of the left side of the road right now?,00:03:57,A,"['A. A tall tree.', 'B. A hospital.', 'C. A park.', 'D. A bridge.']",single,Concurrent
Real-Time Visual Understanding_sample_178_4,Spatial Understanding,Where is the blue car located right now?,00:05:38,A,"['A. On the right side of the cyclist.', 'B. On the left side of the cyclist.', 'C. Directly in front of the cyclist.', 'D. Behind the cyclist.']",single,Concurrent
Real-Time Visual Understanding_sample_178_5,Spatial Understanding,Where is the red car located right now?,00:07:38,A,"['A. On the right side of the cyclist.', 'B. On the left side of the cyclist.', 'C. Directly in front of the cyclist.', 'D. Behind the cyclist.']",single,Concurrent
Real-Time Visual Understanding_sample_179_1,Spatial Understanding,Where is the green banner located right now?,00:00:04,D,"['A. Hanging above the cyclists.', 'B. On the left side of the road.', 'C. Directly behind the cyclists.', 'D. On the both sides of the road.']",single,Concurrent
Real-Time Visual Understanding_sample_179_2,Spatial Understanding,Where is the flag located right now?,00:02:18,D,"['A. Hanging on the left side of the road.', 'B. Hanging above the cyclists.', 'C. Hanging behind the cyclists.', 'D. Hanging on the right side of the road.']",single,Concurrent
Real-Time Visual Understanding_sample_179_3,Spatial Understanding,Where is the cyclist located relative to the National Championships banner right now?,00:04:05,D,"['A. Far down the road from the banner.', 'B. Before reaching the banner.', 'C. Turned away from the banner.', 'D. Just crossing underneath the banner.']",single,Concurrent
Real-Time Visual Understanding_sample_179_4,Spatial Understanding,What is the position of the tall building with many windows right now?,00:06:09,D,"['A. On the left side of the road.', 'B. Directly in front of the cyclists.', 'C. Behind the cyclists.', 'D. On the right side of the road.']",single,Concurrent
Real-Time Visual Understanding_sample_179_5,Spatial Understanding,What is the current positioning of the National Championships banner right now?,00:08:17,D,"['A. Behind the cyclists.', 'B. On the left side of the road.', 'C. On the right side of the road.', 'D. Directly above the cyclists.']",single,Concurrent
Real-Time Visual Understanding_sample_180_1,Counting,How many trees are on the left side of the road right now?,00:00:03,D,"['A. Four.', 'B. Six.', 'C. Seven.', 'D. Three.']",single,Concurrent
Real-Time Visual Understanding_sample_180_2,Spatial Understanding,Where are the hay bales located right now?,00:02:21,B,"['A. On the left side of the road.', 'B. On the both sides of the road.', 'C. In the middle of the road.', 'D. Directly ahead of the cyclist.']",single,Concurrent
Real-Time Visual Understanding_sample_180_3,Spatial Understanding,What is the object located near the lamp post right now?,00:04:36,D,"['A. A car.', 'B. A bicycle.', 'C. A mailbox.', 'D. A tree with white flowers.']",single,Concurrent
Real-Time Visual Understanding_sample_180_4,Spatial Understanding,Where is the tree shadow located right now?,00:07:03,B,"['A. On the left side of the road.', 'B. Across the entire road.', 'C. On the right side of the road.', 'D. In the middle of the road.']",single,Concurrent
Real-Time Visual Understanding_sample_180_5,Spatial Understanding,Where is the cyclist heading right now?,00:09:23,B,"['A. Towards a commercial area.', 'B. Towards a residential area.', 'C. Towards an industrial area.', 'D. Towards a forest.']",single,Concurrent
Real-Time Visual Understanding_sample_181_1,Attribute Perception,What color is the traffic light now?,00:00:18,B,"['A. Yellow.', 'B. Red.', 'C. Green.', 'D. Black.']",single,Concurrent
Real-Time Visual Understanding_sample_181_2,Spatial Understanding,What is the position of the National Championships banner right now?,00:02:16,C,"['A. On the front of the truck.', 'B. On the building to the left.', 'C. Hanging above the road.', 'D. On the ground below the cyclists.']",single,Concurrent
Real-Time Visual Understanding_sample_181_3,Spatial Understanding,Where is the cyclist with the number 845 positioned right now?,00:04:00,B,"['A. Directly ahead of the cyclist with the number 88.', 'B. On the left side of the cyclist with the number 851.', 'C. Behind the cyclist with the number 88.', 'D. On the right side of the cyclist with the number 88.']",single,Prior
Real-Time Visual Understanding_sample_181_4,Spatial Understanding,"What is the position of the cyclist with race number ""#865"" right now?",00:06:12,B,"['A. At the front of the group.', 'B. On the left side of the cyclist with the number 806.', 'C. On the right side of the cyclist with the number 806.', 'D. Leading a solo breakaway.']",single,Concurrent
Real-Time Visual Understanding_sample_181_5,Attribute Perception,What color is the traffic light now?,00:08:19,B,"['A. Yellow.', 'B. Red.', 'C. Green.', 'D. Black.']",single,Concurrent
Real-Time Visual Understanding_sample_182_1,Spatial Understanding,Where are the trees located right now?,00:00:20,D,"['A. Directly beside the cyclist.', 'B. Behind the cyclist.', 'C. On the right side of the road.', 'D. On both sides of the road.']",single,Concurrent
Real-Time Visual Understanding_sample_182_2,Spatial Understanding,Which direction is the road curving right now?,00:02:11,D,"['A. To the left.', 'B. It is straight.', 'C. It is a U-turn.', 'D. To the right.']",single,Concurrent
Real-Time Visual Understanding_sample_182_3,Spatial Understanding,Where is the white post with a reflector located right now?,00:03:56,D,"['A. In the middle of the road.', 'B. On the left side of the road.', 'C. At the end of the road.', 'D. Along the both sides of the road.']",single,Concurrent
Real-Time Visual Understanding_sample_182_4,Spatial Understanding,Where is the white road marker located right now?,00:05:34,D,"['A. On the left side of the road.', 'B. In the middle of the road.', 'C. Directly ahead on the road.', 'D. On the both sides of the road.']",single,Concurrent
Real-Time Visual Understanding_sample_182_5,Spatial Understanding,What is on the right side of the cyclist right now?,00:07:45,D,"['A. A pedestrian path.', 'B. A signpost.', 'C. A ditch.', 'D. A metal guardrail.']",single,Concurrent
Real-Time Visual Understanding_sample_183_1,Spatial Understanding,Where is the white sign with the number 50 right now?,00:00:10,D,"['A. At the front of the road.', 'B. At the back of the road.', 'C. On the left side of the road.', 'D. On the right side of the road.']",single,Prior
Real-Time Visual Understanding_sample_183_2,Spatial Understanding,What is located on the left side of the road while the cyclists are passing right now?,00:02:08,D,"['A. A coffee shop.', 'B. A National Championships banner.', 'C. A grocery store.', 'D. A bank.']",single,Concurrent
Real-Time Visual Understanding_sample_183_3,Spatial Understanding,What is located on the right side of the road right now,00:04:25,D,"['A. A coffee shop.', 'B. A bank.', 'C. A cafe.', 'D. A brown building.']",single,Concurrent
Real-Time Visual Understanding_sample_183_4,Spatial Understanding,Where is the boxley building located right now?,00:06:10,D,"['A. On the left side.', 'B. Directly ahead.', 'C. Behind the cyclist.', 'D. On the right side.']",single,Prior
Real-Time Visual Understanding_sample_183_5,Spatial Understanding,What is the positioning of the cyclist with number '901' right now?,00:08:20,D,"['A. At the front of the group.', 'B. In the middle of the group.', 'C. On the left side of the group.', 'D. At the back of the group.']",single,Concurrent
Real-Time Visual Understanding_sample_184_1,Attribute Perception,What color is the traffic light now?,00:00:02,C,"['A. Yellow.', 'B. Red.', 'C. Green.', 'D. Black.']",single,Concurrent
Real-Time Visual Understanding_sample_184_2,Spatial Understanding,Where is the fenced area located right now?,00:02:03,D,"['A. Only on the left side of the road.', 'B. Directly behind the cyclist.', 'C. Directly ahead of the cyclist.', 'D. On both sides of the road.']",single,Concurrent
Real-Time Visual Understanding_sample_184_3,Spatial Understanding,Where is the stop sign located right now?,00:03:54,D,"['A. On the left side of the road.', 'B. In the middle of the crossroad.', 'C. Above the traffic lights.', 'D. On the right side of the road.']",single,Concurrent
Real-Time Visual Understanding_sample_184_4,Spatial Understanding,What is placed along the side of the road right now?,00:05:55,D,"['A. Tree barriers.', 'B. Cones.', 'C. Metal fences.', 'D. Hay bales.']",single,Concurrent
Real-Time Visual Understanding_sample_184_5,Spatial Understanding,What is located in front of the cyclists right now?,00:08:07,D,"['A. A finishing line.', 'B. A straight road.', 'C. A roundabout.', 'D. A sharp left turn.']",single,Concurrent
Real-Time Visual Understanding_sample_185_1,Spatial Understanding,What is located on the right side of the road right now?,00:00:15,A,"['A. A river.', 'B. A forest.', 'C. A field.', 'D. A building.']",single,Concurrent
Real-Time Visual Understanding_sample_185_2,Spatial Understanding,What is located on the left side of the path right now?,00:02:22,A,"['A. A line of trees.', 'B. A lake.', 'C. A canal.', 'D. A field.']",single,Concurrent
Real-Time Visual Understanding_sample_185_3,Spatial Understanding,What is on the right side of the path right now?,00:04:10,A,"['A. A river.', 'B. A grassy field.', 'C. A dense forest.', 'D. A parking lot.']",single,Concurrent
Real-Time Visual Understanding_sample_185_4,Spatial Understanding,Where is the canal located right now?,00:06:26,A,"['A. On the right side of the path.', 'B. On the left side of the path.', 'C. Directly behind the cyclist.', 'D. Directly ahead of the cyclist.']",single,Concurrent
Real-Time Visual Understanding_sample_185_5,Spatial Understanding,What is on the right side of the path right now?,00:08:18,A,"['A. A river.', 'B. A forest.', 'C. A mountain.', 'D. A road.']",single,Concurrent
Real-Time Visual Understanding_sample_186_1,Text-Rich Understanding,What is the focus of today's video as mentioned at the beginning?,00:00:20,B,"['A. Cooking recipes.', 'B. Building something.', 'C. Making a tutorial.', 'D. Crafting objects.']",single,Prior
Real-Time Visual Understanding_sample_186_2,Object Perception,What material are the walls of the structure made from?,00:03:10,C,"['A. Wood blocks.', 'B. Metal blocks.', 'C. Brown soil blocks.', 'D. Glass blocks.']",single,Concurrent
Real-Time Visual Understanding_sample_186_3,Object Perception,What tool is the character holding in the first-person perspective right now?,00:06:01,B,"['A. A sword.', 'B. A pickaxe.', 'C. A shovel.', 'D. An axe.']",single,Concurrent
Real-Time Visual Understanding_sample_186_4,Text-Rich Understanding,Which enchantment is NOT on the diamond shovel?,00:06:06,D,"['A. Efficiency IV.', 'B. Unbreaking III.', 'C. Silk Touch.', 'D. Fortune III.']",single,Concurrent
Real-Time Visual Understanding_sample_186_5,Attribute Perception,What colors are the blocks used in the structure shown right now?,00:09:04,B,"['A. Red, green and brown.', 'B. Orange, yellow, blue and green.', 'C. Blue and white.', 'D. Purple and pink.']",single,Concurrent
Real-Time Visual Understanding_sample_187_1,Text-Rich Understanding,What is the theme of the video as revealed in the text at the beginning?,00:00:20,C,"['A. Building a treehouse.', 'B. Exploring a natural park.', 'C. Constructing a haunted mansion.', 'D. Farming in a game environment.']",single,Prior
Real-Time Visual Understanding_sample_187_2,Event Understanding,What is the video primarily depicting right now?,00:03:15,D,"['A. A peaceful forest.', 'B. A construction site.', 'C. A desert landscape.', 'D. A forest fire.']",multiple,Concurrent
Real-Time Visual Understanding_sample_187_3,Action Perception,What did this person do in the video just now?,00:02:59,B,"['A. He start flying.', 'B. He catch on fire.', 'C. He climb a tree.', 'D. He swim in a river.']",multiple,Concurrent
Real-Time Visual Understanding_sample_187_4,Attribute Perception,What type of armor is the character wearing?,00:08:17,C,"['A. Golden armor.', 'B. Iron armor.', 'C. Purple armor.', 'D. Leather armor.']",single,Concurrent
Real-Time Visual Understanding_sample_187_5,Event Understanding,What happens as a result of the TNT explosion?,00:08:25,D,"['A. The roof collapses.', 'B. The pine trees catch fire.', 'C. The character is thrown off the roof.', 'D. The dark block wall is blown apart.']",multiple,Concurrent
Real-Time Visual Understanding_sample_188_1,Object Perception,What is the figure in the video wearing?,00:00:04,C,"['A. A red cloak.', 'B. Blue jeans.', 'C. Purple pixelated armor.', 'D. A green suit.']",single,Concurrent
Real-Time Visual Understanding_sample_188_2,Object Perception,What is the item being held by the player character right now?,00:08:47,B,"['A. Ender Pearl', 'B. Baked Potato', 'C. Golden Apple', 'D. Diamond Sword']",single,Concurrent
Real-Time Visual Understanding_sample_188_3,Causal Reasoning,Why does the player character's health start depleting?,00:08:42,B,"['A. Lack of food.', 'B. Attack by Endermen.', 'C. Fall from a height.', 'D. Poison effect.']",multiple,Concurrent
Real-Time Visual Understanding_sample_188_4,Spatial Understanding,What can be seen to the left-hand side of the stairway?,00:13:11,D,"['A. A potted plant.', 'B. A blue-roofed tower.', 'C. A hay bale.', 'D. A red flower.']",multiple,Concurrent
Real-Time Visual Understanding_sample_188_5,Action Perception,What action is being performed by the character in purple and black armor right now?,00:16:46,C,"['A. Running.', 'B. Attacking an enemy.', 'C. Holding an item and prompting a ""Subscribe"" button.', 'D. Building a structure.']",single,Concurrent
Real-Time Visual Understanding_sample_189_1,Attribute Perception,What color is the character's outfit standing on the path?,00:00:17,B,"['A. Blue and white.', 'B. Yellow and pink.', 'C. Red and green.', 'D. Black and yellow.']",single,Prior
Real-Time Visual Understanding_sample_189_2,Object Perception,What objects are seen on the grassy area below the stone structure?,00:05:00,A,"['A. A white and red bed and a crafting table.', 'B. A brown chair and a red table.', 'C. A yellow bed and a crafting table.', 'D. A green chair and a red table.']",single,Concurrent
Real-Time Visual Understanding_sample_189_3,Object Perception,What tool is the player holding in his hand right now?,00:09:41,B,"['A. A shovel.', 'B. A pixel-style scissors.', 'C. A saw.', 'D. A pickaxe.']",single,Concurrent
Real-Time Visual Understanding_sample_189_4,Action Perception,What action is the player performing in the video right now?,00:09:37,B,"['A. Planting seeds.', 'B. Pruning the vines on the tree.', 'C. Climbing the tree.', 'D. Collecting bamboo stalks.']",single,Concurrent
Real-Time Visual Understanding_sample_189_5,Attribute Perception,What can be seen flying away when the user removes a block of dirt?,00:14:03,B,"['A. Bits of stone.', 'B. Bits of dirt.', 'C. Grass particles.', 'D. Wood fragments.']",single,Prior
Real-Time Visual Understanding_sample_190_1,Text-Rich Understanding,Why does the speaker want to build the coolest villager breeder?,00:00:20,A,"['A. He is tired of their items breaking.', 'B. He wants to impress their friends.', 'C. He need more resources.', 'D. He enjoys building new things.']",single,Prior
Real-Time Visual Understanding_sample_190_2,Action Perception,What does the player do immediately after the spider lands on the ground?,00:04:10,C,"['A. Runs away.', 'B. Places a torch.', 'C. Strikes the spider with an axe.', 'D. Switches to a sword.']",single,Prior
Real-Time Visual Understanding_sample_190_3,Attribute Perception,What color are the rooftops of the village buildings?,00:08:02,D,"['A. Red.', 'B. Green.', 'C. Gray.', 'D. Brown.']",single,Concurrent
Real-Time Visual Understanding_sample_190_4,Object Perception,What is floating in the sky to the left of the pyramid right now?,00:12:01,A,"['A. A red hot air balloon.', 'B. A blue kite.', 'C. A white bird.', 'D. A black drone.']",single,Concurrent
Real-Time Visual Understanding_sample_190_5,Text-Rich Understanding,What does the red button at the bottom of the frame display initially?,00:15:51,A,"['A. A \""Subscribe\"" button with a white YouTube logo.', 'B. A \""Like\"" button with a white thumbs-up icon.', 'C. A \""Share\"" button with a white arrow icon.', 'D. A \""Follow\"" button with a white star icon.']",single,Prior
Real-Time Visual Understanding_sample_191_1,Attribute Perception,What is the character wearing at the beginning of the video?,00:00:25,B,"['A. A red jacket and black pants.', 'B. A white sweater and black pants.', 'C. A blue shirt and white pants.', 'D. A green hoodie and blue jeans.']",single,Prior
Real-Time Visual Understanding_sample_191_2,Object Perception,What is the player holding right now?,00:03:25,C,"['A. Planks', 'B. Sticks', 'C. Crafting Table', 'D. Red Flower']",single,Concurrent
Real-Time Visual Understanding_sample_191_3,Event Understanding,What happens after the player places the crafting table on the ground?,00:03:48,B,"['A. The player throws it into the river.', 'B. The player crafted 4 sticks from wood at the crafting table.', 'C. The player holds another item.', 'D. The player exchanges it for planks.']",multiple,Concurrent
Real-Time Visual Understanding_sample_191_4,Action Perception,What does the player do after switching to a wooden sword?,00:07:08,A,"['A. Attacks a white sheep.', 'B. Chops down a tree.', 'C. Digs into the dirt.', 'D. Places a block of wool.']",multiple,Concurrent
Real-Time Visual Understanding_sample_191_5,Object Perception,What type of pickaxe was used to break the stone block just now?,00:10:08,A,"['A. Wooden.', 'B. Stone.', 'C. Iron.', 'D. Diamond.']",multiple,Prior
Real-Time Visual Understanding_sample_192_1,Text-Rich Understanding,What is the speaker planning to build?,00:00:14,C,"['A. A boring setup.', 'B. A new house.', 'C. An enchanting setup.', 'D. A dangerous place.']",single,Prior
Real-Time Visual Understanding_sample_192_2,Object Perception,What is the character holding in their right hand right now?,00:04:24,B,"['A. A bow.', 'B. A purple-hued sword.', 'C. A water bucket.', 'D. A diamond pickaxe.']",single,Concurrent
Real-Time Visual Understanding_sample_192_3,Text-Rich Understanding,What is the notable feature of the player's experience level when shown outdoors?,00:04:38,C,"['A. Low-level (5)', 'B. Mid-level (20)', 'C. High-level (35)', 'D. Maximum level (50)']",single,Prior
Real-Time Visual Understanding_sample_192_4,Action Perception,What does the player character do after standing on the central pole?,00:13:05,C,"['A. Jumps off the pole.', 'B. Dismantles the structure.', 'C. Continue to construct this red building.', 'D. Walks around the structure.']",multiple,Concurrent
Real-Time Visual Understanding_sample_192_5,Spatial Understanding,Where is the player character located right now?,00:13:19,B,"['A. At the center of the circle.', 'B. Near the edge of the circular formation.', 'C. Outside the structure.', 'D. On the terrain below.']",single,Concurrent
Real-Time Visual Understanding_sample_193_1,Attribute Perception,What color armor is the character wearing on the wooden platform?,00:00:29,C,"['A. Red.', 'B. Green.', 'C. Blue.', 'D. Yellow.']",single,Concurrent
Real-Time Visual Understanding_sample_193_2,Text-Rich Understanding,What does the character mention he needs?,00:00:19,C,"['A. Health potions.', 'B. Tools.', 'C. Enderpearls.', 'D. Weapons.']",single,Prior
Real-Time Visual Understanding_sample_193_3,Object Perception,What is the player holding in the right hand right now?,00:12:01,A,"['A. A purple sword.', 'B. A diamond pickaxe.', 'C. A golden apple.', 'D. A shield.']",single,Concurrent
Real-Time Visual Understanding_sample_193_4,Event Understanding,What happens when the player shoots the arrow at the pillar?,00:12:20,A,"['A. It causes an explosion.', 'B. It regenerates the Ender Dragon.', 'C. It spawns more Endermen.', 'D. It creates a new portal.']",multiple,Prior
Real-Time Visual Understanding_sample_193_5,Object Perception,What is the player holding in the right hand right now?,00:18:07,B,"['A. A firework rocket.', 'B. A stone block.', 'C. A wooden plank.', 'D. A shovel.']",single,Concurrent
Real-Time Visual Understanding_sample_194_1,Attribute Perception,What type of landscape is shown in the video?,00:00:15,C,"['A. Realistic forest and mountains.', 'B. Cartoon-style desert.', 'C. Blocky, pixelated landscape.', 'D. Detailed urban cityscape.']",single,Concurrent
Real-Time Visual Understanding_sample_194_2,Spatial Understanding,Where is the player standing as the scene shows dense tree cover ahead?,00:00:18,B,"['A. In a valley.', 'B. On a cliff or ledge.', 'C. Next to a river.', 'D. Inside a cave.']",single,Prior
Real-Time Visual Understanding_sample_194_3,Event Understanding,What does the inventory bar change after the player chops the tree trunk?,00:04:29,A,"['A. No change has occurred.', 'B. Losing items.', 'C. Damaging tools.', 'D. Gaining health.']",multiple,Concurrent
Real-Time Visual Understanding_sample_194_4,Object Perception,What item is the player holding in his hand right now,09:11,B,"['A. A Pickaxe.', 'B. A bed of white and yellow.', 'C. A Shield.', 'D. A red Bed.']",single,Concurrent
Real-Time Visual Understanding_sample_194_5,Action Perception,What did the player do after placing the oak plank block into the gap in the wall?,00:13:08,C,"['A. Turned towards a furnace.', 'B. Opened the oak plank.', 'C. Opened a chest.', 'D. Placed a yellow bed.']",multiple,Prior
Real-Time Visual Understanding_sample_195_1,Text-Rich Understanding,What is the first word displayed at the start of the video?,00:00:20,D,"['A. Earth.', 'B. Farm.', 'C. In.', 'D. Video.']",single,Prior
Real-Time Visual Understanding_sample_195_2,Object Perception,What does the player open to display various items such as an enchanted pickaxe and armor?,00:03:09,B,"['A. A crafting table.', 'B. An inventory.', 'C. A chest.', 'D. A furnace.']",single,Concurrent
Real-Time Visual Understanding_sample_195_3,Attribute Perception,What is visible in the player's hand right now?,00:03:22,B,"['A. A sword.', 'B. Nothing.', 'C. A pickaxe.', 'D. A torch.']",single,Concurrent
Real-Time Visual Understanding_sample_195_4,Attribute Perception,What was notable about the gray sheep observed just now?,00:06:42,B,"['A. It has a unique color pattern.', 'B. It is labeled with the numbers ""1"".', 'C. It is larger than the other sheep.', 'D. It is standing alone in the field.']",multiple,Concurrent
Real-Time Visual Understanding_sample_195_5,Object Perception,What is visible in the background while the person builds upward?,00:10:14,A,"['A. The river and treeline.', 'B. The grassy terrain and distant hills.', 'C. The sky and a distant mountain.', 'D. The forest and a lake.']",single,Concurrent
Real-Time Visual Understanding_sample_196_1,Prospective Reasoning,What does the player prepare to do?,00:00:19,C,"['A. Dig for resources.', 'B. Fight a monster.', 'C. Use a firework rocket.', 'D. Build a house.']",multiple,Concurrent
Real-Time Visual Understanding_sample_196_2,Object Perception,What object is held in the hand while standing on the wooden dock?,00:03:20,D,"['A. An enchanted tool.', 'B. A wooden crate.', 'C. A torch.', 'D. A golden apple.']",single,Prior
Real-Time Visual Understanding_sample_196_3,Counting,How many egg clusters are visible in the pond?,00:06:14,C,"['A. Four.', 'B. Five.', 'C. Nine.', 'D. Seven.']",multiple,Prior
Real-Time Visual Understanding_sample_196_4,Object Perception,What object is floating in the sky outside the mesh enclosure?,00:09:20,D,"['A. A drone.', 'B. A kite.', 'C. A glider.', 'D. A hot air balloon.']",single,Concurrent
Real-Time Visual Understanding_sample_196_5,Attribute Perception,What is the color of the gear worn by the player character?,00:09:40,D,"['A. Red.', 'B. Blue.', 'C. Green.', 'D. Purple.']",single,Concurrent
Real-Time Visual Understanding_sample_197_1,Text-Rich Understanding,What is one of the objectives mentioned in the video?,00:20,B,"['A. Build a house.', 'B. Get a bunch of TNT.', 'C. Collect water.', 'D. Find a treasure.']",single,Prior
Real-Time Visual Understanding_sample_197_2,Object Perception,What object is positioned to the left of the large tree?,00:03:00,A,"['A. A wooden crafting table.', 'B. A stone statue.', 'C. A blue tent.', 'D. A metal bench.']",single,Prior
Real-Time Visual Understanding_sample_197_3,Attribute Perception,What color is the bed seen in the video?,00:03:32,A,"['A. Yellow.', 'B. Red.', 'C. Blue.', 'D. Green.']",single,Prior
Real-Time Visual Understanding_sample_197_4,Object Perception,What inventory items are visible in the player's HUD?,00:09:19,A,"['A. Sword and pickaxe.', 'B. Sword and shield.', 'C. Axe and bow.', 'D. Pickaxe and bow.']",single,Concurrent
Real-Time Visual Understanding_sample_197_5,Action Perception,"What action is depicted with the ""Subscribe"" button?",00:11:49,C,"['A. It remains static.', 'B. It disappears.', 'C. It changes to ""Subscribed"".', 'D. It moves to the top of the screen.']",multiple,Concurrent
Real-Time Visual Understanding_sample_198_1,Action Perception,What action is the character in purple armor performing when the camera follows its movements from a first-person perspective?,00:00:10,D,"['A. Mining blocks.', 'B. Building a structure.', 'C. Walking through a portal.', 'D. Flying with wings.']",multiple,Concurrent
Real-Time Visual Understanding_sample_198_2,Object Perception,What item is the character holding in their hand right now?,00:04:41,D,"['A. A sword.', 'B. A shield.', 'C. A torch.', 'D. A white block.']",single,Concurrent
Real-Time Visual Understanding_sample_198_3,Action Perception,What action does the character perform after turning away from the lava room?,00:04:44,D,"['A. Fights a creature.', 'B. Collects a resource.', 'C. Lights a torch.', 'D. Places a white block in the wall.']",multiple,Prior
Real-Time Visual Understanding_sample_198_4,Text-Rich Understanding,What is prominently displayed on the screen as the player continues flying deeper into the cave?,00:09:33,A,"['A. Usefulness.', 'B. Danger.', 'C. Exploration.', 'D. Achievement.']",single,Prior
Real-Time Visual Understanding_sample_198_5,Action Perception,"What happens as the player approaches the tall, snowy mountain?",00:14:07,D,"['A. The player increases altitude significantly.', 'B. The player changes to a third-person perspective.', 'C. The player starts building a structure.', 'D. The player starts to fly upwards.']",multiple,Concurrent
Real-Time Visual Understanding_sample_199_1,Object Perception,What tool is the player using to cut down the trees?,00:05:23,A,"['A. Stone axe.', 'B. Diamond Axe.', 'C. Golden axe.', 'D. Wooden axe.']",single,Prior
Real-Time Visual Understanding_sample_199_2,Event Understanding,What did the player just take out of the furnace?,00:10:51,B,"['A. Iron pickaxe.', 'B. Stonecutter.', 'C. Food.', 'D. Stone block.']",multiple,Prior
Real-Time Visual Understanding_sample_199_3,Object Perception,What food did the player just eat?,00:11:05,A,"['A. Fishes', 'B. pork', 'C. Orange', 'D. beef']",multiple,Prior
Real-Time Visual Understanding_sample_199_4,Object Perception,What object is the player holding right now?,00:16:05,A,"['A. A map.', 'B. A sword.', 'C. A pickaxe.', 'D. A bow.']",single,Concurrent
Real-Time Visual Understanding_sample_199_5,Event Understanding,"What did the player do after the coordinates '1320, 1450' appeared on the screen?",00:16:12,C,"['A. Fight an enemy.', 'B. Open a chest.', 'C. Craft an item.', 'D. Explore the terrain.']",multiple,Concurrent
Real-Time Visual Understanding_sample_200_1,Object Perception,What can be seen on the left side of the wooden house at the beginning of the video?,00:00:20,D,"['A. A waterfall.', 'B. A village.', 'C. A tower.', 'D. A cave opening.']",single,Prior
Real-Time Visual Understanding_sample_200_2,Action Perception,What action does the player take towards the cow standing in the grassy area?,00:03:27,D,"['A. Feeds the cow.', 'B. Leads the cow to water.', 'C. Ties the cow to a tree.', 'D. Hits the cow with a sword.']",multiple,Concurrent
Real-Time Visual Understanding_sample_200_3,Spatial Understanding,What is the box supported by right now?,00:06:56,D,"['A. Wood floor.', 'B. soil block.', 'C. stone.', 'D. Nothing.']",single,Prior
Real-Time Visual Understanding_sample_200_4,Event Understanding,What happens when the player encounters the small creature wearing purple armor?,00:10:25,D,"['A. The creature attacks the player.', 'B. The player hit the creature.', 'C. The player kill the creature.', 'D. The player left without doing anything.']",multiple,Concurrent
Real-Time Visual Understanding_sample_200_5,Object Perception,What is the player character holding in his left hand right now?,00:12:35,D,"['A. A beef steak.', 'B. A sword.', 'C. A red item.', 'D. A shield.']",single,Concurrent
Real-Time Visual Understanding_sample_201_1,Action Perception,What action is the hand performing on the train?,00:00:12,D,"['A. Lifting the train.', 'B. Assembling the train.', 'C. Painting the train.', 'D. Push the train to the right.']",multiple,Concurrent
Real-Time Visual Understanding_sample_201_2,Event Understanding,What color Lego brick is placed first on the surface?,00:01:03,D,"['A. Blue.', 'B. Green.', 'C. Red.', 'D. Yellow.']",multiple,Concurrent
Real-Time Visual Understanding_sample_201_3,Event Understanding,What was the sequence of actions performed by the hand just now?,00:02:29,B,"['A. Placing orange and green bricks, adding blue bricks, extending the yellow base.', 'B. Adding green bricks for the roof, extending the yellow base, expanding the structure to the right.', 'C. Starting with blue bricks, adding a rooftop, then dismantling it.', 'D. Completing the structure and then painting it.']",multiple,Concurrent
Real-Time Visual Understanding_sample_201_4,Counting,How many colors of bricks have been used so far?,00:02:19,C,"['A. Two.', 'B. Three.', 'C. Four.', 'D. Five.']",multiple,Concurrent
Real-Time Visual Understanding_sample_201_5,Object Perception,What type of pieces did the hand attach to the top surface of the structure just now?,00:03:25,D,"['A. Square pieces.', 'B. Triangular pieces.', 'C. Rectangular pieces.', 'D. Circular pieces resembling wheels.']",multiple,Concurrent
Real-Time Visual Understanding_sample_202_1,Attribute Perception,What colors are the wheels of the race car?,00:00:12,C,"['A. Green and blue.', 'B. Red and blue.', 'C. Yellow and Red.', 'D. Brown.']",single,Prior
Real-Time Visual Understanding_sample_202_2,Attribute Perception,What feature is present on the front of the toy?,00:01:12,B,"['A. A sad face.', 'B. A happy face.', 'C. A star.', 'D. A heart.']",single,Concurrent
Real-Time Visual Understanding_sample_202_3,Spatial Understanding,How are the yellow building blocks arranged before the blue block is placed on top?,00:02:08,B,"['A. In a circle.', 'B. In a straight line.', 'C. In a random pattern.', 'D. In a triangular shape.']",single,Prior
Real-Time Visual Understanding_sample_202_4,Object Perception,What is the new item introduced in the video?,00:03:22,B,"['A. A small structure made of blue and green blocks.', 'B. A small structure made of yellow and red blocks with wheels.', 'C. A toy vehicle with blue and yellow wheels.', 'D. An orange and green interlocking block structure.']",single,Concurrent
Real-Time Visual Understanding_sample_202_5,Event Understanding,What happened to the toy vehicle just now?,00:03:47,C,"['A. The toy vehicle is disassembled.', 'B. The toy vehicle moves to the right.', 'C. The toy vehicle start circling around the table.', 'D. The toy vehicle is lifted off the surface.']",multiple,Concurrent
Real-Time Visual Understanding_sample_203_1,Counting,How many studs does each yellow interlocking block placed by the hand have?,00:00:15,A,"['A. Eight.', 'B. Sixteen.', 'C. Four.', 'D. Twelve.']",multiple,Prior
Real-Time Visual Understanding_sample_203_2,Counting,How many interlocking blocks are positioned in a straight line by the hand?,00:00:19,D,"['A. Three.', 'B. Five.', 'C. Seven.', 'D. Four.']",multiple,Concurrent
Real-Time Visual Understanding_sample_203_3,Attribute Perception,What is the color of the block that the hand is reaching for right now?,00:01:16,C,"['A. Yellow.', 'B. Orange.', 'C. Green.', 'D. Blue.']",single,Concurrent
Real-Time Visual Understanding_sample_203_4,Event Understanding,What color is the brick first added after the initial blue bricks form a two-layered structure?,00:02:14,A,"['A. Green.', 'B. Yellow.', 'C. Orange.', 'D. Red.']",multiple,Prior
Real-Time Visual Understanding_sample_203_5,Event Understanding,What is the sequence of bricks added to the structure after the blue bricks?,00:02:21,A,"['A. Green, yellow, orange.', 'B. Yellow, green, orange.', 'C. Orange, yellow, green.', 'D. Green, orange, yellow.']",multiple,Concurrent
Real-Time Visual Understanding_sample_204_1,Attribute Perception,What color is the plastic block added on top of the green blocks?,00:00:16,C,"['A. Red.', 'B. Blue.', 'C. Yellow.', 'D. Purple.']",single,Concurrent
Real-Time Visual Understanding_sample_204_2,Attribute Perception,What are the primary colors of the plastic building blocks shown right now?,00:01:02,B,"['A. Blue, green, and yellow.', 'B. Red, green, and yellow.', 'C. Red, blue, and yellow.', 'D. Green, blue, and orange.']",single,Concurrent
Real-Time Visual Understanding_sample_204_3,Event Understanding,Which block was picked up and attached to the top of red block first just now?,00:01:25,C,"['A. A white block.', 'B. A green block.', 'C. An yellow block.', 'D. A blue block.']",multiple,Prior
Real-Time Visual Understanding_sample_204_4,Text-Rich Understanding,What was the white text on the purple animated overlay read just now?,00:02:21,B,"['A. ""Alphabet A transform to Box"".', 'B. ""Alphabet B transform to Box"".', 'C. ""Alphabet C transform to Box"".', 'D. ""Alphabet D transform to Box"".']",single,Prior
Real-Time Visual Understanding_sample_204_5,Event Understanding,What happens to the blocks after they are disassembled and mixed?,00:03:18,B,"['A. The blocks are arranged in a new pattern.', 'B. The blocks are scattered and then gathered into a pile.', 'C. The blocks are thrown away.', 'D. The blocks are sorted by color.']",multiple,Concurrent
Real-Time Visual Understanding_sample_205_1,Attribute Perception,What colors are the wheels of the toy car?,00:00:04,C,"['A. Blue and Yellow.', 'B. Green and Red.', 'C. Red and Yellow.', 'D. Yellow and Green.']",single,Prior
Real-Time Visual Understanding_sample_205_2,Action Perception,What action did the hand perform after placing the green block next to the blue block?,00:01:10,C,"['A. Placed a yellow block over the blue block.', 'B. Adjusted the green block.', 'C. Picked up an orange block.', 'D. Removed the blue block.']",multiple,Prior
Real-Time Visual Understanding_sample_205_3,Counting,How many hands are involved in arranging the blocks right now?,00:01:19,B,"['A. One hand.', 'B. Two hands.', 'C. Three hands.', 'D. Four hands.']",single,Concurrent
Real-Time Visual Understanding_sample_205_4,Action Perception,What does the hand do after picking up the yellow building block?,00:02:06,B,"['A. Places it on the right side.', 'B. Places it on the left side.', 'C. Discards it.', 'D. Hands it to someone else.']",multiple,Concurrent
Real-Time Visual Understanding_sample_205_5,Action Perception,What does the hand do after positioning the three green blocks securely?,00:03:11,B,"['A. Picks up a red block.', 'B. Picks up an orange block.', 'C. Picks up another green block.', 'D. Adjusts the yellow block.']",multiple,Concurrent
Real-Time Visual Understanding_sample_206_1,Attribute Perception,What colors are the blocks used to form the helicopter rotor blades?,00:00:02,A,"['A. Blue and Green.', 'B. Yellow and Blue.', 'C. Green and Red.', 'D. Red and Orange.']",single,Concurrent
Real-Time Visual Understanding_sample_206_2,Event Understanding,What is the sequence of actions performed with the blocks just now?,00:00:23,A,"['A. Placing a yellow block, then two green blocks, and finally a blue block.', 'B. Placing a blue block, then two green blocks, and finally a yellow block.', 'C. Placing a yellow block, then a blue block, and finally two green blocks.', 'D. Placing a yellow block, then one green block, and finally two blue blocks.']",multiple,Concurrent
Real-Time Visual Understanding_sample_206_3,Action Perception,What is the hand doing after placing three yellow blocks onto the top of the structure?,00:01:11,D,"['A. Adds another block on top.', 'B. Removes the yellow block.', 'C. Leaves the block structure.', 'D. Adjusts the yellow block.']",multiple,Concurrent
Real-Time Visual Understanding_sample_206_4,Event Understanding,What was the sequence of events the hand followed when building the structure just now?,00:02:15,B,"['A. Picks up a yellow block, adjusts it, then picks up a red block.', 'B. Picks up a green block, adjusts it, then picks up a yellow block.', 'C. Picks up a red block, adjusts it, then picks up a yellow block.', 'D. Picks up a blue block, adjusts it, then picks up a green block.']",multiple,Concurrent
Real-Time Visual Understanding_sample_206_5,Action Perception,What action is the person performing with the blue blocks?,00:03:15,D,"['A. Adds blue blocks to the bottom of the structure.', 'B. Adds blue blocks to the side of the structure.', 'C. Removes blue blocks from the structure.', 'D. Adds blue blocks to the top of the structure.']",multiple,Concurrent
Real-Time Visual Understanding_sample_207_1,Object Perception,What is positioned underneath the archway made of colorful interlocking blocks?,00:00:03,D,"['A. A small tree.', 'B. A toy truck.', 'C. A small building.', 'D. A toy car.']",single,Concurrent
Real-Time Visual Understanding_sample_207_2,Event Understanding,How many yellow blocks are connected in a line?,00:00:19,C,"['A. Two.', 'B. Three.', 'C. Four.', 'D. Five.']",multiple,Concurrent
Real-Time Visual Understanding_sample_207_3,Spatial Understanding,Where is the green brick placed relative to the yellow bricks in the structure?,00:01:09,D,"['A. In the middle.', 'B. On the right side.', 'C. On top of the blue bricks.', 'D. On top of the yellow bricks.']",single,Concurrent
Real-Time Visual Understanding_sample_207_4,Action Perception,What does the person do after adding more yellow bricks?,00:03:16,C,"['A. Removes the yellow bricks.', 'B. Adds green bricks.', 'C. Adjusts the yellow bricks.', 'D. Adds blue bricks.']",multiple,Concurrent
Real-Time Visual Understanding_sample_207_5,Causal Reasoning,What is the person likely to do next after moving their hand towards the new set of connected bricks?,00:03:19,B,"['A. Remove the connected bricks.', 'B. Add more bricks to the arrangement.', 'C. Paint the bricks.', 'D. Disassemble the structure.']",multiple,Concurrent
Real-Time Visual Understanding_sample_208_1,Event Understanding,What happens to the orange block as the video progresses?,00:00:19,C,"['A. It falls to the ground.', 'B. It remains stationary.', 'C. It lifts and swings gently.', 'D. It changes color.']",multiple,Concurrent
Real-Time Visual Understanding_sample_208_2,Attribute Perception,What are the colors of the crane arm?,00:00:07,A,"['A. Yellow, green.', 'B. Yellow, blue.', 'C. Red, green, blue.', 'D. Yellow, blue, green.']",single,Concurrent
Real-Time Visual Understanding_sample_208_3,Event Understanding,What was the sequence of actions performed with the blocks just now?,00:01:36,D,"['A. The hand first places a green block, then a yellow block, followed by a blue block.', 'B. The hand builds a structure with red, green, and blue blocks.', 'C. The hand stacks blocks randomly.', 'D. The hand places a yellow block, moves it, then places a green block next to it.']",multiple,Concurrent
Real-Time Visual Understanding_sample_208_4,Event Understanding,What happens to the smaller structure after it is first moved out of view?,00:02:51,D,"['A. It is disassembled.', 'B. It is placed on top of the larger structure.', 'C. It is left in the foreground.', 'D. It is placed back beside the larger structure.']",multiple,Concurrent
Real-Time Visual Understanding_sample_208_5,Counting,How many green blocks are stacked now?,00:04:25,C,"['A. Ten.', 'B. Three.', 'C. Nine.', 'D. Eight.']",multiple,Concurrent
Real-Time Visual Understanding_sample_209_1,Event Understanding,What happens after the first green block is placed on the yellow block?,00:00:25,D,"['A. The hand removes the green block.', 'B. The hand moves away and does nothing.', 'C. The hand removes the yellow block.', 'D. The hand adds another green block.']",multiple,Concurrent
Real-Time Visual Understanding_sample_209_2,Action Perception,What action do the hands perform just before moving away from the structure?,00:01:58,D,"['A. Adding a yellow block.', 'B. Adding a blue block.', 'C. Adjusting the blue block.', 'D. Pressing down the green blocks.']",multiple,Concurrent
Real-Time Visual Understanding_sample_209_3,Event Understanding,What sequence of actions occurred with the green and yellow blocks just now?,00:03:30,A,"['A. The green block is placed first, followed by the yellow block.', 'B. The yellow block is placed first, followed by the green block.', 'C. The green block is removed, then the yellow block is placed.', 'D. The yellow block is adjusted, then the green block is placed.']",multiple,Concurrent
Real-Time Visual Understanding_sample_209_4,Spatial Understanding,Where is the new yellow and green block placed relative to the original structure?,00:03:32,D,"['A. Behind the original structure.', 'B. Next to the original structure.', 'C. On top of the original structure.', 'D. In front of the original structure.']",multiple,Concurrent
Real-Time Visual Understanding_sample_209_5,Action Perception,What did the person do with the yellow block just now?,00:05:15,D,"['A. Removed them from the structure.', 'B. Arranged them on the blue block and adjusted for alignment.', 'C. Stacked them on top of the blue blocks.', 'D. Placed them above the green block and another yellow block.']",multiple,Concurrent
Real-Time Visual Understanding_sample_210_1,Text-Rich Understanding,What was written in the top right corner at the start of the video?,00:00:08,B,"['A. Toy Car.', 'B. Auto Rickshaw.', 'C. Building Blocks.', 'D. Colorful Toy.']",single,Prior
Real-Time Visual Understanding_sample_210_2,Event Understanding,What sequence of actions happened after the blue rectangular block is placed on the surface?,00:00:19,A,"['A. The hand adds a yellow block, then an orange block, and adjusts the orange block.', 'B. The hand adjusts the blue block, then adds a red block, and adjusts it again.', 'C. The hand places a green block, then a yellow block, and adjusts the yellow block.', 'D. The hand removes the blue block, places it again, and then adds a yellow block.']",multiple,Concurrent
Real-Time Visual Understanding_sample_210_3,Attribute Perception,What is the predominant color of the blocks being placed by the hand right now?,00:01:06,D,"['A. Blue.', 'B. Orange.', 'C. Green.', 'D. Yellow.']",single,Concurrent
Real-Time Visual Understanding_sample_210_4,Object Perception,What color is the block being placed on the left side of the structure right now?,00:02:02,B,"['A. Red.', 'B. Blue.', 'C. Green.', 'D. Yellow.']",single,Concurrent
Real-Time Visual Understanding_sample_210_5,Object Perception,What is the block structure identified as?,00:03:17,B,"['A. A house.', 'B. A vehicle.', 'C. A spaceship.', 'D. A robot.']",single,Concurrent
Real-Time Visual Understanding_sample_211_1,Prospective Reasoning,What might the speaker discuss next?,00:00:16,A,"['A. Graphing on the Coordinate Plane.', 'B. Calculus functions.', 'C. Trigonometric ratios.', 'D. Differential equations.']",multiple,Concurrent
Real-Time Visual Understanding_sample_211_2,Prospective Reasoning,What might the speaker explain next?,00:02:22,B,"['A. How to label the axes.', 'B. How to connect the plotted points.', 'C. How to identify coordinates.', 'D. How to scale the graph.']",multiple,Concurrent
Real-Time Visual Understanding_sample_211_3,Prospective Reasoning,What might the speaker discuss next?,00:04:20,D,"['A. How to plot points on the axes.', 'B. The importance of the x-axis.', 'C. The significance of the y-axis.', 'D. What ordered pairs represent.']",multiple,Concurrent
Real-Time Visual Understanding_sample_211_4,Prospective Reasoning,What might the speaker discuss next?,00:06:37,A,"['A. How to plot another point.', 'B. How to label the y-axis.', 'C. The importance of the y-intercept.', 'D. How to draw a quadratic curve.']",multiple,Concurrent
Real-Time Visual Understanding_sample_211_5,Prospective Reasoning,What might the speaker discuss next?,00:08:31,C,"['A. How to plot a line graph.', 'B. The significance of the axes intersections.', 'C. How to differentiate the quadrants.', 'D. The concept of linear equations.']",multiple,Concurrent
Real-Time Visual Understanding_sample_212_1,Prospective Reasoning,What might the speaker explain next?,00:00:20,A,"['A. How to add mixed numbers.', 'B. The subtraction of mixed numbers.', 'C. The multiplication of fractions.', 'D. The properties of whole numbers.']",multiple,Prior
Real-Time Visual Understanding_sample_212_2,Prospective Reasoning,What might the speaker explain next?,00:02:10,A,"['A. How to add those two mixed numbers.', 'B. The process of converting mixed numbers to improper fractions.', 'C. Subtracting mixed numbers.', 'D. The definition of mixed numbers.']",multiple,Concurrent
Real-Time Visual Understanding_sample_212_3,Prospective Reasoning,What might the speaker do next?,00:04:08,A,"['A. How to add those two mixed numbers.', 'B. Subtract the fractions.', 'C. Multiply the fractions.', 'D. Divide the fractions.']",multiple,Concurrent
Real-Time Visual Understanding_sample_212_4,Prospective Reasoning,What might the speaker explain next?,00:06:36,D,"['A. How to add mixed numbers.', 'B. How to convert fractions to decimals.', 'C. The process of subtracting fractions.', 'D. How to add those two fractions numbers.']",multiple,Concurrent
Real-Time Visual Understanding_sample_212_5,Prospective Reasoning,What might the speaker explain next?,00:07:58,A,"['A. Adding the fractions together.', 'B. Converting the results back to whole numbers.', 'C. Finding a different common denominator.', 'D. Subtracting the fractions.']",multiple,Prior
Real-Time Visual Understanding_sample_213_1,Prospective Reasoning,What topics might the speaker explain next?,00:00:16,B,"['A. Simplifying fractions.', 'B. Adding fractions.', 'C. Dividing fractions.', 'D. Subtracting fractions.']",multiple,Concurrent
Real-Time Visual Understanding_sample_213_2,Prospective Reasoning,What might the speaker explain next?,00:02:00,B,"['A. How to multiply fractions.', 'B. How to add 1/2 + 1/2.', 'C. How to divide fractions.', 'D. How to subtract fractions.']",multiple,Concurrent
Real-Time Visual Understanding_sample_213_3,Prospective Reasoning,What might the speaker suggest next?,00:02:39,D,"['A. How to multiply fractions.', 'B. How to find a common denominator for addition.', 'C. How to simplify fractions.', 'D. How to subtract fractions.']",multiple,Prior
Real-Time Visual Understanding_sample_213_4,Prospective Reasoning,What might the speaker explain next?,00:03:04,C,"['A. How to add two fractions with different denominators.', 'B. How to convert fractions to decimals.', 'C. Why the denominators stay the same.', 'D. How to simplify the resulting fraction.']",multiple,Prior
Real-Time Visual Understanding_sample_213_5,Prospective Reasoning,What might the speaker discuss next?,00:04:01,D,"['A. How to convert fractions to decimals.', 'B. Steps to compare fractions.', 'C. Methods to simplify fractions.', 'D. How to find a common denominator.']",multiple,Concurrent
Real-Time Visual Understanding_sample_214_1,Prospective Reasoning,What might the speaker discuss next?,00:00:24,C,"['A. Calculating the perimeter of shapes.', 'B. Understanding different geometric figures.', 'C. The concept of Area.', 'D. The concept of volume.']",multiple,Concurrent
Real-Time Visual Understanding_sample_214_2,Prospective Reasoning,What formula might the speaker likely introduce next?,00:02:03,D,"['A. Perimeter of a rectangle.', 'B. Volume of a cube.', 'C. Circumference of a circle.', 'D. Area of a triangle.']",multiple,Concurrent
Real-Time Visual Understanding_sample_214_3,Prospective Reasoning,What might the speaker explain next?,00:04:45,D,"['A. How to convert between different units of length.', 'B. The concept of volume measurement.', 'C. The perimeter of different shapes.', 'D. How to calculate the area of another shapes.']",multiple,Concurrent
Real-Time Visual Understanding_sample_214_4,Prospective Reasoning,What might the speaker explain next?,00:06:55,D,"['A. The angle of the base.', 'B. The formula for area.', 'C. The hypotenuse of the triangle.', 'D. The height of the triangle.']",multiple,Concurrent
Real-Time Visual Understanding_sample_214_5,Prospective Reasoning,What might the speaker discuss next?,00:08:45,D,"['A. Discussing the properties of different quadrilaterals.', 'B. Solving for the perimeter of the triangle.', 'C. Simplifying algebraic expressions.', 'D. Calculating the area of a different triangle.']",multiple,Concurrent
Real-Time Visual Understanding_sample_215_1,Prospective Reasoning,What might the speaker discuss next?,00:00:13,B,"['A. How to calculate the probability of an event.', 'B. The definition of basic probability.', 'C. An example involving multiple dice rolls.', 'D. The combination formula in probability.']",multiple,Prior
Real-Time Visual Understanding_sample_215_2,Prospective Reasoning,What might the speaker discuss next?,00:02:53,C,"['A. The concept of mutually exclusive events.', 'B. Introduction to experimental probability.', 'C. Explanation of rolling a six-sided die.', 'D. Definition of independent events.']",multiple,Concurrent
Real-Time Visual Understanding_sample_215_3,Prospective Reasoning,What concept might the speaker explain next?,00:05:05,D,"['A. How to find the sum of rolled dice values.', 'B. How to design an experiment with coins.', 'C. The process of drawing bar graphs for data.', 'D. The probability of rolling a specific number with a die.']",multiple,Concurrent
Real-Time Visual Understanding_sample_215_4,Prospective Reasoning,What might the speaker discuss next?,00:08:01,B,"['A. Addition of probabilities.', 'B. The probability of this disc rotating to the blue area.', 'C. Expected value calculation.', 'D. Subtraction of probabilities.']",multiple,Concurrent
Real-Time Visual Understanding_sample_215_5,Prospective Reasoning,What might the speaker explain next?,00:10:00,B,"['A. The concept of probability distributions.', 'B. Calculating the probability for yellow colors.', 'C. How to convert decimals to fractions.', 'D. Applying the formula to find expected value.']",multiple,Concurrent
Real-Time Visual Understanding_sample_216_1,Prospective Reasoning,What concept might the speaker explain next?,00:00:40,C,"['A. How to visualize data on a graph.', 'B. The types of charts used in data representation.', 'C. Differences between continuous and discrete data.', 'D. Examples of data collection methods.']",single,Concurrent
Real-Time Visual Understanding_sample_216_2,Prospective Reasoning,What might the speaker explain next?,00:02:59,B,"['A. How to create a bar graph.', 'B. How to fill in the data in the data table.', 'C. How to interpret the data in the data table.', 'D. How to convert the data table into a pie chart.']",multiple,Concurrent
Real-Time Visual Understanding_sample_216_3,Prospective Reasoning,What might the speaker explain next?,00:05:38,B,"['A. The average precipitation in May.', 'B. The meaning of the scale on the graph.', 'C. The total annual precipitation.', 'D. The method used to calculate the average precipitation.']",multiple,Concurrent
Real-Time Visual Understanding_sample_216_4,Prospective Reasoning,What might the speaker explain next?,00:08:01,D,"['A. The use of the negative coordinate axis.', 'B. How the fluctuation in investment income impacts yearly analysis.', 'C. Strategies to improve investment returns.', 'D. The overall trend of investment income throughout the year.']",multiple,Concurrent
Real-Time Visual Understanding_sample_216_5,Prospective Reasoning,What might the speaker explain next?,00:10:09,A,"['A. Interpret the trends shown in the graphs.', 'B. Introduce new data sets for comparison.', 'C. Calculate the mean of the data sets.', 'D. Convert the temperatures to Celsius.']",multiple,Concurrent
Real-Time Visual Understanding_sample_217_1,Prospective Reasoning,What might the speaker explain next?,00:01:28,A,"['A. How to find the Mean of a data set.', 'B. An overview of different types of graphs.', 'C. The definition of a median.', 'D. Steps to calculate the mode.']",multiple,Concurrent
Real-Time Visual Understanding_sample_217_2,Prospective Reasoning,What concept is likely to be explained next?,00:04:18,A,"['A. Median.', 'B. Variance.', 'C. Mode.', 'D. Range.']",multiple,Prior
Real-Time Visual Understanding_sample_217_3,Prospective Reasoning,What is the next logical step after the operation to the numbers?,00:05:07,B,"['A. Find the mean of the numbers.', 'B. Find the median of the numbers.', 'C. Find the mode of the numbers.', 'D. Find the range of the numbers.']",multiple,Prior
Real-Time Visual Understanding_sample_217_4,Prospective Reasoning,What might the instructor explain next?,00:07:20,B,"['A. How to calculate the mean of a set of numbers.', 'B. How to interpret the result of the median calculation.', 'C. The difference between mean and median.', 'D. How to find the mode of a data set.']",multiple,Concurrent
Real-Time Visual Understanding_sample_217_5,Prospective Reasoning,What might the speaker explain next?,00:09:14,C,"['A. Divide the sum by the first number in the list.', 'B. Subtract the smallest number from the sum.', 'C. Divide the sum by the count of numbers.', 'D. Add all the numbers again.']",multiple,Concurrent
Real-Time Visual Understanding_sample_218_1,Prospective Reasoning,What topic might the teacher explain next?,00:00:11,A,"['A. mixed numbers and improper fractions.', 'B. Add mixed numbers.', 'C. Subtract improper fractions.', 'D. Multiply fractions.']",multiple,Prior
Real-Time Visual Understanding_sample_218_2,Prospective Reasoning,What might the teacher explain next?,00:03:10,B,"['A. Compare the fractions using decimal values.', 'B. Explain how improper fractions is connected to proper fractions and whole fractions.', 'C.  Demonstrate how to multiply two fractions.', 'D.  Discuss the concept of mixed numbers.']",multiple,Concurrent
Real-Time Visual Understanding_sample_218_3,Prospective Reasoning,What might the speaker explain next?,00:05:31,A,"['A. How to convert mixed numbers to improper fractions.', 'B. The method for adding mixed numbers and improper fractions.', 'C. Simplifying improper fractions.', 'D. Dividing fractions by whole numbers.']",multiple,Concurrent
Real-Time Visual Understanding_sample_218_4,Prospective Reasoning,What concept will the speaker likely explain next?,00:08:20,B,"['A. Multiplying mixed fractions by a whole number.', 'B. Converting improper fractions to mixed numbers.', 'C. Adding improper fractions together.', 'D. Simplifying mixed fractions.']",multiple,Concurrent
Real-Time Visual Understanding_sample_218_5,Prospective Reasoning,What might the speaker explain next?,00:10:46,D,"['A. Add the remainder to the quotient.', 'B. Subtract 6 from 1.', 'C. Divide 7 by 3.', 'D. How to use dividing to convert improper fractions to a mixed number form.']",multiple,Concurrent
Real-Time Visual Understanding_sample_219_1,Prospective Reasoning,What mathematical topic might the speaker focus on next?,00:00:10,D,"['A. Adding Fractions.', 'B. Dividing Fractions.', 'C. Simplifying Fractions.', 'D. Multiplying Fractions.']",multiple,Prior
Real-Time Visual Understanding_sample_219_2,Prospective Reasoning,What might the speaker do next?,00:00:55,C,"['A. Explain how to convert the fractions.', 'B. Show the steps to add the fractions.', 'C. Show the steps to multiply the fractions.', 'D. Discuss the importance of common denominators.']",multiple,Prior
Real-Time Visual Understanding_sample_219_3,Prospective Reasoning,What might the speaker do next?,00:02:29,C,"['A. Add the fractions together.', 'B. Subtract the fractions.', 'C. Show the steps to multiply the fractions.', 'D. Divide the fractions.']",multiple,Concurrent
Real-Time Visual Understanding_sample_219_4,Prospective Reasoning,What mathematical concept might the speaker move on to explain next?,00:03:51,D,"['A. Addition of fractions.', 'B. Subtraction of fractions.', 'C. Simplifying fractions.', 'D. Another explanation to fractions.']",multiple,Concurrent
Real-Time Visual Understanding_sample_219_5,Prospective Reasoning,What might the speaker discuss next?,00:05:10,C,"['A. How to add fractions.', 'B. How to divide fractions.', 'C. How to multiply the denominators.', 'D. How to subtract fractions.']",multiple,Concurrent
Real-Time Visual Understanding_sample_220_1,Prospective Reasoning,What might the speaker discuss next?,00:00:23,D,"['A. Basic addition and subtraction.', 'B. Algebraic expressions.', 'C. Properties of equality.', 'D. The order of operations rules.']",multiple,Prior
Real-Time Visual Understanding_sample_220_2,Prospective Reasoning,What might be the next topic the speaker will address?,00:02:28,B,"['A. The order of operations for addition and subtraction.', 'B. The highest priority operator symbols.', 'C. The importance of following the PEMDAS rule.', 'D. Practice problems involving exponents.']",multiple,Prior
Real-Time Visual Understanding_sample_220_3,Prospective Reasoning,What might the speaker discuss next?,00:04:28,C,"['A. Simplify the expression.', 'B. Subtract the results.', 'C. Add the simplified terms.', 'D. Multiply the results.']",multiple,Prior
Real-Time Visual Understanding_sample_220_4,Prospective Reasoning,What might the speaker discuss next?,00:06:26,B,"['A. How to integrate functions.', ""B. The operator symbols for 'Then' and 'last' precedence."", 'C. Application of quadratic equations.', 'D. Solving basic arithmetic.']",multiple,Concurrent
Real-Time Visual Understanding_sample_220_5,Prospective Reasoning,What might the speaker explain next?,00:08:07,D,"['A. The importance of parentheses in operations.', 'B. The commutative property of multiplication.', 'C. How to handle exponents in an equation.', 'D. The order of operations between the multiplication sign and the division sign.']",multiple,Concurrent
Real-Time Visual Understanding_sample_221_1,Prospective Reasoning,What might the speaker explain next?,00:00:11,D,"['A. The area of different shapes.', 'B. How to measure the diameter.', 'C. The concept of length in 2-dimensional shapes.', 'D. How to calculate perimeter.']",multiple,Prior
Real-Time Visual Understanding_sample_221_2,Prospective Reasoning,What will the speaker most likely explain next?,00:02:13,A,"['A. How to calculate the perimeter of the shape.', 'B. How to convert meters into centimeters.', 'C. The differences between perimeter and area.', 'D. How to measure the perimeter accurately.']",multiple,Concurrent
Real-Time Visual Understanding_sample_221_3,Prospective Reasoning,What might the speaker explain next?,00:03:33,B,"['A. How to calculate the area of the rectangle.', 'B. How to find the perimeter of a rectangle.', 'C. How to label the units.', 'D. How to measure with a ruler.']",multiple,Prior
Real-Time Visual Understanding_sample_221_4,Prospective Reasoning,What might the speaker discuss next?,00:05:06,A,"['A. How to calculate the perimeter of any regular polygon.', 'B. The significance of repeated addition.', 'C. The properties of regular polygons.', 'D. The importance of perimeter in geometry.']",multiple,Concurrent
Real-Time Visual Understanding_sample_221_5,Prospective Reasoning,What might the speaker ask the students to do next?,00:06:32,B,"['A. Calculate the area of the shape.', 'B. Determine the perimeter of the shape.', 'C. Measure each side length.', 'D. Convert the measurements to centimeters.']",multiple,Concurrent
Real-Time Visual Understanding_sample_222_1,Prospective Reasoning,What might the speaker explain next?,00:00:13,C,"['A. How to plot 25/50 on a graph.', 'B. How to further simplify 1/2.', 'C. How to simplify fractions.', 'D. How to multiply fractions.']",multiple,Prior
Real-Time Visual Understanding_sample_222_2,Prospective Reasoning,What might the speaker explain next?,00:01:24,C,"['A. Converting 1/2 to a decimal.', 'B. Adding fractions with different denominators.', 'C. Equivalent fractions of 3/6.', 'D. Subtracting fractions with common denominators.']",multiple,Concurrent
Real-Time Visual Understanding_sample_222_3,Prospective Reasoning,What might the speaker discuss next?,00:02:33,C,"['A. Converting improper fractions to mixed numbers.', 'B. Adding fractions with different denominators.', 'C. Simplifying fractions by finding common factors.', 'D. Multiplying fractions by whole numbers.']",multiple,Concurrent
Real-Time Visual Understanding_sample_222_4,Prospective Reasoning,What might the speaker explain next?,00:05:45,C,"['A. How to find the greatest common divisor.', 'B. How to convert the fraction to a decimal.', 'C. How to factorize each number to prime factors.', 'D. How to add fractions with different denominators.']",multiple,Concurrent
Real-Time Visual Understanding_sample_222_5,Prospective Reasoning,What might the speaker discuss next?,00:07:17,C,"['A. How to find common denominators.', 'B. The process of cross-multiplication.', 'C. Simplifying fractions using greatest common factor.', 'D. The difference between factors and multiples.']",multiple,Concurrent
Real-Time Visual Understanding_sample_223_1,Prospective Reasoning,What concept might the speaker explain next?,00:00:20,D,"['A. Definition of a right triangle.', 'B. What is Pythagorean Theorem.', 'C. The history of Pythagoras.', 'D. The formula a² + b² = c².']",multiple,Prior
Real-Time Visual Understanding_sample_223_2,Prospective Reasoning,What might the speaker discuss next?,00:02:34,B,"['A. Applications of the Pythagorean Theorem.', 'B. How to solve for the hypotenuse.', 'C. Examples of different right triangles.', 'D. The history of the Pythagorean Theorem.']",multiple,Concurrent
Real-Time Visual Understanding_sample_223_3,Prospective Reasoning,What might the speaker discuss next?,00:05:33,C,"['A. How to apply the Pythagorean theorem to other shapes.', 'B. The derivation of the Pythagorean theorem using trigonometry.', 'C. The concept of area and its proof in the Pythagorean theorem.', 'D. The historical background of the Pythagorean theorem.']",multiple,Concurrent
Real-Time Visual Understanding_sample_223_4,Prospective Reasoning,What might the speaker discuss next?,00:08:29,A,"['A. Explain how to use the Pythagorean theorem to find the right-angle side length.', 'B. Discuss the properties of right-angle triangles in detail.', 'C. Convert all given measurements from meters to centimeters.', 'D. Illustrate how to plot these points on a Cartesian plane.']",multiple,Concurrent
Real-Time Visual Understanding_sample_223_5,Prospective Reasoning,What might the speaker discuss next?,00:11:09,D,"['A. How to calculate the hypotenuse.', 'B. Why the triangle is right-angled.', 'C. The properties of equilateral triangles.', 'D. The method to verify if it is a right triangle.']",multiple,Concurrent
Real-Time Visual Understanding_sample_224_1,Prospective Reasoning,What might the speaker explain next?,00:00:11,B,"['A. The properties of polygon.', 'B. The concept of triangle.', 'C. How to measure the sides of a rectangle.', 'D. The definition of a polygon.']",multiple,Concurrent
Real-Time Visual Understanding_sample_224_2,Prospective Reasoning,What might the speaker explain next?,00:01:54,B,"['A. The properties of acute angles.', 'B. The difference between acute angle and obtuse angle.', 'C. How to identify right triangles from angles.', 'D. The relationship between different types of triangles.']",multiple,Concurrent
Real-Time Visual Understanding_sample_224_3,Prospective Reasoning,What might the speaker explain next?,00:03:39,D,"['A. The angle sum of triangles.', 'B. The concept of right triangles.', 'C. Important theorems about scalene triangles.', ""D. The equal sides' number of Isosceles triangles.""]",multiple,Prior
Real-Time Visual Understanding_sample_224_4,Prospective Reasoning,What might the speaker discuss next?,00:04:53,B,"['A. Examples of right triangles.', 'B. Types of angles of equilateral triangles.', 'C. The concept of similar triangles.', 'D. Differences between quadrilaterals and triangles.']",multiple,Concurrent
Real-Time Visual Understanding_sample_224_5,Prospective Reasoning,What might the speaker do next?,00:06:35,D,"['A. Discuss the properties of isosceles triangles.', 'B. Introduce the concept of congruent triangles.', 'C. Explain the Pythagorean theorem.', 'D. Solve for the unknown angle.']",multiple,Concurrent
Real-Time Visual Understanding_sample_225_1,Prospective Reasoning,What might the speaker explain next?,00:00:11,C,"['A. How the distributive property helps in simplifying equations.', 'B. The practical applications of the probability theory.', 'C. The definition of the distributive property.', 'D. The definition of stochastic process.']",multiple,Prior
Real-Time Visual Understanding_sample_225_2,Prospective Reasoning,What might the speaker discuss next?,00:02:00,D,"['A. Combining like terms.', 'B. Factoring out a common factor.', 'C. Simplifying the expression further.', 'D. How to use distributive property to the example.']",multiple,Prior
Real-Time Visual Understanding_sample_225_3,Prospective Reasoning,What might the speaker discuss next?,00:04:30,B,"['A. The formula for compound interest.', 'B. Why the two way get the same answer.', 'C. Solving quadratic equations.', 'D. Graphing linear equations.']",multiple,Concurrent
Real-Time Visual Understanding_sample_225_4,Prospective Reasoning,What might the speaker calculate next?,00:06:43,A,"['A. 5 times 7.', 'B. 47 times 47.', 'C. 5 times 5.', 'D. 5 plus 40.']",multiple,Concurrent
Real-Time Visual Understanding_sample_225_5,Prospective Reasoning,What might the speaker discuss next?,00:08:47,A,"['A. The example can not use distributive property.', 'B. The commutative property of addition.', 'C. The identity property of multiplication.', 'D. The distributive property of subtraction.']",multiple,Prior
Real-Time Visual Understanding_sample_226_1,Prospective Reasoning,What might the speaker explain next?,00:00:13,C,"['A. The concept of the division.', 'B. The process of multiplying numbers.', 'C. The concept of subtraction.', 'D. How to solve an equation.']",multiple,Concurrent
Real-Time Visual Understanding_sample_226_2,Prospective Reasoning,What might the speaker explain next?,00:02:16,A,"['A. The meaning of the dividend.', 'B. The process of multiplying numbers.', 'C. The concept of subtraction.', 'D. How to solve an equation.']",multiple,Concurrent
Real-Time Visual Understanding_sample_226_3,Prospective Reasoning,What might the speaker explain next?,00:04:16,A,"['A. How to determine the remainder.', 'B. How to find the remainder.', 'C. The concept of partial quotients.', 'D. The relationship between divisor and dividend.']",multiple,Concurrent
Real-Time Visual Understanding_sample_226_4,Prospective Reasoning,What might the speaker explain next?,00:06:34,D,"['A. Why dividing cookies by people is useful.', 'B. The importance of remainders in division.', 'C. Use real-life example to explain the concept of remainders.', 'D. How to distribute the cookie to people.']",multiple,Concurrent
Real-Time Visual Understanding_sample_226_5,Prospective Reasoning,"Based on the current explanation, what might the speaker do next?",00:08:41,A,"['A. Explain the next division step using the tabular.', 'B. Talk about prime numbers.', 'C. Introduce a new mathematical operation.', 'D. Discuss the properties of multiplication.']",multiple,Concurrent
Real-Time Visual Understanding_sample_227_1,Prospective Reasoning,What might the speaker discuss next?,00:01:06,A,"['A. The addition of decimals.', 'B. Converting fractions to decimals.', 'C. The subtraction of decimals.', 'D. The rules for multiplying decimals.']",multiple,Prior
Real-Time Visual Understanding_sample_227_2,Prospective Reasoning,What is the teacher likely to explain next?,00:03:00,A,"['A. How to correctly align the decimal points when adding.', 'B. How to subtract decimal numbers.', 'C. How to multiply decimal numbers.', 'D. How to divide decimal numbers.']",multiple,Prior
Real-Time Visual Understanding_sample_227_3,Prospective Reasoning,What might the speaker explain next?,00:05:28,C,"['A. How to multiply whole numbers.', 'B. The importance of carrying over digits.', 'C. The process of correctly placing the decimal in the product.', 'D. How to add the products from multiplication.']",multiple,Concurrent
Real-Time Visual Understanding_sample_227_4,Prospective Reasoning,What topic might the speaker explain next?,00:08:02,C,"['A. The steps for decimal addition.', 'B. The steps for decimal subtraction.', 'C. The principles of decimal division.', 'D. The basics of whole number multiplication.']",multiple,Prior
Real-Time Visual Understanding_sample_227_5,Prospective Reasoning,What might the speaker discuss next?,00:10:33,C,"['A. Simplifying square roots.', 'B. Finding least common multiples.', 'C. Shifting the decimal point in both numbers.', 'D. Converting decimals to fractions.']",multiple,Concurrent
Real-Time Visual Understanding_sample_228_1,Prospective Reasoning,What is the speaker likely to explain next?,00:00:11,C,"['A. How to solve the division problem using a different method.', 'B. How to add partial quotients.', 'C. The concept of division with partial quotients.', 'D. The importance of understanding division.']",multiple,Prior
Real-Time Visual Understanding_sample_228_2,Prospective Reasoning,What might the speaker discuss next?,00:03:24,C,"['A. Multiplying 6 by the divisor.', 'B. Subtracting 6 from the dividend.', 'C. 2 is too small.', 'D. Adding 6 to the quotient.']",multiple,Concurrent
Real-Time Visual Understanding_sample_228_3,Prospective Reasoning,What might the speaker explain next?,00:06:20,D,"['A. How to subtract the next two numbers.', 'B. How to add the remainder to the divisor.', 'C. How to multiply 100 by 35 again.', 'D. How to choose a number to subtract from 2928.']",multiple,Concurrent
Real-Time Visual Understanding_sample_228_4,Prospective Reasoning,What might the speaker explain next?,00:09:04,D,"['A. How to simplify the calculation further.', 'B. The application of division in real-life problems.', 'C. Another example using a more complex number.', 'D. The advantage of using small steps in division.']",multiple,Concurrent
Real-Time Visual Understanding_sample_228_5,Prospective Reasoning,What might the teacher explain next?,00:10:42,C,"['A. How to perform long division.', 'B. A different multiplication method for large numbers.', 'C. Why use small steps in division is easier.', 'D. Explaining the significance of the answer 49r2.']",multiple,Concurrent
Real-Time Visual Understanding_sample_229_1,Prospective Reasoning,What mathematical concept will likely be demonstrated next?,00:00:09,D,"['A. Subtraction.', 'B. Addition.', 'C. Multiplication.', 'D. Division.']",multiple,Prior
Real-Time Visual Understanding_sample_229_2,Prospective Reasoning,What is the presenter likely to do next?,00:03:12,D,"['A. Add 48 to 52.', 'B. Multiply 48 by 52.', 'C. Divide 48 by 52.', 'D. Subtract 48 from 52.']",multiple,Concurrent
Real-Time Visual Understanding_sample_229_3,Prospective Reasoning,What might the speaker discuss next?,00:05:38,A,"['A. The steps to perform the division.', 'B. The final quotient of the division.', 'C. The relevance of the remainder.', 'D. How to multiply the dividend.']",multiple,Prior
Real-Time Visual Understanding_sample_229_4,Prospective Reasoning,What might the speaker do next?,00:08:44,A,"['A. Subtract 440 from 528.', 'B. Divide 528 by 55.', 'C. Subtract 88 from 528.', 'D. Add 5 to 88.']",multiple,Concurrent
Real-Time Visual Understanding_sample_229_5,Prospective Reasoning,What might the speaker explain next?,00:11:30,A,"['A. How to address the situation where the remainder is less than the divisor.', 'B. How to check the division result.', 'C. How to proceed with the next division step.', 'D. How to interpret the decimal expansion.']",multiple,Concurrent
Real-Time Visual Understanding_sample_230_1,Prospective Reasoning,What might the speaker describe next?,00:00:30,A,"['A. Step-by-step process of long division.', 'B. History of long division.', 'C. Applications of long division in real life.', 'D. Comparison between long division and short division.']",multiple,Prior
Real-Time Visual Understanding_sample_230_2,Prospective Reasoning,What might the speaker discuss next?,00:03:53,D,"['A. How to find the remainder in a division problem.', 'B. How to multiply the divisor by the quotient.', 'C. How to perform subtraction in long division.', 'D. How to bring down the next digit in a long division.']",multiple,Concurrent
Real-Time Visual Understanding_sample_230_3,Prospective Reasoning,What might the speaker explain next?,00:05:14,C,"['A. How to verify the result using multiplication.', 'B. How to interpret the quotient and remainder.', 'C. How to solve a similar problem with different numbers.', 'D. How to check the division result by subtracting.']",multiple,Concurrent
Real-Time Visual Understanding_sample_230_4,Prospective Reasoning,What is the next step after dividing 24 by 3?,00:07:18,C,"['A. Write down 8 on the left side.', 'B. Write down 3 on the right side.', 'C. Subtract 12 from 24.', 'D. Add the digits.']",multiple,Concurrent
Real-Time Visual Understanding_sample_230_5,Prospective Reasoning,What might the speaker explain next?,00:09:55,C,"['A. How to bring down the next digit.', 'B. How to check the remainder.', 'C. Subtract 20 from 20.', 'D. How to estimate the quotient.']",multiple,Concurrent
Real-Time Visual Understanding_sample_231_1,Causal Reasoning,Why is this rabbit dressed in red and white knocking on the door now?,00:00:36,A,"[""A. Because it smells the fish and feels it doesn't taste good."", 'B. Because it wants to join the party inside the house.', 'C. Because it saw something interesting through the window.', 'D. Because it is lost and looking for its way back home.']",multiple,Concurrent
Real-Time Visual Understanding_sample_231_2,Causal Reasoning,Why is this iron gate cartoon character angry now?,00:00:58,D,"['A. Because someone tried to paint him a different color.', 'B. Because he was just splashed with water by a mischievous cat.', 'C. Because the wind blew his hinges, making him squeak loudly.', 'D. Because he was just forcibly stuffed a fish by the red rabbit in red and white clothes.']",multiple,Concurrent
Real-Time Visual Understanding_sample_231_3,Causal Reasoning,"Why is this rabbit, dressed in green and white, surprised now?",00:02:24,C,"[""A. Because he found an unexpected egg in the chicken's nest."", 'B. Because the chicken suddenly started talking.', ""C. Because he can't distinguish the gender of the chicken he is holding now."", 'D. Because the chicken he is holding suddenly grew larger.']",multiple,Concurrent
Real-Time Visual Understanding_sample_231_4,Causal Reasoning,Why does this rabbit dressed in green and white want to hide in the toilet?,00:03:19,D,"['A. Because he accidentally broke a valuable vase and wants to avoid getting caught.', 'B. Because he saw a scary shadow moving in the hallway.', 'C. Because he is trying to escape from a loud and annoying party.', 'D. Because after he opened the door, he found a noose and a skull.']",multiple,Prior
Real-Time Visual Understanding_sample_231_5,Causal Reasoning,Why did the rabbit dressed in red and white just have to use a pool cue to strike the iron gate lying on the ground?,00:06:42,B,"['A. Because the iron gate blocked his path, and he needed to move it out of the way.', 'B. Because he wants to get all the balls into the mouth of the iron gate at once.', 'C. Because he thought the flattened gate would make a perfect ramp for his skateboard.', 'D. Because he was trying to impress his friends with a strong trick shot.']",multiple,Prior
Real-Time Visual Understanding_sample_232_1,Causal Reasoning,Why does the frog appear from the toilet?,00:00:17,D,"['A. Because the frog was hiding there to avoid being caught by the rabbit.', 'B. Because the frog was attracted by the water and jumped in.', 'C. Because the toilet leads to a secret underground pond where the frog lives.', ""D. Because the chicken that was just thrown into the toilet is wearing a frog's disguise.""]",multiple,Concurrent
Real-Time Visual Understanding_sample_232_2,Causal Reasoning,Why does the rabbit dressed in red and white start to become restless?,00:01:26,A,"['A. Because the fly just disturbed him, he is swatting the fly.', 'B. Because he suddenly remembered he left something important outside.', 'C. Because he heard a strange noise coming from the next room.', ""D. Because he can't find the key to the door and is getting frustrated.""]",multiple,Prior
Real-Time Visual Understanding_sample_232_3,Causal Reasoning,Why is this cartoon chicken very shocked now?,00:02:54,A,"['A. Because just now another small cartoon chicken was eaten by a frog.', ""B. Because it just saw a mirror and didn't recognize its own reflection."", 'C. Because a loud noise suddenly scared it from behind.', 'D. Because it saw a large shadow pass overhead, thinking it was a predator.']",multiple,Concurrent
Real-Time Visual Understanding_sample_232_4,Causal Reasoning,Why does the character encounter a heavy legacy robot in the room?,00:04:11,D,"['A. Because the character turns on a machine.', 'B. Because the character follows someone into the room.', 'C. Because the character activates a hidden switch.', 'D. Because the character reads a comic book.']",multiple,Concurrent
Real-Time Visual Understanding_sample_232_5,Causal Reasoning,Why is this red rabbit standing in front of the iron gate now?,00:04:13,D,"['A. Because the red rabbit is trying to figure out how to open the gate.', 'B. Because the iron gate suddenly started glowing, and the rabbit is curious.', 'C. Because the cartoon character is seeking amusement.', 'D. Because the cartoon character on the iron gate has been whistling just now.']",multiple,Concurrent
Real-Time Visual Understanding_sample_233_1,Causal Reasoning,Why does the rabbit strike the door with its fist several times?,00:00:25,D,"['A. Because the rabbit is practicing its strength.', 'B. Because the rabbit is knocking to check if someone is inside.', 'C. Because the rabbit wants to open the door.', 'D. Because the rabbit wants to get food.']",multiple,Prior
Real-Time Visual Understanding_sample_233_2,Causal Reasoning,Why would the rabbit inside the iron gate be very panicked now?,00:02:14,D,"[""A. Because he just realized the gate is locked, and he can't get out."", 'B. Because he heard loud footsteps approaching from outside.', 'C. Because the lights suddenly went out, and he is afraid of the dark.', 'D. Because the toilet paper he was holding in his hand fell.']",multiple,Concurrent
Real-Time Visual Understanding_sample_233_3,Causal Reasoning,What causes the bunny character to react with shock and sweat?,00:03:28,C,"['A. Because the bunny just realized it forgot something important.', 'B. Because a loud noise startled the bunny from behind.', 'C. Because the rabbit wearing red and white clothes is perfectly fine.', 'D. Because the bunny suddenly noticed a large shadow looming over it.']",multiple,Concurrent
Real-Time Visual Understanding_sample_233_4,Causal Reasoning,Why do the rectangular characters arm themselves?,00:04:41,B,"['A. Because they are excited to see the rabbit-like figure.', 'B. Because the rabbit-like figure has glowing eyes and a menacing demeanor.', 'C. Because they want to celebrate with the rabbit-like figure.', 'D. Because they see another group approaching.']",multiple,Prior
Real-Time Visual Understanding_sample_233_5,Causal Reasoning,Why does the rabbit break through the wall to escape?,00:06:16,D,"['A. Because the rabbit wants to catch a thief.', 'B. Because the rabbit is afraid of a predator.', 'C. Because the rabbit wants to retrieve the advertisement.', 'D. Because the rabbit is inspired by the advertisement for new shoes.']",multiple,Concurrent
Real-Time Visual Understanding_sample_234_1,Causal Reasoning,Why is Mr. Bean scolded by the older woman?,00:00:27,A,"['A. Because he was making too much noise.', 'B. Because he was late.', 'C. Because he was shining a flashlight at the teddy bear.', 'D. Because he was not paying attention.']",multiple,Concurrent
Real-Time Visual Understanding_sample_234_2,Causal Reasoning,Why does the character place the cheese on a plate?,00:02:35,B,"['A. Because he plans to make a sandwich with the cheese.', 'B. Because his refrigerator is empty except for a piece of vegetable.', 'C. Because he thinks the cheese will taste better at room temperature.', 'D. Because the character organizes the fridge.']",multiple,Prior
Real-Time Visual Understanding_sample_234_3,Causal Reasoning,Why does the man successfully retrieve the bottle from the top shelf?,00:04:24,A,"['A. Because he uses his shopping cart for support.', 'B. Because he asks for assistance from a store employee.', 'C. Because he finds a step stool to reach the bottle.', 'D. Because he uses a long tool to knock the bottle down.']",multiple,Concurrent
Real-Time Visual Understanding_sample_234_4,Causal Reasoning,Why Mr. Bean is very shocked.,00:06:40,D,"['A. Because his own pie just fell to the floor.', 'B. Because the opponent did a magic trick with the pie.', 'C. Because the pie suddenly exploded when the opponent touched it.', 'D. Because the opponent finished the pie in one go.']",multiple,Concurrent
Real-Time Visual Understanding_sample_234_5,Causal Reasoning,Why does Mr. Bean look tired or exhausted?,00:08:36,B,"['A. Because he had to run around the supermarket to find items.', 'B. Because he lost the competition in the supermarket.', 'C. Because he stayed up all night preparing for the competition.', 'D. Because he had to carry heavy bags out of the supermarket.']",multiple,Concurrent
Real-Time Visual Understanding_sample_235_1,Causal Reasoning,Why can thieves enter the room without being detected?,00:02:04,B,"['A. Because the security system is broken.', 'B. Because the masters have all fallen asleep.', 'C. Because the door was accidentally left unlocked.', 'D. Because the thieves are using a special device to stay silent.']",multiple,Prior
Real-Time Visual Understanding_sample_235_2,Causal Reasoning,Why does this cat glare viciously at the person in black?,00:02:23,C,"[""A. Because the person in black took away the cat's favorite toy."", ""B. Because the person in black is blocking the cat's path."", 'C. Because the man in black just stepped on this cat.', 'D. Because the person in black made a loud noise that startled the cat.']",multiple,Concurrent
Real-Time Visual Understanding_sample_235_3,Causal Reasoning,Why does the person start searching through his wardrobe?,00:04:07,B,"['A. Because he wants to clean his room.', 'B. Because he is checking if he has lost anything.', 'C. Because he is preparing to leave the house.', 'D. Because he cannot find his wallet.']",multiple,Concurrent
Real-Time Visual Understanding_sample_235_4,Causal Reasoning,Why does the man offer his underwear to the woman as a replacement bag?,00:06:00,C,"['A. Because the woman forgot to bring her shopping bag.', 'B. Because the man is trying to make the woman laugh with a joke.', ""C. Because the lady's shopping bag is torn."", 'D. Because the woman mentioned she needed something to carry her things in.']",multiple,Concurrent
Real-Time Visual Understanding_sample_235_5,Causal Reasoning,Why does the character hide behind structures on the roof?,00:08:18,C,"['A. Because he heard a loud noise and got scared.', 'B. Because he noticed a helicopter approaching and wanted to stay hidden.', 'C. Because the thief in black clothes spotted him and chased after him.', 'D. Because he saw the roof starting to collapse and needed to find safety.']",multiple,Concurrent
Real-Time Visual Understanding_sample_236_1,Causal Reasoning,Why did the old lady fall?,00:01:06,A,"['A. Because she stepped on a toy racing car on the ground.', 'B. Because she tripped over a loose rug in the hallway.', 'C. Because she missed a step while walking down the stairs.', 'D. Because she lost her balance while reaching for something on a high shelf.']",multiple,Prior
Real-Time Visual Understanding_sample_236_2,Causal Reasoning,Why is the old lady lying in the hospital bed now?,00:02:09,A,"['A. Because she stepped on a toy car and fell down before.', 'B. Because she had a sudden illness and needed immediate medical attention.', 'C. Because she was involved in a minor car accident.', 'D. Because she fainted from low blood pressure while shopping.']",multiple,Concurrent
Real-Time Visual Understanding_sample_236_3,Causal Reasoning,Why is the floor of this room completely covered with water now?,00:04:35,B,"['A. Because a pipe burst under the sink.', 'B. Because the faucet was left on, the water overflowed.', 'C. Because someone accidentally spilled a large container of water.', 'D. Because the washing machine malfunctioned and leaked.']",multiple,Prior
Real-Time Visual Understanding_sample_236_4,Causal Reasoning,Why does Mr. Bean hit the table with a mop?,00:06:30,A,"['A. Because he wants to catch that cat.', 'B. Because he is trying to kill a bug crawling on the table.', 'C. Because he accidentally spilled something and is trying to clean it up.', 'D. Because he is frustrated and taking out his anger on the table.']",multiple,Concurrent
Real-Time Visual Understanding_sample_236_5,Causal Reasoning,Why did the character saw a piece of wood?,00:08:23,B,"['A. Because the character needed firewood for the fireplace.', 'B. As materials for a convertible sofa.', 'C. Because the character was building a new shelf for the kitchen.', 'D. Because the character wanted to repair a broken chair.']",multiple,Concurrent
Real-Time Visual Understanding_sample_237_1,Causal Reasoning,Why is Mr. Bean constantly posing right now?,00:01:04,D,"['A. Because he is trying to practice his modeling skills.', 'B. Because he is preparing for a photo shoot.', 'C. Because he is showing off his new outfit in front of a mirror.', 'D. Because he is imitating the characters on the television.']",multiple,Concurrent
Real-Time Visual Understanding_sample_237_2,Causal Reasoning,Why does the bed get pulled out through the window?,00:02:34,A,"['A. Because the man ties the rope to the bed.', 'B. Because the bed is on wheels.', 'C. Because the window is too large.', 'D. Because the bed is not secured properly to the floor.']",multiple,Concurrent
Real-Time Visual Understanding_sample_237_3,Causal Reasoning,Why does the Mr. Bean peer through the door's mail slot or window?,00:04:28,C,"['A. Because he lost his keys and is trying to see if anyone is home.', 'B. Because he heard a strange noise and wants to check what it is.', 'C. Because he wanted to observe the activities of the four people outside.', 'D. Because he is waiting for an important package to be delivered.']",multiple,Concurrent
Real-Time Visual Understanding_sample_237_4,Causal Reasoning,Why does Mr.Bean drop their coat and bag?,00:06:27,C,"['A. Because he realized he grabbed the wrong coat and bag.', 'B. Because he was startled by a sudden loud noise.', 'C. Because his disguise mission has ended.', 'D. Because he spotted someone he knows and wanted to quickly greet them.']",multiple,Concurrent
Real-Time Visual Understanding_sample_237_5,Causal Reasoning,Why does the police officer react and possibly make a call for backup or additional assistance?,00:08:45,C,"['A. Because the police officer needs to record the event.', 'B. Because the police officer needs to clock off for the day.', 'C. Because the police officer believes the photographs show a potential crime.', 'D. Because the police officer wants to review the photos later.']",multiple,Concurrent
Real-Time Visual Understanding_sample_238_1,Causal Reasoning,Why are they two people shaking hands now?,00:01:57,B,"['A. Because they just reached an important business agreement.', 'B. Because they appeared together in a photo when they were young.', 'C. Because they are meeting for the first time after many years.', 'D. Because they are congratulating each other on a job well done.']",multiple,Concurrent
Real-Time Visual Understanding_sample_238_2,Causal Reasoning,Why is Mr. Bean very angry now?,00:03:00,A,"['A. Because another person ate all the food in the refrigerator.', 'B. Because someone spilled a drink on his favorite chair.', 'C. Because his television stopped working during his favorite show.', 'D. Because he just realized he lost his wallet.']",multiple,Concurrent
Real-Time Visual Understanding_sample_238_3,Causal Reasoning,Why does the person in the smaller bed become annoyed and awake?,00:04:28,B,"['A. Because the person with a larger build speaks loudly.', 'B. Because the snoring sound from sleeping on the ground is too loud.', 'C. Because the person in the smaller bed has a nightmare.', 'D. Because a noise from outside wakes them up.']",multiple,Concurrent
Real-Time Visual Understanding_sample_238_4,Causal Reasoning,Why is Mr. Bean very angry now?,00:06:42,B,"['A. Because someone borrowed his car without asking.', 'B. Because another person also ate the ice cream that belonged to Mr. Bean.', 'C. Because his favorite TV show was canceled.', 'D. Because his favorite shirt got ruined in the wash.']",multiple,Concurrent
Real-Time Visual Understanding_sample_238_5,Causal Reasoning,Why does Mr. Bean want to escape?,00:10:17,B,"['A. Because he accidentally broke something in the store.', ""B. Because he doesn't want to pay the bill."", 'C. Because he saw someone he is trying to avoid.', 'D. Because he is late for an important appointment.']",multiple,Prior
Real-Time Visual Understanding_sample_239_1,Causal Reasoning,Why did Mr. Bean turn off the TV?,00:00:51,C,"['A. Because he thought the show was too boring.', 'B. Because he wanted to save electricity.', 'C. Because he was afraid that the news about the theft of teddy bears on TV would scare his own teddy bear.', 'D. Because he heard a noise outside and wanted to investigate.']",multiple,Prior
Real-Time Visual Understanding_sample_239_2,Causal Reasoning,Why Mr. Bean is shocked now.,00:02:45,A,"['A. Because he found that his little bear doll was missing.', 'B. Because he just realized his wallet is missing.', 'C. Because he saw something unexpected on TV.', 'D. Because someone knocked on his door unexpectedly.']",multiple,Concurrent
Real-Time Visual Understanding_sample_239_3,Causal Reasoning,Why is Mr. Bean unhappy now?,00:04:51,B,"['A. Because his favorite TV show was canceled.', 'B. Because he found that his teddy bear doll had changed its appearance.', 'C. Because he lost an important document.', 'D. Because he was unable to fix a broken appliance.']",multiple,Concurrent
Real-Time Visual Understanding_sample_239_4,Causal Reasoning,Why does Mr. Bean decide to put up missing posters for his teddy bear?,00:06:47,C,"['A. Because he thought someone might have stolen his teddy bear.', 'B. Because he wanted to warn others about a possible teddy bear thief.', 'C. Because he realized the teddy bear he found earlier was not his original teddy bear.', 'D. Because he believed his teddy bear had run away and needed help finding it.']",multiple,Concurrent
Real-Time Visual Understanding_sample_239_5,Causal Reasoning,Why does the purple bunny character decide to chase Mr. Bean?,00:09:08,A,"['A. Because Mr. Bean took away all of their dolls.', ""B. Because Mr. Bean made fun of the bunny's appearance."", ""C. Because Mr. Bean accidentally stepped on the bunny's foot."", ""D. Because Mr. Bean broke the bunny's favorite toy.""]",multiple,Concurrent
Real-Time Visual Understanding_sample_240_1,Causal Reasoning,Where does this letter on the ground come from?,00:00:39,D,"['A. It was delivered by the postman earlier.', ""B. It fell out of someone's pocket as they walked by."", 'C. It was dropped by a courier who was in a hurry.', 'D. Mr. Bean just stuffed it in.']",multiple,Prior
Real-Time Visual Understanding_sample_240_2,Causal Reasoning,Why does Mr. Bean's sitting figure react with confusion or surprise?,00:02:29,A,"['A. Because Mr. Bean interacts with the TV remote.', 'B. Because Mr. Bean gets distracted by a phone call.', 'C. Because the TV suddenly turns off.', 'D. Because Mr. Bean falls asleep while watching TV.']",multiple,Concurrent
Real-Time Visual Understanding_sample_240_3,Causal Reasoning,Why does the wall have green patterns painted on it?,00:04:37,C,"['A. Because the wall was decorated with a stencil and green spray paint.', 'B. Because the man accidentally spilled green paint while working on a project.', 'C. Because the man applied green paint using a teddy bear attached to a stick.', 'D. Because the wall was originally green, and someone tried to cover it up but failed.']",multiple,Prior
Real-Time Visual Understanding_sample_240_4,Causal Reasoning,Why does the person with multiple cameras leave the room?,00:06:34,C,"['A. Because the person with cameras needed to recharge their equipment.', 'B. Because the person with cameras had an urgent phone call.', 'C. Because he has finished taking the photos.', 'D. Because the person with cameras spotted something interesting in the other room.']",multiple,Concurrent
Real-Time Visual Understanding_sample_240_5,Causal Reasoning,Why is the queenly figure angry right now?,00:08:35,C,"['A. Because someone accidentally spilled tea on her dress.', 'B. Because her crown was knocked off by a gust of wind.', 'C. Because the Mr.bean pushing the broom past her face.', 'D. Because Mr. Bean interrupted her speech with loud noises.']",multiple,Concurrent
Real-Time Visual Understanding_sample_241_1,Causal Reasoning,Why Mr. Bean was previously flipping through boxes?,00:02:06,B,"['A. Because he was looking for his lost keys.', 'B. Because he is looking for his green little hat.', 'C. Because he was organizing old photographs.', 'D. Because he wanted to find his shopping list.']",multiple,Prior
Real-Time Visual Understanding_sample_241_2,Causal Reasoning,Why did the character create a large number of sandwiches?,00:03:42,C,"['A. Because the character is preparing for a big party.', 'B. Because the character plans to donate them to a local shelter.', 'C. Because the character intends to go camping.', 'D. Because the character wants to start a small sandwich business.']",multiple,Concurrent
Real-Time Visual Understanding_sample_241_3,Causal Reasoning,Why does the other character pick up the green cap left on the chair?,00:04:50,B,"['A. Because the green cap looked like it was expensive.', 'B. Because Mr. Bean accidentally left this green hat on the chair just now.', 'C. Because the other character needed a cap to shield from the sun.', ""D. Because the green cap matches the other character's outfit.""]",multiple,Concurrent
Real-Time Visual Understanding_sample_241_4,Causal Reasoning,Why would Mr. Bean buy the things being towed behind his car?,00:06:49,B,"['A. Because the items were on sale at a huge discount.', 'B. Because he only had five yuan on him at that time.', 'C. Because he thought they would be fun to use later.', 'D. Because he needed them for a project he was working on.']",multiple,Prior
Real-Time Visual Understanding_sample_241_5,Causal Reasoning,Why did Mr. Bean just feed this dog with a sandwich?,00:09:53,D,"['A. Because Mr. Bean felt sorry for the hungry dog.', 'B. Because Mr. Bean had extra sandwiches to spare.', 'C. Because Mr. Bean wanted to make friends with the dog.', 'D. Because Mr. Bean wants to trick this dog into the house.']",multiple,Prior
Real-Time Visual Understanding_sample_242_1,Causal Reasoning,Why is the teddy bear seen flying in the toy plane in the sky?,00:24:00,C,"['A. Because someone threw the teddy bear.', 'B. Because the wind carried the teddy bear.', 'C. Because Mr. Bean uses a remote control to operate the toy plane.', 'D. Because the teddy bear has wings.']",multiple,Concurrent
Real-Time Visual Understanding_sample_242_2,Causal Reasoning,Why does Mr.Bean climb the tree?,00:02:24,A,"['A. Because Mr.Bean wants to retrieve the toy stuck in the tree.', 'B. Because Mr.Bean wants to collect leaves from the tree.', 'C. Because Mr.Bean wants a better view from the top of the tree.', 'D. Because Mr.Bean is practicing climbing skills.']",multiple,Concurrent
Real-Time Visual Understanding_sample_242_3,Causal Reasoning,Why are the books stacked on the floor?,00:04:13,B,"['A. Because there was no more space on the shelves.', 'B. As a step for the bird to walk down from the table.', 'C. Because the books were being sorted for donation.', 'D. Because they were recently used and not yet put away.']",multiple,Concurrent
Real-Time Visual Understanding_sample_242_4,Causal Reasoning,Why does the bird fly out of the window with an item?,00:06:53,D,"['A. Because the bird is building a nest and needs materials.', 'B. Because the bird is curious and wants to explore outside.', 'C. Because the bird is attracted to shiny objects.', 'D. Because this item is very precious, the bird wants to steal it away.']",multiple,Concurrent
Real-Time Visual Understanding_sample_242_5,Causal Reasoning,Where did Mr. Bean get all this gold from?,00:08:07,C,"['A. Mr. Bean won it in a lottery.', 'B. Mr. Bean found it buried in his backyard.', ""C. The bird kept by Mr. Bean stole from the old lady's house."", 'D. Mr. Bean inherited it from a distant relative.']",multiple,Concurrent
Real-Time Visual Understanding_sample_243_1,Causal Reasoning,Why are the two fries in the plate in front of the teddy bear gone?,00:01:46,A,"['A. Because Mr. Bean ate it.', 'B. Because the teddy bear knocked them off the plate.', 'C. Because the fries were moved to another plate.', 'D. Because the fries were given to a passing bird.']",multiple,Concurrent
Real-Time Visual Understanding_sample_243_2,Causal Reasoning,Why Mr. Bean was just flipping the sofa.,00:02:12,C,"['A. Because Mr. Bean was looking for loose change.', 'B. Because Mr. Bean wanted to clean underneath the sofa.', 'C. Because the remote control fell into the gap of the sofa.', 'D. Because Mr. Bean thought something valuable was hidden inside.']",multiple,Prior
Real-Time Visual Understanding_sample_243_3,Causal Reasoning,Why Mr. Bean is watching a sofa advertisement.,00:03:23,C,"['A. Because Mr. Bean is curious about the latest furniture trends.', 'B. Because Mr. Bean is helping a friend choose a new sofa.', ""C. Because Mr. Bean's sofa is broken, he wants to buy a new one."", 'D. Because Mr. Bean enjoys watching TV commercials.']",multiple,Concurrent
Real-Time Visual Understanding_sample_243_4,Causal Reasoning,Why does the character take the teddy bear from the girl and give her money in exchange?,00:06:34,C,"['A. Because the teddy bear is a rare collectible that Mr. Bean wants to keep.', 'B. Because Mr. Bean needs the teddy bear for a special project.', 'C. Because Mr. Bean is selling things to pay off the money to buy a sofa.', 'D. Because the girl insisted on having the money instead of the teddy bear.']",multiple,Concurrent
Real-Time Visual Understanding_sample_243_5,Causal Reasoning,Why did Mr. Bean drive back to the sofa shop again?,00:09:03,A,"['A. Because his TV remote control fell into the old sofa.', 'B. Because he realized he forgot to measure the space for the new sofa.', 'C. Because he wanted to exchange the sofa for a different color.', 'D. Because he left his wallet at the shop earlier.']",multiple,Concurrent
Real-Time Visual Understanding_sample_244_1,Causal Reasoning,Why is the character startled?,00:00:11,C,"['A. Because the character is afraid of the dark.', 'B. Because the character finds the teddy bear.', 'C. Because a person enters the scene unexpectedly.', 'D. Because the flashlight stops working.']",multiple,Prior
Real-Time Visual Understanding_sample_244_2,Causal Reasoning,Why is Mr. Bean holding two iron pots in his hands?,00:02:31,C,"['A. Because Mr. Bean is preparing to cook a meal.', 'B. Because Mr. Bean was trying to catch a mouse.', 'C. Because Mr. Bean wanted to wake up the old lady who was sleepwalking onto his bed.', 'D. Because Mr. Bean thought they would make a funny noise.']",multiple,Concurrent
Real-Time Visual Understanding_sample_244_3,Causal Reasoning,Why does the person enter the building to inquire about rooms for rent?,00:04:33,D,"['A. Because he is looking for a place closer to his workplace.', 'B. Because he needs a temporary place to stay while his house is being renovated.', 'C. Because the person have no money.', 'D. Because he was evicted by his previous landlord.']",multiple,Concurrent
Real-Time Visual Understanding_sample_244_4,Causal Reasoning,Why do landlords now take the money and run away?,00:06:46,B,"['A. Because they are in a hurry and promise to return later.', 'B. Because she is a fraud, the house is fake.', ""C. Because they misunderstood and thought the tenant didn't need a receipt."", 'D. Because they were threatened by someone and had to leave quickly.']",multiple,Concurrent
Real-Time Visual Understanding_sample_244_5,Causal Reasoning,Who is the person in the video now?,00:08:49,D,"[""A. It's Mr. Bean's twin brother."", ""B. It's a character from a different show."", ""C. It's a lookalike impersonating Mr. Bean."", ""D. It's Mr. Bean in disguise.""]",single,Concurrent
Real-Time Visual Understanding_sample_245_1,Causal Reasoning,Why did the elderly woman step off the bus with a tray of tea?,00:00:21,C,"['A. To serve tea to the bus driver during his break.', 'B. To offer refreshments to passengers waiting at the bus stop.', 'C. To deliver food to the elderly lady in a pink dress who has a foot injury.', 'D. To serve tea to passengers waiting at the bus stop.']",multiple,Prior
Real-Time Visual Understanding_sample_245_2,Causal Reasoning,Why is Mr. Bean in the hospital ward?,00:02:29,B,"['A. Because he is visiting a friend who is a patient.', 'B. Because this is his fantasy.', 'C. Because he mistakenly walked into the wrong building.', 'D. Because he is participating in a medical study.']",multiple,Prior
Real-Time Visual Understanding_sample_245_3,Causal Reasoning,Why does the character try to manipulate the thermometer reading?,00:04:47,A,"['A. To pretend to be sick.', 'B. To make the nurse angry.', 'C. To make the nurse laugh.', 'D. To test the accuracy of the thermometer.']",multiple,Concurrent
Real-Time Visual Understanding_sample_245_4,Causal Reasoning,Why is the patient prepped for surgery?,00:07:03,A,"['A. Because Mr. Bean tampered with the check, making himself appear very unhealthy.', 'B. Because the patient requested the surgery as a precaution.', ""C. Because the doctor misread the patient's medical chart."", 'D. Because the patient was mistakenly identified as someone else.']",multiple,Prior
Real-Time Visual Understanding_sample_245_5,Causal Reasoning,Why do the babies start crying?,00:09:16,C,"['A. Because they are hungry.', 'B. Because they need a diaper change.', 'C. Because the person in the wheelchair enters the room.', 'D. Because they are tired.']",multiple,Prior
Real-Time Visual Understanding_sample_246_1,Causal Reasoning,Why does the character cuddle the teddy bear and smile in bed?,00:00:30,C,"['A. Because the character is preparing for bedtime.', 'B. Because the character is trying to send a message.', 'C. Because the character feels comforted by the teddy bear.', 'D. Because the character is participating in a game.']",multiple,Concurrent
Real-Time Visual Understanding_sample_246_2,Causal Reasoning,Why does Mr. Bean become disturbed?,00:02:25,B,"['A. Because the worker is whistling loudly.', 'B. Because the worker is using a jackhammer.', 'C. Because the worker is throwing tools around.', 'D. Because the worker is shouting instructions.']",multiple,Concurrent
Real-Time Visual Understanding_sample_246_3,Causal Reasoning,Why does the person adjust a lever and press a red button on the machine?,00:04:35,A,"['A. Because the person wants to power up the machine.', 'B. Because the person needs to deflate the tent.', 'C. Because the person wants to shut down the machine.', ""D. Because the person is testing the lever's mechanism.""]",multiple,Concurrent
Real-Time Visual Understanding_sample_246_4,Causal Reasoning,Why is there an abundance of egg cartons and eggs causing clutter in the house?,00:07:03,A,"['A. Because the man in the red hat operates heavy machinery.', 'B. Because someone is baking a large number of cakes.', 'C. Because a delivery of eggs made a mistake.', 'D. Because the family is preparing for a party.']",multiple,Prior
Real-Time Visual Understanding_sample_246_5,Causal Reasoning,Why do the workers outside notice an issue with the pipeline?,00:09:10,C,"['A. Because there was a scheduled maintenance check.', 'B. Because the pipeline was leaking due to wear and tear.', 'C. Because overheating cooking supplies produced smoke.', 'D. Because the workers were alerted by a loud noise.']",multiple,Prior
Real-Time Visual Understanding_sample_247_1,Causal Reasoning,Why does the older woman appear annoyed or angry?,00:00:26,D,"['A. Because the character shouted loudly.', 'B. Because the character knocked on the door.', 'C. Because the character broke something.', 'D. Because the character disturbed her.']",multiple,Concurrent
Real-Time Visual Understanding_sample_247_2,Causal Reasoning,Why does the man in the dirty car wave a money?,00:02:32,A,"['A. Because he wanted Mr. Bean to help him wash his car.', 'B. Because he was offering to buy something from Mr. Bean.', 'C. Because he wanted to pay Mr. Bean for directions.', 'D. Because he was asking Mr. Bean for change.']",multiple,Concurrent
Real-Time Visual Understanding_sample_247_3,Causal Reasoning,Why does the person start pedaling the bicycle?,00:04:55,C,"['A. Because the person wants to generate electricity for a nearby device.', 'B. Because the person is testing the bicycle for a friend.', 'C. Because riding a bicycle can start the car wash machine.', 'D. Because the person needs to warm up before a race.']",multiple,Concurrent
Real-Time Visual Understanding_sample_247_4,Causal Reasoning,Why do the woman and the driver sit down to have tea together?,00:06:58,D,"['A. Because the woman and the driver know each other.', 'B. Because the man on the bicycle invited them to tea.', 'C. Because the car broke down and they had nothing else to do.', ""D. Because the driver's car is being cleaned.""]",multiple,Concurrent
Real-Time Visual Understanding_sample_247_5,Causal Reasoning,Why is Mr. Bean looking for something now?,00:08:35,A,"['A. Because he wanted to find something to clean the bird droppings that had fallen on the car.', 'B. Because he lost his keys and needs to find them.', 'C. Because he wants to find a tool to fix a flat tire.', 'D. Because he is searching for his misplaced wallet.']",multiple,Concurrent
Real-Time Visual Understanding_sample_248_1,Causal Reasoning,Why does the older woman appear annoyed or angry?,00:00:26,B,"['A. Because the character shouted loudly.', 'B. Because the character disturbed her.', 'C. Because the character knocked on the door.', 'D. Because the character broke something.']",multiple,Concurrent
Real-Time Visual Understanding_sample_248_2,Causal Reasoning,Why does the taxi drive off?,00:02:31,C,"['A. Because the passenger instructs the driver to leave.', 'B. Because the person just got out of another vehicle.', 'C. Because the person gets inside the taxi.', 'D. Because the taxi has completed its repairs.']",multiple,Prior
Real-Time Visual Understanding_sample_248_3,Causal Reasoning,Why can Mr. Bean receive money now?,00:06:17,A,"['A. Because he impersonated a taxi driver and took the lady to her destination.', 'B. Because he found a wallet on the street and returned it for a reward.', 'C. Because he won a small lottery prize earlier in the day.', 'D. Because he sold some of his belongings at a yard sale.']",multiple,Concurrent
Real-Time Visual Understanding_sample_248_4,Causal Reasoning,Why Mr. Bean can receive money now?,00:09:01,A,"['A. Because he impersonated a taxi driver and took the man to his destination.', 'B. Because he found a wallet on the street and returned it for a reward.', 'C. Because he won a small lottery prize earlier in the day.', 'D. Because he sold some of his belongings at a yard sale.']",multiple,Prior
Real-Time Visual Understanding_sample_248_5,Causal Reasoning,Why Mr. Bean now only pays 0.85 pounds?,00:09:19,A,"['A. Because Mr. Bean cleared his mileage before.', 'B. Because he used a discount coupon for the purchase.', 'C. Because he convinced the cashier to give him a special deal.', 'D. Because he found some extra change in his pocket to cover the cost.']",single,Prior
Real-Time Visual Understanding_sample_249_1,Causal Reasoning,Why does the older woman appear annoyed or angry?,00:00:26,B,"['A. Because the character shouted loudly.', 'B. Because the character disturbed her.', 'C. Because the character knocked on the door.', 'D. Because the character broke something.']",multiple,Concurrent
Real-Time Visual Understanding_sample_249_2,Causal Reasoning,Why is Mr. Bean under the bed now?,00:02:25,A,"['A. Because he wanted to snatch back the teddy bear doll that was taken by the cat.', 'B. Because he dropped something valuable and is trying to retrieve it.', 'C. Because he is hiding from someone who just entered the room.', 'D. Because he thought he saw something strange under the bed.']",multiple,Prior
Real-Time Visual Understanding_sample_249_3,Causal Reasoning,Why did the character exit the building and approach a green car?,00:06:02,C,"['A. Because he forgot something important in the car.', 'B. Because he needs to pick up a friend from the nearby station.', 'C. Because he wants to drive to the pet hospital to treat his teddy bear doll.', 'D. Because he plans to run an errand across town.']",multiple,Concurrent
Real-Time Visual Understanding_sample_249_4,Causal Reasoning,Why Mr. Bean would be very panicked now.,00:08:38,C,"['A. Because he realized he lost his wallet.', 'B. Because he accidentally locked himself out of his house.', 'C. Because he found that his teddy bear doll was not in the box.', 'D. Because he noticed that his car keys were missing.']",multiple,Prior
Real-Time Visual Understanding_sample_249_5,Causal Reasoning,Why did the character react with noticeable concern after stopping the car?,00:10:17,C,"['A. Because they remember they left something important behind.', 'B. Because they have car trouble and need to check the engine.', ""C. Because he thought the one that was flattened was the old lady's cat."", 'D. Because they see a strange figure in the distance.']",multiple,Concurrent
Real-Time Visual Understanding_sample_250_1,Causal Reasoning,Why does the older woman appear annoyed or angry?,00:00:26,B,"['A. Because the character shouted loudly.', 'B. Because the character disturbed her.', 'C. Because the character knocked on the door.', 'D. Because the character broke something.']",multiple,Prior
Real-Time Visual Understanding_sample_250_2,Causal Reasoning,Why is the teddy bear covered in flour?,00:02:22,B,"['A. Because the teddy bear fell into a bag of flour.', 'B. Because Mr. Bean just blew on the flour.', 'C. Because Mr. Bean was baking and accidentally spilled flour on it.', 'D. Because the teddy bear was used to dust off a surface covered in flour.']",multiple,Concurrent
Real-Time Visual Understanding_sample_250_3,Causal Reasoning,Why does the character have a complete list of ingredients for the grocery list?,00:04:42,C,"['A. Because the character finds a recipe book.', 'B. Because the character asks someone else for the list.', 'C. Because the character is talking on the phone and writing down ingredients for a grocery list.', 'D. Because the character visits each grocery store to check items.']",multiple,Prior
Real-Time Visual Understanding_sample_250_4,Causal Reasoning,How did Mr. Bean earn all the money on his desk?,00:07:23,A,"['A. Earnings from selling pizza', 'B. Earnings from doing odd jobs around the neighborhood', 'C. Earnings from a garage sale he held over the weekend', 'D. Earnings from winning a small bet with a friend']",multiple,Concurrent
Real-Time Visual Understanding_sample_250_5,Causal Reasoning,Why do the two guards fight each other?,00:09:05,A,"['A. Because Mr. Bean dodged their attack downward, it caused them to attack each other.', ""B. Because they misunderstood each other's orders."", 'C. Because they were competing to capture Mr. Bean first.', 'D. Because they were tricked by Mr. Bean into thinking the other was an enemy.']",multiple,Concurrent
Real-Time Visual Understanding_sample_251_1,Text-Rich Understanding,What logo is visible on the gas station sign right now?,00:00:05,A,"['A. Shell.', 'B. Chevron.', 'C. Exxon.', 'D. BP.']",single,Concurrent
Real-Time Visual Understanding_sample_251_2,Object Perception,What brand is the steering wheel right now?,00:01:06,C,"['A. BMW.', 'B. Audi.', 'C. Mercedes-Benz.', 'D. Porsche.']",single,Concurrent
Real-Time Visual Understanding_sample_251_3,Text-Rich Understanding,What is the current speed of the car right now?,00:02:16,B,"['A. 150 km/h.', 'B. 200 km/h.', 'C. 225 km/h.', 'D. 250 km/h.']",single,Concurrent
Real-Time Visual Understanding_sample_251_4,Attribute Perception,What color are the gloves the driver is wearing right now?,00:03:20,B,"['A. Red and black.', 'B. Blue and black.', 'C. Black and white.', 'D. Green and black.']",single,Concurrent
Real-Time Visual Understanding_sample_251_5,Text-Rich Understanding,What is the current speed of the car right now?,00:04:23,D,"['A. 150 km/h.', 'B. 200 km/h.', 'C. 225 km/h.', 'D. 250 km/h.']",single,Concurrent
Real-Time Visual Understanding_sample_252_1,Text-Rich Understanding,What brand of the car's equipment is visible right now?,00:00:04,A,"['A. Sparco.', 'B. ACME.', 'C. OMP.', 'D. MOMO.']",single,Concurrent
Real-Time Visual Understanding_sample_252_2,Attribute Perception,What are the current colors on the car's dashboard right now?,00:01:23,D,"['A. Blue and yellow.', 'B. Red and green.', 'C. White and blue.', 'D. Black and red.']",single,Concurrent
Real-Time Visual Understanding_sample_252_3,Text-Rich Understanding,What equipment brand is visible on the driver's gloves right now?,00:02:43,A,"['A. Sparco.', 'B. MOMO.', 'C. OMP.', 'D. HANS.']",single,Concurrent
Real-Time Visual Understanding_sample_252_4,Attribute Perception,What colors are visible on the gloves the driver is wearing right now?,00:04:04,D,"['A. Red and black.', 'B. Blue and white.', 'C. Beige and black.', 'D. White and black.']",single,Concurrent
Real-Time Visual Understanding_sample_252_5,Text-Rich Understanding,What brand is visible on the driver's gloves right now?,00:05:23,A,"['A. Sparco.', 'B. Simpson.', 'C. Alpinestars.', 'D. OMP.']",single,Concurrent
Real-Time Visual Understanding_sample_253_1,Object Perception,Which make of car is being driven right now?,00:00:35,D,"['A. Ferrari.', 'B. Lamborghini.', 'C. McLaren.', 'D. Porsche.']",single,Concurrent
Real-Time Visual Understanding_sample_253_2,Object Perception,What brand of car is being driven right now?,00:07:00,D,"['A. Ford.', 'B. BMW.', 'C. Audi.', 'D. Porsche.']",single,Concurrent
Real-Time Visual Understanding_sample_253_3,Text-Rich Understanding,What is the current oil temperature displayed on the dashboard?,00:07:47,D,"['A. 87.5.', 'B. 85.0.', 'C. 94.3.', 'D. 98.0.']",single,Concurrent
Real-Time Visual Understanding_sample_253_4,Text-Rich Understanding,What is the current brake bias setting displayed on the dashboard?,00:11:43,D,"['A. +1.00', 'B. -0.30', 'C. +2.00', 'D. -3.00']",single,Prior
Real-Time Visual Understanding_sample_253_5,Text-Rich Understanding,Which brand's logo is visible at the trackside right now?,00:15:36,D,"['A. Shell.', 'B. ExxonMobil.', 'C. BP.', 'D. TotalEnergies.']",single,Concurrent
Real-Time Visual Understanding_sample_254_1,Text-Rich Understanding,What is currently written on the sign visible in the video?,00:00:03,D,"['A. START.', 'B. GO!.', 'C. MICRO.', 'D. WHOOP.']",single,Prior
Real-Time Visual Understanding_sample_254_2,Text-Rich Understanding,What is written on the yellow brand visible right now?,00:00:52,D,"['A. FINISH.', 'B. START.', 'C. ALERT.', 'D. TIMING.']",single,Concurrent
Real-Time Visual Understanding_sample_254_3,Attribute Perception,What color predominantly describes the bike's front suspension that is visible right now?,00:01:37,A,"['A. Orange.', 'B. Green.', 'C. Blue.', 'D. Red.']",single,Concurrent
Real-Time Visual Understanding_sample_254_4,Attribute Perception,What color is the barrier predominantly visible on the sides of the track right now?,00:02:27,A,"['A. Yellow.', 'B. Red.', 'C. Blue.', 'D. Green.']",single,Concurrent
Real-Time Visual Understanding_sample_254_5,Text-Rich Understanding,What is the name displayed on the white banners on the sides of the track right now?,00:03:13,D,"['A. BikeLand.', 'B. Whoop.', 'C. Timing.', 'D. Val di Sole.']",single,Concurrent
Real-Time Visual Understanding_sample_255_1,Object Perception,What is visible near the goal post just now?,00:06,D,"['A. A coach in a fluorescent vest.', 'B. A player with a blue and yellow jersey.', 'C. A spectator with a hat.', 'D. A referee with a flag.']",multiple,Concurrent
Real-Time Visual Understanding_sample_255_2,Event Understanding,What indicates that the players are taking a break?,00:04:44,D,"['A. The players are lying down.', 'B. The players are leaving the field.', 'C. The game is stopped by the referee.', 'D. The subtitle mentions it is time for a water break.']",multiple,Concurrent
Real-Time Visual Understanding_sample_255_3,Event Understanding,What event are the players celebrating right now?,00:09:40,D,"['A. Scoring the first goal.', 'B. Winning the game.', 'C. A penalty kick.', 'D. Equalizing the score.']",multiple,Concurrent
Real-Time Visual Understanding_sample_255_4,Action Perception,What was the player recording this video prepared to do just now?,00:14:08,D,"['A. Pass the ball.', 'B. Tackle the defender.', 'C. Block the ball.', 'D. Take a shot.']",multiple,Concurrent
Real-Time Visual Understanding_sample_255_5,Text-Rich Understanding,What is the label on the box on the left?,00:17:43,D,"['A. Recently upload video.', 'B. Click!.', 'C. Thanks for watching!.', 'D. Recommended Video.']",single,Concurrent
Real-Time Visual Understanding_sample_256_1,Event Understanding,What does the text on the screen describe right now?,00:00:18,B,"['A. A training session.', 'B. A Neymar challenge.', 'C. A match against a rival team.', 'D. A skills competition.']",multiple,Concurrent
Real-Time Visual Understanding_sample_256_2,Action Perception,What action is the player wearing the camera performed just now?,00:03:39,C,"['A. Pass the ball.', 'B. Dribble the ball.', 'C. Kick the ball.', 'D. Tackle an opponent.']",multiple,Concurrent
Real-Time Visual Understanding_sample_256_3,Text-Rich Understanding,What subtitle appeared just now?,00:06:58,C,"['A. ""Messi The Legend"".', 'B. ""Soccer Championship"".', 'C. ""Neymar El Clacico in & out success"".', 'D. ""Football Highlights"".']",multiple,Prior
Real-Time Visual Understanding_sample_256_4,Attribute Perception,What is the color of the jersey of the player who performs the nutmeg?,00:10:11,A,"['A. Yellow.', 'B. Red.', 'C. Blue.', 'D. White.']",single,Prior
Real-Time Visual Understanding_sample_256_5,Spatial Understanding,What is the position of the Eiffel Tower relative to the camera in the first-person driving perspective?,00:12:44,B,"['A. To the left.', 'B. Directly ahead.', 'C. To the right.', 'D. Behind.']",single,Concurrent
Real-Time Visual Understanding_sample_257_1,Event Understanding,What happened in the video just now?,00:00:20,C,"['A. Players are shown resting on the sidelines.', 'B. The camera focuses on the crowd.', 'C. Text overlays hint at a welcoming message related to football.', 'D. A player scores a goal.']",multiple,Prior
Real-Time Visual Understanding_sample_257_2,Event Understanding,What is the camera showing right now?,00:04:00,C,"['A. Players celebrating a goal.', 'B. A player tying their shoelaces.', 'C. The ball near the sideline.', 'D. The players leaving the field.']",multiple,Concurrent
Real-Time Visual Understanding_sample_257_3,Event Understanding,What type of game is being played on the sports field right now?,00:07:40,B,"['A. A competitive league match.', 'B. A casual or friendly game.', 'C. A training session.', 'D. A tournament final.']",multiple,Concurrent
Real-Time Visual Understanding_sample_257_4,Event Understanding,What action is the player in the yellow jersey performing right now?,00:11:15,C,"['A. Sitting along the fence.', 'B. Running towards the viewer.', 'C. Dribbling the ball.', 'D. Observing the game.']",single,Concurrent
Real-Time Visual Understanding_sample_257_5,Spatial Understanding,Where are the people who are not playing the game situated in the video?,00:11:07,C,"['A. Inside the field.', 'B. Behind the goalposts.', 'C. Along the fence.', 'D. Outside the stadium.']",single,Concurrent
Real-Time Visual Understanding_sample_258_1,Object Perception,What color is the jersey of the approaching player?,00:00:03,B,"['A. Red and white.', 'B. Blue and yellow.', 'C. Green and black.', 'D. White and black.']",single,Concurrent
Real-Time Visual Understanding_sample_258_2,Object Perception,What object does the camera focus on in the center of the field right now?,00:02:03,A,"['A. A soccer ball.', 'B. A water bottle.', ""C. A player's shoe."", 'D. A goalpost.']",single,Concurrent
Real-Time Visual Understanding_sample_258_3,Attribute Perception,What number is on the back of the player in the blue jersey right now?,00:02:13,C,"['A. 10.', 'B. 8.', 'C. 12.', 'D. 7.']",single,Concurrent
Real-Time Visual Understanding_sample_258_4,Object Perception,What can be seen in the background right now?,00:04:04,B,"['A. The penalty area.', 'B. The goalpost and net.', 'C. The midfield line.', 'D. The audience stands.']",single,Concurrent
Real-Time Visual Understanding_sample_258_5,Action Perception,What skill did the person perform to get past the defender?,00:06:08,C,"['A. Step-over.', 'B. Cruyff turn.', 'C. Ronaldo__ chop.', 'D. Maradona turn.']",multiple,Concurrent
Real-Time Visual Understanding_sample_259_1,Attribute Perception,What is about the football field's lighting condition?,00:00:16,B,"['A. It is dimly lit.', 'B. It has bright overhead lights.', 'C. It is partially lit.', 'D. It has no lights.']",single,Concurrent
Real-Time Visual Understanding_sample_259_2,Object Perception,What is the color of the player's jersey who is dribbling the ball?,00:03:24,C,"['A. Blue.', 'B. Red.', 'C. Yellow.', 'D. Green.']",single,Concurrent
Real-Time Visual Understanding_sample_259_3,Text-Rich Understanding,What rule infraction happened just now?,00:06:43,C,"['A. Handball.', 'B. Foul.', 'C. Offside.', 'D. Corner kick.']",multiple,Concurrent
Real-Time Visual Understanding_sample_259_4,Object Perception,What is surrounding the soccer field?,00:07:00,C,"['A. A wall.', 'B. Tall buildings.', 'C. A fence.', 'D. Trees.']",single,Concurrent
Real-Time Visual Understanding_sample_259_5,Spatial Understanding,Where is the player in the green vest controlling the ball?,00:10:20,C,"['A. Near the middle of the field.', 'B. Near the goalpost.', 'C. Near the sidelines of the field.', 'D. Near the entrance gate.']",single,Concurrent
Real-Time Visual Understanding_sample_260_1,Attribute Perception,What color is the energy drink can in the car right now?,00:00:17,C,"['A. Green.', 'B. Blue.', 'C. Red.', 'D. Yellow.']",single,Concurrent
Real-Time Visual Understanding_sample_260_2,Attribute Perception,What color is the crane visible right now?,00:02:56,B,"['A. Red and white.', 'B. Yellow and red.', 'C. Blue and white.', 'D. Green and yellow.']",single,Concurrent
Real-Time Visual Understanding_sample_260_3,Attribute Perception,What are the colors of the car's central console right now?,00:05:52,D,"['A. white.', 'B. Red and blue.', 'C. Red and white.', 'D. Yellow and black.']",single,Concurrent
Real-Time Visual Understanding_sample_260_4,Attribute Perception,What color are the cars directly in front?,00:08:41,C,"['A. Blue.', 'B. Orange.', 'C. Black.', 'D. Yellow.']",single,Prior
Real-Time Visual Understanding_sample_260_5,Attribute Perception,What color is the car directly in front?,00:11:57,C,"['A. Blue.', 'B. Orange.', 'C. Red.', 'D. Yellow.']",single,Concurrent
Real-Time Visual Understanding_sample_261_1,Text-Rich Understanding,What text is visible on the driver's helmet right now?,00:00:02,C,"['A. Red Bull.', 'B. Monster Energy.', 'C. Bell.', 'D. Sparco.']",single,Concurrent
Real-Time Visual Understanding_sample_261_2,Object Perception,What brand logo is visible on the driver's sleeve right now?,00:03:24,B,"['A. Red Bull.', 'B. Monster Energy.', 'C. TT.', 'D. Sparco.']",single,Concurrent
Real-Time Visual Understanding_sample_261_3,Spatial Understanding,Which way does the road turn now?,00:06:25,C,"[""A. there's no road at all."", 'B. Straight forward.', 'C. To the right.', 'D. To the left.']",single,Concurrent
Real-Time Visual Understanding_sample_261_4,Attribute Perception,What color are the illuminated gauges on the dashboard right now?,00:10:14,A,"['A. Blue and green.', 'B. Red and blue.', 'C. Green and yellow.', 'D. White and red.']",single,Concurrent
Real-Time Visual Understanding_sample_261_5,Attribute Perception,What color are the illuminated gauges on the dashboard right now?,00:13:39,A,"['A. Blue and green.', 'B. Red and blue.', 'C. Green and yellow.', 'D. White and red.']",single,Concurrent
Real-Time Visual Understanding_sample_262_1,Text-Rich Understanding,What type of car is featured in the video right now?,00:00:10,D,"['A. Ferrari F8 Tributo.', 'B. Lamborghini Huracan.', 'C. BMW M4.', 'D. Porsche 911 GT3 RS.']",single,Prior
Real-Time Visual Understanding_sample_262_2,Text-Rich Understanding,What is the current gear level of the car?,00:01:28,D,"['A. 1', 'B. 2', 'C. 3', 'D. 4']",single,Concurrent
Real-Time Visual Understanding_sample_262_3,Attribute Perception,"Right now, what is indicated by the green column?",00:02:52,A,"['A. Braking.', 'B. Tire pressure.', 'C. Speed.', 'D. Throttle.']",single,Concurrent
Real-Time Visual Understanding_sample_262_4,Text-Rich Understanding,"Right now, what gear is the car using?",00:04:20,D,"['A. 3.', 'B. 4.', 'C. 6.', 'D. 5.']",single,Concurrent
Real-Time Visual Understanding_sample_262_5,Text-Rich Understanding,"Right now, what is the current speed of the car?",00:05:40,D,"['A. approx 226 km/h.', 'B. approx 189 km/h.', 'C. approx 190 km/h.', 'D. approx 249 km/h.']",single,Concurrent
Real-Time Visual Understanding_sample_263_1,Text-Rich Understanding,What word is currently displayed in the bottom of the screen?,00:00:05,D,"['A. PORSCHE.', 'B. TURBO.', 'C. HYBRID.', 'D. ONBOARD.']",single,Concurrent
Real-Time Visual Understanding_sample_263_2,Text-Rich Understanding,What brand logo is currently visible on the bridge?,00:01:34,D,"['A. Michelin', 'B. Pirelli', 'C. Goodyear', 'D. Yokohama']",single,Concurrent
Real-Time Visual Understanding_sample_263_3,Text-Rich Understanding,What is the current track length displayed on the screen?,00:03:05,D,"['A. 13.567 km.', 'B. 12.935 km.', 'C. 18.752 km.', 'D. 20.832 km.']",single,Concurrent
Real-Time Visual Understanding_sample_263_4,Attribute Perception,What color is the current helmet of the driver?,00:04:36,D,"['A. Red.', 'B. Blue.', 'C. Yellow.', 'D. Green.']",single,Concurrent
Real-Time Visual Understanding_sample_263_5,Text-Rich Understanding,What car model is visible in the information panel right now?,00:06:08,D,"['A. 911 Carrera.', 'B. Taycan Turbo S.', 'C. Macan S.', 'D. Panamera Turbo S E-Hybrid.']",single,Concurrent
Real-Time Visual Understanding_sample_264_1,Object Perception,What brand is the black car?,00:00:05,D,"['A. BMW.', 'B. Mercedes.', 'C. Audi.', 'D. Porsche.']",single,Prior
Real-Time Visual Understanding_sample_264_2,Object Perception,What is the logo on the driver's steering wheel right now?,00:01:53,D,"['A. Ferrari.', 'B. Lamborghini.', 'C. Mercedes.', 'D. Porsche.']",single,Concurrent
Real-Time Visual Understanding_sample_264_3,Attribute Perception,What color is the RPM gauge's maximum range right now?,00:03:49,A,"['A. Red.', 'B. Pink.', 'C. Blue.', 'D. Green.']",single,Concurrent
Real-Time Visual Understanding_sample_264_4,Text-Rich Understanding,What is the current speed shown on the phone's screen right now?,00:05:41,D,"['A. approx 150 km/h.', 'B. approx 210 km/h.', 'C. approx 170 km/h.', 'D. approx 190 km/h.']",single,Concurrent
Real-Time Visual Understanding_sample_264_5,Text-Rich Understanding,What is the current speed shown on the phone's screen right now?,00:07:32,D,"['A. approx 212 km/h.', 'B. approx 222 km/h.', 'C. approx 242 km/h.', 'D. approx 232 km/h.']",single,Concurrent
Real-Time Visual Understanding_sample_265_1,Object Perception,What is the color of the football prominently featured in the video?,00:00:04,D,"['A. Blue and white.', 'B. Black and white.', 'C. Green and white.', 'D. Red and white.']",single,Prior
Real-Time Visual Understanding_sample_265_2,Text-Rich Understanding,What text appeared just now?,00:03:20,D,"['A. ""Nice shot!"".', 'B. ""Great goal!"".', 'C. ""Well played!"".', 'D. ""Good pass Aim!"" and ""Good job!"".']",multiple,Prior
Real-Time Visual Understanding_sample_265_3,Object Perception,What advertisement is visible right now?,00:06:02,D,"['A. Honda and Chang.', 'B. Nissan.', 'C. Ford.', 'D. Toyota and Chang.']",single,Concurrent
Real-Time Visual Understanding_sample_265_4,Object Perception,What is the player wearing the camera holding right now?,00:09:10,D,"['A. A soccer ball.', 'B. A whistle.', 'C. A flag.', 'D. A water bottle.']",single,Concurrent
Real-Time Visual Understanding_sample_265_5,Action Perception,What action does the goalkeeper in red perform as the ball approaches the goal?,09:08,A,"['A. Dives to the ground.', 'B. Kicks the ball away.', 'C. Jumps to block the ball.', 'D. Stands still.']",multiple,Concurrent
Real-Time Visual Understanding_sample_266_1,Text-Rich Understanding,Which company's logo is visible on the advertising board to the right?,00:00:05,B,"['A. Pirelli', 'B. AsahiKASEI', 'C. Shell', 'D. Goodyear']",single,Prior
Real-Time Visual Understanding_sample_266_2,Attribute Perception,What colors primarily dominate the gloves of the driver right now?,00:01:03,C,"['A. Red and blue.', 'B. Black and blue.', 'C. Black, white and red.', 'D. Red and green.']",single,Concurrent
Real-Time Visual Understanding_sample_266_3,Text-Rich Understanding,What number is currently displayed on the central screen in the car?,00:02:09,A,"['A. 3.', 'B. 4.', 'C. 5.', 'D. 6.']",single,Prior
Real-Time Visual Understanding_sample_266_4,Text-Rich Understanding,Which brand's logo is visible on the bottom part of the steering wheel right now?,00:03:12,B,"['A. Logitech.', 'B. Fanatec.', 'C. Sony.', 'D. Microsoft.']",single,Concurrent
Real-Time Visual Understanding_sample_266_5,Attribute Perception,What is the current predominant color of the markings on the car's dashboard gauges?,00:04:12,D,"['A. Blue.', 'B. Green.', 'C. White.', 'D. Red.']",single,Concurrent
Real-Time Visual Understanding_sample_267_1,Action Perception,What is the driver currently doing with his hands?,00:00:06,C,"['A. Honking the horn.', 'B. Shifting gears.', 'C. Holding the steering wheel.', 'D. Adjusting the dashboard.']",multiple,Concurrent
Real-Time Visual Understanding_sample_267_2,Text-Rich Understanding,What logo is visible right now?,00:02:05,C,"['A. JKS-Racing-Club.', 'B. JKS-Sports-Car.', 'C. JKS-Classic-Cars.', 'D. JKS-Rally-Sport.']",single,Concurrent
Real-Time Visual Understanding_sample_267_3,Object Perception,What is placed in front of the co-driver?,00:04:10,C,"['A. A map.', 'B. A joystick.', 'C. A notebook.', 'D. A bottle of water.']",single,Concurrent
Real-Time Visual Understanding_sample_267_4,Attribute Perception,What color are the driver's gloves right now?,00:06:14,B,"['A. Blue.', 'B. Red.', 'C. Yellow.', 'D. Black.']",single,Concurrent
Real-Time Visual Understanding_sample_267_5,Text-Rich Understanding,What brand is visible on the steering wheel right now?,00:08:18,B,"['A. JKS.', 'B. OMP.', 'C. Freem.', 'D. Classic-Cars.']",single,Concurrent
Real-Time Visual Understanding_sample_268_1,Object Perception,What is the person outside the car holding in their hand right now?,00:00:02,D,"['A. A notepad.', 'B. A radio.', 'C. A stopwatch.', 'D. A digital device.']",single,Concurrent
Real-Time Visual Understanding_sample_268_2,Attribute Perception,What is the color of the driver's gloves right now?,00:01:38,C,"['A. Blue.', 'B. Green.', 'C. Red.', 'D. Yellow.']",single,Concurrent
Real-Time Visual Understanding_sample_268_3,Object Perception,What can be seen through the windshield right now?,00:03:12,C,"['A. A racetrack.', 'B. A dirt path.', 'C. A field with trees.', 'D. A forest.']",single,Concurrent
Real-Time Visual Understanding_sample_268_4,Object Perception,What can be seen through the windshield right now?,00:04:42,C,"['A. A dense forest.', 'B. City buildings.', 'C. A field with rows of poles.', 'D. A sandy desert.']",single,Concurrent
Real-Time Visual Understanding_sample_268_5,Object Perception,What is visible through the windshield right now?,00:06:22,A,"['A. A field with rows of poles.', 'B. A lake.', 'C. A forest path.', 'D. A residential area.']",single,Concurrent
Real-Time Visual Understanding_sample_269_1,Text-Rich Understanding,What information is being displayed on the screen just now?,00:00:09,B,"['A. Current speed of the cyclist.', 'B. Details of Susten Pass (East side).', 'C. A map showing the cycling route.', 'D. Weather conditions in the area.']",multiple,Prior
Real-Time Visual Understanding_sample_269_2,Spatial Understanding,What is the position of the guardrail right now?,00:03:24,A,"['A. On the right side of the road.', 'B. Directly behind the cyclist.', 'C. On the left side of the road.', 'D. Directly ahead of the cyclist.']",single,Concurrent
Real-Time Visual Understanding_sample_269_3,Spatial Understanding,Where is the cyclist descending towards right now?,00:06:39,A,"['A. A dense forest area.', 'B. A rocky hill.', 'C. An open grassland.', 'D. A small village.']",single,Concurrent
Real-Time Visual Understanding_sample_269_4,Spatial Understanding,What is the cyclist approaching right now?,00:10:01,C,"['A. A parking lot.', 'B. A bridge.', 'C. A small village.', 'D. A tunnel.']",single,Concurrent
Real-Time Visual Understanding_sample_269_5,Spatial Understanding,What is to the right of the cyclist right now?,00:13:06,C,"['A. A canel.', 'B. A concrete wall.', 'C. A clear view of mountain and trees.', 'D. A lake.']",single,Concurrent
Real-Time Visual Understanding_sample_270_1,Spatial Understanding,Where is the game character in the video standing right now?,00:00:10,B,"['A. Standing in the middle of the highway.', ""B. Standing at the entrance of Unit A's building."", 'C. Standing on the mountain.', 'D. Standing inside the house.']",single,Concurrent
Real-Time Visual Understanding_sample_270_2,Action Perception,What is the man doing right now?,00:02:51,D,"['A. Sitting on the bench, observing the surroundings.', 'B. Lowering himself to sit on the bench.', 'C. Walking towards a wooden bench.', 'D. Standing up from the bench and preparing to walk.']",single,Concurrent
Real-Time Visual Understanding_sample_270_3,Action Perception,What is the person doing right now?,00:05:25,D,"['A. Selected ""DirectX Version"".', 'B. Highlighted ""Pause Game On Focus Loss"".', 'C. Changed ""Output Resolution"".', 'D. Adjusted ""SETTINGS"".']",single,Concurrent
Real-Time Visual Understanding_sample_270_4,Action Perception,What is the character doing right now?,00:08:00,D,"['A. Walking along the sidewalk.', 'B. Standing at an intersection.', 'C. Climbing a building.', 'D. Running along the sidewalk.']",multiple,Prior
Real-Time Visual Understanding_sample_270_5,Spatial Understanding,What is the position of the person in the white and blue striped short-sleeved shirt right now?,00:10:03,A,"['A. Standing on a concrete sidewalk near a busy crossroads.', 'B. Standing in the middle of the road under elevated highways.', 'C. Standing next to a palm tree on the side of the road.', 'D. Standing on a grassy area near the intersection.']",single,Concurrent
Real-Time Visual Understanding_sample_271_1,Action Perception,What is the person doing right now?,00:00:14,B,"['A. Sit down on a bench.', 'B. Running along the sidewalk.', 'C. Taking a photograph.', 'D. Turning around.']",multiple,Concurrent
Real-Time Visual Understanding_sample_271_2,Spatial Understanding,What is located to the right of the person right now?,00:02:57,B,"['A. A blue construction wall.', 'B. A blue car.', 'C. A crosswalk.', 'D. City buildings with advertisements.']",single,Concurrent
Real-Time Visual Understanding_sample_271_3,Spatial Understanding,What is located near the entrance of the building right now?,00:05:23,B,"['A. A blue and white booth.', 'B. Two potted plants.', 'C. A small kiosk.', 'D. A security camera.']",single,Concurrent
Real-Time Visual Understanding_sample_271_4,Spatial Understanding,What is located to the right of the runner as they approach the bridge?,00:08:15,B,"['A. A blue construction wall.', 'B. A red wall.', 'C. A pedestrian crossing signal.', 'D. A black car.']",single,Concurrent
Real-Time Visual Understanding_sample_271_5,Spatial Understanding,What is the position of the greenery in relation to the character right now?,00:10:02,B,"['A. On the left side.', 'B. On both sides.', 'C. Behind the character.', 'D. In front of the character.']",single,Concurrent
Real-Time Visual Understanding_sample_272_1,Action Perception,What did the person wearing a striped shirt do just now?,00:00:20,D,"['A. Grabbed a trash can.', 'B. Stopped to tie their shoelaces.', 'C. Engaged in a conversation with the pedestrian.', 'D. Ran closer to the pedestrian.']",multiple,Prior
Real-Time Visual Understanding_sample_272_2,Spatial Understanding,What is the relationship between the fire hydrant and the two characters standing near the palm tree?,00:05:42,C,"['A. The fire hydrant is in front of them.', 'B. The fire hydrant is to the right of them.', 'C. The fire hydrant is behind them.', 'D. The fire hydrant is to the left of them.']",single,Concurrent
Real-Time Visual Understanding_sample_272_3,Spatial Understanding,Where is the chat message section located on the screen right now?,00:08:20,B,"['A. In the top-left corner.', 'B. On the right side.', 'C. At the bottom.', 'D. On the left side.']",single,Concurrent
Real-Time Visual Understanding_sample_272_4,Action Perception,What is the player doing right now?,00:08:15,D,"['A. Adjusting game settings.', 'B. Watching a cutscene.', 'C. Driving a car in the game.', 'D. Selecting key bindings.']",single,Concurrent
Real-Time Visual Understanding_sample_272_5,Spatial Understanding,Where is the small image of a cat's face located right now?,00:09:50,A,"['A. Top right of the menu.', 'B. Bottom left of the menu.', 'C. Center of the menu.', 'D. Top left of the menu.']",single,Concurrent
Real-Time Visual Understanding_sample_273_1,Spatial Understanding,Where is the character controlled by the player now?,00:00:20,A,"['A. In the blue car.', 'B. In the black car.', 'C. In the red car.', 'D. In the white car.']",single,Concurrent
Real-Time Visual Understanding_sample_273_2,Action Perception,What is the car doing right now?,00:02:54,C,"['A. It exited a tunnel and stopped abruptly.', 'B. It drove straight through the tunnel without turning.', 'C. It veered left and entered a parking area.', 'D. It turned right and sped up on an open road.']",multiple,Concurrent
Real-Time Visual Understanding_sample_273_3,Action Perception,What did the man wearing a striped shirt do just now?,00:05:32,B,"['A. Engaged with the person in the military outfit.', 'B. Walked away from the person in the military outfit.', 'C. Looked at the gray wall behind him.', 'D. Spoke to the inset video.']",multiple,Concurrent
Real-Time Visual Understanding_sample_273_4,Action Perception,What did the driver do just now after parking the car in the garage?,00:08:20,B,"['A. He opened the car trunk.', 'B. He walked towards the white van.', ""C. He checked the car's tires."", 'D. He spoke to someone on the phone.']",multiple,Concurrent
Real-Time Visual Understanding_sample_273_5,Spatial Understanding,What is the spatial relationship between the security personnel and the person in the striped shirt right now?,00:09:54,C,"['A. The person in the striped shirt is standing behind the security personnel.', 'B. The security personnel is standing above the person in the striped shirt.', 'C. The person in the striped shirt is standing near a wall-mounted red box, facing the security personnel.', 'D. The security personnel is walking away from the person in the striped shirt.']",single,Concurrent
Real-Time Visual Understanding_sample_274_1,Spatial Understanding,Where is the red fire hose box located right now?,00:00:06,A,"['A. Hanging on the wall.', 'B. Set on the table.', 'C. Placed on the shelf.', 'D. Attached to the ceiling.']",single,Concurrent
Real-Time Visual Understanding_sample_274_2,Spatial Understanding,What is the relationship between the power lines and the trees right now?,00:02:41,B,"['A. The power lines run vertically next to the trees.', 'B. The power lines run horizontally across the scene with trees in the background.', 'C. The power lines are not visible.', 'D. The power lines are beneath the trees.']",single,Concurrent
Real-Time Visual Understanding_sample_274_3,Action Perception,What was the man in the black jacket and white hoodie doing just now?,00:05:30,A,"['A. Standing up near the man wearing a striped shirt.', 'B. Using a smartphone.', 'C. Walking towards the camera.', 'D. Talking to a man in a white shirt.']",multiple,Concurrent
Real-Time Visual Understanding_sample_274_4,Spatial Understanding,Where is the character's camera footage positioned on the city map right now?,00:08:20,B,"['A. In the center of the map.', 'B. Near the coast towards the left.', 'C. At the top of the map.', 'D. In a park towards the right.']",single,Concurrent
Real-Time Visual Understanding_sample_274_5,Action Perception,What is the character doing right now?,00:10:28,C,"['A. Running towards a closed garage door.', 'B. Stopping in front of a closed garage door.', 'C. Walking into the building.', 'D. Turning to face the camera.']",single,Concurrent
Real-Time Visual Understanding_sample_275_1,Action Perception,What is the character doing right now?,00:00:17,D,"['A. Running towards the center of the dealership.', 'B. Stopping in the showroom area.', 'C. Interacting with the computer terminal.', 'D. Viewing the car selection interface.']",multiple,Concurrent
Real-Time Visual Understanding_sample_275_2,Action Perception,What is the player doing right now?,00:02:24,C,"['A. Interacting with the chat window.', 'B. Selecting a game character.', 'C. Browsing the job options list.', ""D. Customizing the game character's appearance.""]",multiple,Concurrent
Real-Time Visual Understanding_sample_275_3,Action Perception,What is the person in the webcam window doing right now?,00:05:00,C,"['A. Narrating and interacting with a digital map.', 'B. Reacting to a tram station scene.', 'C. Waiting for the game to finish loading.', 'D. Switching between different screens.']",single,Concurrent
Real-Time Visual Understanding_sample_275_4,Action Perception,What is the car doing right now?,00:07:13,D,"['A. Turning left at the intersection.', 'B. Moving forward through the crosswalk.', 'C. Driving straight under an overpass.', 'D. Veering slightly to the right into a parking area.']",single,Concurrent
Real-Time Visual Understanding_sample_275_5,Action Perception,What is the car doing right now?,00:09:21,B,"['A. Speeding down the street.', 'B. Hit an electric scooter and stopping on the dark street.', 'C. Turning at an intersection.', 'D. Parking in a garage.']",multiple,Concurrent
Real-Time Visual Understanding_sample_276_1,Action Perception,What did the blue car do just now?,00:00:08,A,"['A. It struck the motorcyclist.', 'B. It started moving.', 'C. It stopped at the intersection.', 'D. It swerved to avoid debris.']",multiple,Concurrent
Real-Time Visual Understanding_sample_276_2,Action Perception,What is the blonde-haired man doing right now?,00:02:39,A,"['A. Looking at his phone.', 'B. Kneeling beside the person on the ground.', 'C. Talking to the man with dark hair.', 'D. Walking away from the scene.']",single,Concurrent
Real-Time Visual Understanding_sample_276_3,Action Perception,What is the man in the patterned shirt doing right now?,00:05:56,A,"['A. Sitting on the scooter, looking towards the road.', 'B. Walking away from the scooter.', 'C. Standing still near the scooter.', 'D. Interacting with the blue car.']",multiple,Concurrent
Real-Time Visual Understanding_sample_276_4,Action Perception,What is the man in the striped shirt doing right now?,00:08:00,A,"['A. Walking away from the blue car.', 'B. Standing by the blue car.', 'C. Talking to the man in the blue jacket.', 'D. Gesturing with his hands.']",multiple,Concurrent
Real-Time Visual Understanding_sample_276_5,Action Perception,What is the driver doing right now?,00:10:19,A,"['A. Navigating through moderately empty streets.', 'B. Adjusting the rearview mirror.', 'C. Honking the horn.', 'D. Switching on the headlights.']",multiple,Concurrent
Real-Time Visual Understanding_sample_277_1,Action Perception,What did the car do just now?,00:00:13,C,"['A. It stopped at a traffic light.', 'B. It turned left at an intersection.', 'C. It parked near a shopping center.', 'D. It reversed into a parking space.']",multiple,Prior
Real-Time Visual Understanding_sample_277_2,Action Perception,What is the car doing right now?,00:02:44,C,"['A. Preparing to make a right turn.', 'B. Driving on a multi-lane bridge.', 'C. Completing a right turn at the intersection.', 'D. Stopping at a red light.']",single,Concurrent
Real-Time Visual Understanding_sample_277_3,Action Perception,What is the individual in the blue hoodie doing right now?,00:05:32,C,"['A. Checking their reflection in a window.', 'B. Writing on a piece of paper.', 'C. Holding and looking at a tablet.', 'D. Adjusting their clothing.']",single,Prior
Real-Time Visual Understanding_sample_277_4,Action Perception,What did the player do just now?,00:08:20,C,"[""A. Exiting the driver's seat."", 'B. Driving the vehicle.', 'C. Finalizing inventory management.', 'D. Interacting with another character.']",multiple,Concurrent
Real-Time Visual Understanding_sample_277_5,Action Perception,What is the person in the blue hoodie doing right now?,00:10:07,D,"['A. Walking on the sidewalk.', 'B. Stopping at the rear of the vehicle.', 'C. Turning towards the dark vehicle.', 'D. Puting the goods into the trunk of the car.']",single,Concurrent
Real-Time Visual Understanding_sample_278_1,Action Perception,What is the person in the striped shirt doing right now?,00:00:18,B,"['A. Walking briskly towards the front of the vehicle.', 'B. Standing beside the vehicle and looking at their device.', 'C. Conversing with the individual in the blue hoodie.', 'D. Observing the background elements.']",single,Concurrent
Real-Time Visual Understanding_sample_278_2,Action Perception,What did the character do just now?,00:02:54,A,"['A. Put away his phone.', ""B. Open the driver's side door."", 'C. Crouch next to the vehicle.', 'D. Toggle the engine.']",multiple,Concurrent
Real-Time Visual Understanding_sample_278_3,Action Perception,What is the person near the van doing right now?,00:05:28,A,"['A. Handling items in the back of the van.', 'B. Standing near the van without any movement.', ""C. Opening the van's side door."", 'D. Walking towards the street.']",single,Concurrent
Real-Time Visual Understanding_sample_278_4,Action Perception,What did the driver do just now?,00:08:15,A,"['A. Exiting the van.', 'B. Entering the van.', 'C. Turning on the headlights.', 'D. Navigating the alley.']",multiple,Prior
Real-Time Visual Understanding_sample_278_5,Action Perception,What is the player focusing on right now?,00:09:43,A,"['A. Driving a truck on the road.', 'B. Adjusting the game settings.', 'C. Quitting the game.', 'D. Watching a cut scene.']",multiple,Concurrent
Real-Time Visual Understanding_sample_279_1,Action Perception,What is the vehicle doing right now?,00:00:20,A,"['A. Driving straight ahead on the street at night.', 'B. Stopping at a traffic signal.', 'C. Driving under a bridge.', 'D. Parking by the side of the road.']",multiple,Concurrent
Real-Time Visual Understanding_sample_279_2,Action Perception,What is the person doing right now?,00:03:00,A,"['A. Opened a detailed view of a specific job.', 'B. Selected a new job from the menu.', 'C. Closed the chat overlay.', 'D. Started a new game session.']",single,Concurrent
Real-Time Visual Understanding_sample_279_3,Action Perception,What is the person in dark hair and white T-shirt doing right now?,00:05:40,A,"['A. Standing against a wall with a clipboard.', 'B. Talking to the person in a striped shirt.', 'C. Walking towards the blue door.', 'D. Interacting with the shirtless individual.']",single,Concurrent
Real-Time Visual Understanding_sample_279_4,Action Perception,What is the vehicle doing right now?,00:08:17,A,"['A. Driving parallel to another car.', 'B. Making a left turn.', 'C. Stopping at a traffic light.', 'D. Reversing into a parking space.']",single,Concurrent
Real-Time Visual Understanding_sample_279_5,Action Perception,What did the character do just now?,00:09:53,A,"[""A. Dropped a box into the truck's cargo area."", 'B. Interacted with the inventory screen.', 'C. Walked away from the truck.', 'D. Opened a virtual interface labeled ""Harry Miller.""']",multiple,Concurrent
Real-Time Visual Understanding_sample_280_1,Action Perception,What is the person doing right now?,00:00:06,B,"['A. Opening the back door of the vehicle.', 'B. Interacting with the back door of the vehicle.', 'C. Loading items into the vehicle.', 'D. Checking the inventory screen.']",single,Concurrent
Real-Time Visual Understanding_sample_280_2,Action Perception,What is the controlled character doing right now?,00:02:53,B,"['A. Walking past the ATM.', 'B. Opening the door of the truck.', 'C. Walking towards two characters.', 'D. Standing in front of the store.']",single,Concurrent
Real-Time Visual Understanding_sample_280_3,Action Perception,What is the avatar doing right now?,00:05:35,B,"['A. Changing clothing options.', 'B. Picking out clothes.', 'C. Rotating in place.', 'D. Walking across the room.']",multiple,Concurrent
Real-Time Visual Understanding_sample_280_4,Action Perception,What is the blonde character doing right now?,00:08:20,D,"['A. Walking towards a window.', 'B. Observing items around the room.', 'C. Talking to the woman nearby.', 'D. Picking up clothes.']",single,Concurrent
Real-Time Visual Understanding_sample_280_5,Action Perception,What is the outermost piece of clothing currently being worn on the upper body?,00:09:49,B,"['A. A pair of glasses.', 'B. A high-visibility vest.', 'C. A grey polo shirt.', 'D. A new hairstyle.']",multiple,Concurrent
Real-Time Visual Understanding_sample_281_1,Action Perception,What is the person with blond hair doing right now?,00:00:20,A,"['A. Changing clothing.', 'B. Sitting at a desk.', 'C. Walking around the room.', 'D. Exiting through the metal gate.']",multiple,Concurrent
Real-Time Visual Understanding_sample_281_2,Action Perception,What is the character doing right now?,00:03:19,A,"['A. Changing clothing.', 'B. Standing still in a room.', 'C. Walking towards the exit.', 'D. Interacting with the chat section.']",multiple,Concurrent
Real-Time Visual Understanding_sample_281_3,Action Perception,What did the driver do just now?,00:06:08,A,"['A. Turned the van left onto a street.', 'B. Stopped at a traffic light.', 'C. Drove straight down the street.', 'D. Checked the dashboard.']",multiple,Concurrent
Real-Time Visual Understanding_sample_281_4,Action Perception,What did the character just do?,00:09:15,B,"['A. Walked towards a white car.', ""B. Opened the door of the van and climbed into the driver's seat."", 'C. Stood in front of a building with Harry Miller.', 'D. Placed items in a cardboard box.']",multiple,Concurrent
Real-Time Visual Understanding_sample_281_5,Action Perception,What is the person doing right now?,00:11:38,D,"['A. Standing by a corner of a building.', 'B. Moving to the right side of the frame.', 'C. Inspecting or interacting with a black object.', 'D. Organizing items within an inventory interface.']",multiple,Concurrent
Real-Time Visual Understanding_sample_282_1,Action Perception,What is the person doing right now?,00:00:08,A,"['A. watching his phone.', 'B. Turning on the headlights of the van.', ""C. Closing the van's rear door."", ""D. Opening the van's side door.""]",single,Concurrent
Real-Time Visual Understanding_sample_282_2,Action Perception,What is the person in the reflective vest doing right now?,00:03:30,A,"['A. Checking the stock list.', 'B. Inspecting the vehicle.', 'C. Chatting with the live streamer.', 'D. Walking away from the vehicle.']",multiple,Concurrent
Real-Time Visual Understanding_sample_282_3,Action Perception,What is the man doing right now?,00:05:40,A,"['A. Driving a van through a city street.', 'B. Standing behind a box truck.', 'C. Walking toward a dark van.', 'D. Trying to open a box.']",single,Concurrent
Real-Time Visual Understanding_sample_282_4,Action Perception,How did the environment change just now?,00:08:18,A,"['A. The vision turned neon green due to the activation of night vision.', 'B. The vehicle stopped at a traffic light.', 'C. The driver switched to a different lane.', 'D. The car encountered a roadblock.']",multiple,Prior
Real-Time Visual Understanding_sample_282_5,Action Perception,What did the van do just now?,00:10:07,A,"['A. Turned left onto a straight road.', 'B. Pulled into a rest area.', 'C. Stopped at a red light.', 'D. Entered a tunnel.']",multiple,Concurrent
Real-Time Visual Understanding_sample_283_1,Action Perception,What is the driver doing right now?,00:00:16,D,"['A. Talking to a passenger.', 'B. Looking at the road ahead.', 'C. Adjusting the rearview mirror.', 'D. Selecting media options.']",multiple,Concurrent
Real-Time Visual Understanding_sample_283_2,Action Perception,What is the person on the right doing right now?,00:03:00,D,"['A. Gesturing animatedly.', 'B. Walking towards the building.', 'C. Sitting near the potted plant.', 'D. Standing still.']",multiple,Concurrent
Real-Time Visual Understanding_sample_283_3,Action Perception,What did the driver do just now?,00:05:41,D,"['A. Drove out of the parking area.', 'B. Reached the parking entrance.', 'C. Entered the small control booth.', 'D. Got out of the van.']",multiple,Concurrent
Real-Time Visual Understanding_sample_283_4,Action Perception,What is the van doing right now?,00:08:15,D,"['A. Stopping at a red traffic light.', 'B. Reversing towards the intersection.', 'C. Turning left at the intersection.', 'D. Moving forward past the intersection.']",multiple,Concurrent
Real-Time Visual Understanding_sample_283_5,Action Perception,What is the person in the white shirt doing right now?,00:10:26,D,"['A. Scrolling through a menu.', 'B. Navigating the ""Trucking Progression"" interface.', 'C. Discussing missions with another person.', 'D. Checking something on a clipboard.']",multiple,Concurrent
Real-Time Visual Understanding_sample_284_1,Action Perception,What is the person in the white uniform doing right now?,00:00:12,D,"['A. Typing on a keyboard.', 'B. Writing on a notepad.', 'C. Speaking to a crowd.', 'D. Reading from a handheld device.']",single,Concurrent
Real-Time Visual Understanding_sample_284_2,Action Perception,What is the camera focusing on right now?,00:02:55,D,"['A. The texture of the road surface.', 'B. The forest floor with ferns and shrubs.', 'C. The rear part of a vehicle.', 'D. The rooftops, additional structure and forest.']",single,Concurrent
Real-Time Visual Understanding_sample_284_3,Action Perception,What is the person in the dark jacket doing right now?,00:05:48,D,"['A. Talking to the man in the white shirt.', 'B. Checking the clipboard.', 'C. Standing still and listening.', 'D. Turning away and walking towards the parked cars.']",multiple,Concurrent
Real-Time Visual Understanding_sample_284_4,Action Perception,What is the blue car doing right now?,00:08:22,D,"['A. Driving through a roundabout.', 'B. Climbing onto an overpass.', 'C. Overtaking a black sedan.', 'D. Approaching the descent of the bridge.']",single,Concurrent
Real-Time Visual Understanding_sample_284_5,Action Perception,What is the gamer doing right now?,00:10:22,D,"['A. Adjusting the headset.', 'B. Taking a break from the game.', 'C. Chatting with the audience.', 'D. Streaming live while focusing on the game.']",single,Concurrent
Real-Time Visual Understanding_sample_285_1,Action Perception,What is the character wearing right now?,00:00:12,B,"['A. Blue jacket and black hat.', 'B. Dark green hoodie and dark gray cap.', 'C. Red hoodie and blue cap.', 'D. Black jacket and white cap.']",single,Concurrent
Real-Time Visual Understanding_sample_285_2,Action Perception,What is the individual in the safety vest doing right now?,00:02:33,A,"['A. Observing the group conversation.', 'B. Operating a piece of machinery.', 'C. Cleaning the area.', 'D. Fixing a car engine.']",multiple,Concurrent
Real-Time Visual Understanding_sample_285_3,Action Perception,What is the person doing right now?,00:04:50,C,"['A. Walking towards a parking lot.', 'B. Choosing an option from a contextual menu.', 'C. Cleaning the blue car.', 'D. Holding a cardboard box.']",single,Concurrent
Real-Time Visual Understanding_sample_285_4,Action Perception,How did the man in the dark coat emphasize his point just now?,00:07:16,B,"['A. By changing his position.', 'B. By gesturing with his left hand.', 'C. By raising his voice.', 'D. By walking away.']",multiple,Concurrent
Real-Time Visual Understanding_sample_285_5,Action Perception,What is the man with the reflective safety vest doing right now?,00:08:40,B,"['A. Adjusting his headphones.', ""B. Looking into the driver's window of the car."", 'C. Speaking with another individual near the wall.', 'D. Picking up the scattered debris on the ground.']",single,Concurrent
Real-Time Visual Understanding_sample_286_1,Action Perception,What is the person in the green vest doing right now?,00:00:17,C,"['A. Standing next to the black car.', 'B. Adjusting their headphones.', 'C. Walking towards a man with white hair and wearing a white T-shirt.', 'D. Talking to the driver in the black car.']",multiple,Concurrent
Real-Time Visual Understanding_sample_286_2,Action Perception,What is the person in the reflective vest doing right now?,00:02:43,B,"['A. Adjusting his headset.', 'B. Pointing to the person behind him with his finger.', 'C. Picking up a map.', ""D. Sitting down on the car's hood.""]",single,Concurrent
Real-Time Visual Understanding_sample_286_3,Action Perception,What is the person in the reflective vest doing right now?,00:05:34,B,"['A. Gesturing with their hand.', 'B. Talking with the person in front of him.', 'C. Leaning against the wall.', 'D. Listening intently.']",multiple,Concurrent
Real-Time Visual Understanding_sample_286_4,Action Perception,What is the person in the green safety vest doing right now?,00:08:14,C,"['A. Standing near a man with a tablet.', 'B. Holding a tablet near a parked black car.', 'C. Running towards a large black van.', 'D. Selecting a job listing from the screen.']",single,Concurrent
Real-Time Visual Understanding_sample_286_5,Action Perception,What is the large grey van doing right now?,00:10:01,B,"['A. Stopping at a red light.', 'B. Making a left turn at an intersection.', 'C. Driving straight through an intersection.', 'D. Parked on the side of the street.']",single,Concurrent
Real-Time Visual Understanding_sample_287_1,Action Perception,What is the person in the smaller window doing right now?,00:00:11,B,"['A. Talking on the phone.', 'B. Concentrating on his screens.', 'C. Writing notes on a paper.', 'D. Drinking coffee.']",single,Concurrent
Real-Time Visual Understanding_sample_287_2,Action Perception,What is the delivery van doing right now?,00:03:08,C,"['A. Stopped at an intersection.', 'B. Waiting for a truck to pass.', 'C. Moving forward through the intersection.', 'D. Turning right at the intersection.']",single,Concurrent
Real-Time Visual Understanding_sample_287_3,Action Perception,What is the person who is near the black van doing right now?,00:05:52,C,"['A. Walking away from the van.', 'B. Running towards the front of the van.', ""C. Moving to the car's door."", 'D. Getting into the passenger seat of the van.']",single,Concurrent
Real-Time Visual Understanding_sample_287_4,Action Perception,What did the black delivery van do just now?,00:08:14,C,"['A. Stopped at a red traffic light.', 'B. Turned right at an intersection.', 'C. Parked near a booth labeled ""24hr Parking"".', 'D. Entered the booth to talk to a security officer.']",multiple,Concurrent
Real-Time Visual Understanding_sample_287_5,Action Perception,What is the van doing right now?,00:10:39,B,"['A. Moving in reverse.', 'B. Parking in a designated area.', 'C. Waiting at a checkpoint.', 'D. Loading items from green bins.']",multiple,Concurrent
Real-Time Visual Understanding_sample_288_1,Action Perception,What is the person doing right now?,00:00:18,D,"['A. Organizing items in the virtual inventory.', 'B. Carrying a large cardboard box.', 'C. Walking towards the building.', 'D. Interacting with the delivery person and delivering the goods.']",multiple,Concurrent
Real-Time Visual Understanding_sample_288_2,Action Perception,What is the driver doing right now?,00:02:40,C,"['A. Turning left at an intersection.', 'B. Slowing down to stop at a traffic light.', 'C. Driving on a straight road.', 'D. Parking the vehicle on the side of the road.']",single,Concurrent
Real-Time Visual Understanding_sample_288_3,Action Perception,What is the delivery person doing right now?,00:06:20,B,"['A. Walking away from Frank.', 'B. Run towards the harvester in white clothes.', 'C. Engaging in a conversation with Frank.', 'D. Running towards the building.']",multiple,Concurrent
Real-Time Visual Understanding_sample_288_4,Action Perception,What are the three people in the video doing now?,00:08:20,B,"['A. Standing quietly.', 'B. Deployed a tripwire next to the van.', 'C. Talking to each other.', 'D. Interacted with another character in the background.']",multiple,Concurrent
Real-Time Visual Understanding_sample_288_5,Action Perception,What is the camera doing right now?,00:10:39,C,"['A. Zooming in on the truck.', 'B. Focusing on the streaming individual.', 'C. Panning across the park-like setting.', 'D. Capturing the rabbit sitting on the road.']",single,Concurrent
Real-Time Visual Understanding_sample_289_1,Action Perception,What is the character on the ground doing right now?,00:00:16,B,"['A. Lying motionless.', 'B. Beginning to stand up.', 'C. Running away.', 'D. Adjusting their goggles.']",single,Concurrent
Real-Time Visual Understanding_sample_289_2,Action Perception,What is the vehicle doing right now?,00:03:00,B,"['A. Making a left turn.', 'B. Approaching the exit road.', 'C. Passing yellow barriers.', 'D. Driving through parking zones.']",single,Concurrent
Real-Time Visual Understanding_sample_289_3,Action Perception,What did the vehicle do just now?,00:05:25,C,"['A. Stopped at a red light.', 'B. Turned left onto another street.', 'C. Continued along the new street.', 'D. Reversed into a parking space.']",multiple,Prior
Real-Time Visual Understanding_sample_289_4,Action Perception,What did the truck do just now?,00:08:13,C,"['A. Approached a bend to the right on a highway.', 'B. Exited the main highway and steered onto an exit lane.', 'C. Entered a less busy road bordered by greenery.', 'D. Passed a red car traveling at a similar pace.']",multiple,Concurrent
Real-Time Visual Understanding_sample_289_5,Action Perception,What is the person wearing a safety vest and headphones doing right now?,00:10:46,A,"['A. Walking to the rear of the parked van.', 'B. Reversing the van into the parking area.', 'C. Operating the control panel.', 'D. Standing quietly.']",multiple,Concurrent
Real-Time Visual Understanding_sample_290_1,Action Perception,What did the character do just now?,00:00:11,D,"['A. Closed the door of the truck.', 'B. Inspected the utility boxes.', 'C. Handed the package to Harry Miller.', 'D. Opened the side door of the truck and entered the truck.']",multiple,Concurrent
Real-Time Visual Understanding_sample_290_2,Action Perception,What is the person in the inset video doing right now?,00:02:22,D,"['A. Doing nothing.', 'B. Adjusting the headset.', 'C. Typing on a keyboard.', 'D. Reacting with expressions while speaking.']",single,Concurrent
Real-Time Visual Understanding_sample_290_3,Action Perception,What is the black van doing right now?,00:05:01,D,"['A. Stopping at a traffic light.', 'B. Making a left turn.', 'C. Reversing back to the previous street.', 'D. Continuing driving straight after the intersection.']",multiple,Concurrent
Real-Time Visual Understanding_sample_290_4,Action Perception,What is the truck doing right now?,00:07:16,D,"['A. It starting to drive back.', 'B. It passing through a hospital.', 'C. It parking on the mountain.', 'D. It coming to a stop at the intersection.']",multiple,Concurrent
Real-Time Visual Understanding_sample_290_5,Action Perception,What is the character in the game doing right now?,00:09:35,D,"['A. Running away from the wall.', 'B. Driving a vehicle.', 'C. Shooting at a target.', 'D. Using his phone.']",single,Concurrent
Real-Time Visual Understanding_sample_291_1,Action Perception,What is the person doing right now?,00:00:09,A,"['A. Interacting with a parked vehicle.', 'B. Walking towards a gas pump.', 'C. Driving away from the gas station.', 'D. Holding the nozzle at the gas pump.']",single,Concurrent
Real-Time Visual Understanding_sample_291_2,Action Perception,What is the person in the high-visibility vest doing right now?,00:02:12,A,"['A. Turning to face the van as if preparing to move.', 'B. Standing still and listening.', 'C. Walking towards the metal gate.', 'D. Gesturing animatedly towards the concrete walls.']",single,Concurrent
Real-Time Visual Understanding_sample_291_3,Action Perception,What is the player doing right now?,00:04:25,A,"['A. Moving the vehicle slowly forward.', 'B. Turning the vehicle sharply.', 'C. Speeding up rapidly.', 'D. Stopping the vehicle completely.']",single,Concurrent
Real-Time Visual Understanding_sample_291_4,Action Perception,What is the viewer doing right now?,00:07:14,A,"['A. Interacting with an interface.', 'B. Running towards a van.', 'C. Standing next to a group of people.', 'D. Observing the postal worker.']",multiple,Concurrent
Real-Time Visual Understanding_sample_291_5,Action Perception,What is the car doing right now?,00:09:08,A,"['A. Driving around on the roads at night.', 'B. Making a U-turn.', 'C. Stopping at a crosswalk.', 'D. Reversing into a parking spot.']",multiple,Concurrent
Real-Time Visual Understanding_sample_292_1,Action Perception,What is the blue car doing right now?,00:00:19,C,"['A. Turning at an intersection.', 'B. Driving down a busy street.', 'C. Parked and waiting.', 'D. Speeding through a residential area.']",multiple,Concurrent
Real-Time Visual Understanding_sample_292_2,Action Perception,What is the person doing right now?,00:03:00,A,"['A. Browsing his personal account from the interface.', 'B. Typing a comment in the chat feed.', 'C. Closing the account interface.', 'D. Logging out of the personal account.']",single,Concurrent
Real-Time Visual Understanding_sample_292_3,Action Perception,What is the driver doing right now?,00:06:20,C,"['A. Turning off the car.', 'B. Parking near a gas station.', 'C. Driving through dark city streets.', 'D. Entering a brightly lit store.']",multiple,Concurrent
Real-Time Visual Understanding_sample_292_4,Action Perception,What did the person driving the car just do?,00:08:20,D,"['A. Turned right at the intersection.', 'B. Stopped at a traffic light.', 'C. Turned left at the intersection.', 'D. Keep going straight on the road.']",multiple,Concurrent
Real-Time Visual Understanding_sample_292_5,Action Perception,What did the two individuals do just now?,00:10:10,A,"['A. Had a face-to-face conversation while standing.', 'B. Adjust their headphones.', 'C. Pick up a backpack from the shelf.', 'D. Remove their vest.']",multiple,Concurrent
Real-Time Visual Understanding_sample_293_1,Action Perception,What are both persons doing right now?,00:00:20,B,"['A. Looking at the display cases.', 'B. Having a face-to-face conversation while standing.', 'C. Walking towards the exit.', 'D. Talking on the phone.']",multiple,Concurrent
Real-Time Visual Understanding_sample_293_2,Action Perception,What is the car doing right now?,00:03:30,C,"['A. Driving straight through a major intersection.', 'B. Turning left onto a side road.', 'C. Keep going straight on the road.', 'D. Stopping at a stop sign.']",multiple,Concurrent
Real-Time Visual Understanding_sample_293_3,Action Perception,What did the walker do just now?,00:06:54,C,"[""A. Adjusted the car's mirror."", 'B. Walked past the blue car.', 'C. Opened the passenger door and entered the car.', 'D. Signaled another car to stop.']",multiple,Prior
Real-Time Visual Understanding_sample_293_4,Action Perception,What is the person in the pink attire doing right now?,00:10:20,D,"['A. Looking downwards.', 'B. Making a gesture.', 'C. Moving slightly.', 'D. Standing still.']",multiple,Concurrent
Real-Time Visual Understanding_sample_293_5,Action Perception,What is the person doing right now?,00:13:23,B,"['A. Walking away from the brick wall.', 'B. Engaging with the interaction menu.', 'C. Standing and observing the environment.', 'D. Adjusting their position against the wall.']",multiple,Concurrent
Real-Time Visual Understanding_sample_294_1,Text-Rich Understanding,What is the main text on the roadside sign right now?,00:00:07,B,"['A. Valentino.', ""B. Coll d'Ordino, Andorra."", 'C. Alpes, Spain.', 'D. Pyrenees, France.']",single,Concurrent
Real-Time Visual Understanding_sample_294_2,Spatial Understanding,What is the feature on the left side of the road right now?,00:02:35,A,"['A. A fence.', 'B. A river.', 'C. A mountain.', 'D. A sidewalk.']",single,Concurrent
Real-Time Visual Understanding_sample_294_3,Spatial Understanding,Where is the cyclist currently riding relative to the road?,00:05:30,C,"['A. On the shoulder of the road.', 'B. In the center of the road.', 'C. On the left side of the road.', 'D. In the right side of the road.']",single,Concurrent
Real-Time Visual Understanding_sample_294_4,Spatial Understanding,What is the feature on the right side of the road right now?,00:07:46,A,"['A. A fence.', 'B. A river.', 'C. A mountain.', 'D. A sidewalk.']",single,Prior
Real-Time Visual Understanding_sample_294_5,Spatial Understanding,What is the position of the orange car right now?,00:10:32,B,"['A. Directly ahead.', 'B. On the left side of the road.', 'C. On the right side of the road.', 'D. Directly behind.']",single,Concurrent
Real-Time Visual Understanding_sample_295_1,Text-Rich Understanding,What is the displayed speed of the leading cyclist right now?,00:00:08,C,"['A. 40 km/h.', 'B. 39 km/h.', 'C. 38 km/h.', 'D. 37 km/h.']",single,Prior
Real-Time Visual Understanding_sample_295_2,Spatial Understanding,What is the position of the yellow sign and black arrow right now?,00:00:54,D,"['A. Directly behind the cyclists.', 'B. On the right side of the road.', 'C. Directly ahead of the cyclists.', 'D. On the left side of the road.']",single,Concurrent
Real-Time Visual Understanding_sample_295_3,Spatial Understanding,What is the position of the yellow traffic cones right now?,00:01:26,B,"['A. Directly in front of the cyclist.', 'B. To the left of the cyclist.', 'C. Directly behind the cyclist.', 'D. To the right of the cyclist.']",single,Concurrent
Real-Time Visual Understanding_sample_295_4,Spatial Understanding,What is to the left of the cyclists right now?,00:02:23,C,"['A. Open farmland.', 'B. Dense forest.', 'C. Fence bordering trees.', 'D. River.']",single,Concurrent
Real-Time Visual Understanding_sample_295_5,Spatial Understanding,Where is the cyclist positioned in the lane right now?,00:02:56,B,"['A. On the far left side.', 'B. On the left side of the lane.', 'C. On the far right side.', 'D. On the shoulder of the road.']",single,Concurrent
Real-Time Visual Understanding_sample_296_1,Spatial Understanding,What is located on the right side of the road right now?,00:00:22,A,"['A. A white house.', 'B. Several cars.', 'C. A cafe.', 'D. A bank.']",single,Concurrent
Real-Time Visual Understanding_sample_296_2,Spatial Understanding,What is the cyclist approaching right now?,00:03:53,A,"['A. A sharp left curve.', 'B. A steep incline.', 'C. A sharp right curve.', 'D. A flat, straight road.']",single,Concurrent
Real-Time Visual Understanding_sample_296_3,Spatial Understanding,Which of the following best describes the road's layout right now?,00:07:22,A,"['A. The road is straight with a slight downhill grade.', 'B. The road is curving sharply to the left.', 'C. The road is curving gently to the right.', 'D. The road is straight with a slight uphill grade.']",multiple,Concurrent
Real-Time Visual Understanding_sample_296_4,Spatial Understanding,Which of the following best describes the road's layout right now?,00:11:13,A,"['A. The road is curving sharply to the right.', 'B. The road is curving gently to the right.', 'C. The road is straight with a slight downhill grade.', 'D. The road is straight with a slight uphill grade.']",single,Concurrent
Real-Time Visual Understanding_sample_296_5,Spatial Understanding,Where is the car relative to the cyclist right now?,00:14:21,A,"['A. In front of the cyclist.', 'B. Behind the cyclist.', 'C. Beside the cyclist on the left.', 'D. Beside the cyclist on the right.']",single,Concurrent
Real-Time Visual Understanding_sample_297_1,Spatial Understanding,Where is the hotel in relation to the cyclist right now?,00:00:19,A,"['A. On the right side.', 'B. On the left side.', 'C. Behind the cyclist.', 'D. Directly ahead.']",single,Concurrent
Real-Time Visual Understanding_sample_297_2,Spatial Understanding,Where is the yellow vehicle located right now?,00:03:44,A,"['A. On the right side of the road.', 'B. Directly behind the cyclist.', 'C. Directly in front of the cyclist.', 'D. On the left side of the cyclist.']",single,Concurrent
Real-Time Visual Understanding_sample_297_3,Spatial Understanding,"What is located on the left side, parallel to the cyclists right now?",00:07:18,A,"['A. A safety railing.', 'B. A parking lot.', 'C. A rest area.', 'D. A grass field.']",single,Concurrent
Real-Time Visual Understanding_sample_297_4,Spatial Understanding,What is located to the right side of the cyclist right now?,00:10:55,A,"['A. An open field.', 'B. A dense forest.', 'C. A lake.', 'D. A mountain range.']",single,Concurrent
Real-Time Visual Understanding_sample_297_5,Spatial Understanding,What is on the right side of the cyclists right now?,00:14:07,A,"['A. A brick wall.', 'B. A bush.', 'C. A field.', 'D. A dense forest.']",single,Concurrent
Real-Time Visual Understanding_sample_298_1,Spatial Understanding,What is the position of the lake right now?,00:00:06,D,"['A. On the left side.', 'B. Behind the cyclist.', 'C. Parallel to the road.', 'D. At the foot of the mountains ahead.']",single,Concurrent
Real-Time Visual Understanding_sample_298_2,Spatial Understanding,Where is the cyclist heading right now?,00:03:14,D,"['A. Back to the starting point.', 'B. Towards an open field.', 'C. Down a paved road.', 'D. Towards a dense forest.']",single,Concurrent
Real-Time Visual Understanding_sample_298_3,Spatial Understanding,Where is the yellow caution sign located right now?,00:05:52,D,"['A. On a tree to the right.', 'B. Ahead on the ground.', 'C. Behind the cyclist.', 'D. On a tree to the left.']",single,Concurrent
Real-Time Visual Understanding_sample_298_4,Spatial Understanding,Where is the cyclist heading right now?,00:08:55,D,"['A. Up a steep hill.', 'B. Across a wooden bridge.', 'C. Through an open field.', 'D. Down a narrow trail.']",single,Concurrent
Real-Time Visual Understanding_sample_298_5,Spatial Understanding,What is the cyclist approaching right now?,00:11:49,D,"['A. A rocky path.', 'B. A steep uphill.', 'C. A narrow bridge.', 'D. Some fallen trees.']",single,Concurrent
Real-Time Visual Understanding_sample_299_1,Spatial Understanding,Which structure is visible overhead right now?,00:00:13,D,"['A. A traffic signal.', 'B. A restaurant sign.', 'C. A store roof.', 'D. A pedestrian bridge.']",single,Concurrent
Real-Time Visual Understanding_sample_299_2,Spatial Understanding,What is directly ahead of the motorcyclists right now?,00:02:01,D,"['A. A construction crane.', 'B. A green building.', 'C. A hospital.', 'D. A Michelin sign.']",single,Concurrent
Real-Time Visual Understanding_sample_299_3,Spatial Understanding,Where are the yellow and black barriers located right now?,00:04:06,D,"['A. Only on the left side of the road.', 'B. Only on the right side of the road.', 'C. In the middle of the road.', 'D. On both sides of the road.']",single,Concurrent
Real-Time Visual Understanding_sample_299_4,Spatial Understanding,Where are the red and white barriers located right now?,00:05:47,D,"['A. On both sides of the road.', 'B. Only on the right side of the road.', 'C. In the middle of the road.', 'D. Only on the left side of the road.']",single,Concurrent
Real-Time Visual Understanding_sample_299_5,Spatial Understanding,Where is the bridge in relation to the rider right now?,00:07:54,D,"['A. Above the rider.', 'B. To the right of the rider.', 'C. In front of the rider.', 'D. Behind the rider.']",single,Concurrent
Real-Time Visual Understanding_sample_300_1,Spatial Understanding,Where is the motorcycle parked right now?,00:00:10,B,"['A. In a parking lot.', 'B. In a gas station.', 'C. On a roadside.', 'D. In a garage.']",single,Concurrent
Real-Time Visual Understanding_sample_300_2,Spatial Understanding,Where is the McDonald's sign located relative to the motorcyclist right now?,00:02:25,A,"['A. Ahead on the left side.', 'B. Ahead on the right side.', 'C. Directly behind.', 'D. Floating above.']",single,Concurrent
Real-Time Visual Understanding_sample_300_3,Spatial Understanding,What type of vehicle is directly ahead of the cyclist right now?,00:04:52,B,"['A. A white minivan.', 'B. A yellow taxi.', 'C. A blue sedan.', 'D. A red sports car.']",single,Concurrent
Real-Time Visual Understanding_sample_300_4,Spatial Understanding,Where is the person photographing the motorcycles standing right now?,00:07:02,B,"['A. On the sidewalk.', 'B. In the middle of the street.', 'C. On the motorcycle.', 'D. In the next shop.']",single,Concurrent
Real-Time Visual Understanding_sample_300_5,Spatial Understanding,What type of vehicle is directly ahead of the cyclist right now?,00:09:46,C,"['A. A white minivan.', 'B. A yellow taxi.', 'C. A blue sedan.', 'D. A red sports car.']",single,Concurrent
Real-Time Visual Understanding_sample_301_1,Counting,How many red vehicles are shown as parked on the street?,00:00:15,B,"['A. Two.', 'B. One.', 'C. Four.', 'D. Five.']",multiple,Prior
Real-Time Visual Understanding_sample_301_2,Spatial Understanding,What is on the right-hand side of the pathway right now?,00:01:24,C,"['A. A row of houses.', 'B. A stone wall.', 'C. A row of parked cars.', 'D. A flower garden.']",single,Concurrent
Real-Time Visual Understanding_sample_301_3,Event Understanding,What new element becomes visible in the video now?,00:01:40,B,"['A. A school.', 'B. other houses.', 'C. A playground.', 'D. A park.']",multiple,Concurrent
Real-Time Visual Understanding_sample_301_4,Object Perception,What is located between the white picket fence and the brown wooden fence?,00:02:42,B,"['A. A stone path.', 'B. A grassy area.', 'C. A concrete wall.', 'D. A small pond.']",single,Concurrent
Real-Time Visual Understanding_sample_301_5,Object Perception,What is the nature of the shadows on the sidewalk shown right now?,00:04:06,B,"['A. Shadows from parked cars.', 'B. Shadows from street signs.', 'C. Shadows from the tree canopy.', 'D. Shadows from buildings.']",single,Concurrent
Real-Time Visual Understanding_sample_302_1,Event Understanding,What notable feature is seen in the middle of the street as the camera moves forward?,00:00:08,A,"['A. A tall evergreen tree.', 'B. A parked truck.', 'C. A street vendor.', 'D. A bicycle lane.']",multiple,Concurrent
Real-Time Visual Understanding_sample_302_2,Event Understanding,What does the camera capture after showing the manicured shrubs and bushes?,00:01:33,A,"['A. A stone pathway flanked by garden beds.', 'B. A wooden bridge over a stream.', 'C. A large fountain in a central plaza.', 'D. An open field with wildflowers.']",multiple,Concurrent
Real-Time Visual Understanding_sample_302_3,Event Understanding,What becomes visible past the dense part of the hedge now?,00:02:53,C,"['A. A park.', 'B. A row of shops.', 'C. The garden and houses.', 'D. A busy street.']",multiple,Concurrent
Real-Time Visual Understanding_sample_302_4,Attribute Perception,What distinguishes the car closest to the camera now?,00:04:07,D,"['A. It has red stripes on the hood.', 'B. It has green stripes on the hood.', 'C. It has yellow stripes on the hood.', 'D. It has blue stripes on the hood.']",single,Concurrent
Real-Time Visual Understanding_sample_302_5,Spatial Understanding,What is the position of the house relative to the white car?,00:04:13,C,"['A. To the right, behind the car.', 'B. To the left, in front of the car.', 'C. To the left, beside the car.', 'D. To the right, beside the car.']",single,Concurrent
Real-Time Visual Understanding_sample_303_1,Event Understanding,"What does the text overlay ""CREIL Metro Station"" indicate in the video?",00:00:14,D,"['A. The start of a parade.', 'B. An advertisement for a new restaurant.', 'C. The title of a music video.', 'D. The location of the current scene.']",multiple,Concurrent
Real-Time Visual Understanding_sample_303_2,Event Understanding,What is displayed through the shop windows?,00:04:17,D,"['A. Books and paintings.', 'B. Electronics and gadgets.', 'C. Food and beverages.', 'D. Various items and mannequins.']",multiple,Concurrent
Real-Time Visual Understanding_sample_303_3,Attribute Perception,What is the condition of the pavement on the commercial street?,00:08:05,D,"['A. Dry.', 'B. Covered in leaves.', 'C. Snowy.', 'D. Wet from recent rain.']",single,Concurrent
Real-Time Visual Understanding_sample_303_4,Action Perception,What is the man in the dark jacket doing near the shop entrance?,00:08:18,D,"['A. Talking on the phone.', 'B. Waiting for a bus.', 'C. Drinking coffee.', 'D. Browsing the items.']",multiple,Concurrent
Real-Time Visual Understanding_sample_303_5,Object Perception,What item is visible in the hands of a woman passing by a storefront with a pink and white sign?,00:12:17,D,"['A. An umbrella.', 'B. A fruit juice.', 'C. A newspaper.', 'D. A green bag.']",single,Concurrent
Real-Time Visual Understanding_sample_304_1,Object Perception,What is prominently displayed on the large green street signs?,00:00:20,D,"['A. ""Broadway"" and ""5th Ave"" and ""Broadway"".', 'B. ""Main St"" and ""1st Ave"".', 'C. ""Central Park"" and ""7th Ave"".', 'D. ""Union Square West"" and ""E 17 st "" and ""Broadway"".']",single,Concurrent
Real-Time Visual Understanding_sample_304_2,Object Perception,What is the pedestrian on the left side of the screen holding?,00:02:23,D,"['A. A black bag.', 'B. A green backpack.', 'C. A yellow tote bag.', 'D. A red and white patterned bag.']",single,Concurrent
Real-Time Visual Understanding_sample_304_3,Object Perception,What number is prominently displayed above an entrance just now?,00:05:00,D,"['A. 819.', 'B. 731.', 'C. 129.', 'D. 913.']",multiple,Prior
Real-Time Visual Understanding_sample_304_4,Attribute Perception,What colors are the sky exhibiting now?,00:07:08,D,"['A. Blue and yellow.', 'B. Orange and red.', 'C. Green and blue.', 'D. Pink and blue.']",single,Concurrent
Real-Time Visual Understanding_sample_304_5,Spatial Understanding,Where is the T-Mobile storefront located in relation to the white circular thing?,00:07:13,C,"['A. Center of the white circular thing.', 'B. Right side of the white circular thing.', 'C. Left side of the white circular thing.', 'D. Not visible in the white circular thing.']",single,Concurrent
Real-Time Visual Understanding_sample_305_1,Attribute Perception,What is the color of the sky now?,00:00:03,B,"['A. Blue and white.', 'B. Pale yellow to deep red and purple.', 'C. Grey and yellow.', 'D. Orange and blue.']",single,Concurrent
Real-Time Visual Understanding_sample_305_2,Spatial Understanding,Where is the dog seen when the perspective shifts to the right?,00:00:14,B,"['A. In a park.', 'B. On a leash.', 'C. In a car.', 'D. At a storefront.']",single,Prior
Real-Time Visual Understanding_sample_305_3,Text-Rich Understanding,What number is displayed prominently on the building with large glass windows just now,00:02:24,C,"['A. 5', 'B. 7', 'C. 10', 'D. 12']",multiple,Concurrent
Real-Time Visual Understanding_sample_305_4,Object Perception,Which sign is prominently displayed on the left side of the street now?,00:04:56,A,"['A. BROADWAY PLAZA HOTEL.', 'B. CITY LIBRARY.', 'C. CENTRAL PARK CAFE.', 'D. GRAND THEATER.']",single,Concurrent
Real-Time Visual Understanding_sample_305_5,Action Perception,What action is the person near the sidewalk doing now?,00:07:20,C,"['A. Walking a dog.', 'B. Talking on the phone.', 'C. Taking a photo or video.', 'D. Eating at a table.']",single,Concurrent
Real-Time Visual Understanding_sample_306_1,Action Perception,What are some pedestrians seen doing as they walk along the sidewalk?,00:00:15,C,"['A. Riding bikes.', 'B. Taking pictures.', 'C. Carrying umbrellas.', 'D. Jogging.']",multiple,Prior
Real-Time Visual Understanding_sample_306_2,Object Perception,What is the name on the food truck?,00:02:29,B,"[""A. Marco's Delights."", ""B. Shanif's Famous."", 'C. Tasty Treats.', 'D. City Eats.']",single,Concurrent
Real-Time Visual Understanding_sample_306_3,Attribute Perception,What is the general atmosphere of the street right now?,00:04:54,B,"['A. Calm and quiet.', 'B. Busy and vibrant.', 'C. Deserted and eerie.', 'D. Tense and chaotic.']",single,Concurrent
Real-Time Visual Understanding_sample_306_4,Event Understanding,Which station entrance was shown just now?,00:07:18,B,"['A. Times Square Station.', 'B. 34th Street-Herald Sq Station.', 'C. Grand Central Station.', 'D. Union Square Station.']",multiple,Prior
Real-Time Visual Understanding_sample_306_5,Object Perception,What is the primary color of the subway train?,00:08:54,C,"['A. Blue', 'B. Green', 'C. Silver', 'D. Red']",single,Concurrent
Real-Time Visual Understanding_sample_307_1,Action Perception,What movement is depicted from the first-person perspective in the video?,00:00:18,C,"['A. Moving backward on the street.', 'B. Moving sideways on the sidewalk.', 'C. Progressing forward down the street.', 'D. Standing still.']",multiple,Concurrent
Real-Time Visual Understanding_sample_307_2,Spatial Understanding,What was on the left side of the street now?,00:04:32,C,"['A. A series of tall trees.', 'B. A brick building with large windows.', 'C. A wooden fence.', 'D. A row of parked cars.']",single,Concurrent
Real-Time Visual Understanding_sample_307_3,Attribute Perception,What color is the jacket worn by the person on the left?,00:09:04,C,"['A. Blue.', 'B. Red.', 'C. Green.', 'D. Yellow.']",single,Concurrent
Real-Time Visual Understanding_sample_307_4,Spatial Understanding,What is to the left of the two people walking on the sidewalk now?,00:08:43,B,"['A. A green P parking sign.', 'B. A red vending machine and building signage.', 'C. Parked bicycles and scooters.', 'D. A garbage truck.']",single,Concurrent
Real-Time Visual Understanding_sample_307_5,Object Perception,What was visible on the left-hand side of the street just now?,00:13:06,B,"['A. A coffee shop.', 'B. A brightly lit signboard of a restaurant.', 'C. A bookstore.', 'D. A clothing store.']",multiple,Concurrent
Real-Time Visual Understanding_sample_308_1,Object Perception,What prominent feature is located in the center of the outdoor plaza?,00:00:05,B,"['A. A large fountain.', 'B. A metallic globe sculpture.', 'C. A statue of a person.', 'D. A giant screen.']",single,Concurrent
Real-Time Visual Understanding_sample_308_2,Text-Rich Understanding,What word is encircling the large metallic globe sculpture?,00:00:10,A,"['A. UNIVERSAL.', 'B. GLOBAL.', 'C. EARTH.', 'D. WORLD.']",single,Concurrent
Real-Time Visual Understanding_sample_308_3,Object Perception,What was the name of the café shown just now?,00:03:04,C,"['A. The Green Café.', 'B. The Fun Café.', 'C. Power Up Café.', 'D. Stage 52 Café.']",multiple,Concurrent
Real-Time Visual Understanding_sample_308_4,Action Perception,What is one of the activities that people were doing on the zebra crossing just now?,00:05:29,B,"['A. Jogging.', 'B. Pushing a stroller.', 'C. Riding a bicycle.', 'D. Selling goods.']",multiple,Concurrent
Real-Time Visual Understanding_sample_308_5,Attribute Perception,What material are the stairs made of?,00:08:03,B,"['A. Metal', 'B. Wood', 'C. Marble', 'D. Concrete']",single,Concurrent
Real-Time Visual Understanding_sample_309_1,Attribute Perception,What color is the door of Katner's Deli?,00:00:10,C,"['A. Blue.', 'B. Green.', 'C. Red.', 'D. Yellow.']",single,Prior
Real-Time Visual Understanding_sample_309_2,Event Understanding,What appears to be part of the theme park attraction?,00:00:11,A,"['A. A large animatronic dog hanging from a crane.', 'B. A live music performance.', 'C. A magic show.', 'D. A water fountain display.']",multiple,Prior
Real-Time Visual Understanding_sample_309_3,Object Perception,What is displayed on the screen now?,00:02:40,A,"['A. A lion.', 'B. A tiger.', 'C. A pug.', 'D. A cat.']",single,Concurrent
Real-Time Visual Understanding_sample_309_4,Text-Rich Understanding,What is written above the brightly colored entrance now?,00:05:26,C,"['A. Home for Children.', 'B. Welcome to the Park.', 'C. Home for Girls.', 'D. Fun Land.']",single,Concurrent
Real-Time Visual Understanding_sample_309_5,Spatial Understanding,Where is the green tower with spiral decorations located relative to the walkway?,08:04,A,"['A. To the left.', 'B. To the right.', 'C. In the center.', 'D. In the background.']",single,Prior
Real-Time Visual Understanding_sample_310_1,Action Perception,What are people doing near the storefronts?,00:00:07,D,"['A. Running.', 'B. Playing with balloons.', 'C. Climbing the structure.', 'D. Standing and sitting.']",multiple,Concurrent
Real-Time Visual Understanding_sample_310_2,Attribute Perception,What is the architectural style of the buildings along the street?,00:02:49,D,"['A. Victorian.', 'B. Modern.', 'C. Gothic.', 'D. Medieval.']",single,Concurrent
Real-Time Visual Understanding_sample_310_3,Object Perception,What is the shop labeled in the outdoor setting?,00:05:21,D,"['A. OWL NEST.', 'B. OWL SHOP.', 'C. OWL HOUSE.', 'D. OWL POST.']",single,Prior
Real-Time Visual Understanding_sample_310_4,Attribute Perception,What initials are visible on the sweaters displayed in the clothing section now?,00:05:35,D,"['A. A and B.', 'B. M and N.', 'C. L and P.', 'D. H and G.']",single,Concurrent
Real-Time Visual Understanding_sample_310_5,Attribute Perception,What colors are visible on the boxes stacked on the shelves right now?,00:08:12,D,"['A. Green, yellow, black, and red.', 'B. White, purple, orange, and silver.', 'C. Red, blue, green, and white.', 'D. Grey, pink, blue black, and gold.']",single,Concurrent
Real-Time Visual Understanding_sample_311_1,Event Understanding,Where is the young man in navy blue and wearing a cap moving towards?,00:00:10,A,"['A. Towards the camera.', 'B. Towards the stone planter.', 'C. Towards the rock structure.', 'D. Towards the cart.']",multiple,Prior
Real-Time Visual Understanding_sample_311_2,Attribute Perception,What does the woman in the foreground carry as she walks through the theme park just now?,00:05:26,D,"['A. A blue backpack.', 'B. A green tote bag.', 'C. A yellow suitcase.', 'D. A red purse.']",multiple,Concurrent
Real-Time Visual Understanding_sample_311_3,Text-Rich Understanding,"What detail is included on the ""Welcome to Springfield"" sign?",00:05:34,A,"['A. The year ""1796"".', 'B. The year ""1896"".', 'C. The year ""1996"".', 'D. The year ""2006"".']",single,Concurrent
Real-Time Visual Understanding_sample_311_4,Object Perception,What is the person exiting the building holding right now?,00:08:03,D,"['A. A book.', 'B. A phone.', 'C. A bag.', 'D. A drink.']",single,Concurrent
Real-Time Visual Understanding_sample_311_5,Attribute Perception,What is the design style of the building's interior?,00:08:07,D,"['A. Modern and sleek.', 'B. Minimalist and plain.', 'C. Industrial and raw.', 'D. Colorful and retro.']",single,Concurrent
Real-Time Visual Understanding_sample_312_1,Text-Rich Understanding,What was the name of the food stand shown just now?,00:02:44,B,"['A. TASTY TREATS.', 'B. REEL TREATS.', 'C. SWEET SNACKS.', 'D. FOOD HAVEN.']",multiple,Prior
Real-Time Visual Understanding_sample_312_2,Object Perception,What kind of area is visible through the tram's windows during the journey?,00:05:30,B,"['A. A sandy beach.', 'B. A wooded area with trees.', 'C. A bustling city street.', 'D. A snowy mountain path.']",single,Concurrent
Real-Time Visual Understanding_sample_312_3,Object Perception,How is the road next to the tram bordered?,00:05:46,C,"['A. With a wooden fence.', 'B. With stone walls.', 'C. With metallic guardrails.', 'D. With hedges.']",single,Concurrent
Real-Time Visual Understanding_sample_312_4,Event Understanding,What types of advertisements were seen on the billboards just now?,00:08:16,C,"['A. Food products.', 'B. Clothing brands.', 'C. Movie promotions.', 'D. Electronics.']",multiple,Concurrent
Real-Time Visual Understanding_sample_312_5,Action Perception,What is the perspective of the view as the vehicle drives along the road?,00:08:10,B,"['A. Aerial view.', 'B. First-person perspective.', 'C. Third-person perspective.', 'D. Rear view.']",multiple,Concurrent
Real-Time Visual Understanding_sample_313_1,Object Perception,What is prominently visible on the right side of the frame at the beginning of the video?,00:00:04,C,"['A. A black truck.', 'B. A red umbrella.', 'C. A building with ""BASECAMP"" written on it.', 'D. A crosswalk.']",single,Concurrent
Real-Time Visual Understanding_sample_313_2,Object Perception,What type of vehicle appeared from the right side and drove away just now?,00:02:46,B,"['A. A white utility truck.', 'B. A white SUV with organizational decals.', 'C. A dark-colored sedan.', 'D. A small black utility vehicle.']",multiple,Concurrent
Real-Time Visual Understanding_sample_313_3,Event Understanding,What is shown entering the scene from the right now?,00:02:59,C,"['A. A dark-colored sedan.', 'B. A small black utility vehicle.', 'C. A tour bus with ""Universal Studios"" signage.', 'D. A silver car.']",single,Concurrent
Real-Time Visual Understanding_sample_313_4,Object Perception,What adorns the rocky structure seen now?,00:05:23,B,"['A. Colorful lights.', 'B. Greenery.', 'C. Painted murals.', 'D. Metal sculptures.']",single,Concurrent
Real-Time Visual Understanding_sample_313_5,Event Understanding,What event is depicted in the video now?,00:08:21,A,"['A. The large ape-like creature reappears and interacts with the camera in a menacing stance.', 'B. The camera zooms out to show an aerial view of the jungle.', 'C. A group of animals gathers around a waterhole.', 'D. The jungle catches fire and the scene becomes chaotic.']",multiple,Concurrent
Real-Time Visual Understanding_sample_314_1,Object Perception,What color is the vintage car parked right side to the red vehicle under a canopy?,00:00:11,B,"['A. Blue.', 'B. Yellow.', 'C. Green.', 'D. Black.']",single,Prior
Real-Time Visual Understanding_sample_314_2,Text-Rich Understanding,What is written on the building with a white facade?,00:03:00,A,"['A. MERCADO.', 'B. LIBRER_A.', 'C. CAFETER_A.', 'D. BANCO.']",single,Concurrent
Real-Time Visual Understanding_sample_314_3,Object Perception,"What type of building is labeled ""DILLERS BOARDING HOUSE""?",00:05:20,B,"['A. A single-story house.', 'B. A two-story wooden building.', 'C. A warehouse.', 'D. A three-story apartment.']",single,Concurrent
Real-Time Visual Understanding_sample_314_4,Text-Rich Understanding,What is the sign reading on the large geometric-shaped building right now?,00:08:05,C,"['A. 25.', 'B. 30.', 'C. 50.', 'D. 75.']",single,Concurrent
Real-Time Visual Understanding_sample_314_5,Text-Rich Understanding,What does the sign with an illustration of a person swimming in blue water indicate?,00:09:53,C,"['A. ""Pool Open"".', 'B. ""No Swimming"".', 'C. ""Beach Closed"".', 'D. ""Swim at Your Own Risk"".']",single,Prior
Real-Time Visual Understanding_sample_315_1,Text-Rich Understanding,What sign is visible on the rightmost building in the video?,00:00:20,C,"['A. ""No Fishing"".', 'B. ""No Boats"".', 'C. ""No Swimming"".', 'D. ""No Parking"".']",single,Concurrent
Real-Time Visual Understanding_sample_315_2,Event Understanding,What has the video primarily captured so far?,00:00:20,B,"['A. A bustling harbor with many boats arriving and departing.', 'B. A serene waterfront scene with calm water and minimal movement.', 'C. A stormy sea with waves crashing into the docks.', 'D. A busy marketplace with people shopping and trading.']",multiple,Concurrent
Real-Time Visual Understanding_sample_315_3,Attribute Perception,What color is the tram ceiling?,00:02:55,B,"['A. Blue.', 'B. White.', 'C. Grey.', 'D. Black.']",single,Concurrent
Real-Time Visual Understanding_sample_315_4,Attribute Perception,What type of windows does the blue building have?,00:05:26,C,"['A. Metal-framed windows.', 'B. No windows.', 'C. White-framed windows.', 'D. Wooden-framed windows.']",single,Prior
Real-Time Visual Understanding_sample_315_5,Text-Rich Understanding,What word is prominently displayed on the facade of the old-west-style building right now?,00:09:43,A,"['A. ""Tickets"".', 'B. ""Rides"".', 'C. ""Games"".', 'D. ""Food"".']",single,Concurrent
Real-Time Visual Understanding_sample_316_1,Attribute Perception,"What color is the building labeled ""JUPE'S General Store""?",00:00:13,C,"['A. Red', 'B. Tan', 'C. Turquoise', 'D. Yellow']",single,Prior
Real-Time Visual Understanding_sample_316_2,Spatial Understanding,Where is the bulletin board filled with papers located?,00:03:00,B,"['A. Above the window', 'B. To the left of the blue tool chest', 'C. Beneath the sign labeled ""21E""', 'D. Next to the door with a small window']",single,Concurrent
Real-Time Visual Understanding_sample_316_3,Attribute Perception,What is the lighting condition in the corridor?,00:05:44,C,"['A. Blue and dim', 'B. Green and bright', 'C. Red and gloomy', 'D. Yellow and flickering']",single,Concurrent
Real-Time Visual Understanding_sample_316_4,Attribute Perception,What colors are the shipping containers seen right now?,00:08:05,B,"['A. Blue and yellow', 'B. Green and orange and blue', 'C. Red and white', 'D. Black and grey']",single,Concurrent
Real-Time Visual Understanding_sample_316_5,Spatial Understanding,Where is the fire hydrant located in relation to the first-person view?,00:08:13,A,"['A. On the right side', 'B. In front of the view', 'C. On the left side', 'D. Behind the view']",single,Concurrent
Real-Time Visual Understanding_sample_317_1,Attribute Perception,What color are the tops of the booths around the plaza?,00:00:02,B,"['A. Red.', 'B. Blue.', 'C. Green.', 'D. Yellow.']",single,Prior
Real-Time Visual Understanding_sample_317_2,Object Perception,What does the mural depict?,00:00:13,D,"['A. A large beige building.', 'B. Palm trees and blue-topped booths.', 'C. A multi-car tram.', 'D. A famous Hollywood sign and surrounding landscape.']",single,Concurrent
Real-Time Visual Understanding_sample_317_3,Event Understanding,"What is indicated by the ""Lower Lot"" sign seen in the background?",00:02:27,B,"['A. The name of a ride.', 'B. The name of the area.', 'C. The name of a restaurant.', 'D. The name of a shop.']",multiple,Concurrent
Real-Time Visual Understanding_sample_317_4,Spatial Understanding,What is the relative position of the potted plant in the video right now?,00:04:43,C,"['A. In the center of the screen.', 'B. In the upper left corner.', 'C. In the lower right side.', 'D. In the bottom center.']",single,Concurrent
Real-Time Visual Understanding_sample_317_5,Object Perception,What is visible on the right side of the escalator?,00:07:11,D,"['A. A fountain.', 'B. A park.', 'C. A parking lot.', 'D. A large building with colorful billboards.']",single,Concurrent
Real-Time Visual Understanding_sample_318_1,Causal Reasoning,Why are more structural details of the building visible as the camera descends?,00:00:15,B,"['A. Because the camera is zooming in.', 'B. Because the camera is moving closer to the lower level.', 'C. Because the lights are turned on.', 'D. Because the weather clears up.']",multiple,Concurrent
Real-Time Visual Understanding_sample_318_2,Object Perception,"What is the central feature of the ""Jurassic World"" sign on the facade of the building right now?",00:02:41,D,"['A. A large tree.', 'B. A water fountain.', 'C. A Ferris wheel.', 'D. A dinosaur emblem.']",single,Concurrent
Real-Time Visual Understanding_sample_318_3,Object Perception,What is visible above the rocks as the boat approaches the tunnel?,00:05:23,D,"['A. A rainbow.', 'B. A bridge.', 'C. A bird.', 'D. Green foliage.']",single,Concurrent
Real-Time Visual Understanding_sample_318_4,Action Perception,What happens to the boat as it moved forward just now?,00:05:34,D,"['A. It focuses on the sky.', 'B. It zooms in on the boat.', 'C. It looks back at the waterfall.', 'D. It shifts to the interior of the tunnel.']",multiple,Concurrent
Real-Time Visual Understanding_sample_318_5,Text-Rich Understanding,What message is displayed on the smaller screens beneath the warning triangle?,00:08:09,C,"['A. ""EMERGENCY EXIT"".', 'B. ""DANGER AHEAD"".', 'C. ""CONTAINMENT ALERT"".', 'D. ""MAINTENANCE REQUIRED"".']",single,Prior
Real-Time Visual Understanding_sample_319_1,Object Perception,What item is prominently displayed in the center of the store?,00:00:08,D,"['A. A large stone pillar.', 'B. A wooden shelf with potted plants.', 'C. A mirror reflecting part of the store.', 'D. A kiddie ride-on vehicle.']",single,Concurrent
Real-Time Visual Understanding_sample_319_2,Attribute Perception,What material is the hallway floor made of?,00:02:25,D,"['A. Carpet.', 'B. Wood.', 'C. silver.', 'D. Glossy black material.']",single,Concurrent
Real-Time Visual Understanding_sample_319_3,Object Perception,What objects are primarily featured in the video scene right now?,00:04:55,D,"['A. Cars.', 'B. Humans.', 'C. Animals.', 'D. Robots.']",single,Concurrent
Real-Time Visual Understanding_sample_319_4,Attribute Perception,What are the predominant colors in the visuals of the video?,00:05:00,D,"['A. Red and yellow.', 'B. Green and purple.', 'C. Black and white.', 'D. Orange and blue.']",single,Concurrent
Real-Time Visual Understanding_sample_319_5,Object Perception,What is prominently featured on the screen right now?,00:07:00,D,"['A. A large tree.', 'B. A blue vehicle.', 'C. A group of people.', 'D. A yellow and silver robot.']",single,Concurrent
Real-Time Visual Understanding_sample_320_1,Object Perception,What is labeled on the large green tunnel people are heading toward?,00:00:11,A,"['A. ""Mario Kart: Bowser\'s Challenge"".', 'B. ""Super Mario World"".', 'C. ""Luigi\'s Mansion"".', 'D. ""Princess Peach\'s Castle"".']",single,Concurrent
Real-Time Visual Understanding_sample_320_2,Action Perception,What was the group doing just now?,00:02:26,D,"['A. Standing in a queue.', 'B. Sitting on a theme park ride.', 'C. Entering a theater.', 'D. Walking through a dimly lit corridor.']",multiple,Concurrent
Real-Time Visual Understanding_sample_320_3,Object Perception,What is the large fish chasing the small fishes?,00:04:42,C,"['A. Blue fish', 'B. Green fish', 'C. Red fish', 'D. Yellow fish']",single,Concurrent
Real-Time Visual Understanding_sample_320_4,Action Perception,What action does Bowser Jr. perform as they steer onto the rainbow-colored track?,00:07:06,D,"['A. Jumps.', 'B. Throws a shell.', 'C. Activates a boost.', 'D. Unfurls a glider.']",multiple,Prior
Real-Time Visual Understanding_sample_320_5,Event Understanding,What is the main event happening as Bowser Jr. reaches the finish line?,00:07:13,D,"['A. Bowser Jr. avoids obstacles.', 'B. Bowser Jr. prepares to glide.', 'C. Tanooki Mario joins the race.', 'D. Excited celebratory signs and sparkles appear.']",multiple,Concurrent
Real-Time Visual Understanding_sample_321_1,Attribute Perception,What is the pattern of the wallpaper in the room?,00:00:20,B,"['A. Striped pattern in red and beige.', 'B. Diamond pattern in shades of yellow, orange, and beige.', 'C. Floral pattern in shades of red and green.', 'D. Geometric pattern in shades of green and beige.']",single,Concurrent
Real-Time Visual Understanding_sample_321_2,Object Perception,What is visible on the green pipes in the amusement park area?,00:02:45,C,"['A. Coins.', 'B. Stars.', 'C. ""POW"".', 'D. ""1UP"".']",single,Concurrent
Real-Time Visual Understanding_sample_321_3,Spatial Understanding,Where are the metal railings located while descending the stairs?,00:05:25,C,"['A. On the left side.', 'B. On the right side.', 'C. On both sides.', 'D. At the bottom only.']",multiple,Concurrent
Real-Time Visual Understanding_sample_321_4,Text-Rich Understanding,"What does the ""EXIT"" sign point to in the amusement park?",00:08:17,D,"['A. Right.', 'B. Up.', 'C. Down.', 'D. Left.']",single,Concurrent
Real-Time Visual Understanding_sample_321_5,Event Understanding,What becomes more prominent as the viewer ascends the escalator right now?,00:09:43,B,"['A. The plants on the left side.', 'B. The large wall with the dinosaur logo.', 'C. The transparent curved glass structure.', 'D. The parallel stationary escalator.']",multiple,Concurrent
Real-Time Visual Understanding_sample_322_1,Object Perception,What is prominently featured on the massive concrete building?,00:00:05,B,"['A. A giant robot.', 'B. A T-Rex mural.', 'C. A cityscape painting.', 'D. A famous portrait.']",single,Concurrent
Real-Time Visual Understanding_sample_322_2,Object Perception,What was located on the right side of the scene just now?,00:03:22,B,"['A. A dark gray railing.', 'B. A postbox.', 'C. A small vehicle.', 'D. A tree.']",multiple,Prior
Real-Time Visual Understanding_sample_322_3,Attribute Perception,What material are the picnic tables and benches made of?,00:07:00,C,"['A. Wood.', 'B. Plastic.', 'C. Metal mesh.', 'D. Concrete.']",single,Prior
Real-Time Visual Understanding_sample_322_4,Object Perception,What is prominently displayed on the marquee of the tall building to the left?,00:10:05,B,"['A. Cafe Entrance.', 'B. Box Office.', 'C. Storefronts.', 'D. Green Awning.']",single,Prior
Real-Time Visual Understanding_sample_322_5,Spatial Understanding,What is located in front of the building directly ahead in the middle of the street?,00:10:00,C,"['A. A cafe.', 'B. A box office.', 'C. A small stand with an umbrella.', 'D. A mural.']",single,Concurrent
Real-Time Visual Understanding_sample_323_1,Attribute Perception,What is the temperature displayed on the scene right now?,00:00:11,C,"['A. 10 degrees Celsius.', 'B. 12 degrees Celsius.', 'C. 14 degrees Celsius.', 'D. 16 degrees Celsius.']",single,Concurrent
Real-Time Visual Understanding_sample_323_2,Object Perception,What occupies the right side of the frame right now?,00:03:02,B,"['A. A tree.', 'B. A telephone booth.', 'C. A black car.', 'D. A bench.']",single,Concurrent
Real-Time Visual Understanding_sample_323_3,Event Understanding,What happens to the man in the black hoodie as the video progresses?,00:06:06,C,"['A. He runs towards the camera.', 'B. He stops walking.', 'C. He moves out of frame.', 'D. He drops his umbrella.']",multiple,Concurrent
Real-Time Visual Understanding_sample_323_4,Spatial Understanding,Where is the lone pedestrian with an umbrella located relative to the camera?,00:06:12,C,"['A. To the left of the street.', 'B. Directly behind the camera.', 'C. On the right side of the street, walking towards the camera.', 'D. In the middle of the street.']",multiple,Concurrent
Real-Time Visual Understanding_sample_323_5,Clips Summarize,What was the main activity happening just now?,00:09:20,B,"['A. People shopping in a market.', 'B. People crossing a street on a rainy day.', 'C. Cars driving through a busy intersection.', 'D. Pedestrians waiting at a bus stop.']",multiple,Concurrent
Real-Time Visual Understanding_sample_324_1,Object Perception,What object is the person holding in the hand?,00:00:03,A,"['A. A folded umbrella.', 'B. A map.', 'C. A shopping bag.', 'D. A book.']",single,Concurrent
Real-Time Visual Understanding_sample_324_2,Attribute Perception,What is the distinctive feature of the crosswalk?,00:03:20,B,"['A. It has red and white stripes.', 'B. It is marked with white stripes.', 'C. It is marked with yellow stripes.', 'D. It has green and white stripes.']",single,Concurrent
Real-Time Visual Understanding_sample_324_3,Causal Reasoning,What is the overall weather condition depicted in the video?,00:06:19,C,"['A. Sunny.', 'B. Snowy.', 'C. Rainy.', 'D. Foggy.']",multiple,Concurrent
Real-Time Visual Understanding_sample_324_4,Attribute Perception,What was a noticeable feature of the street just now?,00:09:20,C,"['A. It is lined with colorful flowers.', 'B. The road is empty.', 'C. It has a lot of parked bicycles and is wet due to rain.', 'D. It is empty and dry with clear skies.']",multiple,Concurrent
Real-Time Visual Understanding_sample_324_5,Spatial Understanding,Where is the small white building located in the courtyard?,00:11:59,B,"['A. To the left of the pathway.', 'B. At the far end of the courtyard.', 'C. Next to the playground.', 'D. In the center of the courtyard.']",single,Prior
Real-Time Visual Understanding_sample_325_1,Attribute Perception,What type of sidewalk is depicted in the video right now?,00:00:20,C,"['A. Metal sidewalk.', 'B. Wooden sidewalk.', 'C. Stone sidewalk.', 'D. Concrete sidewalk.']",single,Concurrent
Real-Time Visual Understanding_sample_325_2,Action Perception,What did the red motorbike do just now?,00:00:09,C,"['A. Stops at the intersection.', 'B. Turns left at the traffic light.', 'C. Proceeds through the intersection and moves along the road.', 'D. Parks on the sidewalk.']",multiple,Prior
Real-Time Visual Understanding_sample_325_3,Object Perception,What type of vehicle is parked in the middle of the frame right now?,00:03:00,B,"['A. A red car.', 'B. A white car.', 'C. A black motorcycle.', 'D. A yellow truck.']",single,Concurrent
Real-Time Visual Understanding_sample_325_4,Spatial Understanding,Where is the white van parked in relation to the rest of the cars on the street?,00:05:30,D,"['A. Near the center of the left lane.', 'B. Near the center of the right lane.', 'C. Along the left side of the street.', 'D. Along the right side of the street.']",single,Concurrent
Real-Time Visual Understanding_sample_325_5,Object Perception,What is prominently displayed on the wall above the entrance inside the building?,08:09,B,"['A. A painting.', 'B. A clock.', 'C. A sculpture.', 'D. A mirror.']",single,Concurrent
Real-Time Visual Understanding_sample_326_1,Spatial Understanding,Where were the tables and chairs located in the scene just now?,00:00:05,C,"['A. On the right side of the street.', 'B. Inside a building.', 'C. In front of the building with white umbrellas.', 'D. Near the zebra crossing.']",multiple,Concurrent
Real-Time Visual Understanding_sample_326_2,Spatial Understanding,Where is the small three-wheeled vehicle parked?,00:02:55,B,"['A. On the cobblestone pavement near the cathedral.', 'B. In front of the cathedral.', 'C. Near the modern buildings.', 'D. At the bottom right corner of the street.']",single,Concurrent
Real-Time Visual Understanding_sample_326_3,Spatial Understanding,What is visible to the right of the stone street in the video right now?,00:05:26,A,"['A. A historic stone building.', 'B. A large modern skyscraper.', 'C. A park with trees.', 'D. A river with boats.']",single,Concurrent
Real-Time Visual Understanding_sample_326_4,Attribute Perception,What color is the promotional sign on the back of the tour vehicle?,00:05:33,D,"['A. Blue and Green.', 'B. Green and Yellow.', 'C. Yellow and Red.', 'D. Red and Blue.']",single,Concurrent
Real-Time Visual Understanding_sample_326_5,Event Understanding,What types of paths does the bridge have?,00:09:49,B,"['A. Two vehicle lanes and a bike lane.', 'B. two pedestrian walkways and two tram tracks.', 'C. A bike lane and a tram track.', 'D. Two pedestrian walkways and a vehicle lane.']",multiple,Concurrent
Real-Time Visual Understanding_sample_327_1,Action Perception,What is the man doing as he walks on the bridge?,00:00:15,A,"['A. Looking at something in his hands.', 'B. Holding hands.', 'C. Talking to each other.', 'D. Taking pictures.']",multiple,Prior
Real-Time Visual Understanding_sample_327_2,Object Perception,What color is the tram?,00:03:16,D,"['A. Red and white.', 'B. Blue and white.', 'C. Green and yellow.', 'D. Yellow and gray.']",single,Concurrent
Real-Time Visual Understanding_sample_327_3,Object Perception,What sign is prominently visible right now?,00:08:01,D,"['A. No Parking sign.', 'B. Yield sign.', 'C. Speed limit sign.', 'D. Stop sign.']",single,Concurrent
Real-Time Visual Understanding_sample_327_4,Causal Reasoning,What does the person near the right side of the street appear to be doing?,00:09:46,B,"['A. Sitting on a bench.', 'B. Walking along the sidewalk.', 'C. Standing still.', 'D. Entering a building.']",multiple,Concurrent
Real-Time Visual Understanding_sample_327_5,Spatial Understanding,Where are the trash bins located in the scene?,00:09:52,A,"['A. Along the sidewalk on the left side.', 'B. Along the left side of the street.', 'C. In the green space with trees.', 'D. Next to the multi-story red and white building.']",single,Prior
Real-Time Visual Understanding_sample_328_1,Spatial Understanding,Where are the green trash bins located?,00:00:03,C,"['A. On the right side of the street.', 'B. In the background near the cityscape.', 'C. On the left side of the street.', 'D. Next to the olive-green garage door.']",multiple,Prior
Real-Time Visual Understanding_sample_328_2,Object Perception,What vehicle is parked on the left side of the narrow street right now,00:02:42,D,"['A. A blue bicycle.', 'B. A white van.', 'C. A yellow motorcycle.', 'D. A red scooter.']",single,Concurrent
Real-Time Visual Understanding_sample_328_3,Attribute Perception,What are the colors of the antique vehicle parked by the curb right now?,00:05:39,D,"['A. Red and white.', 'B. Blue, Green and silver.', 'C. Black and yellow.', 'D. Green, Brown and gold.']",single,Concurrent
Real-Time Visual Understanding_sample_328_4,Object Perception,What is visible in the foreground on the pedestrian pathway?,00:08:02,D,"['A. A cyclist and a runner.', 'B. A person with a red backpack.', 'C. A group of people standing still.', 'D. Two people walking side by side.']",single,Concurrent
Real-Time Visual Understanding_sample_328_5,Action Perception,What action does the viewer take in the video?,00:09:58,A,"['A. Walking down a stone-paved street.', 'B. Sitting at a cafe.', 'C. Riding a bicycle.', 'D. Boarding a boat.']",multiple,Concurrent
Real-Time Visual Understanding_sample_329_1,Attribute Perception,What is the weather like in the video?,00:00:07,D,"['A. Completely cloudy.', 'B. Rainy.', 'C. Overcast.', 'D. Partly cloudy.']",single,Concurrent
Real-Time Visual Understanding_sample_329_2,Object Perception,What is visible near the right side of the buildings right now?,00:02:57,D,"['A. A blue mailbox.', 'B. A green bench.', 'C. A yellow taxi.', 'D. A red phone booth.']",single,Concurrent
Real-Time Visual Understanding_sample_329_3,Object Perception,What is the person in the blue outfit carrying?,00:05:21,D,"['A. A briefcase.', 'B. A backpack.', 'C. A suitcase.', 'D. A shopping bag.']",single,Concurrent
Real-Time Visual Understanding_sample_329_4,Spatial Understanding,Where was the historical stone building located in the frame right now?,00:08:09,A,"['A. On the left side.', 'B. On the right side.', 'C. In the center.', 'D. In the background.']",single,Concurrent
Real-Time Visual Understanding_sample_329_5,Text-Rich Understanding,What is the name of the left side establishment indicated by the signs on the building?,00:09:49,A,"['A. HARD CLUB.', 'B. HARD ROCK.', 'C. CLUB HARD.', 'D. ROCK CLUB.']",single,Concurrent
Real-Time Visual Understanding_sample_330_1,Object Perception,What object is visible on the left side of the frame next to the parked cars?,00:00:15,B,"['A. A red mailbox.', 'B. A blue parking meter.', 'C. A green trash can.', 'D. A yellow bike rack.']",single,Concurrent
Real-Time Visual Understanding_sample_330_2,Attribute Perception,What distinct feature is highlighted on the ornate stone building right now?,00:03:00,B,"['A. Blue doors.', 'B. Stone carvings.', 'C. Red-framed windows.', 'D. Iron railings.']",single,Concurrent
Real-Time Visual Understanding_sample_330_3,Object Perception,What color is the shirt of the man who is slightly ahead in the group of four people?,00:05:32,C,"['A. Green.', 'B. Blue.', 'C. White.', 'D. Red.']",single,Concurrent
Real-Time Visual Understanding_sample_330_4,Attribute Perception,What type of umbrellas are seen at the outdoor cafés right now?,00:08:05,B,"['A. Blue and white.', 'B. Red and brown.', 'C. Green and yellow.', 'D. Black and white.']",single,Concurrent
Real-Time Visual Understanding_sample_330_5,Event Understanding,What does the glass structure likely depict right now?,00:08:19,B,"['A. A historic monument.', 'B. A modern bus stop.', 'C. A construction site.', 'D. A marketplace.']",single,Concurrent
Real-Time Visual Understanding_sample_331_1,Attribute Perception,What color shorts is the person wearing who is walking with someone in a blue shirt?,00:00:07,B,"['A. Black.', 'B. Yellow.', 'C. Red.', 'D. Green.']",single,Concurrent
Real-Time Visual Understanding_sample_331_2,Spatial Understanding,Where is the cyclist heading as they ride through the square?,00:02:18,C,"['A. Towards the pedestrian crossing.', 'B. Away from the central area.', 'C. Towards the central area.', 'D. Along the street to the left.']",single,Concurrent
Real-Time Visual Understanding_sample_331_3,Object Perception,What is parked on the right side of the plaza?,00:04:05,C,"['A. A red bicycle.', 'B. A blue car.', 'C. A white van.', 'D. A black motorcycle.']",single,Concurrent
Real-Time Visual Understanding_sample_331_4,Spatial Understanding,Where is the scaffolding located in the plaza?,00:04:10,C,"['A. On the right side.', 'B. Near the center.', 'C. On the left side.', 'D. In front of the clock tower.']",single,Concurrent
Real-Time Visual Understanding_sample_331_5,Attribute Perception,What is the color of the vehicle that follows the white van?,00:06:10,C,"['A. Red.', 'B. Black.', 'C. Green.', 'D. Blue.']",single,Concurrent
Real-Time Visual Understanding_sample_332_1,Attribute Perception,What details are displayed in the overlaid text just now?,00:00:13,D,"['A. ""2023 / 6 / 7"", ""Hong Kong"", ""Tsim Sha Tsui"", and ""8:00pm"".', 'B. ""2022 / 7 / 7"", ""Hong Kong"", ""Central"", and ""7:00pm"".', 'C. ""2023 / 7 / 7"", ""Hong Kong"", ""Tsim Sha Tsui"", and ""6:00pm"".', 'D. ""2023 / 7 / 7"", ""Hong Kong"", ""Tsim Sha Tsui"", and ""7:00pm"".']",multiple,Prior
Real-Time Visual Understanding_sample_332_2,Attribute Perception,What colors are the largest cat figures on the bridge right now?,00:03:00,D,"['A. Orange.', 'B. Black.', 'C. Grey.', 'D. White.']",single,Prior
Real-Time Visual Understanding_sample_332_3,Event Understanding,What is the woman wearing a mask doing right now?,00:02:55,D,"['A. Talking on the phone.', 'B. Walking around.', 'C. Looking at her phone.', 'D. Taking a photo.']",single,Concurrent
Real-Time Visual Understanding_sample_332_4,Attribute Perception,What color is the zebra crossing that pedestrians are walking across right now?,00:05:29,D,"['A. White.', 'B. Blue.', 'C. Red.', 'D. Yellow.']",single,Concurrent
Real-Time Visual Understanding_sample_332_5,Event Understanding,What is the overall atmosphere of the scene in the video?,00:08:20,D,"['A. Calm and serene.', 'B. Quiet and empty.', 'C. Tense and chaotic.', 'D. Bustling and busy.']",multiple,Concurrent
Real-Time Visual Understanding_sample_333_1,Object Perception,What colour of bus was visible driving on the street just now?,00:00:12,A,"['A. Green bus.', 'B. Blue bus.', 'C. Red bus.', 'D. Yellow bus.']",multiple,Prior
Real-Time Visual Understanding_sample_333_2,Counting,How many buses have been shown in the video so far?,00:00:35,C,"['A. One.', 'B. Two.', 'C. Three.', 'D. Four.']",multiple,Prior
Real-Time Visual Understanding_sample_333_3,Action Perception,What are people doing while standing on the sidewalk right now?,00:02:50,C,"['A. Playing musical instruments.', 'B. Reading newspapers.', 'C. Using their phones and conversing.', 'D. Painting murals.']",multiple,Concurrent
Real-Time Visual Understanding_sample_333_4,Attribute Perception,"What is the color scheme of the map labeled ""Salisbury Garden"" shown on the signboard?",00:05:26,D,"['A. Black on white.', 'B. Blue on white.', 'C. Green on black.', 'D. White on black.']",single,Concurrent
Real-Time Visual Understanding_sample_333_5,Text-Rich Understanding,What was labeled on the modern building visible in the scene just now?,00:08:05,B,"['A. RESORT.', 'B. REGENT.', 'C. REFLECT.', 'D. RETREAT.']",multiple,Concurrent
Real-Time Visual Understanding_sample_334_1,Object Perception,What is the woman in the statue holding in her left hand?,00:00:19,D,"['A. A book.', 'B. A sword.', 'C. A shield.', 'D. A lit globe.']",single,Prior
Real-Time Visual Understanding_sample_334_2,Action Perception,What are many people in the crowd doing around the statue?,00:00:12,D,"['A. Dancing.', 'B. Eating.', 'C. Singing.', 'D. Taking photos.']",multiple,Prior
Real-Time Visual Understanding_sample_334_3,Attribute Perception,What kind of light enhances the visibility of the dome?,00:03:00,D,"['A. A bright white light.', 'B. A cooler blue light.', 'C. A flashing red light.', 'D. A soft yellowish light.']",single,Concurrent
Real-Time Visual Understanding_sample_334_4,Text-Rich Understanding,What largest text is visible on the left side of the walkway right now?,00:05:27,A,"['A. HKMOA', 'B. City Park', 'C. Art Museum', 'D. Train Station']",single,Concurrent
Real-Time Visual Understanding_sample_334_5,Attribute Perception,What is the color of the tallest tower's illumination?,00:09:59,D,"['A. Blue.', 'B. Green.', 'C. Red.', 'D. Yellow.']",single,Concurrent
Real-Time Visual Understanding_sample_335_1,Prospective Reasoning,"Based on the crowd's interaction and engagement, what might be inferred to be present but out of view?",00:00:20,B,"['A. A quiet library.', 'B. Street performers and entertainment elements.', 'C. A calm and deserted area.', 'D. An indoor concert.']",multiple,Concurrent
Real-Time Visual Understanding_sample_335_2,Action Perception,What is the camera doing right now?,00:03:14,A,"['A. Moving forward slowly.', 'B. Staying still.', 'C. Moving backward.', 'D. Panning left and right.']",multiple,Concurrent
Real-Time Visual Understanding_sample_335_3,Spatial Understanding,Where are the trees located in relation to the buildings in the cityscape?,00:05:30,C,"['A. Behind the buildings.', 'B. To the right of the buildings.', 'C. In the foreground, framing the scene.', 'D. On the rooftops of the buildings.']",single,Prior
Real-Time Visual Understanding_sample_335_4,Object Perception,Which type of bus entered the scene just now?,00:08:14,D,"['A. Single-decker bus.', 'B. Mini-bus.', 'C. Coach bus.', 'D. Double-decker bus.']",multiple,Concurrent
Real-Time Visual Understanding_sample_335_5,Causal Reasoning,What indicates that the area is lively and urban?,00:09:55,B,"['A. Presence of street performers.', 'B. Numerous pedestrians and vehicles and tall buildings.', 'C. Absence of advertisements.', 'D. Quiet surroundings.']",multiple,Concurrent
Real-Time Visual Understanding_sample_336_1,Object Perception,What type of bus is visible right now?,00:00:16,C,"['A. Single-decker bus.', 'B. Minibus.', 'C. Double-decker bus.', 'D. School bus.']",single,Concurrent
Real-Time Visual Understanding_sample_336_2,Event Understanding,What is the primary activity of the pedestrians seen in the walkway?,00:02:26,B,"['A. Running.', 'B. Walking.', 'C. Cycling.', 'D. Skating.']",multiple,Concurrent
Real-Time Visual Understanding_sample_336_3,Event Understanding,What is the setting of the video scene?,00:05:00,C,"['A. A busy market street during the day.', 'B. A quiet village at sunset.', 'C. A vibrant cityscape at night.', 'D. A beach during the evening.']",multiple,Concurrent
Real-Time Visual Understanding_sample_336_4,Event Understanding,What is the overall setting depicted in the video?,00:07:20,A,"['A. A city skyline at night.', 'B. A rural landscape at sunset.', 'C. A beach during daytime.', 'D. A forest in the morning.']",multiple,Concurrent
Real-Time Visual Understanding_sample_336_5,Spatial Understanding,Where are the colorful lights primarily reflected?,00:07:20,C,"['A. In the sky.', 'B. On the buildings.', 'C. In the water in the foreground.', 'D. On the streets.']",single,Concurrent
Real-Time Visual Understanding_sample_337_1,Spatial Understanding,Where is the crowd of people located in relation to the city skyline?,00:00:02,C,"['A. On the left side of the frame.', 'B. In the center of the frame.', 'C. On the right side of the frame.', 'D. At the top of the frame.']",single,Concurrent
Real-Time Visual Understanding_sample_337_2,Event Understanding,What is the main focus of the video?,00:03:20,C,"['A. A parade in the city.', 'B. A busy street market.', 'C. A breathtaking nighttime cityscape.', 'D. A sports event.']",multiple,Concurrent
Real-Time Visual Understanding_sample_337_3,Attribute Perception,What is the color of the backpack worn by the person in the red shirt?,00:06:06,C,"['A. Green.', 'B. Black.', 'C. Purple.', 'D. Blue.']",single,Concurrent
Real-Time Visual Understanding_sample_337_4,Event Understanding,What kind of atmosphere is depicted in the video?,00:09:19,B,"['A. Calm and quiet.', 'B. Lively and bustling.', 'C. Tense and stressful.', 'D. Serene and peaceful.']",multiple,Concurrent
Real-Time Visual Understanding_sample_337_5,Spatial Understanding,What is located to the left of the pedestrian pathway?,00:09:19,C,"['A. A large digital billboard.', 'B. Bright advertisements for brands.', 'C. A row of slender vertical poles supporting an overhead structure.', 'D. A water fountain.']",single,Concurrent
Real-Time Visual Understanding_sample_338_1,Clips Summarize,What is the best summary of the food preparation process that was just shown?,00:10,C,"['A. The vendor picked up a hamburger patty, grilled it, and placed it on a bun before serving it to the customer.', 'B. The vendor took a hot dog from a package, placed it into a bun, and handed it to the customer.', 'C. The vendor took a hot dog from water, placed it into a bun, and prepared to add condiments.', 'D. The vendor grilled a hot dog, topped it with relish, and gave it to the customer.']",multiple,Prior
Real-Time Visual Understanding_sample_338_2,Clips Summarize,What is the best summary of the food preparation process that was just shown?,00:03:03,C,"['A. The vendor grilled a hot dog, topped it with mustard and onions, and served it to the customer.', 'B. The vendor took a hot dog from a grill, placed it into a bun, added mustard and onions, and gave it to the customer.', 'C. The vendor boiled a hot dog, placed it in a bun, topped it with sauerkraut and onions, and wrapped it.', 'D. The vendor took a hot dog, placed it in a bun, topped it with relish and mustard, and handed it to the customer.']",multiple,Prior
Real-Time Visual Understanding_sample_338_3,Clips Summarize,Which of the following options best summarizes the actions just shown?,00:05:56,B,"['A. The vendor picked up a hot dog, placed it on a grill, and later added sauerkraut before serving.', 'B. The vendor boiled a hot dog, placed it into a bun, and added mashed potatoes as a topping.', 'C. The vendor picked up a hot dog, placed it into a bun, added onions, and wrapped it.', 'D. The vendor grilled a hot dog, placed it into a bun, added mustard and ketchup, and handed it to a customer.']",multiple,Concurrent
Real-Time Visual Understanding_sample_338_4,Clips Summarize,What is the best summary of the food preparation process that was just shown?,00:08:49,C,"['A. The vendor grilled a hot dog, topped it with relish, cheese, and mushrooms, and handed it to a customer.', 'B. The vendor took a hot dog from boiling water, placed it into a bun, added cheese and peppers, and served it.', 'C. The vendor prepared a hot dog, added chili, onions, and shoestring potatoes, and wrapped it.', 'D. The vendor prepared a hot dog, topped it with mayo, mustard, and jalapenos, and served it with a side of fries.']",multiple,Concurrent
Real-Time Visual Understanding_sample_338_5,Clips Summarize,Which of the following actions best summarizes the actions just shown?,00:11:42,B,"['A. The vendor boiled a hot dog, placed it into a bun, added sauerkraut, and wrapped it before serving it.', 'B. The vendor took a hot dog from boiling water, placed it into a bun, and prepared to add condiments.', 'C. The vendor grilled a hot dog, topped it with mustard and onions, and served it to the customer.', 'D. The vendor prepared a sandwich, added lettuce and tomato, and handed it to the customer.']",multiple,Concurrent
Real-Time Visual Understanding_sample_339_1,Clips Summarize,What did the individual do just now?,00:00:14,C,"['A. The individual washed their hands, applied hand sanitizer, and dried their hands with a towel.', 'B. The individual washed their hands, used a dryer, and sanitized the sink.', 'C. The individual washed their hands, dried them with paper towels, and disposed of the towels.', 'D. The individual prepared food, cleaned the sink, and disposed of trash.']",multiple,Concurrent
Real-Time Visual Understanding_sample_339_2,Clips Summarize,Which of the following options best summarizes the content of the video just now?,00:01:28,A,"['A. The individual pressed and stretched pizza dough into a baking pan, ensuring it was evenly spread.', 'B. The individual prepared a salad, adding various toppings and dressing.', 'C. The individual assembled a sandwich, layering different meats and cheeses.', 'D. The individual applied sauce and added cheese to a cooked pizza crust.']",multiple,Concurrent
Real-Time Visual Understanding_sample_339_3,Clips Summarize,Which of the following options best summarizes the actions taken just now?,00:02:46,B,"['A. The individual washed and stored kitchen utensils in a cabinet.', 'B. The individual opened a tray to reveal dough balls, adjusted them, and he took one out and put flour on it.', 'C. The individual prepared a pizza by adding toppings and placing it in the oven.', 'D. The individual chopped vegetables and placed them in a container.']",multiple,Concurrent
Real-Time Visual Understanding_sample_339_4,Clips Summarize,Which of the following options best summarizes the actions taken just now?,00:04:04,D,"['A. The individual was preparing a sandwich, adding vegetables and condiments.', 'B. The individual was slicing vegetables and arranging them on a platter.', 'C. The individual was chopping toppings and placing them in separate containers.', 'D. The individual was placing pepperoni slices on a pizza and then moving it aside.']",multiple,Concurrent
Real-Time Visual Understanding_sample_339_5,Clips Summarize,Which of the following options best summarizes the actions taken just now?,00:05:20,B,"['A. The individual prepared a pizza by adding toppings and placing it in the oven.', 'B. The individual was pressing and stretching pizza dough inside a baking pan.', 'C. The individual was washing kitchen utensils and placing them in a drying rack.', 'D. The individual was organizing ingredients in the refrigerator for future use.']",multiple,Concurrent
Real-Time Visual Understanding_sample_340_1,Clips Summarize,What is the best summary of the actions taken by the individual just now?,00:00:10,B,"['A. The individual sliced fresh vegetables, seasoned them, and placed them on a grill.', 'B. The individual carefully unwrapped a pair of gloves, stretched them open, and began putting them on.', 'C. The individual assembled the necessary ingredients for a sandwich and started layering them.', 'D. The individual cleaned a work surface, arranged cooking utensils, and prepared a workstation.']",multiple,Concurrent
Real-Time Visual Understanding_sample_340_2,Clips Summarize,What best summarizes the actions taken by the individual just now?,00:02:13,C,"['A. The individual gathered various vegetables, chopped them, and prepared a salad.', 'B. The individual picked up a hamburger patty, grilled it, and assembled a cheeseburger.', 'C. The individual took a hot dog from the water, placed it in a bun, and added sauerkraut.', 'D. The individual prepared a pasta dish by boiling noodles, adding sauce, and serving it in a bowl.']",multiple,Prior
Real-Time Visual Understanding_sample_340_3,Clips Summarize,What best summarizes the actions taken by the individual just now?,00:04:16,A,"['A. The individual placed a hot dog in a bun, added onions and peppers, wrapped it in paper, and placed it aside.', 'B. The individual assembled a hamburger with cheese, lettuce, and tomatoes, wrapped it, and handed it to a customer.', 'C. The individual prepared a burrito with beans and rice, wrapped it, and placed it in a serving tray.', 'D. The individual made a salad by chopping vegetables, adding dressing, and setting it on a counter.']",multiple,Concurrent
Real-Time Visual Understanding_sample_340_4,Clips Summarize,What is the best summary of the actions taken by the individual just now?,00:06:19,C,"['A. The individual sliced onions and tomatoes, placed them carefully in a hot dog bun, and wrapped it.', 'B. The individual grabbed a hamburger bun, cooked a patty, and assembled a cheeseburger.', 'C. The individual picked up a hot dog bun, retrieved a hot dog from water, placed it in the bun, added ketchup.', 'D. The individual prepared a sandwich by layering several ingredients between two slices of bread and served it.']",multiple,Concurrent
Real-Time Visual Understanding_sample_340_5,Clips Summarize,Which of the following options best summarizes the actions taken by the individual just now?,00:08:21,C,"['A. The individual cooked a pasta dish by boiling noodles, adding sauce, and plating it.', 'B. The individual prepared a burrito, added beans and rice, and wrapped it in foil.', 'C. The individual assembled a hot dog by placing it into a bun, adding toppings, and wrapping it.', 'D. The individual chopped vegetables, added them to a salad bowl, and tossed them with dressing.']",multiple,Concurrent
Real-Time Visual Understanding_sample_341_1,Clips Summarize,Which of the following options best summarizes the actions taken just now?,00:00:10,B,"['A. The individual boiled pasta, mixed it with cheese sauce, and served it in a bowl.', 'B. The individual selected package items, assembled a burger with cheese, and added a meat patty.', 'C. The individual prepared a salad by washing vegetables, chopping them, and arranging them on a plate.', 'D. The individual set the table with cutlery, placed a glass of water, and served a main course.']",multiple,Prior
Real-Time Visual Understanding_sample_341_2,Clips Summarize,Which of the following options best summarizes the actions taken just now?,00:01:19,C,"['A. The individual boiled pasta, mixed it with cheese sauce, and served it in a bowl.', 'B. The individual baked a cake, decorated it with icing, and placed it on display.', 'C. The individual selected packaged items, assembled a breakfast burger with a meat patty, cheese, and a fried egg.', 'D. The individual prepared a salad by washing vegetables, chopping them, and arranging them on a plate.']",multiple,Concurrent
Real-Time Visual Understanding_sample_341_3,Clips Summarize,Which of the following options best summarizes the actions taken just now?,00:02:27,B,"['A. The individual prepared a pizza by spreading sauce, adding toppings, and placing it in the oven.', 'B. The individual assembled a burger by retrieving sliced onions from refrigeration, adding them to the buns.', 'C. The individual baked biscuits, buttered them, and served them with jam.', 'D. The individual grilled chicken, seasoned it with herbs, and plated it with a side of vegetables.']",multiple,Concurrent
Real-Time Visual Understanding_sample_341_4,Clips Summarize,Which of the following options best summarizes the actions taken just now?,00:03:37,B,"['A. The individual grilled chicken breasts, added seasoning, and placed them on a platter.', 'B. The individual prepared a burger by retrieving a patty, adding cheese, and assembling it with a bun.', 'C. The individual baked cookies, sprinkled them with sugar, and placed them on a rack to cool.', 'D. The individual deep-fried french fries, salted them, and served them in a container.']",multiple,Concurrent
Real-Time Visual Understanding_sample_341_5,Clips Summarize,Which of the following options best summarizes the actions taken just now?,00:04:46,B,"['A. The individual baked cookies, cooled them on a rack, and packaged them in boxes.', 'B. The individual selected hash browns, packaged them in a package.', 'C. The individual grilled sandwiches, wrapped them, and packed them into boxes.', 'D. The individual deep-fried chicken wings, added sauce, and arranged them on a plate.']",multiple,Concurrent
Real-Time Visual Understanding_sample_342_1,Clips Summarize,What is the best summary of the actions performed just now?,00:00:10,C,"['A. The individual cleaned the counter, set up station supplies, and took a coffee break.', 'B. The individual collected wrapping papers, retrieved buns, and placed them on the counter.', 'C. The individual took wrapping papers, handled buns by hands, and placed the buns on the counter.', 'D. The individual stocked the shelves, wiped down surfaces, and organized condiments.']",multiple,Prior
Real-Time Visual Understanding_sample_342_2,Clips Summarize,What summarizes the actions performed just now?,00:00:47,C,"['A. The individual cleaned the station, organized utensils, and disposed of waste materials.', 'B. The individual picked and packed food items, marked them for delivery, and cleaned the station afterward.', 'C. The individual selected a yellow wrapping paper, placed an order ticket on it.', 'D. The individual placed food items in a container, labeled it, and set it aside for pickup.']",multiple,Concurrent
Real-Time Visual Understanding_sample_342_3,Clips Summarize,What is the best summary of the actions performed just now?,00:01:36,C,"['A. The individual cleaned the counter, organized ingredients, and prepared a salad.', 'B. The individual prepared a sandwich, added condiments, and wrapped it for delivery.', 'C. The individual cooked bacon, meat pie, and scrambled eggs, then placed them in a container.', 'D. The individual prepared a fruit platter, arranged it neatly, and handed it to a customer.']",multiple,Concurrent
Real-Time Visual Understanding_sample_342_4,Clips Summarize,What is the best summary of the actions performed just now?,00:02:21,C,"['A. The individual prepared a batch of fries, added salt, and placed them in a serving container.', 'B. The individual organized several orders, packed different items, and completed the preparation station setup.', 'C. The individual took pancakes, added meat pie from the warmer, and placed scrambled eggs on the same tray.', 'D. The individual assembled a salad with fresh ingredients, topped it with dressing, and delivered it to the counter.']",multiple,Concurrent
Real-Time Visual Understanding_sample_342_5,Clips Summarize,What is the best summary of the actions performed just now?,00:03:02,C,"['A. The individual toasted buns, added condiments, and wrapped sandwiches for delivery.', 'B. The individual organized cooking utensils, took inventory, and sanitized the station.', 'C. The individual prepared a breakfast burger, added egg and cheese, and neatly wrapped it.', 'D. The individual made a cup of coffee, added cream, and handed it to a customer.']",multiple,Concurrent
Real-Time Visual Understanding_sample_343_1,Clips Summarize,Which of the following options best summarizes the activity that transpired just now?,00:00:10,D,"['A. The person cooked fish filets, garnished them with vegetables, and presented them for serving.', 'B. The person assembled burgers by adding patties, placing condiments, and wrapping them.', 'C. The person restocked sandwich ingredients, such as lettuce and tomatoes, in preparation areas.', 'D. The person cleaned a used tray by discarding waste, and preparing it for reuse.']",multiple,Prior
Real-Time Visual Understanding_sample_343_2,Clips Summarize,Which of the following options best summarizes the activity that transpired just now?,00:01:25,D,"['A. The worker inspected the kitchen utensils, adjusted the oven temperature, and cleaned the grill.', 'B. The worker arranged cooked patties on a slide, cleaned the grill surface, and prepared for the next batch.', 'C. The worker deep-fried chicken, assembled it on a plate, and garnished it with herbs.', 'D. The worker flipped burger patties, placed them on a tray.']",multiple,Concurrent
Real-Time Visual Understanding_sample_343_3,Clips Summarize,Which of the following options best summarizes the activity that transpired just now?,00:02:40,D,"['A. The worker arranged hotdogs on a grill, added condiments, and wrapped them for serving.', 'B. The worker cooked and seasoned bacon strips and placed them into the fryer for crispiness.', 'C. The worker assembled fish fillets, sprinkled them with seasoning, and placed them in the oven for baking.', 'D. The worker transferred cooked onion onto a tray, cleaned the surface of the grill, and prepared for the next cooking batch.']",multiple,Concurrent
Real-Time Visual Understanding_sample_343_4,Clips Summarize,Which of the following options best summarizes the activity that transpired just now?,00:03:55,D,"['A. The individual prepared a batch of scrambled eggs, added herbs, and placed them on a hot plate.', 'B. The individual restocked a freezer with packages of frozen vegetables, organized them by color, and labeled each bin.', 'C. The individual cleaned and sanitized a workstation, organized cooking utensils, and prepared for the next task.', 'D. The individual prepared strips of bacon by separating them from frozen packaging.']",multiple,Concurrent
Real-Time Visual Understanding_sample_343_5,Clips Summarize,Which of the following options best summarizes the activity that transpired just now?,00:05:10,D,"['A. The worker cleaned the grill, prepared eggs by cracking and whisking them, and started cooking pancakes.', 'B. The worker poured liquid eggs into a container, organized kitchen supplies, and cleaned the preparation area.', 'C. The worker cracked eggs into a bowl, mixed them with spices, and set them aside for cooking later.', 'D. The worker filled a container with liquid eggs.']",multiple,Concurrent
Real-Time Visual Understanding_sample_344_1,Clips Summarize,Which of the following options best summarizes the actions just taken?,00:00:10,A,"['A. The individual opened a refrigerator, took out frozen food, placed it in a fryer basket, and prepared to deep-fry it.', 'B. The individual put on gloves, searched for cleaning supplies, and began to clean the station.', 'C. The individual filled a basket with fresh vegetables, washed them, and prepared to cook them.', 'D. The individual arranged various condiments on the counter and started preparing a sandwich.']",multiple,Prior
Real-Time Visual Understanding_sample_344_2,Clips Summarize,What actions were taken just now by the individual?,00:01:27,A,"['A. The individual opened a refrigerator, retrieved ingredients, and prepared to cook them.', 'B. The individual opened a pantry, selected a pan, and started cooking the food.', 'C. The individual arranged utensils on the counter and began preparing a salad.', 'D. The individual checked the deep fryer, removed fried food, and placed it on a rack.']",multiple,Concurrent
Real-Time Visual Understanding_sample_344_3,Clips Summarize,Which of the following options best summarizes the actions just taken?,00:02:44,A,"['A. The individual opened a storage unit, retrieved packaged food, and began putting it into fryer baskets.', 'B. The individual organized utensils on the counter, chopped vegetables, and prepared to sauté them.', 'C. The individual opened a pantry, gathered baking ingredients, and prepared to start baking.', 'D. The individual cleaned the working station, disposed of garbage, and reorganized supplies.']",multiple,Concurrent
Real-Time Visual Understanding_sample_344_4,Clips Summarize,What actions were taken just now by the individual?,00:04:00,A,"['A. The individual removed the fried food from the fryer, placed it on a tray, and organized the tray in a storage unit.', 'B. The individual placed the food in a frying pan, sautéed it, and plated it.', 'C. The individual chopped vegetables, placed them in a bowl, and started making a salad.', 'D. The individual cleaned the working station, wiped the counters, and organized the utensils.']",multiple,Concurrent
Real-Time Visual Understanding_sample_344_5,Clips Summarize,Which of the following options best summarizes the actions just taken?,00:05:18,A,"['A. The individual removed fried food from the fryer, transferred it to a tray, and organized the tray in a storage unit.', 'B. The individual picked up a pan, sautéed vegetables, and plated them.', 'C. The individual opened a can of vegetables, placed them in a pot, and started boiling them.', 'D. The individual cleaned the deep fryer, disposed of oil, and prepped it for the next batch.']",multiple,Concurrent
Real-Time Visual Understanding_sample_345_1,Clips Summarize,What is the best summary of the actions taken just now?,00:12,C,"['A. A worker picked up a bag, added condiments, and handed it to another worker.', 'B. A worker grabbed a bag, placed a cheeseburger inside, and passed it to a colleague.', 'C. A worker retrieved a bag, added fries and a cheeseburger, checked the order slip, and moved to the fryer area.', 'D. A worker took a bag, filled it with a drink, and proceeded to the front counter.']",multiple,Concurrent
Real-Time Visual Understanding_sample_345_2,Clips Summarize,What is the best summary of the actions taken just now?,00:01:48,C,"['A. A worker placed fries into a fryer, prepared drinks, and gave them to a colleague.', 'B. A worker assembled a hamburger, wrapped it, and handed it to a customer.', 'C. A worker collected fries in a bag, placed an order slip on it, and moved it to the counter.', ""D. A worker took a customer's order, processed the payment, and handed over a receipt.""]",multiple,Concurrent
Real-Time Visual Understanding_sample_345_3,Clips Summarize,What is the best summary of the actions taken just now?,00:03:26,C,"['A. A worker filled a bag with fries, attached an order slip, delivered the bag to the customer, and returned to their station.', 'B. A worker packed a bag with a cheeseburger, sealed it, printed an order slip, and handed it to another worker.', 'C. A worker grabbed a bag, placed the order receipt with it, and headed to the pick-up counter to deliver the order.', ""D. A worker assembled a sandwich, confirmed the customer's name, and moved to the serving counter.""]",multiple,Concurrent
Real-Time Visual Understanding_sample_345_4,Clips Summarize,What is the best summary of the actions taken just now?,00:05:04,C,"[""A. A worker reviewed a customer's order, cleaned the workstation, and prepared it for the next task."", 'B. A worker assembled a new order from scratch, wrapped each item, and handed it to the kitchen staff.', 'C. A worker retrieved a filled order bag, attached the order slip to the bag, and delivered it to the front counter.', ""D. A worker took a customer's order, processed the payment, and handed the receipt to a colleague.""]",multiple,Concurrent
Real-Time Visual Understanding_sample_345_5,Clips Summarize,What is the best summary of the actions taken just now?,00:06:42,C,"['A. A worker checked an order ticket, filled a bag with food items, and placed the bag on the counter.', 'B. A worker retrieved a receipt, confirmed the order with the customer, and then handed the order to another worker.', 'C. A worker attached a ticket to a bag, moved to the front counter, and handed the bag to a customer.', 'D. A worker processed a payment, handed the change to a customer, and returned to the kitchen.']",multiple,Prior
Real-Time Visual Understanding_sample_346_1,Clips Summarize,What is the best summary of the actions performed just now?,00:00:10,C,"['A. The individual retrieved a bun, added ketchup, and served it to the customer.', 'B. The individual prepared a sandwich, added lettuce and turkey, and placed it on a tray.', 'C. The individual assembled a cheeseburger by retrieving cheese slices and placing them on buns.', 'D. The individual took a hot dog, added condiments, and wrapped it before serving.']",multiple,Concurrent
Real-Time Visual Understanding_sample_346_2,Clips Summarize,Which of the following options best summarizes the actions performed just now?,00:01:07,D,"['A. The individual retrieved a food tray, added vegetables, and handed it to a colleague.', 'B. The individual assembled a cheeseburger, prepared the packaging, and wrapped it.', 'C. The individual prepared a salad, selected dressing, and presented it for immediate delivery.', 'D. The individual checked order tickets, selected package.']",multiple,Concurrent
Real-Time Visual Understanding_sample_346_3,Clips Summarize,Which of the following options best summarizes the actions performed just now?,00:02:04,D,"['A. The individual prepared a sandwich by taking out bread, adding cheese, and toasting it.', 'B. The individual organized order tickets, prepared packaging materials, and assembled them for food items.', 'C. The individual operated the deep fryer to cook fries and then placed them into containers.', 'D. The individual checked order tickets, prepared the packaging, and organized prepared items.']",multiple,Concurrent
Real-Time Visual Understanding_sample_346_4,Clips Summarize,Which of the following options best summarizes the actions performed just now?,00:03:01,B,"['A. The individual retrieved a bun, added condiments, and wrapped it for serving.', 'B. The individual assembled a cheeseburger, placing cheese slices.', 'C. The individual cooked burger patties, added toppings, and handed them to a colleague.', 'D. The individual prepared the packaging boxes, placed burger patties in them, and added condiments.']",multiple,Concurrent
Real-Time Visual Understanding_sample_346_5,Clips Summarize,Which of the following options best summarizes the actions performed just now?,00:03:58,C,"['A. The individual took a food tray, assembled a hot dog, and handed it to a customer.', 'B. The individual retrieved burger buns, assembled cheeseburgers, and moved them to the packaging area.', 'C. The individual collected order tickets, retrieved package, and organized them for next turn.', 'D. The individual took the order tickets, prepared beverage cups, and filled them with various drinks.']",multiple,Concurrent
Real-Time Visual Understanding_sample_347_1,Clips Summarize,Which of the following options best summarizes the content of the video just shown?,00:00:10,C,"['A. An individual selects a burger bun, prepares the toppings, and hands it to a customer.', 'B. An individual uses a deep fryer to cook a basket of fries, then serves them with extra condiments.', 'C. An individual picks up a hamburger bun, assembles it with cheese.', 'D. An individual sets up a drink machine and serves multiple beverages to waiting customers.']",multiple,Concurrent
Real-Time Visual Understanding_sample_347_2,Clips Summarize,Which of the following options best summarizes the content of the video just shown?,00:03:18,B,"['A. An individual cleans the workspace, organizes ingredients, and prepares a station for making desserts.', 'B. An individual assembles multiple burgers by adding lettuce, cheese, and pickles, then places the patties on the buns.', 'C. An individual prepares sandwiches by slicing bread, spreading mayonnaise, adding lettuce and tomato, and topping with cheese.', 'D. An individual prepares a pasta dish by boiling noodles, adding sauce, and arranging it on plates.']",multiple,Concurrent
Real-Time Visual Understanding_sample_347_3,Clips Summarize,Which of the following options best summarizes the content of the video just shown?,00:06:18,A,"['A. An individual prepares a burger by toasting buns, adding sauce and pickles, and placing cheese slices on each bun.', 'B. An individual fries patties, adds ketchup and lettuce, and places them in a to-go box.', 'C. An individual wraps sandwiches, adds mustard and onions, and organizes them on a tray.', 'D. An individual makes an ice cream sundae by scooping ice cream, adding toppings, and serving it.']",multiple,Concurrent
Real-Time Visual Understanding_sample_347_4,Clips Summarize,Which of the following options best summarizes the actions taken just now?,00:09:21,B,"['A. An individual cleans the workspace, organizes ingredients, and sets up a drink machine.', 'B. An individual prepares a burger by assembling the bun, adding cheese, onions, and organizing the station with necessary toppings.', 'C. An individual slices vegetables for a salad, arranges them on a plate, and prepares the dressing.', 'D. An individual checks kitchen equipment, prepares a pasta dish, and serves it to customers.']",multiple,Concurrent
Real-Time Visual Understanding_sample_347_5,Clips Summarize,Which of the following options best summarizes the content of the video just shown?,00:12:26,A,"['A. An individual prepares a burger by selecting buns, adding ketchup, mustard, pickles, and a slice of cheese.', 'B. An individual assembles a taco by choosing toppings, adding salsa, and wrapping it tightly.', 'C. An individual makes a hot dog by grilling the sausage, placing it in a bun, and adding ketchup and mustard.', 'D. An individual prepares a salad by chopping vegetables, adding dressing, and tossing the ingredients.']",multiple,Concurrent
Real-Time Visual Understanding_sample_348_1,Clips Summarize,Which of the following options best summarizes the actions of the individual taken just now?,00:00:31,C,"['A. The individual organized serving trays and sanitized the preparation area.', 'B. The individual retrieved produce from the refrigerator and began chopping vegetables.', 'C. The individual replenished bread inventory by placing new buns onto the shelves.', 'D. The individual checked inventory levels and noted items lacking in stock.']",multiple,Concurrent
Real-Time Visual Understanding_sample_348_2,Clips Summarize,Which of the following options best summarizes the actions of the individual taken just now?,00:03:26,A,"['A. The individual prepared a burger by retrieving buns, and placing them on the package.', 'B. The individual organized utensils by sanitizing them and placing them back in their designated areas.', 'C. The individual cleaned the preparation area and refilled condiment dispensers.', 'D. The individual baked a batch of fresh buns and arranged them in an orderly manner.']",multiple,Concurrent
Real-Time Visual Understanding_sample_348_3,Clips Summarize,Which of the following options best summarizes the actions of the individual taken just now?,00:06:43,B,"['A. The individual arranged fresh vegetables on plates and prepared salads.', 'B. The individual topped burger buns with ketchup, onions.', 'C. The individual arranged freshly cut fruits into serving containers.', 'D. The individual prepared sandwiches by arranging cheese and lettuce on bread slices.']",multiple,Concurrent
Real-Time Visual Understanding_sample_348_4,Clips Summarize,Which of the following options best summarizes the actions of the individual taken just now?,00:10:07,B,"['A. The individual toasted the buns and added ketchup and mustard.', 'B. The individual placed two buns in boxes, added cheese slices, and added condiments.', 'C. The individual grilled burger patties and placed them on the buns with lettuce and pickles.', 'D. The individual wrapped sandwiches with paper and handed them to the customer.']",multiple,Concurrent
Real-Time Visual Understanding_sample_348_5,Clips Summarize,Which of the following options best summarizes the actions of the individual taken just now?,00:13:22,C,"['A. The individual selected burger buns, added patties, and placed them on a griddle.', 'B. The individual retrieved burger buns, added lettuce and sauces, and placed them on a tray.', 'C. The individual took burger buns, added lettuce and condiments, and arranged them on a preparation area.', 'D. The individual cleaned the preparation area, organized serving trays, and put away ingredients.']",multiple,Concurrent
Real-Time Visual Understanding_sample_349_1,Clips Summarize,Which of the following options best summarizes the content of the video just shown?,00:00:10,D,"['A. An employee prepares a breakfast sandwich, adds condiments, and serves it to the customer.', 'B. An employee prepares a sandwich, toasts the buns, adds sauce, lettuce, and serves it in a box.', 'C. An employee prepares a salad, chops vegetables, and arranges them in a bowl.', 'D. An employee prepares a burger, adds mayo, lettuce, and packs it in a box.']",multiple,Prior
Real-Time Visual Understanding_sample_349_2,Clips Summarize,Which of the following options best summarizes the worker's actions just now?,00:01:49,A,"['A. An employee prepares a burger, adds cheese, lettuce, and sauce, and packs it in a box.', 'B. An employee fries a chicken patty, adds mayo and lettuce, and packs it in a bag.', 'C. An employee prepares a sandwich, adds cucumbers, tomatoes, and sauce, and packs it in a wrap.', 'D. An employee prepares a vegan burger, adds vegan cheese, lettuce, and sauce, and packs it in a box.']",multiple,Concurrent
Real-Time Visual Understanding_sample_349_3,Clips Summarize,Which of the following options best summarizes the worker's actions just now?,00:03:28,A,"['A. The worker toasts a burger bun, adds tartar sauce and lettuce, and places the assembled burger back on the counter.', 'B. The worker grills a patty, adds ketchup and onions to the bun, and places the assembled burger in a bag.', 'C. The worker fetches ingredients from the refrigerator, cuts tomatoes, and adds them to a bowl.', 'D. The worker fries a fish fillet, adds mayo and pickles to a bun, and places the assembled sandwich in a wrap.']",multiple,Concurrent
Real-Time Visual Understanding_sample_349_4,Clips Summarize,Which of the following options best summarizes the employee's actions just now?,00:05:21,B,"['A. The employee prepared a chicken sandwich by toasting buns, adding mayonnaise and lettuce, and packing it in a box.', 'B. The employee prepared a fish burger by toasting buns, adding cheese, and placing it in a box.', 'C. The employee prepared a fish sandwich by toasting buns, adding tartar sauce and lettuce, and packing it in a box.', 'D. The employee prepared a veggie burger by toasting buns, adding vegetables, and packing it in a box.']",multiple,Concurrent
Real-Time Visual Understanding_sample_349_5,Clips Summarize,Which of the following options best summarizes the content of the video just shown?,00:06:46,C,"['A. The employee cooked and served fries, adding salt and packing them in a container.', 'B. The employee grilled a chicken patty, added lettuce and mayo, and packed the sandwich in a box.', 'C. The employee packed chicken nuggets into boxes.', 'D. The employee prepared a fish sandwich, adding tartar sauce and lettuce, and packed it in a paper wrap.']",multiple,Concurrent
Real-Time Visual Understanding_sample_350_1,Clips Summarize,Which of the following options best summarizes the actions of the individual just now?,00:00:12,D,"['A. The individual is cleaning trays, organizing workspaces, and baking bread in the oven.', 'B. The individual is taking an order, chopping vegetables, and making a quick salad.', 'C. The individual is preparing a dessert by mixing ingredients and placing them in the refrigerator.', 'D. The individual is putting on gloves, picking up a hot dog bun, and assembling a hot dog.']",multiple,Prior
Real-Time Visual Understanding_sample_350_2,Clips Summarize,Which of the following options best summarizes the actions of the individual just now?,00:02:31,D,"['A. The individual is taking an order, grilling a hamburger patty, and placing it in a bun.', 'B. The individual is preparing a sandwich by slicing bread, adding fillings, and wrapping it up.', 'C. The individual is filling a tray with fries, adding salt, and serving it to a customer.', 'D. The individual is putting on gloves, picking up a hot dog bun, adding the wiener, and preparing toppings.']",multiple,Concurrent
Real-Time Visual Understanding_sample_350_3,Clips Summarize,Which of the following options best summarizes the actions of the individual just now?,00:04:50,D,"['A. The individual is assembling pastries, adding icing, and placing them on a cooling rack.', 'B. The individual is grilling a hot dog, applying condiments, and wrapping it in foil.', 'C. The individual is chopping vegetables, tossing them into a bowl, and serving a salad.', 'D. The individual is assembling an order by packaging items into a paper bag and preparing it for delivery.']",multiple,Concurrent
Real-Time Visual Understanding_sample_350_4,Clips Summarize,Which of the following options best summarizes the actions of the individual just now?,00:07:39,D,"['A. The individual is arranging condiments on a counter and placing food items in the refrigerator.', 'B. The individual is taking orders from customers and showing them to their seats.', 'C. The individual is pouring beverages into cups and setting them on a tray for delivery.', 'D. The individual is putting on gloves, picking up a hot dog bun, adding the wiener, and preparing toppings.']",multiple,Concurrent
Real-Time Visual Understanding_sample_350_5,Clips Summarize,Which of the following options best summarizes the actions of the individual just now?,00:09:31,D,"['A. The individual is grilling a hamburger patty, adding cheese and condiments, and wrapping it up in paper.', 'B. The individual is filling a drink cup with a beverage, adding ice, and sealing it with a lid.', 'C. The individual is assembling a vegetarian wrap with fresh vegetables, dressing, and a tortilla.', 'D. The individual is preparing a hot dog, topping it with grilled onions and meat sauce, and wrapping it in wrapping paper.']",multiple,Concurrent
Real-Time Visual Understanding_sample_351_1,Clips Summarize,Which of the following options best summarizes the vendor's actions just now?,00:00:10,D,"['A. The vendor picked up multiple croissants, placed them into a box, and handed it to a customer.', 'B. The vendor rearranged pastries on the tray, cleaned the display glass, and took an order from a customer.', 'C. The vendor picked up a muffin, added nuts, and placed it onto a display dish.', 'D. The vendor selected a pastry using tongs, placed it into a paper bag.']",multiple,Prior
Real-Time Visual Understanding_sample_351_2,Clips Summarize,Which of the following options best summarizes the barista's actions just now?,00:02:10,D,"['A. The barista prepared a small cappuccino, added honey, and gave it to the customer.', 'B. The barista brewed a large black coffee, added sugar, and placed it on the counter for pickup.', 'C. The barista made an espresso shot, added milk, and served it with a croissant.', 'D. The barista poured a large latte, sealed the cup with a lid, and handed it over to the customer.']",multiple,Concurrent
Real-Time Visual Understanding_sample_351_3,Clips Summarize,Which of the following options best summarizes the barista's actions just now?,00:04:12,D,"['A. The barista picked up fruits to prepare a smoothie, blended them, and served it to a customer.', 'B. The barista prepared a double espresso, added cream, and served it with a cookie.', 'C. The barista brewed a pot of tea, added honey, and served it in a teapot to a customer.', 'D. The barista steamed milk, prepared orders of oat latte and soy flat white.']",multiple,Concurrent
Real-Time Visual Understanding_sample_351_4,Clips Summarize,Which of the following options best summarizes the barista's actions just now?,00:06:13,D,"['A. The barista arranged mugs on the counter, brought milk from the fridge, and cleaned the workspace.', 'B. The barista refilled the milk container, steamed milk, and cleaned the counter.', 'C. The barista cleaned the espresso machine, brewed espresso, and arranged cups for serving.', 'D. The barista grabbed milk cartons into the fridge, organized them, and prepared the workspace for further tasks.']",multiple,Concurrent
Real-Time Visual Understanding_sample_351_5,Clips Summarize,Which of the following options best summarizes the actions just now?,00:08:19,D,"['A. The cashier counted money in the register, sorted coins and bills, and printed the receipt.', 'B. The cashier scanned a barcode, weighed the item, and asked the customer for payment.', 'C. The cashier arranged items on the counter, packed them into a bag, and handed the bag to the customer.', 'D. The cashier picked items on the touchscreen, confirmed the order, and selected a payment option.']",multiple,Concurrent
Real-Time Visual Understanding_sample_352_1,Clips Summarize,Which of the following options best summarizes the actions taken just now?,00:00:10,B,"['A. An individual browsed through items in a refrigerator section of a store with a cloth in hand.', 'B. An individual walked through an establishment, apparently a café, holding a cloth and prepared to clean a table.', 'C. An individual picked up a jacket from a chair and folded it neatly to place it back.', 'D. An individual took a tray of food to serve a seated customer at a table.']",multiple,Concurrent
Real-Time Visual Understanding_sample_352_2,Clips Summarize,Which of the following options best summarizes the actions taken just now?,00:02:15,C,"['A. An individual was washing their hands and drying them with a towel.', 'B. An individual was organizing various kitchen utensils and cutlery in a drawer.', 'C. An individual was washing and rinsing a batch of dishes and cups in a sink.', 'D. An individual was preparing ingredients for a meal by chopping vegetables.']",multiple,Concurrent
Real-Time Visual Understanding_sample_352_3,Clips Summarize,Which of the following options best summarizes the actions taken just now?,00:04:20,B,"['A. An individual rearranged items in a refrigerator and then wiped the floors.', 'B. An individual disposed of trash, retrieved cleaning supplies, and started mopping the floor.', 'C. An individual washed dishes, emptied the trash, and cleaned the sink.', 'D. An individual served food to a customer and then started cleaning the countertops.']",multiple,Concurrent
Real-Time Visual Understanding_sample_352_4,Clips Summarize,Which of the following options best summarizes the actions taken just now?,00:06:25,A,"['A. An individual adjusted various settings on an electronic device, selected payment options.', 'B. An individual searched through web pages on a tablet, bookmarked a few articles, and saved them for later reading.', 'C. An individual played a game on a tablet, paused to check messages, and then defeated the final boss in the game.', 'D. An individual followed a recipe on a tablet screen, added ingredients to a bowl, and began the baking process.']",multiple,Concurrent
Real-Time Visual Understanding_sample_352_5,Clips Summarize,Which of the following options best summarizes the actions taken just now?,00:09:33,A,"['A. An individual made a cappuccino and a flat white with oat milk, and served them in takeaway cups.', 'B. An individual made an espresso and a latte, serving them in ceramic mugs for dine-in.', 'C. An individual prepared tea and hot chocolate for takeaway, using regular milk for both.', 'D. An individual brewed a strong filter coffee and an americano, serving them in large takeaway containers.']",multiple,Concurrent
Real-Time Visual Understanding_sample_353_1,Clips Summarize,Which of the following options best summarizes the actions taken by the individual just now?,00:00:10,A,"['A. The individual collected fried shrimp, walked to a counter, and placed them beside the mat.', 'B. The individual chopped vegetables, moved to a stove, and started frying them.', 'C. The individual took bread slices from a box, toasted them, and spread butter.', 'D. The individual handled raw fish, sliced it into pieces, and arranged it on a plate.']",multiple,Prior
Real-Time Visual Understanding_sample_353_2,Clips Summarize,Which of the following options best summarizes the actions taken by the individual just now?,00:03:12,B,"['A. The individual arranged slices of raw fish on a sushi mat and added some wasabi.', 'B. The individual collected fried shrimp, walked to a counter, and placed them on a sushi mat with vegetables.', 'C. The individual assembled a sandwich with various condiments and grilled it.', 'D. The individual prepared a salad by chopping vegetables and tossing them in a bowl.']",multiple,Concurrent
Real-Time Visual Understanding_sample_353_3,Clips Summarize,Which of the following options best summarizes the actions taken by the individual just now?,00:06:14,A,"['A. The individual prepared a sushi roll by adding avocado slices to a seaweed sheet.', 'B. The individual assembled a sandwich with various condiments and grilled it.', 'C. The individual prepared a salad by chopping vegetables and tossing them in a bowl.', 'D. The individual cooked a steak, added seasoning, and plated it with a side of vegetables.']",multiple,Concurrent
Real-Time Visual Understanding_sample_353_4,Clips Summarize,Which of the following options best summarizes the actions taken by the individual just now?,00:09:16,A,"['A. The individual selected various types of sushi rolls, placed them into a takeout box.', 'B. The individual picked up assorted pastries, placed them in a box, and packed it for an event.', 'C. The individual collected different kinds of fruits, placed them into a basket, and wrapped it with a decorative lining.', 'D. The individual arranged a selection of cookies in a box and added a ribbon for presentation.']",multiple,Concurrent
Real-Time Visual Understanding_sample_353_5,Clips Summarize,Which of the following options best summarizes the actions taken by the individual just now?,00:12:18,A,"['A. The individual assembled a sushi roll by adding greens.', 'B. The individual toasted bread, added avocado slices, and prepared a sandwich.', 'C. The individual chopped vegetables and added them to a cooking pot with water.', 'D. The individual prepared dessert by adding cream to a mix of fruits.']",multiple,Concurrent
Real-Time Visual Understanding_sample_354_1,Clips Summarize,Which of the following options best summarizes the actions of the individual taken just now?,00:00:10,C,"['A. The individual arranged dishes and served them to a customer in a kitchen setting.', 'B. The individual wiped down the countertops and sanitized the kitchen utensils.', 'C. The individual selected a glass, added ice from the ice maker.', 'D. The individual took various tools from a drawer and began assembling a device.']",multiple,Concurrent
Real-Time Visual Understanding_sample_354_2,Clips Summarize,Which of the following options best summarizes the actions of the individual taken just now?,00:02:24,B,"['A. The individual made a sandwich using fresh ingredients and served it on a plate.', 'B. The individual filled a pitcher with milk and steamed it.', 'C. The individual organized cutlery in a drawer and cleaned the kitchen area.', 'D. The individual cleaned the steaming wand and organized cups on a shelf.']",multiple,Concurrent
Real-Time Visual Understanding_sample_354_3,Clips Summarize,Which of the following options best summarizes the actions of the individual taken just now?,00:04:39,B,"['A. The individual cleaned the countertop and put away kitchen utensils.', 'B. This person cleaned the kitchen utensils used for making coffee.', 'C. The individual prepared a sandwich, wrapped it up, and served it to a customer.', 'D. The individual restocked supplies in a pantry and washed dishes.']",multiple,Concurrent
Real-Time Visual Understanding_sample_354_4,Clips Summarize,Which of the following options best summarizes the actions of the individual taken just now?,00:06:52,B,"['A. The individual arranged dishes on a table and served a customer.', 'B. The individual measured and cleaned the portafilter, weighed handle filter, and prepared it for brewing.', 'C. The individual wiped down the counters and organized kitchen utensils.', 'D. The individual prepared a sandwich, wrapped it, and handed it to a customer.']",multiple,Concurrent
Real-Time Visual Understanding_sample_354_5,Clips Summarize,Which of the following options best summarizes the actions of the individual taken just now?,00:09:06,B,"['A. The individual poured a latte into a to-go cup and handed it to a customer.', 'B. The individual set up the handle filter,and prepared an espresso shot.', 'C. The individual measured coffee grounds and cleaned the grinder.', 'D. The individual operated the espresso machine, steamed milk, and cleaned the milk frother.']",multiple,Concurrent
Real-Time Visual Understanding_sample_355_1,Clips Summarize,Which of the following options best summarizes the actions just taken?,00:00:10,C,"['A. The person brewed a pot of tea, added lemon, and served it.', 'B. The person prepared a glass of milk by measuring its weight and pouring it into a jug.', 'C. The person measured ground coffee beans, and gathered different types of milk alternatives.', 'D. The person set up the kitchen for baking by arranging flour, sugar, and eggs.']",multiple,Concurrent
Real-Time Visual Understanding_sample_355_2,Clips Summarize,Which of the following options best summarizes the actions just taken?,00:02:13,D,"['A. The person filled a cup with hot water, added a tea bag, and let it steep.', 'B. The person prepared a cup for a latte, steamed oat milk, and gathered different types of syrups.', 'C. The person filled a pitcher with water, added ice, and prepared to brew coffee.', 'D. The person steamed oat milk, and prepared to make a coffee.']",multiple,Concurrent
Real-Time Visual Understanding_sample_355_3,Clips Summarize,Which of the following options best summarizes the actions just taken?,00:04:16,B,"['A. The individual brewed a pot of tea and added a slice of lemon.', 'B. The individual cleaned a pitcher, filled it with milk, and steamed it.', 'C. The individual washed a jug, filled it with water, and placed it in a fridge.', 'D. The individual rinsed a coffee cup, added hot water, and wiped the counter.']",multiple,Concurrent
Real-Time Visual Understanding_sample_355_4,Clips Summarize,Which of the following options best summarizes the actions just taken?,00:06:19,B,"['A. The person prepared a glass of water and added a slice of lemon.', 'B. The person cleaned a kitchen surface, wiped it down, and dried it with a cloth.', 'C. The person used a spray bottle to sanitize the counter, then dried it with a towel.', 'D. The person wet a cloth, cleaned the surface with it, then dried it with paper towels.']",multiple,Concurrent
Real-Time Visual Understanding_sample_355_5,Clips Summarize,Which of the following options best summarizes the actions just taken?,00:08:20,B,"['A. The individual brewed a cup of coffee and set it on the counter.', 'B. The individual cleaned coffee grounds by a little broom and disposed of the waste in a bin.', 'C. The individual refilled the coffee grinder with fresh coffee beans.', 'D. The individual washed and dried a coffee cup before using it for a new drink.']",multiple,Concurrent
Real-Time Visual Understanding_sample_356_1,Clips Summarize,Which of the following options best summarizes the actions taken just now?,00:00:10,D,"['A. The person picked up a metal pitcher, cleaned it, and placed it back on the shelf.', 'B. The person heated a metal pitcher, added ingredients, and served them in a cup.', 'C. The person cleaned a metal pitcher, filled it with water, and placed it next to other pitchers.', 'D. The person retrieved one metal pitcher, steamed it, and returned the milk carton to the fridge.']",multiple,Prior
Real-Time Visual Understanding_sample_356_2,Clips Summarize,Which of the following options best summarizes the actions taken just now?,00:02:25,D,"['A. The person prepared a coffee mug, poured milk into it, and placed it under a coffee machine.', 'B. The person cleaned a coffee grinder, filled it with new beans, and started grinding the coffee.', 'C. The person filled a coffee pot with water, placed it in the machine, and added coffee grounds to the filter.', 'D. The person ground coffee beans, measured the coffee grounds on a scale, and adjusted the amount until it reached the desired weight.']",multiple,Concurrent
Real-Time Visual Understanding_sample_356_3,Clips Summarize,Which of the following options best summarizes the actions taken just now?,00:04:41,D,"['A. The person prepared a coffee, added sugar, and stirred it with a spoon.', 'B. The person brewed tea, added honey, and placed it on the counter to be served.', 'C. The person filled a cup with water, added ice, and handed it to a customer.', 'D. The person steamed milk, poured it into a cup with some green liquid, and created a latte art.']",multiple,Concurrent
Real-Time Visual Understanding_sample_356_4,Clips Summarize,Which of the following options best summarizes the actions taken just now?,00:06:57,D,"['A. The person rinsed the pitcher with cold water and placed it on a shelf.', 'B. The person brewed coffee and added milk to it before serving.', 'C. The person cleaned a coffee machine and replaced the portafilter.', 'D. The person steamed milk in a metal pitcher while setting a cup under an espresso machine.']",multiple,Concurrent
Real-Time Visual Understanding_sample_356_5,Clips Summarize,Which of the following options best summarizes the actions taken just now?,00:09:14,D,"['A. The person filled a coffee cup, placed it in the sink, and cleaned it with water.', 'B. The person ground coffee beans, measured the coffee grounds, and prepared a coffee pot.', 'C. The person retrieved a milk carton from the fridge, measured the milk, and placed it on the counter.', 'D. The person steamed the milk in one metal pitcher while shaking another metal pitcher simultaneously.']",multiple,Concurrent
Real-Time Visual Understanding_sample_357_1,Clips Summarize,Which of the following options best summarizes the actions that were just taken?,00:00:10,D,"['A. The individual brewed tea, poured it into a teacup, and added milk.', 'B. The individual steamed milk, poured it into a jug, and checked its temperature.', 'C. The individual made coffee, poured it into a cup, and added sugar.', 'D. The individual steamed milk, transferred it between jugs.']",multiple,Prior
Real-Time Visual Understanding_sample_357_2,Clips Summarize,Which of the following options best summarizes the actions taken just now?,00:02:16,D,"['A. The individual prepared a sandwich, added condiments, and served it on a plate.', 'B. The individual washed plates, dried them, and placed them in a cupboard.', 'C. The individual cooked pasta, drained it, and added sauce.', 'D. The individual cleaned a coffee station, wiped the counter, and organized items.']",multiple,Concurrent
Real-Time Visual Understanding_sample_357_3,Clips Summarize,Which of the following options best summarizes the actions taken just now?,00:04:20,D,"['A. The individual made a cup of tea, added honey, and stirred it.', 'B. The individual brewed a pot of coffee, poured it into a thermos, and placed it on the counter.', 'C. The individual cleaned a coffee cup, poured milk, and organized the counter.', 'D. This person cleaned the handle filter and placed it on the coffee machine.']",multiple,Concurrent
Real-Time Visual Understanding_sample_357_4,Clips Summarize,Which of the following options best summarizes the actions taken just now?,00:06:28,D,"['A. The individual made coffee, served it to a customer, and cleaned the table.', 'B. The individual prepared tea, added sugar, and arranged cups on a tray.', 'C. The individual cooked food, plated it, and cleaned the kitchen.', 'D. The individual cleaned a weighing scale, organized the countertop.']",multiple,Concurrent
Real-Time Visual Understanding_sample_357_5,Clips Summarize,Which of the following options best summarizes the actions taken just now?,00:08:34,D,"['A. The individual brewed coffee, added milk, and stirred it.', 'B. The individual steamed milk, poured it into a jug, and served it.', 'C. The individual prepared tea, added sugar, and served it in a teapot.', 'D. The individual cleaned a portafilter, filled another portafilter with coffee grounds and weighted it.']",multiple,Concurrent
Real-Time Visual Understanding_sample_358_1,Clips Summarize,Which of the following options best summarizes the barista's actions just now?,00:00:14,D,"['A. The barista cleaned the counter, sanitized cups, and organized coffee beans on the shelves.', 'B. The barista wiped down the espresso machine, added a new milk container, and prepared a cappuccino.', 'C. The barista organized the espresso machine, ground fresh coffee beans, and created a detailed latte art design.', 'D. The barista cleaned the milk frothing equipment, and brought the two cups of prepared espresso to the customers.']",multiple,Concurrent
Real-Time Visual Understanding_sample_358_2,Clips Summarize,Which of the following options best summarizes the bartender's actions just now?,00:01:55,D,"['A. The bartender filled a pitcher with beer and served it to customers at the bar.', 'B. The bartender cleaned the taps, filled a pitcher with hot water, and steeped tea bags in it.', 'C. The bartender prepared a fruit smoothie by blending fresh fruits and ice, then pouring it into a glass to serve.', 'D. The bartender steamed milk using a frothing wand, cleaned the wand, and combined the steamed milk with an espresso shot.']",multiple,Concurrent
Real-Time Visual Understanding_sample_358_3,Clips Summarize,Which of the following options best summarizes the actions taken by the individual just now?,00:03:33,D,"['A. The individual prepared coffee beans by weighing them, grinding them, and adjusting the grind size.', 'B. The individual brewed a coffee by immersing the beans in boiling water and stirring frequently.', 'C. The individual cleaned the coffee machine, steamed milk, and poured it into a cup to serve a cappuccino.', 'D. The individual prepared a portafilter with ground coffee, weighed it, and used a spoon to adjust the coffee amount.']",multiple,Concurrent
Real-Time Visual Understanding_sample_358_4,Clips Summarize,Which of the following options best summarizes the actions taken by the barista just now?,00:05:16,D,"['A. The barista steamed milk, weighed it, and poured it into a coffee cup.', 'B. The barista cleaned the coffee machine, weighed coffee grounds, and placed them into the portafilter.', 'C. The barista poured milk into a glass, placed it on a scale, and then threw the milk container away.', 'D. The barista poured milk into a measuring cup, weighed it, and then returned the container to the fridge.']",multiple,Concurrent
Real-Time Visual Understanding_sample_358_5,Clips Summarize,Which of the following options best summarizes the barista's actions just now?,00:06:55,D,"['A. The barista poured milk into a pitcher, steamed it, and then mixed it into a hot cup of coffee.', 'B. The barista filled a pitcher with milk, adjusted the coffee machine, rinsed the pitcher, and cleaned the counter area.', 'C. The barista filled a pitcher with milk, cleaned the pitcher, and prepared an iced coffee.', 'D. The barista poured milk into a glass, and steamed the milk in a pitcher.']",multiple,Concurrent
Real-Time Visual Understanding_sample_359_1,Clips Summarize,Which of the following options best summarizes the sequence of actions that just happened?,00:00:10,D,"['A. The person cleaned a cup, filled it with water, and placed it on a tray.', 'B. The person prepared utensils, boiled water, and served a customer.', 'C. The person washed a cup, brewed espresso, and poured it into a mug.', 'D. The person cleaned a pitcher, filled a glass with iced coffee.']",multiple,Prior
Real-Time Visual Understanding_sample_359_2,Clips Summarize,Which of the following options best summarizes the actions performed just now?,00:02:36,D,"['A. The person grabbed almond milk, prepared a latte, and handed it to a customer.', 'B. The person cleaned cups, filled a jug with almond milk, and adjusted the espresso machine settings.', 'C. The person made a cappuccino, added whipped cream, and served it on a tray.', 'D. The person picked up a box of almond milk, and poured milk into a pitcher.']",multiple,Concurrent
Real-Time Visual Understanding_sample_359_3,Clips Summarize,Which of the following options best summarizes the sequence of actions that just happened?,00:05:02,D,"['A. The person poured coffee into a to-go cup, cleaned the counter, and organized utensils.', 'B. The person poured milk into a cup, placed it in the sink, and threw away a lid.', 'C. The person grabbed a to-go cup, dumped its content into the trash, and cleaned the brewer.', 'D. The person picked up an iced coffee and drank it, disposed of a cup into the trash.']",multiple,Concurrent
Real-Time Visual Understanding_sample_359_4,Clips Summarize,Which of the following options best summarizes the sequence of actions that just happened?,00:07:28,D,"['A. The person cleaned a coffee machine, prepared a cup, and served an espresso.', 'B. The person prepared a coffee pot, filled it with water, and brewed a pot of coffee.', 'C. The person picked up a milk pitcher, steamed milk, and poured it into a cup.', 'D. The person grabbed a portafilter, filled it with coffee grounds, weighed it, and adjusted the amount with a spoon.']",multiple,Concurrent
Real-Time Visual Understanding_sample_359_5,Clips Summarize,Which of the following options best summarizes the sequence of actions that just happened?,00:09:54,D,"['A. The person grabbed a glass, picked a lid, and filled the glass with water.', 'B. The person picked up a glass, inspected it, and placed it on the counter.', 'C. The person picked up glasses, stacked them, and put them aside.', 'D. The person grabbed a glass, examined it, and walked towards another area.']",multiple,Concurrent
Real-Time Visual Understanding_sample_360_1,Clips Summarize,Which of the following options best summarizes the actions taken just now?,00:00:10,A,"['A. The individual prepared a cup of matcha tea by scooping matcha powder, and whisking it.', 'B. The individual prepared a cup of coffee by grinding the beans, brewing the coffee, and serving it in a mug.', 'C. The individual prepared a cup of herbal tea by selecting herbs, placing them in a teapot, adding boiling water, and steeping it.', 'D. The individual prepared a smoothie by blending fruits, adding milk, and pouring it into a glass.']",multiple,Prior
Real-Time Visual Understanding_sample_360_2,Clips Summarize,Which of the following options best summarizes the actions taken just now?,00:02:20,A,"['A. The individual made a glass of iced water by filling a glass with ice cubes.', 'B. The individual prepared a cup of cold brew coffee by adding milk, stirring it, and placing it on a tray.', 'C. The individual filled a glass with ice cubes from the ice machine using a blue scoop.', 'D. The individual brewed a fresh cup of iced tea by mixing the tea concentrate with water and ice.']",multiple,Concurrent
Real-Time Visual Understanding_sample_360_3,Clips Summarize,Which of the following options best summarizes the actions taken just now?,00:04:32,A,"['A. The individual cleaned a portafilter, and placed it on the table.', 'B. The individual retrieved a tool, refilled it using a coffee grinder, and rinsed it under a faucet.', 'C. The individual placed a filter into a coffee maker, filled it with grounds, and started the brewing process.', 'D. The individual selected a mug, filled it with milk, and placed it under a milk frother.']",multiple,Concurrent
Real-Time Visual Understanding_sample_360_4,Clips Summarize,Which of the following options best summarizes the actions taken just now?,00:06:45,A,"['A. The individual steamed milk, prepared espresso, grabbed a cloth, and cleaned the workstation.', 'B. The individual filled a pitcher with water, added coffee grounds, and placed it in the refrigerator to brew.', 'C. The individual poured milk into a coffee cup, added ice cubes, and stirred using a spoon.', 'D. The individual brewed coffee, poured it over ice, and then added sweeteners before stirring.']",multiple,Concurrent
Real-Time Visual Understanding_sample_360_5,Clips Summarize,Which of the following options best summarizes the actions taken just now?,00:08:54,A,"['A. The individual cleaned a portafilter, weighed it, and began adding coffee ground to it.', 'B. The individual brewed coffee and filled a thermos with it before capping it off.', 'C. The individual prepared a cup of tea by boiling water, adding tea leaves, and waiting for it to steep.', 'D. The individual cleaned a cup, added milk, and placed it in the microwave to heat.']",multiple,Concurrent
Real-Time Visual Understanding_sample_361_1,Clips Summarize,Which of the following options best summarizes the content of the video just shown?,00:00:10,A,"['A. An individual adjusts the settings on a coffee grinder, preparing it for use.', 'B. An individual sets the timer on a toaster oven, ready to bake.', ""C. An individual calibrates an oven's temperature for baking pastries."", 'D. An individual measures the exact amount of coffee grounds for a recipe.']",multiple,Concurrent
Real-Time Visual Understanding_sample_361_2,Clips Summarize,What is the best summary of the actions performed just now?,00:02:05,A,"['A. The individual prepared a coffee by grinding the beans and operating an espresso machine.', 'B. The individual assembled a sandwich with various ingredients and served it to a customer.', 'C. The individual organized a stationary set, placing pens and pencils in a container.', 'D. The individual arranged some tools on a workbench, preparing for a repair task.']",multiple,Concurrent
Real-Time Visual Understanding_sample_361_3,Clips Summarize,Which of the following options best summarizes the content of the video just shown?,00:04:00,A,"['A. A person is preparing for steaming the milk.', 'B. A barista prepares and serves a complex coffee drink, adjusting various machines and ingredients to ensure perfection.', 'C. An individual prepares various ingredients for a large meal, organizing and setting them on a counter.', 'D. A chef expertly places different kitchen tools in an organized manner to prepare for a cooking session.']",multiple,Concurrent
Real-Time Visual Understanding_sample_361_4,Clips Summarize,Which of the following options best summarizes the actions of the individual just now?,00:05:55,A,"['A. The individual ground coffee beans, tamped the coffee grounds, and prepared an espresso shot.', 'B. The individual operated a juicer, filled a glass with orange juice, and served it to a customer.', 'C. The individual brewed a pot of tea, poured it into cups, and arranged cookies on a plate.', 'D. The individual prepared a milkshake, added toppings, and served it with a straw.']",multiple,Concurrent
Real-Time Visual Understanding_sample_361_5,Clips Summarize,Which of the following options best summarizes the action just taken by the individual?,00:07:50,A,"['A. The individual is steaming the milk.', 'B. The individual is arranging paper cups for use.', 'C. The individual is preparing a drink by adding a mixer.', 'D. The individual is cleaning a stainless steel jug.']",multiple,Concurrent
Real-Time Visual Understanding_sample_362_1,Clips Summarize,Which of the following options best summarizes the actions of the barista taken just now?,00:00:10,B,"['A. The barista prepared a cappuccino, stirred it, and served it to a customer.', 'B. The barista steamed milk, prepared two lattes, and began making a new latte.', 'C. The barista brewed coffee, added sugar and cream, and handed it to a customer.', 'D. The barista made a latte, added cocoa powder, and served it to a customer.']",multiple,Concurrent
Real-Time Visual Understanding_sample_362_2,Clips Summarize,Which of the following options best summarizes the actions taken just now?,00:02:18,A,"['A. The worker prepared an espresso by measuring coffee grounds, tamping them, and placing them in the machine.', 'B. The worker prepared a cup of tea by measuring loose leaves, placing them in a pot, and adding hot water.', 'C. The worker cleaned the coffee machine and sorted cups for the next order.', 'D. The worker brewed a fresh pot of coffee by measuring water and coffee grounds, then starting the machine.']",multiple,Concurrent
Real-Time Visual Understanding_sample_362_3,Clips Summarize,Which of the following options best summarizes the actions taken just now?,00:03:58,B,"['A. The individual cleaned the coffee machine and placed a cup on the scale.', 'B. The individual measured cocoa powder into a pitcher.', 'C. The individual selected a cup, poured coffee grounds into it, and added hot water.', 'D. The individual brewed fresh coffee by placing a new filter and coffee grounds into the machine.']",multiple,Concurrent
Real-Time Visual Understanding_sample_362_4,Clips Summarize,Which of the following options best summarizes the actions taken just now?,00:06:02,C,"['A. The individual placed the milk jug under the steamer, wiped the machine, and steamed the milk.', 'B. The individual brewed a fresh cup of coffee, cleaned the counter, and served the drink.', 'C. The individual cleaned the work area, steamed milk, and prepared a milk-based beverage.', 'D. The individual restocked supplies, brewed coffee, and served it to a customer.']",multiple,Concurrent
Real-Time Visual Understanding_sample_362_5,Clips Summarize,Which of the following options best summarizes the actions taken just now?,00:07:47,B,"['A. The individual brewed a fresh cup of tea, added sugar, and served it to a customer.', 'B. The individual steamed milk, prepared a latte, and added a lid to the cup.', 'C. The individual prepared an espresso shot, cleaned the coffee machine, and discarded used grounds.', 'D. The individual restocked the cups, cleaned the counter, and replaced the lids.']",multiple,Concurrent
Real-Time Visual Understanding_sample_363_1,Clips Summarize,Which of the following options best summarizes the actions taken just now?,00:00:10,C,"['A. An individual ground coffee beans, weighed the coffee, and started brewing the coffee.', 'B. An individual added condiments to a ready-made espresso shot and served it to a customer.', 'C. An individual prepared a cup of coffee by grinding beans and tamping it.', 'D. An individual poured milk and water into a cup and served a latte.']",multiple,Prior
Real-Time Visual Understanding_sample_363_2,Clips Summarize,Which of the following options best summarizes the actions taken just now?,00:02:09,A,"['A. An individual prepared two cups of iced coffee, sealed the lids, and placed them on the counter.', 'B. An individual brewed two cups of hot coffee, added sugar, and handed them to customers.', 'C. An individual cleaned the coffee machine and stored the coffee cups.', 'D. An individual took out coffee supplies from storage and organized them on the shelf.']",multiple,Concurrent
Real-Time Visual Understanding_sample_363_3,Clips Summarize,Which of the following options best summarizes the actions taken just now?,00:04:11,B,"['A. The individual brewed a fresh pot of coffee, added sugar, and handed it to the customer.', 'B. The individual added a straw to an iced coffee, stirred it, and handed it to the customer.', 'C. The individual took a hot coffee, added a lid, and placed it in a tray.', 'D. The individual steamed milk, poured it into a cup, and added cinnamon topping.']",multiple,Concurrent
Real-Time Visual Understanding_sample_363_4,Clips Summarize,Which of the following options best summarizes the actions taken just now?,00:06:00,B,"['A. The individual cleaned tables and collected used cups from the customers in a cafe.', 'B. The individual took packaged sugar and served them to customers at a table.', 'C. The individual cleaned the espresso machine and arranged the utensils on the counter.', 'D. The individual arranged pastries on a display counter for customers.']",multiple,Concurrent
Real-Time Visual Understanding_sample_363_5,Clips Summarize,Which of the following options best summarizes the actions taken just now?,00:08:06,B,"['A. The individual cleaned up spilled milk and put milk containers back in the refrigerator.', 'B. The individual brewed three cups of coffee, and disposed of used coffee grounds.', 'C. The individual cleaned the coffee machine and arranged the cups neatly on the counter.', 'D. The individual brewed a fresh pot of coffee and added sugar and milk before serving it.']",multiple,Concurrent
Real-Time Visual Understanding_sample_364_1,Clips Summarize,Which of the following options best summarizes the actions taken just now?,00:00:08,C,"['A. The individual poured milk into a cup, stirred it, and then took it to the customer.', 'B. The individual brewed a pot of tea, poured it into a thermal flask, and brought it to a table.', 'C. The individual finished preparing a latte, placed it alongside a black coffee.', 'D. The individual selected pastries from a display case, packed them in a box, and handed them to a customer.']",multiple,Prior
Real-Time Visual Understanding_sample_364_2,Clips Summarize,Which of the following options best summarizes the actions taken just now?,00:03:04,B,"['A. The individual checked order status on a tablet, cleaned a countertop area, and served a sandwich.', 'B. The individual prepared matcha, carried the matcha to a sink, and then checked order details on a tablet.', 'C. The individual brewed coffee, poured it into a cup, and then prepared a latte with milk.', 'D. The individual selected utensils, eco-certified cleaning solutions, and organized a storage area.']",multiple,Concurrent
Real-Time Visual Understanding_sample_364_3,Clips Summarize,Which of the following options best summarizes the actions taken just now?,00:05:58,B,"['A. The individual selected tea leaves, boiled water, and brewed a fresh pot of tea.', 'B. The individual poured milk into a metal jug, steamed the milk, and prepared it for use.', 'C. The individual prepared an espresso shot, added steamed milk, and created latte art.', 'D. The individual grabbed utensils, washed them, and organized them on a drying rack.']",multiple,Concurrent
Real-Time Visual Understanding_sample_364_4,Clips Summarize,Which of the following options best summarizes the actions taken just now?,00:08:51,B,"['A. The individual filled a cup with hot water, steeped a tea bag, and served the tea to a customer.', 'B. The individual poured milk into a container, steamed it, and cleaned the workstation with a cloth.', 'C. The individual brewed a pot of coffee, poured it into multiple cups, and served it to customers.', 'D. The individual mixed various ingredients into a jug, prepared a smoothie, and cleaned the blender.']",multiple,Concurrent
Real-Time Visual Understanding_sample_364_5,Clips Summarize,Which of the following options best summarizes the actions taken just now?,00:11:46,B,"['A. The individual poured hot water into a cup, steeped the tea, and served it.', 'B. The individual weighed matcha powder.', 'C. The individual mixed chocolate powder into a glass and added hot milk.', 'D. The individual cleaned the workspace with a cloth and disposed of the trash.']",multiple,Concurrent
Real-Time Visual Understanding_sample_365_1,Clips Summarize,What action sequence was taken just now by the individual working with the coffee machine?,00:00:10,D,"['A. The individual brewed tea, added sugar and milk, and served it with biscuits.', 'B. The individual prepared an espresso, added whipped cream, and served it in a glass.', 'C. The individual brewed coffee, added cream, and stirred it before serving.', 'D. The individual operated an espresso machine, brewed a shot of espresso, and pour the milk into a cup.']",multiple,Prior
Real-Time Visual Understanding_sample_365_2,Clips Summarize,Which of the following options best summarizes the actions taken just now by the barista?,00:02:27,A,"['A. The barista measured coffee grounds in the portafilter, locked the portafilter into the espresso machine, and added coffee grounds into it.', 'B. The barista cleaned the espresso machine, prepared the milk pitcher, and steamed milk.', 'C. The barista brewed a cup of tea, added lemon, and served it to a customer.', 'D. The barista ground coffee beans, prepared a French press, and set it aside to steep.']",multiple,Concurrent
Real-Time Visual Understanding_sample_365_3,Clips Summarize,What sequence of actions did the barista perform just now with the steamed milk?,00:04:43,B,"['A. The barista poured milk into a cup, cleaned the espresso machine, and prepared a new cup.', 'B. The barista steamed the milk, wiped the steam wand, and placed the milk pitcher down.', 'C. The barista brewed coffee, steamed milk, and added sugar to the cup.', 'D. The barista measured milk, adjusted the machine settings, and poured the milk into a new pot.']",multiple,Concurrent
Real-Time Visual Understanding_sample_365_4,Clips Summarize,Which of the following options best summarizes the actions taken just now by the individual with the coffee grinder?,00:07:00,B,"['A. The individual operated the coffee grinder, collected ground coffee in a metal pitcher, and mixed it with water.', 'B. The individual adjusted the coffee grinder settings, and transferred the grounds to a portafilter.', 'C. The individual poured whole coffee beans into the grinder, ground them into a container, and stored the container for later use.', 'D. The individual set the coffee grinder, filled it with milk, and brewed a latte.']",multiple,Concurrent
Real-Time Visual Understanding_sample_365_5,Clips Summarize,Which of the following options best summarizes the actions taken just now by the individual with the coffee grounds?,00:09:18,C,"['A. The individual measured coffee grounds, tamped them into a portafilter, and locked it into an espresso machine.', 'B. The individual adjusted the grinder settings, measured coffee grounds, and transferred them to a filter.', 'C. The individual weighed portafilter, added coffee grounds into a glass container from a portafilter with a spoon.', 'D. The individual prepared a batch of coffee grounds, cleaned the countertop, and disposed of extra grounds.']",multiple,Concurrent
Real-Time Visual Understanding_sample_366_1,Clips Summarize,What activity is being performed just now?,00:00:10,A,"['A. Grinding coffee beans and weighing the ground coffee.', 'B. Brewing a pot of tea using loose leaves and boiling water.', 'C. Preparing a smoothie with various fruits and a blender.', 'D. Making a sandwich with multiple layers of ingredients.']",multiple,Concurrent
Real-Time Visual Understanding_sample_366_2,Clips Summarize,Which of the following options best summarizes the activity performed just now?,00:02:33,A,"['A. A person is cleaning a metal surface with a cloth and checking its condition.', 'B. A person is painting a metal surface with a brush.', 'C. A person is repairing an electronic device using tools.', 'D. A person is assembling parts of a mechanical device.']",multiple,Concurrent
Real-Time Visual Understanding_sample_366_3,Clips Summarize,Which of the following options best summarizes the activity performed just now?,00:04:56,A,"['A. Preparing an espresso by grinding coffee beans, measuring the coffee, and extracting the shot.', 'B. Cleaning and sanitizing a workspace in preparation for a new task.', 'C. Operating kitchen equipment to bake a batch of cookies.', 'D. Conducting a detailed inspection and maintenance of a coffee machine.']",multiple,Concurrent
Real-Time Visual Understanding_sample_366_4,Clips Summarize,Which of the following options best summarizes the activity performed just now?,00:07:19,A,"['A. Preparing an espresso and stirring it.', 'B. Brewing a pot of tea and adding sugar.', 'C. Mixing ingredients for a cake batter.', 'D. Cleaning and sanitizing a kitchen workspace.']",multiple,Concurrent
Real-Time Visual Understanding_sample_366_5,Clips Summarize,Which of the following options best summarizes the activity performed just now?,00:09:42,A,"['A. Weighing coffee grounds and tamping them into a portafilter.', 'B. Cleaning the coffee machine and setting it up for a new brew.', 'C. Preparing a tray of cookies for baking in the oven.', 'D. Cleaning and arranging the kitchen workspace.']",multiple,Concurrent
Real-Time Visual Understanding_sample_367_1,Clips Summarize,Which of the following options best summarizes the recent actions taken just now?,00:00:10,D,"['A. The individual cleaned a machine, selected a sandwich, and prepared it for a customer.', 'B. The individual set a table with utensils, organized a menu, and greeted a guest.', 'C. The individual washed dishes, stacked them, and prepared a meal.', 'D. The individual positioned the portafilter, ground coffee into it, and cleaned the portafilter.']",multiple,Prior
Real-Time Visual Understanding_sample_367_2,Clips Summarize,Which of the following options best summarizes the actions taken just now?,00:02:08,D,"['A. The individual brewed a pot of tea, added honey, and served it to a customer.', 'B. The individual prepared a bowl of soup, garnished it with herbs, and handed it over.', 'C. The individual mixed a smoothie, poured it into a glass, and placed it on the counter.', 'D. The individual poured frothed milk into a cup of coffee, creating latte art.']",multiple,Concurrent
Real-Time Visual Understanding_sample_367_3,Clips Summarize,Which of the following options best summarizes the actions taken just now?,00:04:06,D,"['A. The individual removed a foil cover from a container, stirred a hot soup, and served it to a customer.', 'B. The individual picked up a plastic container, opened the lid, and prepared the contents for blending.', 'C. The individual placed a small container back on the shelf after stirring its contents and wiped the counter.', 'D. This individual put a plastic lid on a prepared iced latte.']",multiple,Concurrent
Real-Time Visual Understanding_sample_367_4,Clips Summarize,Which of the following options best summarizes the actions taken just now?,00:06:04,D,"['A. The individual selected a teapot, steeped tea leaves, and poured the tea into a cup.', 'B. The individual prepared a smoothie by blending ingredients, pouring it into a glass, and garnishing it.', 'C. The individual washed a tea strainer, added herbs into it, and boiled water.', 'D. The individual tamped coffee grounds, and prepared to extract an espresso shot.']",multiple,Concurrent
Real-Time Visual Understanding_sample_367_5,Clips Summarize,Which of the following options best summarizes the recent actions taken just now?,00:08:02,D,"['A. The individual washed a coffee cup, set it down, and filled it with milk.', 'B. The individual cleaned a teapot, boiled water, and steeped tea leaves.', 'C. The individual prepared a paper cup, filled it with brewed tea, and added a slice of lemon.', 'D. The individual wiped and cleaned the portafilter, weighted the portafilter, and adjusted the grinder settings.']",multiple,Concurrent
Real-Time Visual Understanding_sample_368_1,Clips Summarize,Which of the following options best summarizes the actions occurring just now?,00:00:10,D,"['A. A barista prepares a hot beverage, adds sugar, stirs, and serves it with a lid.', 'B. A barista retrieves an ingredient from a drawer, prepares a cold drink, adds a straw, and serves it.', 'C. A barista prepares a cold drink, adds whipped cream, and hands it to a customer without a lid.', 'D. A barista prepares a hot beverage, retrieves a lid, adds it, and passes it to a customer.']",multiple,Concurrent
Real-Time Visual Understanding_sample_368_2,Clips Summarize,Which of the following options best summarizes the actions occurring just now?,00:01:57,D,"['A. An individual fills a cup with water, places it in a microwave, and heats it.', 'B. An individual measures out flour, sifts it into a bowl, and prepares to bake bread.', 'C. An individual cuts vegetables, arranges them on a plate, and garnishes with herbs.', 'D. An individual prepares a cup of coffee by gathering supplies and opening a coffee bag with scissors.']",multiple,Concurrent
Real-Time Visual Understanding_sample_368_3,Clips Summarize,Which of the following options best summarizes the actions taking place just now?,00:03:44,D,"['A. An individual measures coffee beans, grinds them, and prepares the ground coffee in a portafilter.', 'B. An individual weighs ground coffee, adjusts the grinder settings, and grinds more beans.', 'C. An individual selects coffee beans, roasts them, and prepares them for grinding.', 'D. An individual adds coffee grounds to a portafilter, weighs it, and uses a spoon to adjust it.']",multiple,Concurrent
Real-Time Visual Understanding_sample_368_4,Clips Summarize,Which of the following options best summarizes the actions occurring just now?,00:05:30,D,"['A. An individual grinds coffee beans, pours them into a filter, and makes a pour-over coffee.', 'B. An individual selects a coffee pod, inserts it into a machine, and prepares a cup of coffee.', 'C. An individual brews a pot of coffee, pours it into a carafe, and serves it to customers.', 'D. An individual measures coffee grounds, tamps them, and prepares an espresso.']",multiple,Concurrent
Real-Time Visual Understanding_sample_368_5,Clips Summarize,Which of the following options best summarizes the actions occurring just now?,00:07:18,D,"['A. An individual measured coffee beans, ground them, and filled a cup with the ground coffee.', 'B. An individual steamed milk, brewed an espresso, and combined them to make a latte.', 'C. An individual brewed coffee, added sugar, and served it with a stir stick.', 'D. An individual brewed an espresso, poured milk into it, and adorned it with a latte art heart.']",multiple,Concurrent
Real-Time Visual Understanding_sample_369_1,Clips Summarize,Which of the following options best summarizes the actions just now?,00:00:10,D,"['A. The individual cleans the espresso machine and places the portafilter in position.', 'B. The individual grinds coffee beans, tamps the ground coffee, and brews an espresso shot.', 'C. The individual serves a coffee beverage, cleans up the work area, and restocks coffee supplies.', 'D. The individual steams the milk using the steam wand, and prepares it for a coffee beverage.']",multiple,Prior
Real-Time Visual Understanding_sample_369_2,Clips Summarize,Which of the following options best summarizes the actions just now?,00:02:00,D,"['A. The individual prepares a hot beverage by steaming milk and selecting a paper cup.', 'B. The individual clears the espresso machine area by wiping it clean, rearranging cups, and replacing a filter.', 'C. The individual operates the deep fryer to prepare a food item, setting the timer and monitoring the cooking process.', 'D. The individual brews an espresso shot by grinding beans, tamping them, and inserting the portafilter into the machine.']",multiple,Concurrent
Real-Time Visual Understanding_sample_369_3,Clips Summarize,Which of the following options best summarizes the actions just now?,00:03:50,D,"['A. The individual brews an espresso shot, mixes it with hot water to create an Americano, and places it on the counter.', 'B. The individual dismantles the espresso machine, cleans each part thoroughly, and reassembles it.', 'C. The individual heats milk on the stovetop, pours it into a blender, and prepares a smoothie.', 'D. The individual operates the espresso machine, froths milk using the steam wand.']",multiple,Concurrent
Real-Time Visual Understanding_sample_369_4,Clips Summarize,Which of the following options best summarizes the actions just now?,00:05:40,D,"['A. The individual inserts the portafilter into the espresso machine and begins making an espresso shot.', 'B. The individual cleans the coffee grinder and refills it with new coffee beans.', 'C. The individual inspects the coffee machine, runs a cleaning cycle, and restocks the supply tray.', 'D. The individual measures ground coffee, fills the portafilter, and use spoon to adjust it.']",multiple,Concurrent
Real-Time Visual Understanding_sample_369_5,Clips Summarize,Which of the following options best summarizes the actions just now?,00:07:30,D,"['A. The individual rinses out a used cup and places it in the dishwasher.', 'B. The individual refills the coffee machine with water and prepares it for brewing.', 'C. The individual measures out coffee grounds and places them into the portafilter.', 'D. The individual fills a glass with ice cubes from a container.']",multiple,Concurrent
Real-Time Visual Understanding_sample_370_1,Clips Summarize,Which of the following options best summarizes the actions taken just now?,00:00:10,B,"['A. Prepared a cup of coffee, added milk, and served it with biscuits on the side.', 'B. Cleaned the coffee machine, and wiped down the counter.', 'C. Cleaned a cup of coffee, added sugar and cream, and handed it to a customer.', 'D. Assembled a coffee machine, ground coffee beans, and served coffee to a customer.']",multiple,Prior
Real-Time Visual Understanding_sample_370_2,Clips Summarize,Which of the following options best summarizes the actions taken just now?,00:01:52,C,"['A. Filled a pitcher with almond milk, prepared a blender, and blended a smoothie.', 'B. Poured milk into a jug, steamed it, and prepared a latte for a customer.', 'C. Poured milk into a pitcher, cleaned the workspace, and dumped the used coffee grounds.', 'D. Selected multiple milk alternatives, tasted each, and served samples to customers.']",multiple,Concurrent
Real-Time Visual Understanding_sample_370_3,Clips Summarize,Which of the following options best summarizes the actions taken just now?,00:03:34,B,"['A. Poured water into a cup, added instant coffee, and stirred it.', 'B. Poured espresso into a cup, added steamed milk, and created a latte art.', 'C. Brewed tea, added sugar, and placed the cup on a tray.', 'D. Poured espresso into a cup, cleaned the area, and served the drink without milk.']",multiple,Concurrent
Real-Time Visual Understanding_sample_370_4,Clips Summarize,Which of the following options best summarizes the actions taken just now?,00:05:16,C,"['A. The individual poured milk into a cup, added sugar, and mixed it, then served the drink to a customer.', 'B. The individual poured milk into an espresso shot, added syrup, and served a flavored coffee drink to a customer.', 'C. The individual steamed milk, poured it into an espresso shot, and created a latte art before serving it.', 'D. The individual brewed coffee, added cream and sugar, then served it to a customer.']",multiple,Concurrent
Real-Time Visual Understanding_sample_370_5,Clips Summarize,Which of the following options best summarizes the actions taken just now?,00:06:58,B,"['A. The individual cleaned the coffee machine, refilled the water tank, and wiped the counter.', 'B. The individual ground the coffee, tamped it, locked the portafilter, and started brewing a shot of espresso.', 'C. The individual steamed milk, poured it into a pitcher, and created latte art.', 'D. The individual packaged pastries, displayed them, and organized the counter.']",multiple,Concurrent
Real-Time Visual Understanding_sample_371_1,Clips Summarize,Which of the following options best summarizes the actions taken just now?,00:00:10,B,"['A. The individual brewed a fresh cup of espresso and served it to a customer.', 'B. The individual steamed milk using an espresso machine, frothing it to create foam.', 'C. The individual prepared a cappuccino by adding steamed milk and coffee.', 'D. The individual cleaned the espresso machine and prepared it for the next use.']",multiple,Concurrent
Real-Time Visual Understanding_sample_371_2,Clips Summarize,Which of the following options best summarizes the actions taken just now?,00:02:07,C,"['A. The individual brewed a cup of espresso and added a stencil for decoration.', 'B. The individual cleaned the espresso machine and prepared to shut down the station.', 'C. The individual prepared a cappuccino, added a stencil design.', 'D. The individual organized the counter, placed cups and lids in position, and cleaned up the area.']",multiple,Concurrent
Real-Time Visual Understanding_sample_371_3,Clips Summarize,Which of the following options best summarizes the actions just shown?,00:04:04,D,"['A. The individual adjusted the settings on a coffee machine, printed a receipt, and placed an order for a beverage.', 'B. The individual cleaned the counter, arranged cups, and made the station more organized.', 'C. The individual steamed milk, brewed coffee, and served a cappuccino.', 'D. The individual adjusted coffee machine settings, added coffee to cups while organizing printed receipts.']",multiple,Concurrent
Real-Time Visual Understanding_sample_371_4,Clips Summarize,Which of the following options best summarizes the content just shown?,00:06:01,D,"['A. The individual brewed a fresh pot of coffee and served it to a customer.', 'B. The individual steamed milk, brewed coffee, and arranged cups for service.', 'C. The individual cleaned the counter, organized receipts, and served a latte.', 'D. The individual prepared a latte, added a design to the foam, and sealed the cup with a lid.']",multiple,Concurrent
Real-Time Visual Understanding_sample_371_5,Clips Summarize,Which of the following options best summarizes the actions taken just now?,00:08:04,B,"['A. The individual adjusted the coffee machine settings, brewed a fresh cup of coffee, and served it to a customer.', 'B. The individual cleaned the coffee portafilter, filled another portafilter with fresh coffee grounds.', 'C. The individual steamed milk, added it to a cup, and placed it on the counter for serving.', 'D. The individual cleaned the glasses, organized the workspace.']",multiple,Concurrent
Real-Time Visual Understanding_sample_372_1,Clips Summarize,Which of the following options best summarizes the actions taken just now?,00:00:10,D,"['A. The individual makes an espresso shot, adds water to it, and prepares it for serving.', 'B. The individual heats water, measures coffee grounds, and prepares coffee in a French press.', 'C. The individual collects various ingredients, chops them, and prepares a fresh smoothie.', 'D. The individual picks up a milk jug, pours milk into a metal pitcher.']",multiple,Concurrent
Real-Time Visual Understanding_sample_372_2,Clips Summarize,Which of the following options best summarizes the actions taken just now?,00:01:29,D,"['A. The individual washed the espresso machine parts and prepared fresh coffee grounds.', 'B. The individual brewed tea leaves and poured tea into a cup.', 'C. The individual mixed ingredients in a blender to prepare a smoothie.', ""D. The individual steamed milk using an espresso machine's steam wand and wiped the steam wand clean.""]",multiple,Concurrent
Real-Time Visual Understanding_sample_372_3,Clips Summarize,Which of the following options best summarizes the actions taken just now?,00:02:45,D,"['A. The individual prepares espresso shots while organizing coffee cups and saucers.', 'B. The individual brews tea, rinses teapots, and places them on a drying rack.', 'C. The individual purchases new coffee supplies and stores them in the kitchen cabinets.', 'D. The individual cleans several milk frothing pitchers, rinsing them under running water.']",multiple,Concurrent
Real-Time Visual Understanding_sample_372_4,Clips Summarize,Which of the following options best summarizes the actions taken just now?,00:04:50,D,"['A. The individual arranges milk jugs and rinses them under running water, then cleans the countertop.', 'B. The individual organizes kitchen utensils, prepares ingredients, and washes dishes in the sink.', 'C. The individual identifies dirty items in the workspace, organizes them, and prepares for the next task by collecting utensils.', 'D. The individual adjusted coffee machine settings, added coffee to cups while checking printed receipts.']",multiple,Concurrent
Real-Time Visual Understanding_sample_372_5,Clips Summarize,Which of the following options best summarizes the actions taken just now?,00:05:26,D,"['A. The individual collects various bakery items, assembles them on a tray, and prepares to serve them to customers.', 'B. The individual picks up a milk jug, prepares milk for steaming, and pours it into a cup for serving.', 'C. The individual clears dirty dishes, washes them, and arranges them on a drying rack.', 'D. The individual operates the espresso machine, prepares coffee, and serves the freshly brewed coffee to a customer.']",multiple,Concurrent
Real-Time Visual Understanding_sample_373_1,Clips Summarize,What best summarizes the process just shown?,00:00:10,C,"['A. The vendor prepared a burger, toasted the bun, added condiments, and served it to the customer.', 'B. The vendor selected hot dogs, prepared a bun, added relish and mustard, and served it to the customer.', 'C. The vendor selected several hot dogs, placed them in a container, heated them, and arranged other ingredients.', 'D. The vendor cooked hot dogs, placed them in buns, added ketchup and mustard, and served them to the customer.']",multiple,Prior
Real-Time Visual Understanding_sample_373_2,Clips Summarize,Which of the following options best summarizes the actions just now?,00:02:27,C,"['A. The vendor selected condiments, placed them on a tray, and began packaging hot dogs.', 'B. The vendor heated hot dogs, added toppings, and handed them to the customer.', 'C. The vendor picked up a hot dog bun, retrieved hot dogs from the warmer.', 'D. The vendor prepared a salad, added dressings, and served it to the customer.']",multiple,Concurrent
Real-Time Visual Understanding_sample_373_3,Clips Summarize,Which of the following options best summarizes the actions just now?,00:04:44,C,"['A. The vendor cleaned the workstation, organized utensils, and added new items to the menu.', 'B. The vendor adjusted equipment, reviewed the counter area, and greeted a customer.', 'C. The vendor retrieved a hot dog bun, used tongs to grab a hot dog, and prepared the bun for assembly.', 'D. The vendor heated up condiments, chopped vegetables, and arranged them for a salad.']",multiple,Concurrent
Real-Time Visual Understanding_sample_373_4,Clips Summarize,Which of the following options best summarizes the actions just now?,00:07:00,C,"['A. The vendor cooked a hot dog, added mustard and ketchup, wrapped it, and served it to the customer.', 'B. The vendor grilled a hot dog, added ketchup, placed it on a bun, and served it to the customer without wrapping.', 'C. The vendor retrieved a cooked hot dog, added toppings, wrapped it in paper, put it in a bag, and handed it to the customer.', 'D. The vendor made a sandwich, added vegetables, wrapped it, and handed it to the customer.']",multiple,Concurrent
Real-Time Visual Understanding_sample_373_5,Clips Summarize,Which of the following options best summarizes the process just shown?,00:09:22,C,"['A. The vendor grilled a hot dog, placed it in a bun, and added vegetables before serving it to the customer.', 'B. The vendor cooked a hot dog, added ketchup and mustard, and wrapped it for the customer.', 'C. The vendor prepared a hot dog, added ketchup and onion topping, and handed it to the customer.', 'D. The vendor prepared a hot dog, added mayonnaise and mustard, and served it to the customer.']",multiple,Concurrent
Real-Time Visual Understanding_sample_374_1,Clips Summarize,Which of the following options best summarizes the actions performed just now?,00:00:10,D,"['A. The individual grabbed a bottle of condiments, applied them to a hamburger, and closed the sandwich.', 'B. The individual washed hands at the sink, selected a large bowl, and began mixing ingredients.', 'C. The individual arranged vegetables and meats on a tray and placed it into the oven, setting the timer.', 'D. The individual fetched a pack of hot dogs from the refrigerator, closed the refrigerator door, and proceeded with the preparation.']",multiple,Prior
Real-Time Visual Understanding_sample_374_2,Clips Summarize,What activities were performed just now to prepare the hot dog?,00:02:49,D,"['A. The individual added ketchup to the hot dog, chopped onions, and added them as a topping.', 'B. The individual toasted the bun, grilled the hot dog, and served it with French fries.', 'C. The individual microwaved the hot dog, added relish, and served it with a cold drink.', 'D. The individual added mustard to the hot dog, followed by meat sauce, and topped it with a scoop of mashed potatoes.']",multiple,Concurrent
Real-Time Visual Understanding_sample_374_3,Clips Summarize,Which of the following options best summarizes the actions performed just now?,00:05:31,D,"['A. The individual seasoned food in a bowl, then proceeded to bake it in the oven.', 'B. The individual prepared a beverage, poured it into a cup, and handed it to a customer.', 'C. The individual prepared a sandwich, wrapped it in paper, and served it at the counter.', 'D. The individual packaged food into a bag, placed it on the counter, and then gave the package to the customer.']",multiple,Concurrent
Real-Time Visual Understanding_sample_374_4,Clips Summarize,Which of the following options best summarizes the activities performed just now?,00:08:07,D,"['A. The individual selected a hot dog bun, retrieved a cooked hot dog from the water, and added ketchup and mustard as condiments.', 'B. The individual toasted a hot dog bun, placed a raw hot dog on the grill, and then garnished it with relish and onions.', 'C. The individual boiled multiple hot dogs, toasted multiple buns, and served the hot dogs directly to customers without any condiments.', 'D. The individual selected a hot dog bun, retrieved a cooked hot dog from the water with tongs, and prepared to finalize the hot dog.']",multiple,Concurrent
Real-Time Visual Understanding_sample_374_5,Clips Summarize,Which of the following options best summarizes the activities performed just now?,00:10:46,D,"['A. The individual toasted a bun, grilled a hot dog, added ketchup and mustard, and served it to the customer.', 'B. The individual selected a hamburger bun, grilled a patty, added cheese, lettuce, and tomato, and served it to the customer.', 'C. The individual microwaved a hot dog, placed it in a bun, and added pickles and onions as toppings.', 'D. The individual selected a hot dog bun, retrieved a cooked hot dog from the water, placed it in the bun, and added meat sauce as a topping.']",multiple,Concurrent
Real-Time Visual Understanding_sample_375_1,Clips Summarize,Which of the following best summarizes the actions taken just now?,00:00:10,D,"['A. The individual cleaned the kitchen floor using a mop and then organized the countertop.', 'B. The individual prepared ingredients, chopped vegetables, and placed them into a frying pan.', 'C. The individual unpacked a delivery box, organized the contents, and disposed of the packaging.', 'D. The individual washed their hands, applied soap, and rinsed thoroughly under running water.']",multiple,Prior
Real-Time Visual Understanding_sample_375_2,Clips Summarize,Which of the following best summarizes the actions taken just now?,00:00:59,D,"['A. The individual washed potatoes, chopped them, and started cooking.', 'B. The individual peeled potatoes, rinsed them, and placed them in a container.', 'C. The individual sorted potatoes, discarded the bad ones, and organized the rest in a basket.', 'D. The individual emptied a sack of potatoes into a sink, discarded the sack, and prepared the workstation.']",multiple,Concurrent
Real-Time Visual Understanding_sample_375_3,Clips Summarize,Which of the following best summarizes the actions taken just now?,00:01:48,D,"['A. The individual emptied a bag of potatoes into the sink, washed them under running water, and dried them with a towel.', 'B. The individual peeled the potatoes, rinsed them under running water, and placed them in a storage container.', 'C. The individual sorted the potatoes, removed any that were spoiled, and organized the rest into neat stacks.', 'D. The individual placed potatoes into the sink, washed them under running water, and sliced them using a potato slicer.']",multiple,Concurrent
Real-Time Visual Understanding_sample_375_4,Clips Summarize,Which of the following best summarizes the actions taken just now?,00:02:37,D,"['A. The individual boiled potatoes, mashed them, and added seasoning.', 'B. The individual peeled potatoes, chopped them, and placed them into a baking dish.', 'C. The individual washed potato slices, rinsed them, and placed them into a pot of water.', 'D. The individual sliced potatoes, washed the slices in water, and prepared them for cooking.']",multiple,Concurrent
Real-Time Visual Understanding_sample_375_5,Clips Summarize,Which of the following best summarizes the actions taken just now?,00:03:26,D,"['A. The individual sliced potatoes thinly, washed them gently under running water, and arranged them on a tray for drying.', 'B. The individual poured sliced potatoes into a water bath, agitated them using a strainer, and transferred them to a drying area.', 'C. The individual submerged the sliced potatoes in warm water, rinsed them with a colander, and then patted them dry with a cloth.', 'D. The individual placed potato slices into a container of water, mixed them vigorously for cleaning, and separated them using a divided compartment.']",multiple,Concurrent
Real-Time Visual Understanding_sample_376_1,Clips Summarize,Which of the following best summarizes the actions performed just now?,00:00:10,B,"['A. The individual took vegetables out of the refrigerator, cleaned them, and arranged them on a plate.', 'B. The individual retrieved a container with liquid, uncovered it, and began stirring its contents.', 'C. The individual operated a deep fryer, cooked food, and placed it into a serving dish.', 'D. The individual brewed coffee, poured it into cups, and served them.']",multiple,Concurrent
Real-Time Visual Understanding_sample_376_2,Clips Summarize,Which of the following best summarizes the actions performed just now?,00:00:46,A,"['A. The individual placed food on a grill, removed gloves, and discarded them in the trash.', 'B. The individual cleaned the grill, prepared a sandwich, and discarded waste.', 'C. The individual assembled a cooking station, put on gloves, and set up kitchen tools.', 'D. The individual operated a fryer, removed food, and placed it into a serving dish.']",multiple,Concurrent
Real-Time Visual Understanding_sample_376_3,Clips Summarize,Which of the following best summarizes the actions performed just now?,00:01:39,B,"['A. The individual placed raw meat on a grill and monitored the cooking process.', 'B. The individual retrieved cooked meat from a tray and placed it into a serving container.', 'C. The individual prepared a sandwich by slicing bread and adding condiments.', 'D. The individual operated a coffee machine and served fresh coffee to customers.']",multiple,Concurrent
Real-Time Visual Understanding_sample_376_4,Clips Summarize,Which of the following best summarizes the actions performed just now?,00:02:06,C,"['A. The individual deep-fried some meat, drained the excess oil, then garnished it with seasoning.', 'B. The individual prepared a pot of stew, added various ingredients, and simmered it.', 'C. The individual placed meat in a container, put cooked chicken in the oven, and then prepared buns.', 'D. The individual made a salad by adding lettuce, tomatoes, and dressing into a bowl.']",multiple,Concurrent
Real-Time Visual Understanding_sample_376_5,Clips Summarize,Which of the following best summarizes the actions performed just now?,00:02:42,C,"['A. The individual grilled a burger patty, added cheese, and placed it on a bun with pickles and onions.', 'B. The individual breaded chicken, fried it, and served it with a side of vegetables.', 'C. The individual prepared a chicken sandwich by adding BBQ sauce and placing it on a bun with pickled cucumber and onions.', 'D. The individual made a dessert by assembling ingredients and placing them into a dessert cup.']",multiple,Concurrent
Real-Time Visual Understanding_sample_377_1,Clips Summarize,Which of the following options best summarizes the content of the video just shown?,00:00:14,C,"['A. The vendor set up a beverage station with cups and straws, preparing for customers.', 'B. The vendor organized a set of condiments and napkins at the counter to facilitate customer use.', 'C. The vendor puts on glove, arranged hot dog buns, getting ready to serve customers.', 'D. The vendor cleaned and restocked a salad bar, ensuring it is ready for use.']",multiple,Concurrent
Real-Time Visual Understanding_sample_377_2,Clips Summarize,Which of the following options best summarizes the actions observed just now?,00:00:51,C,"['A. The individual prepared an omelet by whisking eggs and pouring them into a heated pan.', 'B. The individual assembled a sandwich by layering ingredients onto a slice of bread, cut it, and then served it.', 'C. The individual took a tortilla with a filling on it, placed it on a tray, and then moved away.', 'D. The individual arranged cookies on a tray and put them in the oven for baking.']",multiple,Concurrent
Real-Time Visual Understanding_sample_377_3,Clips Summarize,Which of the following options best summarizes the content of the video just shown?,00:01:32,A,"['A. The individual is preparing a sandwich by placing slices of meat onto a bun.', 'B. The individual is making a pizza by spreading cheese and meat on dough.', 'C. The individual is chopping vegetables for a salad close to a selection of various ingredients.', 'D. The individual is serving prepared hot dogs along with various condiments.']",multiple,Concurrent
Real-Time Visual Understanding_sample_377_4,Clips Summarize,Which of the following options best summarizes the food preparation process just now?,00:02:13,C,"['A. The preparer slices bread, adds mayonnaise, and tosses in fried fish.', 'B. The preparer grills a hot dog, adds ketchup, and places it into a bun.', 'C. The preparer slices bread, adds lettuce, and a variety of vegetables, and tops it with chicken pieces.', 'D. The preparer makes a pizza, adding pepperoni and cheese before placing it into an oven.']",multiple,Concurrent
Real-Time Visual Understanding_sample_377_5,Clips Summarize,What action best summarizes the individual's task just now?,00:02:54,B,"['A. The individual prepared a salad using fresh vegetables and topped it with dressing.', 'B. The individual assembled a sandwich by adding various ingredients and condiments.', 'C. The individual grilled a hamburger patty and added cheese before serving it.', 'D. The individual deep-fried snacks and served them with dipping sauces.']",multiple,Concurrent
Real-Time Visual Understanding_sample_378_1,Clips Summarize,Which of the following options best summarizes the actions performed just now?,00:00:10,C,"['A. The worker searched for ingredients by opening cans and containers, selecting items to prepare a salad.', 'B. The worker prepared a sandwich by taking bread, adding condiments, and wrapping it.', 'C. The worker wore gloves and prepared to assemble a sandwich, with loaves of bread and various fillings visible.', 'D. The worker cleaned the workstation and disposed of the packaging of sandwich ingredients.']",multiple,Prior
Real-Time Visual Understanding_sample_378_2,Clips Summarize,Which of the following options best summarizes the actions performed just now?,00:01:03,C,"['A. The worker prepared a dessert by gathering ingredients, measuring them, and combining them, ready for baking.', 'B. The worker washed their hands, prepped vegetables, and started slicing them for a stir-fry dish.', 'C. The worker sliced various meats, arranged them on a piece of bread, and added slices of cheese to construct a sandwich.', 'D. The worker cleaned the countertop, sanitized the utensils, and organized the kitchen workspace.']",multiple,Concurrent
Real-Time Visual Understanding_sample_378_3,Clips Summarize,Which of the following options best summarizes the actions performed just now?,00:01:55,A,"['A. The worker took out the toasted sandwich.', 'B. The worker removed a loaf of bread from storage, sliced it, and placed it on a tray for toasting.', 'C. The worker washed vegetables and prepped them for a salad, placing them in the designated containers.', 'D. The worker inspected the quality of the baked goods and discarded those that were not up to standards.']",multiple,Concurrent
Real-Time Visual Understanding_sample_378_4,Clips Summarize,Which of the following options best summarizes the actions performed just now?,00:03:14,A,"['A. The worker prepared a sandwich by adding jalapenos, retrieving ketchup, and then applying ketchup and another condiment before wrapping it up.', 'B. The worker assembled a salad by chopping vegetables, seasoning the mixture, and serving it to a customer.', 'C. The worker toasted a sandwich, cut it, added the final toppings, and packaged it for delivery.', 'D. The worker retrieved various vegetables from storage, cleaned them, and placed them in a food container.']",multiple,Concurrent
Real-Time Visual Understanding_sample_378_5,Clips Summarize,Which of the following options best summarizes the actions performed just now?,00:03:50,B,"['A. The worker topped a sandwich with tomatoes, cucumbers, and onions, then wrapped it for delivery.', 'B. The worker added fresh ingredients such as tomatoes and cucumbers to a sandwich, aligning them carefully on lettuce and other toppings.', 'C. The worker prepared a salad by chopping onions, cucumbers, and other vegetables, and then mixed them in a bowl.', 'D. The worker grilled a sandwich with various ingredients and sliced it before packaging it for a customer.']",multiple,Concurrent
Real-Time Visual Understanding_sample_379_1,Clips Summarize,Which of the following options best summarizes the activities seen in the recent video?,00:00:10,C,"['A. An individual enters a storage area, picks up a cleaning tool, and starts cleaning the floor.', 'B. An individual navigates through a cluttered area, moves a container, and looks for something on the shelves.', 'C. An individual walks through a hallway, encounters cleaning equipment, and then washed his hands.', 'D. An individual checks the inventory stock, organizes boxes, and ensures the supplies are properly arranged.']",multiple,Prior
Real-Time Visual Understanding_sample_379_2,Clips Summarize,Which action best summarizes the preparation process seen just now?,00:02:31,D,"['A. The individual is frying chicken, seasoning it, and packaging it for serving.', 'B. The individual is preparing a salad by slicing vegetables and arranging them on a plate.', 'C. The individual is cleaning the fryer area, organizing equipment, and storing the fries for later use.', 'D. The individual is frying French fries, seasoning them.']",multiple,Concurrent
Real-Time Visual Understanding_sample_379_3,Clips Summarize,Which of the following options best summarizes the actions taken just now in the video?,00:02:54,C,"['A. The individual took a break, cleaned the surrounding area, and sanitized the working station.', 'B. The individual selected various food items, placed them in a pan, and started cooking them on a stovetop.', 'C. The individual poured the fries into the packaging box.', 'D. The individual prepared a salad by chopping vegetables and setting them onto a plate.']",multiple,Concurrent
Real-Time Visual Understanding_sample_379_4,Clips Summarize,Which of the following options best summarizes the scene just now?,00:04:07,B,"['A. The individual inspected the food items in the refrigerator, rearranged them, and closed the door.', 'B. The individual checked and adjusted multiple fryer baskets of fries, making sure they were cooking properly, before stepping back.', 'C. The individual cleaned the counter and surrounding areas, ensuring a tidy workspace.', 'D. The individual organized and labeled various containers in preparation for a cooking task.']",multiple,Concurrent
Real-Time Visual Understanding_sample_379_5,Clips Summarize,Which of the following best summarizes the actions performed just now?,00:05:26,B,"['A. The individual organized frozen ingredients, arranged them on a tray, and placed it in the oven.', 'B. The individual picked out the burnt fries and threw them into the trash can.', 'C. The individual prepared a bucket of peeled potatoes, rinsed them in water, and placed them in a storage bin.', 'D. The individual packaged French fries, added salt, and placed the containers on a service counter.']",multiple,Concurrent
Real-Time Visual Understanding_sample_380_1,Object Perception,What is mounted on the lamp post right now?,00:00:05,C,"['A. A camera.', 'B. A streetlight.', 'C. An American flag.', 'D. A traffic sign.']",single,Concurrent
Real-Time Visual Understanding_sample_380_2,Attribute Perception,What is the predominant color of the banners on the street right now?,00:02:08,A,"['A. Purple', 'B. Red', 'C. Blue', 'D. Green']",single,Concurrent
Real-Time Visual Understanding_sample_380_3,Text-Rich Understanding,Which street is indicated on the green sign right now?,00:04:16,A,"['A. E 40 St.', 'B. E 34 St.', 'C. W 42 St.', 'D. Broadway.']",single,Concurrent
Real-Time Visual Understanding_sample_380_4,Object Perception,What is positioned next to the road right now?,00:06:24,C,"['A. Parking meters.', 'B. Trash bins.', 'C. Orange traffic barrels.', 'D. Benches.']",single,Concurrent
Real-Time Visual Understanding_sample_380_5,Text-Rich Understanding,What sign is visible on the left side of the street right now?,00:08:28,A,"['A. One Way', 'B. Speed Limit', 'C. No Parking', 'D. Yield']",single,Concurrent
Real-Time Visual Understanding_sample_381_1,Object Perception,What is the vehicle immediately in front of the taxi right now?,00:00:02,C,"['A. A bus.', 'B. A bicycle.', 'C. A yellow car.', 'D. A motorcycle.']",single,Concurrent
Real-Time Visual Understanding_sample_381_2,Attribute Perception,What colors are the advertisements on the left buildings right now?,00:02:05,A,"['A. Red and White.', 'B. Black and Yellow.', 'C. Green and White.', 'D. Blue and Red.']",single,Concurrent
Real-Time Visual Understanding_sample_381_3,Object Perception,What type of vehicle is in front of the yellow taxi right now?,00:04:07,A,"['A. A black car.', 'B. A white van.', 'C. A gray SUV.', 'D. A red truck.']",single,Concurrent
Real-Time Visual Understanding_sample_381_4,Object Perception,What is the person in the crosswalk holding in her hand right now?,00:06:08,C,"['A. A handbag.', 'B. A phone.', 'C. A shopping bag and a handbag.', 'D. An umbrella.']",single,Concurrent
Real-Time Visual Understanding_sample_381_5,Attribute Perception,What colors are the cones lining the street?,00:08:08,A,"['A. Orange and white.', 'B. Yellow and black.', 'C. Green and white.', 'D. Blue and white.']",single,Concurrent
Real-Time Visual Understanding_sample_382_1,Attribute Perception,What color is the taxi visible right now?,00:00:38,C,"['A. Blue.', 'B. Green.', 'C. Yellow.', 'D. Red.']",single,Concurrent
Real-Time Visual Understanding_sample_382_2,Object Perception,What type of vehicle is shown in the foreground right now?,00:02:06,B,"['A. A truck.', 'B. A taxi.', 'C. A motorcycle.', 'D. A bicycle.']",single,Concurrent
Real-Time Visual Understanding_sample_382_3,Text-Rich Understanding,What type of lanes is indicated by the road markings right now?,00:04:14,C,"['A. Carpool lanes.', 'B. HOV lanes.', 'C. Bus lanes.', 'D. Bike lanes.']",single,Concurrent
Real-Time Visual Understanding_sample_382_4,Text-Rich Understanding,What time is displayed on the clock visible right now?,00:06:17,D,"['A. 12:50.', 'B. 13:10.', 'C. 12:00.', 'D. 12:25.']",single,Concurrent
Real-Time Visual Understanding_sample_382_5,Text-Rich Understanding,Which brand's store is visible on the right side of the street right now?,00:08:22,B,"['A. Nike.', 'B. GAP.', 'C. Adidas.', 'D. H&M.']",single,Concurrent
Real-Time Visual Understanding_sample_383_1,Object Perception,Which country's flag is hanging on the right side of the road now?,00:00:03,C,"['A. Australia.', 'B. Italy.', 'C. United States.', 'D. UK.']",single,Concurrent
Real-Time Visual Understanding_sample_383_2,Text-Rich Understanding,Which store sign is currently visible on the right side of the road right now?,00:02:08,C,"[""A. Victoria's Secret"", 'B. Lululemon.', 'C. Ann Taylor.', 'D. Forever 21.']",single,Concurrent
Real-Time Visual Understanding_sample_383_3,Object Perception,Which basketball-related sign is currently visible in the video right now?,00:04:11,A,"['A. NBA Store.', 'B. Nike Store.', 'C. Adidas Shop.', 'D. Reebok Shop.']",single,Concurrent
Real-Time Visual Understanding_sample_383_4,Text-Rich Understanding,Which store sign is visible on the right side of the road right now?,00:06:14,B,"['A. Starbucks.', 'B. Pret A Manger.', 'C. Chipotle.', ""D. McDonald's.""]",single,Concurrent
Real-Time Visual Understanding_sample_383_5,Text-Rich Understanding,Which roads are currently visible in the video right now?,00:08:18,B,"['A. East 40th St and 3rd Ave.', 'B. East 36th St and 5th Ave.', 'C. East 42nd St and Madison Ave.', 'D. East 30th St and Park Ave.']",single,Concurrent
Real-Time Visual Understanding_sample_384_1,Object Perception,What type of vehicles are prominently visible in this clip?,00:00:04,B,"['A. Buses.', 'B. Yellow taxis.', 'C. Motorcycles.', 'D. Police cars.']",single,Concurrent
Real-Time Visual Understanding_sample_384_2,Attribute Perception,What color are most of the taxis visible right now?,00:02:09,C,"['A. Green.', 'B. White.', 'C. Yellow.', 'D. Black.']",single,Concurrent
Real-Time Visual Understanding_sample_384_3,Attribute Perception,What are the visible sign colors mounted on the buildings right now?,00:04:14,D,"['A. Green and blue.', 'B. Red and black.', 'C. Yellow and white.', 'D. Green and white.']",single,Concurrent
Real-Time Visual Understanding_sample_384_4,Object Perception,What is predominantly seen on the poles lining the street right now?,00:06:20,B,"['A. Traffic lights.', 'B. Banners.', 'C. Flower pots.', 'D. Bike racks.']",single,Concurrent
Real-Time Visual Understanding_sample_384_5,Object Perception,What is the mode of transportation that several individuals are using right now?,00:08:26,C,"['A. Roller skates.', 'B. Skateboards.', 'C. Bicycles.', 'D. Scooters.']",single,Concurrent
Real-Time Visual Understanding_sample_385_1,Text-Rich Understanding,Which store's name is visible on the left side of the street?,00:00:04,A,"['A. Bed Bath & Beyond.', 'B. Barnes & Noble.', 'C. Target.', 'D. Best Buy.']",single,Concurrent
Real-Time Visual Understanding_sample_385_2,Text-Rich Understanding,Which brand logo is visible on the store awnings?,00:02:03,B,"['A. Walmart.', ""B. Trader Joe's."", 'C. Whole Foods.', 'D. Starbucks.']",single,Prior
Real-Time Visual Understanding_sample_385_3,Spatial Understanding,What is the Citibank sign located right now?,00:04:07,B,"['A. On the right side of the road.', 'B. On the left side of the road.', 'C. In the front of the car.', 'D. Behind the car.']",single,Concurrent
Real-Time Visual Understanding_sample_385_4,Attribute Perception,What is the notable color of the taxi right now?,00:06:10,C,"['A. Red.', 'B. Blue.', 'C. Yellow.', 'D. Green.']",single,Concurrent
Real-Time Visual Understanding_sample_385_5,Text-Rich Understanding,What is the brand of the visible pharmacy right now?,00:08:10,B,"['A. Walgreens.', 'B. Duane Reade.', 'C. Rite Aid.', 'D. CVS.']",single,Concurrent
Real-Time Visual Understanding_sample_386_1,Object Perception,"Right now, which brand's logo is prominently displayed on the building?",00:00:04,D,"['A. Starbucks.', 'B. Burger King.', 'C. KFC.', ""D. McDonald's.""]",single,Concurrent
Real-Time Visual Understanding_sample_386_2,Object Perception,"Right now, which type of vehicle is marked with the logo ""VIA Touch""?",00:02:00,D,"['A. A taxi.', 'B. A truck.', 'C. A police car.', 'D. A van.']",single,Concurrent
Real-Time Visual Understanding_sample_386_3,Attribute Perception,What is the color of the awning next to the Duane Reade sign right now?,00:03:55,A,"[""A. There's no awning."", 'B. Red.', 'C. White.', 'D. Green.']",single,Concurrent
Real-Time Visual Understanding_sample_386_4,Text-Rich Understanding,What is indicated by the green sign to the left of the street corner currently?,00:05:53,A,"['A. Bicycle route.', 'B. Parking is prohibited.', 'C. Pedestrian zone.', 'D. One-way street.']",single,Prior
Real-Time Visual Understanding_sample_386_5,Text-Rich Understanding,What type of sign is installed at the street corner right now?,00:07:48,A,"['A. One-Way Street.', 'B. No Parking.', 'C. Pedestrian Crossing.', 'D. Speed Limit.']",single,Concurrent
Real-Time Visual Understanding_sample_387_1,Object Perception,What mode of transportation are the two people on the left side of the road using now?,00:00:04,D,"['A. Car', 'B. Bus', 'C. Airplane', 'D. Bike']",single,Concurrent
Real-Time Visual Understanding_sample_387_2,Text-Rich Understanding,What is the brand name visible on the building to the left right now?,00:02:06,D,"['A. Greenbox.', 'B. Green&Go.', 'C. FreshStop.', 'D. Fresh&CO.']",single,Concurrent
Real-Time Visual Understanding_sample_387_3,Counting,How many flags are on the buildings to the left right now?,00:03:50,B,"['A. Five.', 'B. Six.', 'C. Three.', 'D. Four.']",single,Concurrent
Real-Time Visual Understanding_sample_387_4,Text-Rich Understanding,What is the name of the store visible on the awning to the right right now?,00:06:23,D,"['A. Adventure Baggage.', 'B. Party Supplies.', 'C. Green & Go.', 'D. Gifts & Luggage.']",single,Concurrent
Real-Time Visual Understanding_sample_387_5,Text-Rich Understanding,What is the company name visible on the red billboard to the right?,00:08:26,D,"['A. Barclays.', 'B. Reuters.', 'C. Tommy Hilfiger.', 'D. Applebees.']",single,Concurrent
Real-Time Visual Understanding_sample_388_1,Text-Rich Understanding,Which brand's advertisement is visible right now on the digital billboard at the forefront?,00:00:10,A,"['A. Toshiba.', 'B. Coca-Cola.', 'C. Samsung.', 'D. Apple.']",single,Concurrent
Real-Time Visual Understanding_sample_388_2,Text-Rich Understanding,Which apparel brand's sign is visible on the right side of the street?,00:01:24,A,"[""A. Levi's."", 'B. Gap.', 'C. Puma.', 'D. H&M.']",single,Concurrent
Real-Time Visual Understanding_sample_388_3,Attribute Perception,What are the primary colors visible on the tall vertical screen to the left?,00:02:45,D,"['A. Blue and white stripes.', 'B. Red and yellow stripes.', 'C. Blue and yellow stripes.', 'D. Red and white stripes.']",single,Prior
Real-Time Visual Understanding_sample_388_4,Attribute Perception,What is the current color of the taxi right now that is at the forefront?,00:04:08,D,"['A. Black.', 'B. White.', 'C. Red.', 'D. Yellow.']",single,Concurrent
Real-Time Visual Understanding_sample_388_5,Text-Rich Understanding,Which bank's logo is visible on the red and white storefront on the left right now?,00:05:31,A,"['A. Bank of America.', 'B. Chase.', 'C. Wells Fargo.', 'D. Citibank.']",single,Prior
Real-Time Visual Understanding_sample_389_1,Attribute Perception,"What is the color of the banner with the word ""UNO"" on it?",00:00:16,A,"['A. Red.', 'B. Blue.', 'C. Green.', 'D. Yellow.']",single,Prior
Real-Time Visual Understanding_sample_389_2,Object Perception,What type of vehicle is visible in front of the teal food truck right now?,00:02:10,D,"['A. Taxi cab.', 'B. Truck.', 'C. Bus.', 'D. Black car.']",single,Concurrent
Real-Time Visual Understanding_sample_389_3,Text-Rich Understanding,"What is the speed limit indicated on the ""Share the Road"" sign right now?",00:04:14,D,"['A. 10 MPH.', 'B. 15 MPH.', 'C. 20 MPH.', 'D. 5 MPH.']",single,Prior
Real-Time Visual Understanding_sample_389_4,Text-Rich Understanding,What type of store has signs visible right now?,00:06:19,D,"['A. Bookstore.', 'B. Coffee shop.', 'C. Clothing store.', 'D. Pet store.']",single,Concurrent
Real-Time Visual Understanding_sample_389_5,Text-Rich Understanding,"What type of store is visible with the sign ""METROPOLIS""?",00:08:27,D,"['A. Bookstore.', 'B. Pet store.', 'C. Coffee shop.', 'D. Clothing store.']",single,Concurrent
Real-Time Visual Understanding_sample_390_1,Text-Rich Understanding,What is the name of the street sign right now?,00:00:05,B,"['A. Houston St.', 'B. Bleecker St.', 'C. Prince St.', 'D. Spring St.']",single,Concurrent
Real-Time Visual Understanding_sample_390_2,Object Perception,What type of taxi is visible right now?,00:02:07,C,"['A. Ford Crown Victoria.', 'B. Toyota Prius.', 'C. Toyota Sienna.', 'D. Nissan NV200.']",single,Concurrent
Real-Time Visual Understanding_sample_390_3,Text-Rich Understanding,What brand is currently seen on the black banner outside the left side building?,00:04:11,C,"['A. GUESS.', 'B. GUCCI.', 'C. ARMANI EXCHANGE.', 'D. VERSACE.']",single,Concurrent
Real-Time Visual Understanding_sample_390_4,Attribute Perception,What is the primary color of the traffic signs on the lamp posts right now?,00:06:13,A,"['A. Blue.', 'B. Green.', 'C. White.', 'D. Red.']",single,Concurrent
Real-Time Visual Understanding_sample_390_5,Text-Rich Understanding,What brand of truck is seen delivering goods on the right side of the road right now?,00:08:20,B,"['A. U-Haul.', 'B. Ryder.', 'C. Penske.', 'D. Enterprise.']",single,Concurrent
Real-Time Visual Understanding_sample_391_1,Text-Rich Understanding,What is the large vehicle to the right displaying on the side?,00:00:11,B,"['A. A city map.', 'B. An advertisement for The Lion King musical.', 'C. A tourist guide logo.', 'D. A food delivery service logo.']",single,Prior
Real-Time Visual Understanding_sample_391_2,Text-Rich Understanding,What is written on the blue bus's side near the top?,00:02:04,A,"['A. Starr.', 'B. City Lights Entertainment.', 'C. Broadway Tours.', 'D. Manhattan Transit.']",single,Concurrent
Real-Time Visual Understanding_sample_391_3,Attribute Perception,What is the predominant color of the vintage car on the right?,00:04:02,C,"['A. Blue.', 'B. Red.', 'C. White.', 'D. Black.']",single,Concurrent
Real-Time Visual Understanding_sample_391_4,Text-Rich Understanding,What does the van on the right promote?,00:06:09,C,"['A. A moving company.', 'B. A food delivery service.', 'C. Sightseeing tours.', 'D. Outdoor adventures.']",single,Concurrent
Real-Time Visual Understanding_sample_391_5,Text-Rich Understanding,What is the building on the left with a sign?,00:08:08,B,"['A. Bank of America.', 'B. Hilton Garden Inn.', 'C. Holiday Inn Express.', 'D. Wells Fargo.']",single,Concurrent
Real-Time Visual Understanding_sample_392_1,Object Perception,Which coffee shop logo is visible in the background right now?,00:00:03,D,"[""A. Dunkin'."", 'B. Costa Coffee.', 'C. Tim Hortons.', 'D. Starbucks.']",single,Concurrent
Real-Time Visual Understanding_sample_392_2,Object Perception,What kind of structure is visible in the distance right now?,00:02:15,D,"['A. A tunnel.', 'B. A skyscraper.', 'C. A park.', 'D. A bridge.']",single,Concurrent
Real-Time Visual Understanding_sample_392_3,Attribute Perception,What type of clothing are most people wearing right now?,00:04:25,D,"['A. Heavy coats.', 'B. Business suits.', 'C. Rain jackets.', 'D. Casual summer outfits.']",single,Concurrent
Real-Time Visual Understanding_sample_392_4,Object Perception,What brand is the black SUV driving in front right now?,00:06:36,D,"['A. Toyota', 'B. Ford', 'C. BMW', 'D. Benz']",single,Concurrent
Real-Time Visual Understanding_sample_392_5,Text-Rich Understanding,Which transportation service's bus is visible right now?,00:08:45,B,"['A. Greyhound.', 'B. Flixbus.', 'C. Megabus.', 'D. BoltBus.']",single,Concurrent
Real-Time Visual Understanding_sample_393_1,Object Perception,What kind of car is parked on the left side of the road now?,00:00:07,A,"['A. Police car.', 'B. Bus.', 'C. Ambulance.', 'D. Taxi.']",single,Concurrent
Real-Time Visual Understanding_sample_393_2,Attribute Perception,What is the color of the traffic light now?,00:02:32,A,"['A. Red.', 'B. Green.', 'C. Yellow.', 'D. Orange.']",single,Concurrent
Real-Time Visual Understanding_sample_393_3,Object Perception,"Right now, what type of vehicle is the black car on the left?",00:03:34,A,"['A. Infiniti.', 'B. Toyota.', 'C. Honda.', 'D. Lexus.']",single,Concurrent
Real-Time Visual Understanding_sample_393_4,Attribute Perception,What is the color of the traffic light now?,00:05:08,A,"['A. Red.', 'B. Green.', 'C. Yellow.', 'D. Orange.']",single,Concurrent
Real-Time Visual Understanding_sample_393_5,Text-Rich Understanding,Which street name is visible on the green sign right now?,00:07:00,C,"['A. Broadway.', 'B. Canal St.', 'C. Centre St.', 'D. East Broadway.']",single,Concurrent
Real-Time Visual Understanding_sample_394_1,Object Perception,What are the green cones on the road being used for right now?,00:00:03,A,"['A. Signaling road construction.', 'B. Indicating a lane merge.', 'C. Marking a pedestrian walkway.', 'D. Reserving parking spaces.']",single,Concurrent
Real-Time Visual Understanding_sample_394_2,Attribute Perception,What is the predominant color of the buildings' facades right now?,00:02:02,A,"['A. Red and brown.', 'B. Blue and gray.', 'C. Green and yellow.', 'D. Pink and orange.']",single,Concurrent
Real-Time Visual Understanding_sample_394_3,Attribute Perception,What is the main color of the awnings above the shop windows right now?,00:04:00,B,"['A. Blue.', 'B. Red.', 'C. Green.', 'D. Yellow.']",single,Concurrent
Real-Time Visual Understanding_sample_394_4,Object Perception,What is the food cart on the right side of the road selling right now?,00:06:00,A,"['A. Hot dogs and burgers.', 'B. Ice cream.', 'C. Coffee.', 'D. Marshmallow.']",single,Concurrent
Real-Time Visual Understanding_sample_394_5,Attribute Perception,What color are the buses parked on the street right now?,00:08:00,D,"['A. Red and white.', 'B. Yellow and grey.', 'C. Green and grey.', 'D. Blue and white.']",single,Concurrent
Real-Time Visual Understanding_sample_395_1,Attribute Perception,What attributes describe the traffic light on the right side?,00:00:07,B,"['A. It is red.', 'B. It is green.', 'C. It is yellow.', 'D. It is blinking.']",single,Concurrent
Real-Time Visual Understanding_sample_395_2,Text-Rich Understanding,What building logo is visible in the background?,00:02:03,A,"['A. MetLife.', 'B. Citibank.', 'C. Chase.', 'D. Bank of America.']",single,Concurrent
Real-Time Visual Understanding_sample_395_3,Text-Rich Understanding,"Right now, which traffic sign is visible near the traffic light?",00:03:58,B,"['A. Stop sign.', 'B. One way sign.', 'C. Yield sign.', 'D. Do not enter sign.']",single,Concurrent
Real-Time Visual Understanding_sample_395_4,Attribute Perception,"Right now, what is the color of the car directly in front of the camera?",00:05:58,D,"['A. Blue.', 'B. Red.', 'C. Black.', 'D. Grey.']",single,Concurrent
Real-Time Visual Understanding_sample_395_5,Attribute Perception,"Right now, what is the color of the taxi driving ahead?",00:08:00,B,"['A. Red.', 'B. Yellow.', 'C. Blue.', 'D. White.']",single,Concurrent
Real-Time Visual Understanding_sample_396_1,Attribute Perception,What is noticeable about the item emitting smoke on the right side of the street?,00:00:05,C,"['A. It is completely covered in white paint.', 'B. It has black stripes.', 'C. It is orange and white with caution tapes around it.', 'D. It is blue and white with warning signs around it.']",single,Concurrent
Real-Time Visual Understanding_sample_396_2,Attribute Perception,What type of vehicle is on the left-hand side traveling through the intersection right now?,00:01:35,B,"['A. Sedan.', 'B. SUV.', 'C. Taxi.', 'D. Motorcycle.']",single,Concurrent
Real-Time Visual Understanding_sample_396_3,Attribute Perception,What is the traffic light color right now?,00:03:10,C,"['A. Red.', 'B. Yellow.', 'C. Green.', 'D. Blinking.']",single,Concurrent
Real-Time Visual Understanding_sample_396_4,Attribute Perception,What is the traffic light color right now?,00:04:36,A,"['A. Red.', 'B. Yellow.', 'C. Green.', 'D. Blinking.']",single,Concurrent
Real-Time Visual Understanding_sample_396_5,Attribute Perception,What is the man wearing on his head right now?,00:06:22,C,"['A. A red cap.', 'B. A white hat.', 'C. A blue cap.', 'D. A black hat.']",single,Concurrent
Real-Time Visual Understanding_sample_397_1,Attribute Perception,What is the shape of the large structure on the left side of the road right now?,00:00:04,C,"['A. Cube.', 'B. Pyramid.', 'C. Sphere.', 'D. Cone.']",single,Concurrent
Real-Time Visual Understanding_sample_397_2,Attribute Perception,What color are the traffic lights right now?,00:02:16,C,"['A. Red.', 'B. Yellow.', 'C. Green.', 'D. Blue.']",single,Concurrent
Real-Time Visual Understanding_sample_397_3,Attribute Perception,What is the weather like right now?,00:04:27,C,"['A. Sunny.', 'B. Snowy.', 'C. Foggy and Rainy.', 'D. Clear.']",single,Concurrent
Real-Time Visual Understanding_sample_397_4,Attribute Perception,What type of vehicle is the yellow car right now?,00:06:38,A,"['A. Taxi.', 'B. School bus.', 'C. Firetruck.', 'D. Police car.']",single,Concurrent
Real-Time Visual Understanding_sample_397_5,Attribute Perception,What is the width of the road right now?,00:08:50,C,"['A. Narrow.', 'B. Tiny.', 'C. Wide.', 'D. Very narrow.']",single,Concurrent
Real-Time Visual Understanding_sample_398_1,Object Perception,What is the predominant vehicle type visible on the right side of the street right now?,00:00:11,B,"['A. Red truck.', 'B. Yellow car.', 'C. White van.', 'D. Blue bicycle.']",single,Concurrent
Real-Time Visual Understanding_sample_398_2,Attribute Perception,What is the weather condition right now?,00:01:56,C,"['A. Sunny.', 'B. Snowy.', 'C. Rainy.', 'D. Clear.']",single,Concurrent
Real-Time Visual Understanding_sample_398_3,Text-Rich Understanding,Which type of establishment has a visible sign on the left side of the street right now?,00:03:52,C,"['A. A cafe.', 'B. A library.', 'C. A tea room.', 'D. A bookstore.']",single,Concurrent
Real-Time Visual Understanding_sample_398_4,Text-Rich Understanding,Which company logo is visible on a truck right now?,00:05:50,B,"['A. FedEx.', 'B. Ryder.', 'C. UPS.', 'D. Amazon.']",single,Concurrent
Real-Time Visual Understanding_sample_398_5,Text-Rich Understanding,Which establishment's sign is visible in the video right now?,00:07:47,B,"['A. Starbucks.', ""B. Dunkin'."", ""C. McDonald's."", 'D. Subway.']",single,Concurrent
Real-Time Visual Understanding_sample_399_1,Object Perception,What is directly in front of the camera right now?,00:00:06,B,"['A. A white car.', 'B. A yellow taxi.', 'C. A red car.', 'D. A black SUV.']",single,Concurrent
Real-Time Visual Understanding_sample_399_2,Text-Rich Understanding,What text is visible on the right side of the street right now?,00:02:06,C,"['A. Excavator.', 'B. CRANE.', 'C. WEST NEW YORK.', 'D. Loader.']",single,Concurrent
Real-Time Visual Understanding_sample_399_3,Text-Rich Understanding,Which type of restaurant is visible on the right side right now?,00:04:00,B,"['A. Italian restaurant.', 'B. West Side Restaurant.', 'C. Chinese restaurant.', 'D. Mexican restaurant.']",single,Concurrent
Real-Time Visual Understanding_sample_399_4,Attribute Perception,What is the color of the traffic light right now?,00:06:02,C,"['A. Green.', 'B. Yellow.', 'C. Red.', 'D. Blue.']",single,Concurrent
Real-Time Visual Understanding_sample_399_5,Object Perception,What notable landmark is visible on the left side of the street right now?,00:08:01,B,"['A. A statue of liberty.', 'B. A large globe structure.', 'C. A Ferris wheel.', 'D. A library.']",single,Concurrent
Real-Time Visual Understanding_sample_400_1,Text-Rich Understanding,What is located to the right side of the road with a blue sign?,00:00:04,B,"['A. Petrol Station.', 'B. 24Hrs park.', 'C. Bank.', 'D. Restaurant.']",single,Concurrent
Real-Time Visual Understanding_sample_400_2,Attribute Perception,What is the color of the car directly in front?,00:02:13,A,"['A. Yellow.', 'B. Black.', 'C. Green.', 'D. Red.']",single,Concurrent
Real-Time Visual Understanding_sample_400_3,Attribute Perception,What is the color of the traffic light now?,00:03:56,B,"['A. Red.', 'B. Green.', 'C. Yellow.', 'D. Orange.']",single,Concurrent
Real-Time Visual Understanding_sample_400_4,Attribute Perception,What is the common texture on the road surface visible right now?,00:06:39,D,"['A. Dry.', 'B. Cracked.', 'C. Snow-covered.', 'D. Wet.']",single,Concurrent
Real-Time Visual Understanding_sample_400_5,Text-Rich Understanding,What is the bus line number seen right now?,00:09:00,C,"['A. M15.', 'B. Q32.', 'C. M42.', 'D. B60.']",single,Concurrent
Real-Time Visual Understanding_sample_401_1,Object Perception,What is the type of vehicle directly in front of the camera?,00:00:04,C,"['A. A black sedan.', 'B. A white bus.', 'C. A white SUV.', 'D. A white truck.']",single,Concurrent
Real-Time Visual Understanding_sample_401_2,Text-Rich Understanding,"Which establishment is next to the ""Happy Family"" restaurant?",00:01:58,C,"['A. A bakery.', 'B. A hair salon & spa.', 'C. A nail salon.', 'D. A gym.']",single,Concurrent
Real-Time Visual Understanding_sample_401_3,Attribute Perception,What is the color of the traffic light right now?,00:04:02,A,"['A. Green.', 'B. Yellow.', 'C. Red.', 'D. Blue.']",single,Concurrent
Real-Time Visual Understanding_sample_401_4,Text-Rich Understanding,What is the make of the white truck parked on the right side?,00:05:45,B,"['A. U-Haul.', 'B. Ryder.', 'C. Penske.', 'D. Budget.']",single,Concurrent
Real-Time Visual Understanding_sample_401_5,Text-Rich Understanding,What brand is the white truck directly ahead right now?,00:07:40,D,"['A. U-Haul.', 'B. Ryder.', 'C. Penske.', 'D. Hill-Rom.']",single,Concurrent
Real-Time Visual Understanding_sample_402_1,Text-Rich Understanding,Which famous fast-food chain's logo can be seen on the left side of the street right now?,00:00:04,D,"['A. Starbucks.', ""B. McDonald's."", 'C. Subway.', 'D. Chipotle.']",single,Concurrent
Real-Time Visual Understanding_sample_402_2,Attribute Perception,What is the color of the traffic light right now?,00:01:03,D,"['A. Red.', 'B. Yellow.', 'C. Blue.', 'D. Green.']",single,Concurrent
Real-Time Visual Understanding_sample_402_3,Text-Rich Understanding,What is the name of the parking facility visible on the street sign right now?,00:03:56,D,"['A. Central Parking.', 'B. Manhattan Parking.', 'C. New York Parking.', 'D. Lincoln Center Parking.']",single,Concurrent
Real-Time Visual Understanding_sample_402_4,Attribute Perception,What type of weather condition is being experienced right now?,00:05:57,D,"['A. Sunny and clear.', 'B. Snowy and blowing.', 'C. Foggy and misty.', 'D. Rainy and wet.']",single,Concurrent
Real-Time Visual Understanding_sample_402_5,Object Perception,Which type of vehicle can be seen parked on the left side of the street right now?,00:07:53,C,"['A. A truck.', 'B. A bicycle.', 'C. A white car.', 'D. A motorcycle.']",single,Concurrent
Real-Time Visual Understanding_sample_403_1,Attribute Perception,"Right now, what is the weather like on the street?",00:00:22,D,"['A. Sunny.', 'B. Snowy.', 'C. Clear.', 'D. Rainy.']",single,Concurrent
Real-Time Visual Understanding_sample_403_2,Object Perception,What type of vehicle is directly in front of the camera right now?,00:02:37,A,"['A. Taxi.', 'B. Bus.', 'C. Bicycle.', 'D. Motorcycle.']",single,Concurrent
Real-Time Visual Understanding_sample_403_3,Text-Rich Understanding,Which brand's store sign is seen on the right-hand side of the street right now?,00:05:12,D,"['A. Nike.', 'B. Tesla.', 'C. Adidas.', 'D. UGG.']",single,Concurrent
Real-Time Visual Understanding_sample_403_4,Attribute Perception,What is the current condition of the pavement right now?,00:07:45,D,"['A. Dry.', 'B. Sandy.', 'C. Snowy.', 'D. Wet.']",single,Concurrent
Real-Time Visual Understanding_sample_403_5,Object Perception,What make of the yellow car is waiting at the red light right now?,00:10:08,C,"['A. Honda.', 'B. Ford.', 'C. Toyota.', 'D. Nissan.']",single,Concurrent
Real-Time Visual Understanding_sample_404_1,Clips Summarize,Which of the following actions best summarizes what the individual just now did?,00:00:12,C,"['A. The individual greeted the customers, prepared two glasses of wine, and served the drinks.', 'B. The individual chatted with the customers, filled two glasses with ice, and arranged them on the counter.', 'C. This person places three glass cups in front of the table.', 'D. The individual cleaned the counter, arranged empty glasses, and interacted with other staff members.']",multiple,Concurrent
Real-Time Visual Understanding_sample_404_2,Clips Summarize,Which of the following options best summarizes the actions taken by the person just now?,00:02:18,C,"['A. The person was rearranging glasses on the counter and chatting with colleagues.', 'B. The person was cleaning the counter and organizing different bottles.', 'C. The person was taking out a bottle from a refrigerator and pouring its contents into glasses with ice.', 'D. The person was preparing food items and arranging plates and utensils.']",multiple,Concurrent
Real-Time Visual Understanding_sample_404_3,Clips Summarize,What best summarizes the actions performed by the individual just now?,00:04:18,C,"['A. The individual cleaned the bar area, organized supplies, and inspected the beverage inventory.', 'B. The individual prepared a batch of food ingredients, cooked them, and plated the dishes.', 'C. The individual prepared garnishes, assembled multiple drinks.', 'D. The individual greeted guests, took their orders, and rang up the sales at the cash register.']",multiple,Concurrent
Real-Time Visual Understanding_sample_404_4,Clips Summarize,Which of the following actions best summarizes what the individual just now did?,00:06:22,C,"['A. The individual greeted customers, prepared a meal, and served it.', 'B. The individual cleaned the bar area, organized supplies, and managed the inventory.', 'C. The individual prepared a cocktail, stirred it, and placed it on the counter.', 'D. The individual filled a glass with ice, poured a drink, and wiped the counter.']",multiple,Concurrent
Real-Time Visual Understanding_sample_404_5,Clips Summarize,Which of the following actions best summarizes what the individual just now did?,00:08:26,C,"['A. The individual took drink orders from customers while others were conversing.', 'B. The individual cleared dishes from the table while customers waited for their drinks.', 'C. The individual entered order details on a tablet while talking with the customers.', 'D. The individual prepared cocktails using a shaker while engaging with customers.']",multiple,Concurrent
Real-Time Visual Understanding_sample_405_1,Clips Summarize,Which of the following options best summarizes the actions of the individual taken just now?,00:00:18,C,"['A. The individual set the table with dishes and silverware before preparing a salad.', 'B. The individual gathered ingredients for a dessert and started mixing them in a bowl.', 'C. The individual prepared a drink by opening a bottle, removing the cork, and setting up glassware.', 'D. The individual cooked a main course by grilling meat and adding spices to it.']",multiple,Concurrent
Real-Time Visual Understanding_sample_405_2,Clips Summarize,Which of the following options best summarizes the actions of the individual taken just now?,00:02:11,C,"['A. The individual chopped vegetables, added them to a bowl, and served a salad.', 'B. The individual brewed coffee, added sugar and milk, and served it to the customer.', 'C. The individual prepared a cocktail by adding ice to a shaker, pouring in ingredients.', 'D. The individual poured wine into glasses and served them to the customers.']",multiple,Concurrent
Real-Time Visual Understanding_sample_405_3,Clips Summarize,Which of the following options best summarizes the content of the video just shown?,00:04:18,C,"['A. The bartender prepared several coffee orders for a group of customers.', 'B. The bartender checked customer IDs and handed out drink menus.', 'C. The bartender placed two cocktails on the counter.', 'D. The bartender restocked the bar with empty glass bottles while cleaning dishes.']",multiple,Concurrent
Real-Time Visual Understanding_sample_405_4,Clips Summarize,Which of the following options best summarizes the actions of the individual taken just now?,00:06:13,C,"['A. The individual garnished a cocktail with a cherry and served it.', 'B. The individual prepared a cocktail by mixing ingredients and shaking them.', 'C. The individual added ice and lime to a drink, garnished it, and placed it on the bar counter.', 'D. The individual was preparing a hot drink by heating it on the stove.']",multiple,Concurrent
Real-Time Visual Understanding_sample_405_5,Clips Summarize,Which of the following options best summarizes the actions of the individual taken just now?,00:08:14,C,"['A. The individual prepared a hot beverage by boiling water and steeping tea.', 'B. The individual garnished a cocktail with a cherry and served it to a customer.', 'C. The individual filled several glasses with ice cubes from a container in preparation for drinks.', 'D. The individual prepared a meal by grilling various ingredients and plating them.']",multiple,Concurrent
Real-Time Visual Understanding_sample_406_1,Clips Summarize,Which of the following options best summarizes the actions of the individual taken just now?,00:00:10,A,"['A. The individual gathered ice cubes, placed them into hand-washing sink.', 'B. The individual poured liquor into a shaker, added ice, and mixed the drink.', 'C. The individual fetched a glass, filled it with ice, and added a slice of lemon.', 'D. The individual prepared various garnishes and placed them on the edge of a glass.']",multiple,Concurrent
Real-Time Visual Understanding_sample_406_2,Clips Summarize,Which of the following options best summarizes the actions of the individual taken just now?,00:01:52,A,"['A. The individual organized bar utensils, retrieved a measure cup, and poured a clear liquid into it.', 'B. The individual gathered fresh herbs, chopped them finely, and stored them away.', 'C. The individual garnished a cocktail with a fruit slice and stirred it gently.', 'D. The individual placed ice cubes into glasses, poured liquor, and prepared to serve them.']",multiple,Concurrent
Real-Time Visual Understanding_sample_406_3,Clips Summarize,Which of the following options best summarizes the actions of the individual taken just now?,00:03:34,A,"['A. The individual mixed and poured cocktails into glasses placed on a napkin.', 'B. The individual poured beer into several glasses alongside the shaker.', 'C. The individual arranged various spirits on the bar counter.', 'D. The individual cleared empty glasses and sanitized the bar counter meticulously.']",multiple,Concurrent
Real-Time Visual Understanding_sample_406_4,Clips Summarize,Which of the following options best summarizes the actions of the individual taken just now?,00:05:16,A,"['A. The individual poured a liquid into a jigger, combined it with other ingredients, and prepared the mixture for a cocktail.', 'B. The individual participated in a conversation with customers while cleaning glassware.', 'C. The individual garnished drinks with fruit slices and served them to waiting customers.', 'D. The individual took orders from a group of patrons and noted them down.']",multiple,Concurrent
Real-Time Visual Understanding_sample_406_5,Clips Summarize,Which of the following options best summarizes the actions of the individual taken just now?,00:06:52,A,"['A. The individual prepared a cocktail by shaking ingredients, straining into a glass, and adding ice cubes.', 'B. The individual organized garnishes on the bar counter, then served drinks to customers.', 'C. The individual retrieved a bottle from a refrigerator, checked its contents, and placed it back.', 'D. The individual opened a refrigerator, retrieved a bottle, and nearly filled it with liquid.']",multiple,Concurrent
Real-Time Visual Understanding_sample_407_1,Clips Summarize,Which of the following options best summarizes the bartending actions just performed?,00:00:09,C,"['A. The bartender filled three glasses with water and handed them to customers.', 'B. The bartender prepared a cocktail by adding ingredients from various bottles.', 'C. The bartender filled a glass with ice, placed it on the counter, and then prepared to repeat the process for another glass.', 'D. The bartender took drink orders from customers and began mixing different spirits.']",multiple,Prior
Real-Time Visual Understanding_sample_407_2,Clips Summarize,Which of the following options best summarizes the events just now?,00:03:03,B,"['A. A bartender is preparing a cocktail for a customer.', 'B. A bartender is picking bottles in a refrigerator and assisting a colleague.', 'C. A bartender is serving a customer and cleaning the counter.', 'D. A bartender is making an espresso and organizing the bar area.']",multiple,Concurrent
Real-Time Visual Understanding_sample_407_3,Clips Summarize,Which of the following options best summarizes the actions of the bartender just now?,00:05:56,B,"['A. The bartender chatted with the customers while refilling their glasses with water and served snacks.', 'B. The bartender prepared complex cocktails by mixing various ingredients and engaged in a friendly conversation with seated patrons.', 'C. The bartender cleaned the bar area, organized bottles, and set up glasses, ensuring everything was in place.', 'D. The bartender took orders, served wine and simple drinks, and casually interacted with patrons while preparing drinks.']",multiple,Concurrent
Real-Time Visual Understanding_sample_407_4,Clips Summarize,Which of the following options best summarizes the content and actions just now?,00:08:49,A,"['A. A bartender talked with patrons while patrons converse and enjoy their drinks at the bar.', 'B. A bartender prepares a cocktail by mixing various ingredients and garnishing it with a lemon twist.', 'C. A server delivers a tray of appetizers to a group of friends celebrating a special occasion.', 'D. A bartender stacks clean glasses behind the bar while patrons request drink menus.']",multiple,Concurrent
Real-Time Visual Understanding_sample_407_5,Clips Summarize,What did the individual just do step by step?,00:11:38,A,"['A. The individual picked up a champagne bottle, poured champagne into a glass, and handed it to a customer.', 'B. The individual took a wine bottle, poured wine into a goblet, placed it on the counter, and walked away.', 'C. The individual grabbed a beer bottle, poured beer into a mug, placed it on the counter, and took a payment.', 'D. The individual took a cocktail shaker, prepared a cocktail, poured it into a glass, and served it to the customer.']",multiple,Concurrent
Real-Time Visual Understanding_sample_408_1,Clips Summarize,Which of the following best summarizes the actions taken by the individual just now?,00:00:13,A,"['A. The individual prepared a cocktail, straining it into a glass and adding a garnish.', 'B. The individual prepared a cold brew coffee, pouring it into a glass and adding ice cubes.', 'C. The individual set the table with cutlery and plates, then folded napkins.', 'D. The individual poured a hot coffee, added milk and sugar, and stirred it before serving.']",multiple,Prior
Real-Time Visual Understanding_sample_408_2,Clips Summarize,Which of the following best summarizes the actions taken by the individual just now?,00:03:03,B,"['A. The individual cleaned the glasses, added garnishes, and served them to the customers.', 'B. The individual scooped ice into glasses.', 'C. The individual wiped down the counter, refilled condiment containers, and organized the bar area.', 'D. The individual prepared different cocktails, added straws and stirrers, and placed them on the counter.']",multiple,Concurrent
Real-Time Visual Understanding_sample_408_3,Clips Summarize,Which of the following best summarizes the actions taken by the individual just now?,00:05:47,B,"['A. The individual mixed and served a drink, cleaned up the glasses, and rearranged the bottles.', 'B. The individual poured champagne for customers.', 'C. The individual prepared multiple cocktails, added garnishes, and served them to customers.', 'D. The individual restocked the bar, washed and dried glasses, and set the table.']",multiple,Concurrent
Real-Time Visual Understanding_sample_408_4,Clips Summarize,Which of the following best summarizes the actions taken by the individuals just now?,00:08:49,D,"['A. The individuals prepared and cleaned glasses, arranged spirits, and set up the bar for service.', 'B. The individuals served drinks to customers, rearranged the menu items, and cleaned the bar.', 'C. The individuals stocked the refrigerator with new items, prepared snacks, and wiped down shelves.', 'D. The individuals mixed drinks while managing the bar area.']",multiple,Concurrent
Real-Time Visual Understanding_sample_408_5,Clips Summarize,Which of the following best summarizes the actions taken by the individual just now?,00:11:42,A,"['A. The individual prepared different cocktails, added ice and garnishes, and served them to customers at the bar.', 'B. The individual cooked food, plated the dishes, and served them to customers at the bar.', 'C. The individual prepared different desserts, added toppings, and served them to customers at the bar.', 'D. The individual set up bar decorations, cleaned the glasses, and served water to customers at the bar.']",multiple,Concurrent
Real-Time Visual Understanding_sample_409_1,Clips Summarize,Which option best summarizes what was just shown?,00:00:10,B,"['A. A person was preparing and serving hamburgers to a line of customers at a busy street corner.', 'B. A mobile food truck opened its serving window near a shopping area in the morning.', 'C. A vendor inside a food truck was grilling burgers on a barbecue and handing them to customers.', 'D. A food truck got stuck in traffic and had to be manually pushed to the side of the road by several people.']",multiple,Prior
Real-Time Visual Understanding_sample_409_2,Clips Summarize,Which option best summarizes what was just shown?,00:02:47,B,"['A. A person was cleaning the kitchen area and restocking spices and sauces.', 'B. A vendor was arranging different types of drinks on the countertop in a food truck.', 'C. Several people were unloading supplies from a truck into a storage area.', 'D. A chef was heating oil in a pan to start cooking a meal.']",multiple,Concurrent
Real-Time Visual Understanding_sample_409_3,Clips Summarize,Which option best summarizes what was just shown?,00:05:26,C,"['A. A person was unloading kitchen equipment from a truck and placing it on a counter.', 'B. A person was stocking a refrigerator with beverages and condiments.', 'C. A person was organizing cooking ingredients.', 'D. A person was preparing ingredients for a recipe by mixing spices in different containers.']",multiple,Concurrent
Real-Time Visual Understanding_sample_409_4,Clips Summarize,Which best summarizes what was just shown?,00:08:04,A,"['A. A burger was being freshly seasoned and prepared for customers.', 'B. A chef was preparing a vegetarian dish by adding spices.', 'C. A worker was cleaning a grill after a long day of cooking.', 'D. An ice cream vendor was serving customers on a sunny day at the park.']",multiple,Concurrent
Real-Time Visual Understanding_sample_409_5,Clips Summarize,Which option best summarizes what was just shown?,00:10:42,C,"['A. A chef was slicing vegetables and placing them on a plate.', 'B. A person was manually operating a fryer to prepare French fries.', 'C. Several patties and buns were being grilled on a hot surface by a worker.', 'D. A person was cleaning up the kitchen area, wiping counters and washing dishes.']",multiple,Concurrent
Real-Time Visual Understanding_sample_410_1,Clips Summarize,Which of the following options best summarizes the sequence of actions taken just now?,00:00:10,A,"['A. The person unlocks the door, opens it to let in light, and mentions the opening.', 'B. The person prepares a dish of pasta, garnishes it, and places it on a serving tray.', 'C. The person sets tables, arranges seats, and places cutlery in a coffee shop.', 'D. The person cleans a window, arranges flowers, and adjusts a sign.']",multiple,Prior
Real-Time Visual Understanding_sample_410_2,Clips Summarize,Which of the following options best summarizes the actions performed just now?,00:03:59,A,"['A. The individual measured and poured milk into a container, stored the milk, and then started steaming the milk.', 'B. The individual prepared a sandwich, added vegetables, and wrapped it for serving.', 'C. The individual prepared a salad by chopping and mixing various vegetables.', 'D. The individual polished dishes, arranged them on a tray, and placed them on a shelf.']",multiple,Concurrent
Real-Time Visual Understanding_sample_410_3,Clips Summarize,Which of the following options best summarizes the sequence of actions taken just now?,00:07:54,A,"['A. The person pours steamed milk into a cup of espresso, creating a latte, and places it on the counter.', 'B. The person fills a pitcher with water, hands it to a customer, and wipes the counter.', 'C. The person makes a cup of tea, adds sugar, and serves it to a customer.', 'D. The person brews a pot of coffee, fills a mug, and hands it to a coworker.']",multiple,Concurrent
Real-Time Visual Understanding_sample_410_4,Clips Summarize,Which of the following options best summarizes the sequence of actions taken just now?,00:11:37,A,"['A. The person steamed milk, poured it into a cup with espresso.', 'B. The person took a cup, added sugar, and stirred it with a spoon.', 'C. The person brewed a fresh cup of coffee, added milk, and handed it to the customer.', 'D. The person prepared tea, added honey, and placed it on the counter.']",multiple,Concurrent
Real-Time Visual Understanding_sample_410_5,Clips Summarize,Which of the following options best summarizes the actions taken just now?,00:15:26,A,"['A. The person weighed coffee beans.', 'B. The person prepared vegetables, cooked them, and served them on a plate.', 'C. The person measured milk, steamed it, and poured it into a cup.', 'D. The person brewed tea, added honey, and handed the cup to the customer.']",multiple,Concurrent
Real-Time Visual Understanding_sample_411_1,Clips Summarize,Which of the following options best summarizes the food preparation process just now?,00:00:10,A,"['A. The cook added sautéed greens, a spoonful of sauce, and toppings from the counter to a plate for serving.', 'B. The cook boiled pasta, seasoned it with herbs, and added it to the sauce.', 'C. The cook prepared a salad by chopping vegetables and adding a vinaigrette.', 'D. The cook grilled a steak, seasoned it with spices, and placed it on the plate.']",multiple,Concurrent
Real-Time Visual Understanding_sample_411_2,Clips Summarize,Which of the following options best summarizes the content of the video just shown?,00:02:15,A,"['A. The chef grilled vegetables using a blowtorch.', 'B. The chef prepared a stir-fry dish on a stove, adding various ingredients and seasoning.', 'C. The chef fried items in a deep fryer and then drained them on a rack.', 'D. The chef prepared a salad by chopping fresh vegetables and mixing them in a bowl.']",multiple,Concurrent
Real-Time Visual Understanding_sample_411_3,Clips Summarize,Which of the following options best summarizes the recent food preparation process?,00:04:20,A,"['A. The individual cooked a vegetable mix, plated it, and added some finishing touches for garnish.', 'B. The individual sliced fruits and arranged them decoratively on a platter.', 'C. The individual prepared a meat dish, seasoned it with various spices, and placed it on the grill.', 'D. The individual mixed ingredients for a smoothie and poured it into a glass.']",multiple,Concurrent
Real-Time Visual Understanding_sample_411_4,Clips Summarize,Which of the following options best summarizes the actions taken by the individual just now?,00:06:24,A,"['A. The individual cleaned a tray, prepared vegetables and add cooking oil to the vegetables.', 'B. The individual prepared a salad, dressed it with sauces, and served it to the customer.', 'C. The individual grilled a meat patty, added cheese, and placed it in a bun.', 'D. The individual was teaching a cooking class, demonstrating how to prepare different dishes.']",multiple,Concurrent
Real-Time Visual Understanding_sample_411_5,Clips Summarize,Which of the following options best summarizes the actions just shown?,00:08:30,A,"['A. The individual is arranging bok choy and other greens on a cooking surface and cooking them.', 'B. The individual is mixing a salad with various dressings and plating it.', 'C. The individual is marinating meat with different sauces and preparing it for grilling.', 'D. The individual is seasoning fish and placing it onto a grill.']",multiple,Concurrent
Real-Time Visual Understanding_sample_412_1,Clips Summarize,What does the individual seem to be doing just now?,00:00:10,A,"['A. The individual is sorting order tickets and preparing them for meal preparation.', 'B. The individual is cleaning the countertop and washing dishes.', 'C. The individual is slicing vegetables and arranging them on plates.', 'D. The individual is taking orders from customers and entering them into a computer.']",multiple,Concurrent
Real-Time Visual Understanding_sample_412_2,Clips Summarize,Which of the following options best summarizes the actions of the individuals taken just now?,00:02:17,B,"['A. The chef picks up plates and arranges them on the counter, then prepares meat for cooking.', 'B. The chef did nothing, and colleagues selected fresh herbs to a container and others cook around the area.', 'C. The chef sets the table with forks and knives, while colleagues prepare beverage orders.', 'D. The chef chops vegetables and adds them to a soup, while colleagues focus on dessert preparation.']",multiple,Concurrent
Real-Time Visual Understanding_sample_412_3,Clips Summarize,Which of the following options best summarizes the actions taken by the individual just now?,00:04:24,C,"['A. The individual served a finished dish to the customer and took a moment to clean the workspace.', 'B. The individual cooked a meal, plated it, and served it to a fellow chef in the kitchen.', 'C. The individual prepared and served several vegetables while coordinating with another chef in the busy kitchen.', 'D. The individual took ingredients from storage, prepped them, and started cooking them on the stove.']",multiple,Concurrent
Real-Time Visual Understanding_sample_412_4,Clips Summarize,Which of the following options best summarizes the actions just now?,00:06:31,B,"['A. The individual boiled water, added pasta, and prepared a seafood dish.', 'B. The individual sautéed vegetables, seasoned them, and organized various ingredients on the counter.', 'C. The individual chopped vegetables, grilled them, and set them aside for plating.', 'D. The individual baked pastries, garnished them, and prepared them for serving.']",multiple,Concurrent
Real-Time Visual Understanding_sample_412_5,Clips Summarize,Which of the following options best summarizes the actions of the individual just now?,00:08:37,B,"['A. The individual cleaned a table, set it with plates and cutlery, and prepared for serving customers.', 'B. The individual grabbed tongs, plated cooked greens on a dish, added sauce, and moved the dish to the side.', 'C. The individual grilled meat on a barbecue, basted it with sauce, and added it to a serving tray.', 'D. The individual blended ingredients in a mixer, poured them into a baking dish, and placed the dish in an oven.']",multiple,Concurrent
Real-Time Visual Understanding_sample_413_1,Clips Summarize,Which of the following options best summarizes the actions taking place just now?,00:00:10,C,"['A. The individual prepared fresh lettuce by washing it thoroughly in a sink.', 'B. The individual took lettuce from a drawer, cooked it briefly, and then placed it on a preparation surface.', 'C. The individual retrieved spinach from a compartment, cooked it on a flat top grill, and seasoned it.', 'D. The individual prepared a salad by chopping tomatoes and cucumbers and adding them to a bowl.']",multiple,Prior
Real-Time Visual Understanding_sample_413_2,Clips Summarize,Which of the following options best summarizes the actions taken just now in the kitchen?,00:03:06,B,"['A. The cook selected a frying pan, sautéed ingredients, and served them with a sauce.', 'B. The cook retrieved pans, prepared a mixture, and added a creamy sauce to one pan.', 'C. The cook diced vegetables, fried them, and placed them on a serving tray.', 'D. The cook heated a pan, added oil, and mixed it with pre-prepared sauces.']",multiple,Concurrent
Real-Time Visual Understanding_sample_413_3,Clips Summarize,Which of the following options best summarizes the recent activity just shown?,00:06:02,C,"['A. The individual was plating a dish, adding final garnishes, and preparing the plate for serving.', 'B. The individual was cooking an omelet, flipping it multiple times, and placing it on a plate.', 'C. The individual was preparing a dish by stirring ingredients in a pan and adding various seasonings.', 'D. The individual was cleaning the kitchen station, wiping surfaces, and organizing utensils.']",multiple,Concurrent
Real-Time Visual Understanding_sample_413_4,Clips Summarize,Which of the following options best summarizes the actions of the individual just now?,00:08:58,B,"['A. The individual cleaned the kitchen area and organized the utensils.', 'B. The individual sautéed some vegetables, operated the stove, and managed multiple pans on a busy kitchen station.', 'C. The individual prepared a salad by chopping and mixing fresh ingredients.', 'D. The individual baked a cake, frosted it, and placed it in a refrigerator to cool.']",multiple,Concurrent
Real-Time Visual Understanding_sample_413_5,Clips Summarize,Which of the following options best summarizes the actions performed just now?,00:11:54,B,"['A. The individual mixed a variety of raw ingredients in a bowl and started blending them.', 'B. The individual sautéed green vegetables in a pan, transferred them to a serving dish, and prepared different sauce pans.', 'C. The individual grilled several pieces of meat and then plated them with garnish.', 'D. The individual baked a loaf of bread and buttered it before serving.']",multiple,Concurrent
Real-Time Visual Understanding_sample_414_1,Clips Summarize,How can the actions just observed in the recent video segment be best summarized?,00:00:10,B,"['A. A shopper selected and evaluated various fruit snacks before placing them in their basket, focusing on price comparison for different brands.', 'B. A worker stocked fruit cups on supermarket shelves, arranging boxes and checking labels to ensure proper placement.', 'C. A chef prepared a detailed shopping list, meticulously inspecting each item before selecting fruits and vegetables for a gourmet recipe.', 'D. A child picked out colorful fruit snacks from a wide selection, expressing excitement over new flavors and brands.']",multiple,Prior
Real-Time Visual Understanding_sample_414_2,Clips Summarize,Which of the following options best summarizes the actions taken just now?,00:02:29,A,"['A. An individual restocks shelves with canned fruits while organizing other products.', 'B. An individual maneuvers through a crowded farmers market, selecting fresh produce.', 'C. An individual stacks canned soups on shelves while arranging sales tags.', 'D. An individual organizes breakfast cereals on the shelves, ensuring everything is properly placed.']",multiple,Concurrent
Real-Time Visual Understanding_sample_414_3,Clips Summarize,Which of the following summaries best describes the recent actions carried out in the footage?,00:04:48,D,"['A. The individual browsed through the cereal aisle, examined various boxes, and placed one in their cart.', 'B. The individual navigated through the chocolate syrup section, compared brands, and added a specific syrup to their basket.', 'C. The individual walked through the tea aisle, checked prices, and picked up a box of herbal tea.', 'D. The individual strolled through the cereal aisle, checked prices, and appeared to be restocking shelves.']",multiple,Concurrent
Real-Time Visual Understanding_sample_414_4,Clips Summarize,Which of the following options best summarizes the action that just now took place?,00:07:07,C,"['A. An individual sorted through various condiments, selecting and organizing jars of relish on the shelf.', 'B. An individual restocked ketchup bottles, ensuring they were properly aligned and accessible for customers.', 'C. An individual unpacked and restocked mayonnaise jars on the shelves, organizing them neatly in a supermarket aisle.', 'D. An individual evaluated different brands of jam, comparing prices and features before making a purchase.']",multiple,Concurrent
Real-Time Visual Understanding_sample_414_5,Clips Summarize,Which of the following options best summarizes the actions taken just now?,00:09:26,C,"['A. An individual browses through a section of fresh produce, selecting and bagging different vegetables and fruits.', 'B. An individual stocks up on cleaning supplies, checking labels for ingredients, and placing several items in a cart.', 'C. An individual browses through the salad dressing aisle, picks up and examines bottles, places one in a box, and continues down the aisle.', 'D. An individual navigates through a hardware store, comparing different brands of paint and supplies before selecting and purchasing a few items.']",multiple,Concurrent
Real-Time Visual Understanding_sample_415_1,Clips Summarize,Which of the following options best summarizes the actions just taken?,00:00:10,C,"['A. The individual prepared a sandwich, applied condiments, and wrapped it for serving.', 'B. The individual selected toppings, spread sauce, and baked a pizza.', 'C. The individual prepared a pizza peel, dusted it with flour, and placed a dough bag on the counter.', 'D. The individual sliced vegetables, assembled a salad, and served it in a bowl.']",multiple,Concurrent
Real-Time Visual Understanding_sample_415_2,Clips Summarize,Which of the following options best summarizes the actions taken by the individual just now?,00:03:08,D,"['A. The individual crafted a sandwich, adding lettuce and tomatoes, then cutting it in half before serving.', 'B. The individual prepared a salad by mixing several ingredients and garnishing it with dressing.', 'C. The individual baked a pizza, adding cheese and pepperoni, before placing it into the oven.', 'D. The individual composed a pizza, topping it with spinach, mushrooms, and some type of reddish ingredient.']",multiple,Concurrent
Real-Time Visual Understanding_sample_415_3,Clips Summarize,Which of the following options best summarizes the individual's actions just now?,00:06:06,A,"['A. The individual prepares a pizza dough by rolling it out and forming a circular shape.', 'B. The individual decorates a cake by applying frosting and adding toppings.', 'C. The individual prepares a sandwich by layering ingredients and cutting it in half.', 'D. The individual makes a sushi roll by spreading rice and adding fish.']",multiple,Concurrent
Real-Time Visual Understanding_sample_415_4,Clips Summarize,Which of the following options best summarizes the actions taking place just now?,00:08:59,B,"['A. The individual was spreading sauce on a pizza base and putting toppings on it.', 'B. The individual was applying flour to a pizza board and preparing the workstation for making pizza.', 'C. The individual was washing kitchen utensils and cleaning the floor.', 'D. The individual was grating cheese and chopping vegetables for a salad.']",multiple,Concurrent
Real-Time Visual Understanding_sample_415_5,Clips Summarize,Which of the following options best summarizes the recent actions shown?,00:12:02,B,"['A. The worker picked up dough, kneaded it, and placed it into a proofing oven.', 'B. The worker stretched a pizza dough, then added marinara sauce to the center, spreading it out.', 'C. The worker prepared a sandwich, added condiments, and wrapped it in paper.', 'D. The worker chopped vegetables, placed them in a bowl, and added dressing.']",multiple,Concurrent
Real-Time Visual Understanding_sample_416_1,Object Perception,What can be seen in the cockpit's center screen right now?,00:00:06,B,"['A. A compass.', 'B. A map.', 'C. An altitude meter.', 'D. A weather radar.']",single,Concurrent
Real-Time Visual Understanding_sample_416_2,Attribute Perception,What colors are the pilot's handheld being controlled right now?,00:02:37,A,"['A. Black.', 'B. Red and green.', 'C. Yellow and blue.', 'D. Black and orange.']",single,Concurrent
Real-Time Visual Understanding_sample_416_3,Attribute Perception,What are the visible weather conditions right now?,00:05:01,A,"['A. Clear sky with scattered clouds.', 'B. Overcast sky with rain.', 'C. Foggy with low visibility.', 'D. Thunderstorms with lightning.']",single,Concurrent
Real-Time Visual Understanding_sample_416_4,Attribute Perception,What are colors of the curved flight path right now?,00:07:15,D,"['A. Yellow and blue.', 'B. Blue and white.', 'C. Green and orange.', 'D. Red and blue.']",single,Concurrent
Real-Time Visual Understanding_sample_416_5,Object Perception,What is located to the bottom-left of the cockpit's central control panel right now?,00:09:33,A,"['A. A blue handle.', 'B. A red button.', 'C. An altitude meter.', 'D. A compass.']",single,Concurrent
Real-Time Visual Understanding_sample_417_1,Attribute Perception,What is the primary color of the control panel shown right now?,00:00:09,A,"['A. Black.', 'B. White.', 'C. Blue.', 'D. Grey.']",single,Concurrent
Real-Time Visual Understanding_sample_417_2,Attribute Perception,What is the primary color of the mountains visible right now?,00:02:53,A,"['A. White.', 'B. Green.', 'C. Brown.', 'D. Red.']",single,Concurrent
Real-Time Visual Understanding_sample_417_3,Object Perception,What is the main object visible outside the aircraft right now?,00:05:27,A,"['A. A mountain.', 'B. An ocean.', 'C. A forest.', 'D. A desert.']",single,Concurrent
Real-Time Visual Understanding_sample_417_4,Attribute Perception,What is the predominant weather condition visible right now?,00:07:28,A,"['A. Sunny.', 'B. Cloudy.', 'C. Foggy.', 'D. Rainy.']",single,Concurrent
Real-Time Visual Understanding_sample_417_5,Attribute Perception,What color is the body of water visible right now?,00:10:44,A,"['A. Green.', 'B. Blue.', 'C. Brown.', 'D. Red.']",single,Concurrent
Real-Time Visual Understanding_sample_418_1,Attribute Perception,What color is the hat the man is wearing right now?,00:00:02,C,"['A. White.', 'B. Blue.', 'C. Gray.', 'D. Black.']",single,Prior
Real-Time Visual Understanding_sample_418_2,Attribute Perception,What is the primary color of the navigation panel?,00:02:27,B,"['A. Yellow', 'B. Black', 'C. Blue', 'D. White']",single,Concurrent
Real-Time Visual Understanding_sample_418_3,Attribute Perception,What is the general shape of the fields visible right now?,00:04:42,C,"['A. Circular', 'B. Triangular', 'C. Rectangular', 'D. Irregular']",single,Concurrent
Real-Time Visual Understanding_sample_418_4,Object Perception,What type of vehicles are visible right now?,00:07:06,C,"['A. Cars.', 'B. Bicycles.', 'C. Gliders.', 'D. Trains.']",single,Concurrent
Real-Time Visual Understanding_sample_418_5,Attribute Perception,What is the predominant color of the mountains visible right now?,00:09:20,B,"['A. Brown.', 'B. Green.', 'C. Gray.', 'D. White.']",single,Concurrent
Real-Time Visual Understanding_sample_419_1,Object Perception,What object is visible on the left side of the cockpit?,00:00:09,A,"['A. A blue handler.', 'B. A red first aid kit.', 'C. A yellow flashlight.', 'D. A green map.']",single,Concurrent
Real-Time Visual Understanding_sample_419_2,Attribute Perception,What is the dominant color of the pants the person is wearing right now?,00:02:38,A,"['A. Beige.', 'B. Blue.', 'C. Black.', 'D. Gray.']",single,Concurrent
Real-Time Visual Understanding_sample_419_3,Spatial Understanding,Which way is the plane turning now?,00:05:12,C,"['A. Left.', 'B. Up.', 'C. Right.', 'D. Down.']",single,Concurrent
Real-Time Visual Understanding_sample_419_4,Object Perception,What object is visible in the lower-left corner of the cockpit right now?,00:07:33,A,"['A. A blue handler.', 'B. A red first aid kit.', 'C. A yellow flashlight.', 'D. A green map.']",single,Concurrent
Real-Time Visual Understanding_sample_419_5,Attribute Perception,What is the current lighting condition?,00:09:54,A,"['A. Bright and sunny.', 'B. Overcast.', 'C. Dusk.', 'D. Night.']",single,Concurrent
Real-Time Visual Understanding_sample_420_1,Object Perception,What object is pointing out the window right now?,00:00:10,C,"['A. A pencil.', 'B. A pen.', 'C. A finger.', 'D. A stick.']",single,Concurrent
Real-Time Visual Understanding_sample_420_2,Attribute Perception,What is the weather condition right now?,00:02:09,C,"['A. Clear skies.', 'B. Heavy rain.', 'C. Overcast with clouds.', 'D. Snowing.']",single,Concurrent
Real-Time Visual Understanding_sample_420_3,Text-Rich Understanding,What is the current speed of the wind?,00:04:09,C,"['A. 20 kph.', 'B. 25 kph.', 'C. 30 kph.', 'D. 35 kph.']",single,Concurrent
Real-Time Visual Understanding_sample_420_4,Attribute Perception,What color is the horizon right now?,00:06:22,C,"['A. Red.', 'B. Yellow.', 'C. Orange.', 'D. Blue.']",single,Concurrent
Real-Time Visual Understanding_sample_420_5,Attribute Perception,What color is the sky right now?,00:08:32,B,"['A. Bright red.', 'B. Dark grey.', 'C. Clear with no clouds.', 'D. Yellowish-orange.']",single,Concurrent
Real-Time Visual Understanding_sample_421_1,Object Perception,What device is the person currently using to capture the video?,00:00:01,A,"['A. Head-mounted camera.', 'B. Smartphone.', 'C. DSLR camera.', 'D. Camcorder.']",single,Concurrent
Real-Time Visual Understanding_sample_421_2,Object Perception,What type of vehicle is visible in the parking lot right now?,00:02:03,A,"['A. Car.', 'B. Heavy truck.', 'C. Bus.', 'D. Helicopter.']",single,Concurrent
Real-Time Visual Understanding_sample_421_3,Object Perception,What type of aircraft is visible right now?,00:04:10,A,"['A. Helicopter.', 'B. Airplane.', 'C. Drone.', 'D. Glider.']",single,Concurrent
Real-Time Visual Understanding_sample_421_4,Object Perception,What is the person grabbing from the food basket right now?,00:06:00,A,"['A. Chicken strips.', 'B. French fries.', 'C. Onion rings.', 'D. Mozzarella sticks.']",single,Concurrent
Real-Time Visual Understanding_sample_421_5,Object Perception,What navigational tool is visible on the screen right now?,00:08:09,A,"['A. GPS device.', 'B. Compass.', 'C. Altimeter.', 'D. Airspeed indicator.']",single,Concurrent
Real-Time Visual Understanding_sample_422_1,Attribute Perception,What is the condition of the weather right now?,00:00:15,C,"['A. Cloudy.', 'B. Rainy.', 'C. Clear.', 'D. Snowy.']",single,Concurrent
Real-Time Visual Understanding_sample_422_2,Object Perception,What is the pilot adjusting right now?,00:02:03,A,"['A. Control panel.', 'B. The radio.', 'C. The headset.', 'D. The GPS.']",multiple,Concurrent
Real-Time Visual Understanding_sample_422_3,Object Perception,What device is right now located to the pilot's right side and visible in the footage?,00:03:59,B,"['A. A smartphone.', 'B. A tablet.', 'C. A radio.', 'D. A map.']",single,Concurrent
Real-Time Visual Understanding_sample_422_4,Attribute Perception,What is the predominant color of the pilot's shorts right now?,00:05:52,B,"['A. Black.', 'B. Blue.', 'C. Grey.', 'D. Green.']",single,Concurrent
Real-Time Visual Understanding_sample_422_5,Object Perception,What is the pilot holding in his right hand right now?,00:07:31,A,"['A. A joystick.', 'B. A map.', 'C. A throttle lever.', 'D. A GPS device.']",single,Concurrent
Real-Time Visual Understanding_sample_423_1,Object Perception,Which type of vehicle is visible inside the hangar right now?,00:00:03,C,"['A. Truck.', 'B. Boat.', 'C. Aircraft.', 'D. Motorcycle.']",single,Concurrent
Real-Time Visual Understanding_sample_423_2,Object Perception,Which device is currently placed on the right side of the cockpit?,00:02:56,A,"['A. A GPS device.', 'B. A radio transmitter.', 'C. An altimeter.', 'D. A fuel gauge.']",single,Concurrent
Real-Time Visual Understanding_sample_423_3,Attribute Perception,"What is right now the terrain mainly covered with, as seen from the flying POV?",00:05:49,C,"['A. Desert.', 'B. Urban buildings.', 'C. Forest.', 'D. Water bodies.']",single,Concurrent
Real-Time Visual Understanding_sample_423_4,Object Perception,What instrument is the pilot using right now to navigate?,00:08:42,C,"['A. Altimeter.', 'B. Compass.', 'C. GPS tablet.', 'D. Map.']",single,Concurrent
Real-Time Visual Understanding_sample_423_5,Object Perception,Which device is placed next to the pilot's seat right now?,00:11:36,B,"['A. A GPS device.', 'B. A camera.', 'C. An oxygen mask.', 'D. A water bottle.']",single,Concurrent
Real-Time Visual Understanding_sample_424_1,Attribute Perception,What color is the pilot's headset right now?,00:00:03,C,"['A. Red.', 'B. Blue.', 'C. Black.', 'D. White.']",single,Concurrent
Real-Time Visual Understanding_sample_424_2,Object Perception,What is in the pilot's left hand right now?,00:02:05,B,"['A. A map.', 'B. A control stick.', 'C. A headset.', 'D. A smartphone.']",single,Concurrent
Real-Time Visual Understanding_sample_424_3,Attribute Perception,What is the color of the top of the control stick handle right now?,00:04:06,C,"['A. Red.', 'B. Blue.', 'C. Yellow.', 'D. Green.']",single,Concurrent
Real-Time Visual Understanding_sample_424_4,Object Perception,What is the scene below the helicopter now?,00:06:09,B,"['A. A lake.', 'B. A forest.', 'C. A mountain.', 'D. A city.']",single,Concurrent
Real-Time Visual Understanding_sample_424_5,Text-Rich Understanding,What text is displayed on the screen right now?,00:08:10,C,"['A. ""I apologize for the inconvenience. The footage contains private information."".', 'B. ""The video has been temporarily removed."".', 'C. ""Unfortunately I had to remove the footage because there was private information on an aircraft that was shown."".', 'D. ""I lost some footage, so I\'ll record more in another video. Sorry!"".']",single,Concurrent
Real-Time Visual Understanding_sample_425_1,Attribute Perception,What is the primary color of the lever located on the left side of the cockpit?,00:00:02,C,"['A. Red.', 'B. Yellow.', 'C. Blue.', 'D. Green.']",single,Prior
Real-Time Visual Understanding_sample_425_2,Attribute Perception,What is the predominant color of the device on the right side of the cockpit?,00:01:17,D,"['A. Green.', 'B. Blue.', 'C. Yellow.', 'D. Black.']",single,Concurrent
Real-Time Visual Understanding_sample_425_3,Object Perception,What is visible on the screen in the cockpit right now?,00:02:34,B,"['A. A speedometer.', 'B. A map.', 'C. An altimeter.', 'D. A radar.']",single,Concurrent
Real-Time Visual Understanding_sample_425_4,Attribute Perception,What is the current weather condition outside the cockpit?,00:03:47,B,"['A. Clear skies.', 'B. Cloudy skies with light rain.', 'C. Snowfall.', 'D. Heavy thunderstorms.']",single,Concurrent
Real-Time Visual Understanding_sample_425_5,Object Perception,What is the pilot holding in his left hand right now?,00:05:07,B,"['A. A joystick.', 'B. A blue handle.', 'C. A map.', 'D. A throttle lever.']",single,Concurrent
Real-Time Visual Understanding_sample_426_1,Object Perception,What is mounted on the left side of the helicopter cockpit right now?,00:00:04,C,"['A. A phone.', 'B. A GPS device.', 'C. A tablet.', 'D. A camera.']",single,Concurrent
Real-Time Visual Understanding_sample_426_2,Text-Rich Understanding,What type of store is the person in right now?,00:03:16,D,"['A. A clothing store.', 'B. A pet store.', 'C. A grocery store.', 'D. A costco.']",single,Concurrent
Real-Time Visual Understanding_sample_426_3,Text-Rich Understanding,What brand of chips is in the shopping cart right now?,00:04:22,C,"[""A. Lay's."", 'B. Pringles.', ""C. Miss Vickie's."", 'D. Doritos.']",single,Concurrent
Real-Time Visual Understanding_sample_426_4,Text-Rich Understanding,What brand of paper towels is visible on the ground right now?,00:06:31,B,"['A. Bounty.', 'B. Scott.', 'C. Viva.', 'D. Sparkle.']",single,Concurrent
Real-Time Visual Understanding_sample_426_5,Text-Rich Understanding,Which brand of bottled water is visible on the passenger seat right now?,00:08:39,C,"['A. Dasani.', 'B. Evian.', 'C. Ice Mountain.', 'D. Aquafina.']",single,Concurrent
Real-Time Visual Understanding_sample_427_1,Attribute Perception,What color is the man's shirt right now?,00:00:05,D,"['A. Blue.', 'B. Red.', 'C. Black.', 'D. White.']",single,Concurrent
Real-Time Visual Understanding_sample_427_2,Object Perception,What is the man in the video holding right now?,00:02:14,B,"['A. A wrench.', 'B. An air pump.', 'C. A screwdriver.', 'D. A flashlight.']",single,Concurrent
Real-Time Visual Understanding_sample_427_3,Attribute Perception,What color are the man's shorts right now?,00:04:27,C,"['A. Black.', 'B. Red.', 'C. Blue.', 'D. Green.']",single,Concurrent
Real-Time Visual Understanding_sample_427_4,Attribute Perception,What is the main source of light illuminating the area right now?,00:06:42,D,"['A. Street lamp.', 'B. Campfire.', 'C. Flashlight.', 'D. Tent light.']",single,Prior
Real-Time Visual Understanding_sample_427_5,Object Perception,What is the man setting up right now?,00:08:55,A,"['A. A tent.', 'B. A table.', 'C. A chair.', 'D. A blanket.']",single,Concurrent
Real-Time Visual Understanding_sample_428_1,Text-Rich Understanding,What is the name appearing on the aircraft?,00:00:05,D,"['A. Rand.', 'B. Rant.', 'C. Ren.', 'D. Raná.']",single,Concurrent
Real-Time Visual Understanding_sample_428_2,Object Perception,What is the primary object right now attached in front of the yellow aircraft?,00:01:23,A,"['A. A rope.', 'B. A radar.', 'C. A ladder.', 'D. A parachute.']",single,Concurrent
Real-Time Visual Understanding_sample_428_3,Attribute Perception,What is the primary color of the aircraft nose right now?,00:02:42,D,"['A. Blue.', 'B. Red.', 'C. White.', 'D. Brown.']",single,Concurrent
Real-Time Visual Understanding_sample_428_4,Object Perception,What physical structure is visible in the background right now?,00:04:00,A,"['A. A road.', 'B. A lake.', 'C. A bridge.', 'D. A factory.']",single,Concurrent
Real-Time Visual Understanding_sample_428_5,Object Perception,What is the person in the aircraft wearing on his head right now?,00:05:22,A,"['A. A leather aviator hat.', 'B. A helmet.', 'C. A beanie.', 'D. A cap.']",single,Concurrent
Real-Time Visual Understanding_sample_429_1,Text-Rich Understanding,What is the alphanumeric code visible on the helicopter's tail right now?,00:00:01,C,"['A. N939HS.', 'B. N9398H.', 'C. N939SH.', 'D. N9399H.']",single,Prior
Real-Time Visual Understanding_sample_429_2,Attribute Perception,What color is the person on the right side of the picture wearing now?,00:02:02,A,"['A. Blue.', 'B. Yellow.', 'C. White.', 'D. Black.']",single,Concurrent
Real-Time Visual Understanding_sample_429_3,Attribute Perception,What color are visible on the man's shirt right now?,00:04:15,A,"['A. Black.', 'B. White.', 'C. Red.', 'D. Blue.']",single,Concurrent
Real-Time Visual Understanding_sample_429_4,Attribute Perception,What is the predominant color of the landscape right now?,00:06:04,A,"['A. Green.', 'B. Blue.', 'C. Yellow.', 'D. Brown.']",single,Concurrent
Real-Time Visual Understanding_sample_429_5,Attribute Perception,What color is the man's shirt right now?,00:08:02,A,"['A. Black.', 'B. Blue.', 'C. White.', 'D. Red.']",single,Concurrent
Real-Time Visual Understanding_sample_430_1,Object Perception,What object is mounted in front of the pilot on the left side?,00:00:02,C,"['A. A map.', 'B. A compass.', 'C. A tablet.', 'D. A camera.']",single,Concurrent
Real-Time Visual Understanding_sample_430_2,Attribute Perception,What type of footwear is the pilot wearing right now?,00:02:07,C,"['A. Sandals.', 'B. Dress shoes.', 'C. Sneakers.', 'D. Boots.']",single,Concurrent
Real-Time Visual Understanding_sample_430_3,Object Perception,What object is the man in the gray shirt holding right now?,00:04:15,C,"['A. A backpack.', 'B. A helmet.', 'C. A purple bag.', 'D. A clipboard.']",single,Concurrent
Real-Time Visual Understanding_sample_430_4,Attribute Perception,What color are the man's sunglasses's reflection right now?,00:06:21,B,"['A. Red.', 'B. Blue.', 'C. Green.', 'D. Yellow.']",single,Concurrent
Real-Time Visual Understanding_sample_430_5,Attribute Perception,What is the predominant color of the buildings in the background right now?,00:08:29,A,"['A. Red', 'B. Blue', 'C. Green', 'D. Yellow']",single,Concurrent
Real-Time Visual Understanding_sample_431_1,Object Perception,What is the man standing in front of the glider wearing on his head right now?,00:00:03,C,"['A. A helmet.', 'B. A hat.', 'C. A cap.', 'D. No headgear.']",single,Concurrent
Real-Time Visual Understanding_sample_431_2,Attribute Perception,What is the current texture of the sky right now?,00:01:42,B,"['A. Clear with few clouds.', 'B. Overcast and cloudy.', 'C. Sunny with scattered clouds.', 'D. Stormy with dark clouds.']",single,Concurrent
Real-Time Visual Understanding_sample_431_3,Object Perception,"Right now, what is the man holding in his hand?",00:03:20,C,"['A. A map.', 'B. A burger.', 'C. A sandwich.', 'D. A piece of paper.']",single,Concurrent
Real-Time Visual Understanding_sample_431_4,Object Perception,What is displayed on the central screen of the control panel right now?,00:04:58,A,"['A. A navigation map.', 'B. A weather forecast.', 'C. A music player.', 'D. An engine monitoring system.']",single,Concurrent
Real-Time Visual Understanding_sample_431_5,Attribute Perception,What is the primary color of the joystick in the pilot's left hand right now?,00:06:36,B,"['A. Red.', 'B. Blue.', 'C. Yellow.', 'D. Green.']",single,Concurrent
Real-Time Visual Understanding_sample_432_1,Object Perception,What type of vehicle is visible from the cockpit view right now?,00:00:04,D,"['A. Helicopter.', 'B. Paraglider.', 'C. Hot air balloon.', 'D. Airplane.']",single,Concurrent
Real-Time Visual Understanding_sample_432_2,Spatial Understanding,What is the plane flying above now?,00:01:12,D,"['A. Above the islands.', 'B. Above the field.', 'C. Above the mountain.', 'D. Above the lake.']",single,Concurrent
Real-Time Visual Understanding_sample_432_3,Object Perception,What type of structure can be seen on the hilltop right now?,00:04:12,D,"['A. Lighthouse.', 'B. Windmill.', 'C. Observation Deck.', 'D. A red and white tower.']",single,Concurrent
Real-Time Visual Understanding_sample_432_4,Attribute Perception,What is the dominant color of the fields visible right now?,00:05:26,A,"['A. Green.', 'B. Yellow.', 'C. Brown.', 'D. Blue.']",single,Concurrent
Real-Time Visual Understanding_sample_432_5,Object Perception,What object is the pilot's right hand holding right now?,00:07:14,D,"['A. A map.', 'B. A throttle.', 'C. A compass.', 'D. A joystick.']",single,Concurrent
Real-Time Visual Understanding_sample_433_1,Attribute Perception,What color is the man's sweatshirt right now?,00:00:04,A,"['A. Beige.', 'B. Blue.', 'C. Red.', 'D. Green.']",single,Concurrent
Real-Time Visual Understanding_sample_433_2,Object Perception,What type of vehicle appears near the open parking lot right now?,00:02:06,D,"['A. Motorcycle.', 'B. Helicopter.', 'C. Bicycle.', 'D. Car.']",single,Concurrent
Real-Time Visual Understanding_sample_433_3,Object Perception,What is the vehicle being operated right now?,00:04:35,D,"['A. Airplane.', 'B. Boat.', 'C. Car.', 'D. Helicopter.']",single,Concurrent
Real-Time Visual Understanding_sample_433_4,Causal Reasoning,What type of headset is the man wearing right now?,00:06:53,D,"['A. HiFi.', 'B. Reverberant.', 'C. No function.', 'D. Aviation.']",single,Concurrent
Real-Time Visual Understanding_sample_433_5,Attribute Perception,What shape is the island in the water right now?,00:09:17,A,"['A. Rectangular.', 'B. Circular.', 'C. Triangular.', 'D. Oval.']",single,Concurrent
Real-Time Visual Understanding_sample_434_1,Attribute Perception,What is the color of the pilot's headset right now?,00:00:03,A,"['A. Black.', 'B. Blue.', 'C. Red.', 'D. White.']",single,Concurrent
Real-Time Visual Understanding_sample_434_2,Object Perception,What device is currently mounted to the top of the helicopter's control panel?,00:02:07,A,"['A. A camera.', 'B. A GPS unit.', 'C. An altimeter.', 'D. A radar detector.']",single,Concurrent
Real-Time Visual Understanding_sample_434_3,Object Perception,What is currently seen on the belt of the police officer?,00:04:08,C,"['A. Flashlight.', 'B. Handcuffs.', 'C. Taser.', 'D. Radio.']",single,Concurrent
Real-Time Visual Understanding_sample_434_4,Attribute Perception,What color is the control stick's top?,00:06:16,A,"['A. Yellow.', 'B. Red.', 'C. Blue.', 'D. Green.']",single,Concurrent
Real-Time Visual Understanding_sample_434_5,Attribute Perception,What color is the streamlining structure of the helicopter that is visible right now?,00:08:18,A,"['A. Black.', 'B. Red.', 'C. Blue.', 'D. Green.']",single,Concurrent
Real-Time Visual Understanding_sample_435_1,Object Perception,What instrument is visible on the pilot's lap right now?,00:00:03,D,"['A. An altimeter', 'B. A compass', 'C. A throttle', 'D. A joystick']",single,Concurrent
Real-Time Visual Understanding_sample_435_2,Object Perception,Where is the airplane preparing to land?,00:01:18,D,"['A. At the airport.', 'B. On the mountain.', 'C. In the field.', 'D. On the grassland.']",single,Concurrent
Real-Time Visual Understanding_sample_435_3,Attribute Perception,What is the color of the handgrip the pilot's left hand is holding right now?,00:02:31,D,"['A. Red.', 'B. Yellow.', 'C. Green.', 'D. Blue.']",single,Concurrent
Real-Time Visual Understanding_sample_435_4,Attribute Perception,What color is the handgrip on the left side right now?,00:03:47,D,"['A. Red.', 'B. Yellow.', 'C. Green.', 'D. Blue.']",single,Concurrent
Real-Time Visual Understanding_sample_435_5,Attribute Perception,What color is the aircraft's side window frame right now?,00:05:00,D,"['A. Black.', 'B. Grey.', 'C. Blue.', 'D. White.']",single,Concurrent
Real-Time Visual Understanding_sample_436_1,Action Perception,What is the person doing with the green and white cartons?,00:00:20,C,"['A. Moving them to another room.', 'B. Organizing them in the trolley.', 'C. Unloading them onto the shelves.', 'D. Throwing them away.']",multiple,Concurrent
Real-Time Visual Understanding_sample_436_2,Event Understanding,What task is the person primarily engaged in right now?,00:00:54,C,"['A. Cleaning the storage room.', 'B. Counting inventory.', 'C. Organizing and resupplying shelves.', 'D. Moving trolleys to the front.']",multiple,Concurrent
Real-Time Visual Understanding_sample_436_3,Action Perception,What action is the person holding the camera performing right now?,00:02:19,B,"['A. Taking items off the shelves.', 'B. Pushing a cart.', 'C. Rearranging items on the shelves.', 'D. Cleaning the aisle.']",single,Concurrent
Real-Time Visual Understanding_sample_436_4,Object Perception,What is the camera operator holding in his hands right now?,00:04:01,B,"['A. A red crate.', 'B. A green and white carton.', 'C. A yogurt container.', 'D. A bottle of milk.']",single,Concurrent
Real-Time Visual Understanding_sample_436_5,Event Understanding,What is the primary type of product seen on the shelves?,00:04:20,A,"['A. Dairy products like milk and yogurt.', 'B. Fresh vegetables.', 'C. Canned goods.', 'D. Electronics.']",multiple,Concurrent
Real-Time Visual Understanding_sample_437_1,Attribute Perception,What distinguishing feature is described about the yogurt cups?,00:00:06,C,"['A. They have a green label.', 'B. They are stacked in red trays.', 'C. They are white with blue labels.', 'D. They are placed in a metal container.']",single,Prior
Real-Time Visual Understanding_sample_437_2,Action Perception,What action does the person perform with the yogurt cups?,00:00:17,D,"['A. The person sorts the cups by flavor.', 'B. The person moves the yogurt cups to the right shelving unit.', 'C. The person stacks the cups in a corner.', 'D. The person places the yogurt cups neatly on the shelf.']",multiple,Prior
Real-Time Visual Understanding_sample_437_3,Object Perception,What is the person holding right now?,00:03:00,B,"['A. A bottle of juice.', 'B. A carton of milk.', 'C. A box of cereal.', 'D. A can of soda.']",single,Concurrent
Real-Time Visual Understanding_sample_437_4,Object Perception,What did the person pick up on the top shelf just now?,00:05:27,C,"['A. Boxes of cereal.', 'B. Cans of soup.', 'C. Yogurt cups.', 'D. Bottled water.']",multiple,Prior
Real-Time Visual Understanding_sample_437_5,Action Perception,What action is the person performing right now?,00:10:45,C,"['A. Cleaning the shelves.', 'B. Taking inventory.', 'C. Organizing yogurt containers.', 'D. Restocking fresh vegetables.']",multiple,Concurrent
Real-Time Visual Understanding_sample_438_1,Object Perception,What is the person in the video organizing on the shelf?,00:00:20,B,"['A. Boxes of cereal.', 'B. Containers of yogurt.', 'C. Bottles of milk.', 'D. Packages of cheese.']",single,Concurrent
Real-Time Visual Understanding_sample_438_2,Object Perception,What is the person holding right now?,00:02:21,B,"['A. A metal cart.', 'B. A cardboard box.', 'C. A green boxed item.', 'D. A juice carton.']",single,Concurrent
Real-Time Visual Understanding_sample_438_3,Action Perception,What did the person do after walking towards a set of shelves just now?,00:02:24,A,"['A. Place green cartons.', 'B. Organizes the cart.', 'C. Cleans the floor.', 'D. Adjusts the lighting.']",multiple,Concurrent
Real-Time Visual Understanding_sample_438_4,Action Perception,What does the person do after adjusting the position of the milk cartons?,00:07:09,B,"['A. Removes a carton from the shelf.', 'B. Pulls forward another milk carton.', 'C. Leaves the aisle.', 'D. Talks to another person.']",multiple,Concurrent
Real-Time Visual Understanding_sample_438_5,Object Perception,What brand of dairy products is prominently featured on the shelves right now?,00:08:42,A,"['A. Kesella.', 'B. Danone.', 'C. Yoplait.', 'D. Nestle.']",single,Concurrent
Real-Time Visual Understanding_sample_439_1,Object Perception,What is the primary product seen on the cart?,00:00:09,C,"['A. Yogurt cups', 'B. Cream cartons', 'C. Milk or a similar product in red and white packaging', 'D. Cheese blocks']",single,Concurrent
Real-Time Visual Understanding_sample_439_2,Spatial Understanding,Where is the cart filled with cardboard boxes and packs of products located in relation to the shelves?,00:00:10,C,"['A. To the right.', 'B. In the center.', 'C. To the left.', 'D. Behind the shelves.']",single,Prior
Real-Time Visual Understanding_sample_439_3,Event Understanding,What does the camera capture as it navigates through the shelves?,00:02:56,A,"['A. Detailed arrangement of goods.', 'B. A person stacking boxes.', 'C. An empty aisle.', 'D. A cart being loaded.']",multiple,Concurrent
Real-Time Visual Understanding_sample_439_4,Attribute Perception,How are the yogurt cartons labeled that the camera captures in detail right now?,00:02:59,A,"['A. ""Mild yogurt"".', 'B. ""Low-fat yogurt"".', 'C. ""Greek yogurt"".', 'D. ""Flavored yogurt"".']",single,Concurrent
Real-Time Visual Understanding_sample_439_5,Action Perception,What does the person do after reaching towards the shelf?,00:09:43,B,"['A. Knocks over a carton.', 'B. Picks up a carton.', 'C. Rearranges the shelf.', 'D. Walks away.']",multiple,Concurrent
Real-Time Visual Understanding_sample_440_1,Object Perception,What type of drink cartons did the individual rearranging first?,00:00:03,B,"['A. Orange juice.', 'B. Yoghurt.', 'C. Chocolate milk.', 'D. Apple juice.']",single,Concurrent
Real-Time Visual Understanding_sample_440_2,Text-Rich Understanding,What specific product label is visible in the close-up at the end of the video?,00:02:40,B,"['A. Danone Greek Yogurt.', 'B. Arla Mild Yoghurt.', 'C. Yoplait Fruit Yogurt.', 'D. Activia Natural Yogurt.']",single,Concurrent
Real-Time Visual Understanding_sample_440_3,Event Understanding,What is the video primarily showing in the storage room right now?,00:04:54,C,"['A. Inspecting crates.', 'B. Stocking shelves.', 'C. Moving through aisles.', 'D. Organizing products.']",single,Concurrent
Real-Time Visual Understanding_sample_440_4,Object Perception,What type of products is the person handling in the supermarket aisle?,00:07:20,C,"['A. Bread loaves.', 'B. Canned goods.', 'C. Milk cartons.', 'D. Fruit packages.']",single,Concurrent
Real-Time Visual Understanding_sample_440_5,Attribute Perception,What color is the cart used by the person in the supermarket right now?,00:07:06,B,"['A. Blue.', 'B. Red.', 'C. Green.', 'D. Yellow.']",single,Concurrent
Real-Time Visual Understanding_sample_441_1,Event Understanding,What is the person consistently doing throughout the entire scene?,00:00:20,D,"['A. Taking inventory of products.', 'B. Rearranging boxes randomly.', 'C. Cleaning the storage area.', 'D. Sorting and placing products methodically.']",multiple,Concurrent
Real-Time Visual Understanding_sample_441_2,Object Perception,What did the person pick up from the cart and place into the left-side shelves just now?,00:02:34,B,"['A. Yogurt cups.', 'B. Green Cartons of milk.', 'C. Boxes of green-colored items.', 'D. Containers of cream.']",multiple,Prior
Real-Time Visual Understanding_sample_441_3,Spatial Understanding,Where are the dairy products and other food items primarily located in the storage room?,00:05:00,B,"['A. On the left shelves.', 'B. On the right shelves.', 'C. On the central aisle.', 'D. Near the entrance.']",single,Prior
Real-Time Visual Understanding_sample_441_4,Event Understanding,What activity is the individual primarily engaged in just now?,00:05:00,A,"['A. Pushing a loaded cart.', 'B. Stocking shelves.', 'C. Taking inventory.', 'D. Cleaning the area.']",multiple,Concurrent
Real-Time Visual Understanding_sample_441_5,Attribute Perception,How are the boxed items labeled on the right side shelves in the storage room right now?,00:07:02,C,"['A. ""DAIRY"".', 'B. ""FRESH"".', 'C. ""PRVIA"".', 'D. ""GROCERY"".']",single,Concurrent
Real-Time Visual Understanding_sample_442_1,Attribute Perception,What type of container is the person placing on the shelves?,00:00:18,A,"['A. Blue and white yogurt containers.', 'B. Small cardboard boxes.', 'C. Large glass jars.', 'D. Metal cans.']",single,Concurrent
Real-Time Visual Understanding_sample_442_2,Object Perception,What label is visible on the boxes stacked on the floor in the storage room right now?,00:04:19,C,"['A. ALPHA.', 'B. CHARLIE.', 'C. Valio and BRAVO.', 'D. DELTA.']",single,Prior
Real-Time Visual Understanding_sample_442_3,Object Perception,What brand of juice cartons is the person handling?,00:13:02,A,"['A. BRAVO.', 'B. EXOTISK JUICE.', 'C. TROPICANA.', 'D. DELIGHT JUICE.']",single,Concurrent
Real-Time Visual Understanding_sample_442_4,Attribute Perception,What are the colors of the juice cartons being handled by the person?,00:13:14,A,"['A. Green with white and yellow detailing.', 'B. Blue with yellow detailing.', 'C. Red with white detailing.', 'D. Pink with green detailing.']",single,Concurrent
Real-Time Visual Understanding_sample_442_5,Attribute Perception,What color are the gloves seen in the scene?,00:16:45,A,"['A. Black.', 'B. Red.', 'C. White.', 'D. Blue.']",single,Concurrent
Real-Time Visual Understanding_sample_443_1,Object Perception,What is the gloved hand reaching towards at the beginning of the video?,00:01,A,"['A. Yogurt containers.', 'B. Milk cartons.', 'C. Juice bottles.', 'D. Cheese blocks.']",single,Concurrent
Real-Time Visual Understanding_sample_443_2,Attribute Perception,What color is the packaging of the yogurt containers?,00:10,B,"['A. Red and white.', 'B. Blue and white.', 'C. Green and white.', 'D. Yellow and white.']",single,Concurrent
Real-Time Visual Understanding_sample_443_3,Action Perception,What does the individual do after picking up the yogurt container?,00:02:25,D,"['A. Opens it.', 'B. Discards it.', 'C. Hands it to someone else.', 'D. Places it back on the shelf.']",multiple,Concurrent
Real-Time Visual Understanding_sample_443_4,Action Perception,What does the individual do after picking up the large cardboard box?,00:05:00,D,"['A. Places it back on the shelf.', 'B. Moves it to another room.', 'C. Examines it and sets it aside.', 'D. Takes out the orange juice inside and puts it on the shelf.']",multiple,Concurrent
Real-Time Visual Understanding_sample_443_5,Spatial Understanding,What is the scene focusing on in the store right now?,00:07:19,B,"['A. The checkout counter.', 'B. A different set of shelves with beverages.', 'C. The entrance of the store.', 'D. A display of snacks.']",single,Concurrent
Real-Time Visual Understanding_sample_444_1,Prospective Reasoning,What might the person do next after revealing more cartons in the box?,00:00:19,B,"['A. Leave the store.', 'B. Start arranging the new cartons on the shelf.', 'C. Throw away the cartons.', 'D. Close the refrigerated display.']",multiple,Concurrent
Real-Time Visual Understanding_sample_444_2,Object Perception,What is being placed on the refrigerated shelf right now?,00:02:23,A,"['A. Cartons of milk.', 'B. Bottles of water.', 'C. Packs of juice.', 'D. Bags of vegetables.']",single,Concurrent
Real-Time Visual Understanding_sample_444_3,Spatial Understanding,Where is the cardboard box placed after the person removes items from it?,00:04:43,C,"['A. On the top shelf.', 'B. On the floor.', 'C. On the bottom shelf.', 'D. On the cart.']",single,Concurrent
Real-Time Visual Understanding_sample_444_4,Event Understanding,What main activity was carried out just now?,00:07:19,A,"['A. Move the drinks from the cart to the refrigerated shelf.', 'B. Cleaning the store aisles.', 'C. Shopping for groceries.', 'D. Checking out at the register.']",multiple,Concurrent
Real-Time Visual Understanding_sample_444_5,Spatial Understanding,Where are the folded cardboard trays located in relation to the camera's view right now?,00:06:56,B,"['A. To the left of the camera.', 'B. To the right of the camera.', 'C. Directly in front of the camera.', 'D. Behind the camera.']",single,Concurrent
Real-Time Visual Understanding_sample_445_1,Object Perception,What is the person maneuvering at the start of the video?,00:08,A,"['A. A cart.', 'B. A trolley.', 'C. A box.', 'D. A crate.']",single,Prior
Real-Time Visual Understanding_sample_445_2,Object Perception,What kind of products is the person handling?,00:03:00,A,"['A. Dairy products.', 'B. Bakery items.', 'C. Canned goods.', 'D. Fresh produce.']",single,Concurrent
Real-Time Visual Understanding_sample_445_3,Event Understanding,What is the main activity of the person in the storage room?,00:05:40,B,"['A. Checking inventory levels.', 'B. Stocking and organizing cartons on shelves.', 'C. Cleaning the storage room.', 'D. Labeling the cartons.']",multiple,Concurrent
Real-Time Visual Understanding_sample_445_4,Object Perception,What type of containers is being placed into the wire cart?,00:08:07,A,"['A. White and blue labeled.', 'B. Red and white labeled.', 'C. Green and white labeled.', 'D. Yellow labeled.']",single,Concurrent
Real-Time Visual Understanding_sample_445_5,Action Perception,What is the person doing after lifting the white-labeled items?,00:08:14,A,"['A. Put them on the cart.', 'B. Sorting and organizing items.', 'C. Pushing the cart out of the room.', 'D. Disposing of the items.']",multiple,Prior
Real-Time Visual Understanding_sample_446_1,Object Perception,What is prominently visible on top of the table at the start of the video?,00:00:01,B,"['A. A stack of green boxes.', 'B. A stack of white cartons labeled ""JO"".', 'C. A stack of red cartons labeled ""YO"".', 'D. A stack of blue containers labeled ""Mild Yogurt"".']",single,Concurrent
Real-Time Visual Understanding_sample_446_2,Object Perception,What brand name appears on the green cartons being held by the person?,00:02:52,B,"['A. KESO.', 'B. Bregott.', 'C. Arla.', 'D. Lurpak.']",single,Concurrent
Real-Time Visual Understanding_sample_446_3,Object Perception,What is the individual wearing on their hands while handling the yogurt containers?,00:05:31,A,"['A. Gloves.', 'B. Mittens.', 'C. Bare hands.', 'D. Bandages.']",single,Concurrent
Real-Time Visual Understanding_sample_446_4,Text-Rich Understanding,What brand is printed on the white box near the worker's knees?,00:08:11,B,"['A. Arla.', 'B. Valio.', 'C. Alpro.', 'D. Oatly.']",single,Concurrent
Real-Time Visual Understanding_sample_446_5,Causal Reasoning,What indicates that the restocking task is nearly complete?,00:09:54,B,"['A. The person leaves the area.', 'B. Everything items in the box has been put on the shelves.', 'C. The items are being packed into the box.', 'D. The camera shows an empty warehouse.']",multiple,Concurrent
Real-Time Visual Understanding_sample_447_1,Action Perception,What action does the person perform after kneeling down?,00:00:08,B,"['A. Breaking down cardboard boxes.', 'B. Placing and organizing boxes of milk on a shelf.', 'C. Placing cartons on a metal cart.', 'D. Removing gloves.']",multiple,Prior
Real-Time Visual Understanding_sample_447_2,Object Perception,What kind of items is the person reaching for on the cart?,00:02:43,B,"['A. Cheese blocks.', 'B. Yogurt cups.', 'C. Milk cartons.', 'D. Bread loaves.']",single,Concurrent
Real-Time Visual Understanding_sample_447_3,Object Perception,What type of items is the viewer primarily handling in the video?,00:05:40,B,"['A. Electronic gadgets.', 'B. Dairy products.', 'C. Clothing accessories.', 'D. Stationery products.']",single,Concurrent
Real-Time Visual Understanding_sample_447_4,Action Perception,What does the individual do after moving away from the shelf?,00:08:16,B,"['A. Picks up another item to place on the shelf.', 'B. Carries a cardboard box towards a stack of boxes.', 'C. Sits down to take a break.', 'D. Leaves the storage room.']",multiple,Concurrent
Real-Time Visual Understanding_sample_447_5,Attribute Perception,What is the person wearing on his right wrist?,00:09:41,C,"['A. A silver watch.', 'B. A leather bracelet.', 'C. A gold bracelet.', 'D. A rubber band.']",single,Concurrent
Real-Time Visual Understanding_sample_448_1,Event Understanding,What is the state of the shelves as the individual continues to stock them?,00:00:20,D,"['A. Shelves are mostly empty.', 'B. The shelves are already full.', 'C. Shelves are cluttered and disorganized.', 'D. Shelves are orderly and packed with products.']",multiple,Prior
Real-Time Visual Understanding_sample_448_2,Object Perception,What type of perspective is shown in the video?,00:02:23,C,"['A. Third-person perspective.', 'B. Aerial perspective.', 'C. First-person perspective.', 'D. Side perspective.']",single,Concurrent
Real-Time Visual Understanding_sample_448_3,Attribute Perception,What color are the cartons of milk on the shelf?,00:04:51,B,"['A. Yellow with different colored sections.', 'B. White with different colored sections.', 'C. Green with different colored sections.', 'D. Red with different colored sections.']",single,Concurrent
Real-Time Visual Understanding_sample_448_4,Attribute Perception,"What color are the boxes labeled ""Bregott""?",00:07:15,C,"['A. Red.', 'B. Blue.', 'C. Green.', 'D. Orange.']",single,Concurrent
Real-Time Visual Understanding_sample_448_5,Action Perception,What action did the person perform repeatedly just now?,00:07:11,C,"['A. Organizing products on shelves.', 'B. Flattening cardboard boxes.', 'C. Picking up and placing boxes in a cart.', 'D. Moving the cart towards the door.']",multiple,Concurrent
Real-Time Visual Understanding_sample_449_1,Object Perception,What object is being pushed at the beginning of the video?,00:00:20,B,"['A. A stroller.', 'B. A metal shopping cart.', 'C. A suitcase.', 'D. A wheelbarrow.']",single,Prior
Real-Time Visual Understanding_sample_449_2,Action Perception,What action is being performed by the person with gloved hands?,00:04:03,B,"['A. Washing the tomatoes.', 'B. Rearranging and picking up tomatoes.', 'C. Cutting the tomatoes.', 'D. Weighing the tomatoes.']",multiple,Concurrent
Real-Time Visual Understanding_sample_449_3,Action Perception,What does the person do with the tomatoes that fell on the floor?,00:08:10,C,"['A. Leaves them on the floor.', 'B. Places them in a plastic bag.', 'C. Puts them back in the shelf.', 'D. Throws them away.']",multiple,Prior
Real-Time Visual Understanding_sample_449_4,Object Perception,What is the person holding in his hand right now?,00:12:05,C,"['A. A red basket.', 'B. A plastic bag.', 'C. A cardboard tray.', 'D. A shopping list.']",single,Concurrent
Real-Time Visual Understanding_sample_449_5,Text-Rich Understanding,What price was displayed on the sign above the shelf with the pears?,00:15:58,B,"['A. 29.95.', 'B. 33.95.', 'C. 39.95.', 'D. 35.95.']",single,Prior
Real-Time Visual Understanding_sample_450_1,Text-Rich Understanding,What type of sign is displayed on the pole right now?,00:00:04,A,"['A. Bus zone sign.', 'B. Speed limit sign.', 'C. No parking sign.', 'D. Pedestrian crossing sign.']",single,Prior
Real-Time Visual Understanding_sample_450_2,Attribute Perception,What color is the car visible in the distance on the right side of the road?,00:01:54,A,"['A. White', 'B. Red', 'C. Blue', 'D. Black']",single,Prior
Real-Time Visual Understanding_sample_450_3,Attribute Perception,What color is the sign visible on the left side of the road right now?,00:03:47,A,"['A. Blue.', 'B. Red.', 'C. Yellow.', 'D. Green.']",single,Concurrent
Real-Time Visual Understanding_sample_450_4,Attribute Perception,What color are the parking signs visible on the right side of the road right now?,00:03:47,A,"['A. Blue.', 'B. Red.', 'C. Yellow.', 'D. Green.']",single,Concurrent
Real-Time Visual Understanding_sample_450_5,Object Perception,What type car is the orange car visible right now?,00:07:29,A,"['A. SUV.', 'B. Van.', 'C. Bus.', 'D. Truck.']",single,Concurrent
Real-Time Visual Understanding_sample_451_1,Text-Rich Understanding,What brand's advertisement is visible on the back of the bus right now?,00:00:04,D,"['A. Toyota.', 'B. Chevrolet.', 'C. Nissan.', 'D. Ford.']",single,Concurrent
Real-Time Visual Understanding_sample_451_2,Text-Rich Understanding,What company's logo is visible on the left side of the building right now?,00:01:55,D,"['A. Intel.', 'B. Tesla.', 'C. AT&T.', 'D. Optus.']",single,Concurrent
Real-Time Visual Understanding_sample_451_3,Attribute Perception,What is the current status of the traffic light ahead?,00:03:52,D,"['A. Red.', 'B. Yellow.', 'C. Flashing.', 'D. Green.']",single,Concurrent
Real-Time Visual Understanding_sample_451_4,Text-Rich Understanding,What brand is visible on the building right now?,00:05:46,D,"['A. Citibank.', 'B. Westpac.', 'C. ANZ.', 'D. Coleslocal.']",single,Concurrent
Real-Time Visual Understanding_sample_451_5,Object Perception,Which brand's logo is visible on the right side of the road right now?,00:07:44,D,"[""A. McDonald's."", 'B. KFC.', 'C. Subway.', 'D. Starbucks.']",single,Concurrent
Real-Time Visual Understanding_sample_452_1,Attribute Perception,What is the current weather like outside?,00:00:03,C,"['A. Rainy and cloudy.', 'B. Snowy with heavy clouds.', 'C. Sunny with clear skies.', 'D. Windy and overcast.']",single,Concurrent
Real-Time Visual Understanding_sample_452_2,Attribute Perception,What color is the SUV that is visible ahead?,00:01:41,C,"['A. Orange.', 'B. Blue.', 'C. Black.', 'D. Green.']",single,Concurrent
Real-Time Visual Understanding_sample_452_3,Text-Rich Understanding,What brand name is visible on the large sign on the left side of the road?,00:03:18,B,"['A. WESTIE.', 'B. SYNAPSE.', 'C. FASHION.', 'D. COFFEE.']",single,Concurrent
Real-Time Visual Understanding_sample_452_4,Text-Rich Understanding,What brand name is visible on the building to the right?,00:04:54,A,"['A. 3HB.', 'B. 3HT.', 'C. 5HB.', 'D. 5HT.']",single,Prior
Real-Time Visual Understanding_sample_452_5,Attribute Perception,What is the current color of the nearest car parked on the left side of the road?,00:06:30,C,"['A. Black.', 'B. Red.', 'C. White.', 'D. Blue.']",single,Prior
Real-Time Visual Understanding_sample_453_1,Attribute Perception,What is the color of the bus zone sign visible right now?,00:00:04,A,"['A. Red and white.', 'B. Blue and white.', 'C. Green and white.', 'D. Black and yellow.']",single,Prior
Real-Time Visual Understanding_sample_453_2,Attribute Perception,What is the color of the traffic light right now?,00:03:19,A,"['A. Green.', 'B. Yellow.', 'C. Red.', 'D. Blue.']",single,Prior
Real-Time Visual Understanding_sample_453_3,Attribute Perception,What can be identified about the current traffic light status for vehicles?,00:06:42,C,"['A. Red light.', 'B. Yellow light.', 'C. Green light.', 'D. Flashing light.']",single,Concurrent
Real-Time Visual Understanding_sample_453_4,Text-Rich Understanding,What is the time displayed on the dashboard right now?,00:10:06,B,"['A. 7:10:30.', 'B. 7:11:02.', 'C. 7:12:15.', 'D. 7:11:45.']",single,Concurrent
Real-Time Visual Understanding_sample_453_5,Text-Rich Understanding,What is the current speed limit for this road?,00:13:24,C,"['A. 50.', 'B. 60.', 'C. 70.', 'D. 80.']",single,Concurrent
Real-Time Visual Understanding_sample_454_1,Attribute Perception,What color is the vest the man is wearing?,00:00:03,A,"['A. Green.', 'B. Orange.', 'C. Red.', 'D. Yellow.']",single,Prior
Real-Time Visual Understanding_sample_454_2,Object Perception,What is mounted on the dashboard right now?,00:02:10,A,"['A. A phone with GPS application.', 'B. A camera.', 'C. A radio.', 'D. A small fan.']",single,Concurrent
Real-Time Visual Understanding_sample_454_3,Attribute Perception,What color is the dashboard right now?,00:04:23,B,"['A. Blue.', 'B. Black.', 'C. Gray.', 'D. Brown.']",single,Concurrent
Real-Time Visual Understanding_sample_454_4,Attribute Perception,What type of vehicle is the vehicle ahead right now?,00:06:33,C,"['A. Taxi.', 'B. Delivery van.', 'C. School bus.', 'D. Ambulance.']",single,Concurrent
Real-Time Visual Understanding_sample_454_5,Object Perception,What is attached to the dashboard right now?,00:08:41,C,"['A. A notebook.', 'B. A GPS device.', 'C. A mobile phone.', 'D. A calculator.']",single,Concurrent
Real-Time Visual Understanding_sample_455_1,Attribute Perception,What kind of lighting condition is present right now in the video?,00:00:03,C,"['A. Daylight.', 'B. Dusk.', 'C. Nighttime.', 'D. Dawn.']",single,Concurrent
Real-Time Visual Understanding_sample_455_2,Attribute Perception,What type of traffic signal is present right now?,00:02:16,D,"['A. A green light.', 'B. A yellow light.', 'C. A flashing light.', 'D. A red light.']",single,Concurrent
Real-Time Visual Understanding_sample_455_3,Object Perception,What type of vehicle is visible directly ahead the camera right now?,00:04:27,C,"['A. A sedan.', 'B. A motorcycle.', 'C. A truck.', 'D. A bicycle.']",single,Concurrent
Real-Time Visual Understanding_sample_455_4,Attribute Perception,What is the color of the other bus visible right now?,00:06:40,C,"['A. Red.', 'B. Green.', 'C. Yellow.', 'D. Blue.']",single,Concurrent
Real-Time Visual Understanding_sample_455_5,Object Perception,What is mounted on the dashboard right now?,00:08:56,A,"['A. A phone with GPS application.', 'B. A radio receiver.', 'C. An air freshener.', 'D. A digital clock.']",single,Concurrent
Real-Time Visual Understanding_sample_456_1,Text-Rich Understanding,What brand logo is displayed on the steering wheel?,00:00:23,D,"['A. Scania.', 'B. Mercedes.', 'C. MAN.', 'D. Volvo.']",single,Concurrent
Real-Time Visual Understanding_sample_456_2,Object Perception,What is directly in front of the vehicle?,00:01:55,C,"['A. A park.', 'B. A construction site.', 'C. A crosswalk.', 'D. A gas station.']",single,Concurrent
Real-Time Visual Understanding_sample_456_3,Object Perception,What color is the car driving next to the bus?,00:03:45,C,"['A. Blue.', 'B. Green.', 'C. Red.', 'D. White.']",single,Concurrent
Real-Time Visual Understanding_sample_456_4,Attribute Perception,What color is the building with the slanted roof visible right now at the driver's left side?,00:05:35,A,"['A. Red.', 'B. White.', 'C. Blue.', 'D. Black.']",single,Concurrent
Real-Time Visual Understanding_sample_456_5,Text-Rich Understanding,What is the digit displayed on the rear panel of the yellow bus right now?,00:07:31,D,"['A. 60.', 'B. 40.', 'C. 30.', 'D. 50.']",single,Concurrent
Real-Time Visual Understanding_sample_457_1,Attribute Perception,"Right now, what is the main color of the bus in front?",00:00:19,A,"['A. Yellow.', 'B. Red.', 'C. Blue.', 'D. Green.']",single,Concurrent
Real-Time Visual Understanding_sample_457_2,Text-Rich Understanding,What is the yellow vehicle on the left side of the street right now?,00:01:56,A,"['A. DHL van.', 'B. Police car.', 'C. Fire truck.', 'D. Food truck.']",single,Concurrent
Real-Time Visual Understanding_sample_457_3,Text-Rich Understanding,"Right now, what is the speed limit indicated on the yellow bus?",00:03:52,A,"['A. 90 km/h.', 'B. 30 km/h.', 'C. 60 km/h.', 'D. 80 km/h.']",single,Concurrent
Real-Time Visual Understanding_sample_457_4,Attribute Perception,"Right now, what is the background color of the sign indicating changed traffic conditions?",00:05:45,A,"['A. Yellow.', 'B. Blue.', 'C. Red.', 'D. White.']",single,Concurrent
Real-Time Visual Understanding_sample_457_5,Attribute Perception,"Right now, what architectural style is predominant in the buildings visible on the left side of the street?",00:07:48,A,"['A. Georgian.', 'B. Gothic.', 'C. Modern.', 'D. Art Deco.']",single,Concurrent
Real-Time Visual Understanding_sample_458_1,Attribute Perception,What color is the car directly in front right now?,00:00:04,C,"['A. White.', 'B. Black.', 'C. Yellow.', 'D. Green.']",single,Concurrent
Real-Time Visual Understanding_sample_458_2,Object Perception,What brand logo is visible on the rear of the car directly in front right now?,00:01:52,D,"['A. Toyota.', 'B. Honda.', 'C. Audi.', 'D. Porsche.']",single,Concurrent
Real-Time Visual Understanding_sample_458_3,Object Perception,What colored barriers are visible on the passenger-side sidewalk right now?,00:03:39,D,"['A. Red.', 'B. Green.', 'C. Yellow.', 'D. Blue and white.']",single,Concurrent
Real-Time Visual Understanding_sample_458_4,Attribute Perception,What is the color of the vehicle approaching the driver's right side right now?,00:05:27,A,"['A. Green', 'B. Red', 'C. Blue', 'D. Yellow']",single,Concurrent
Real-Time Visual Understanding_sample_458_5,Object Perception,What is the make of the vehicle directly in front right now?,00:07:18,D,"['A. Toyota.', 'B. Honda.', 'C. Nissan.', 'D. Mitsubishi.']",single,Concurrent
Real-Time Visual Understanding_sample_459_1,Causal Reasoning,What is the sticker on the windshield saying right now?,00:00:04,B,"['A. PLEASE PAY FARE.', 'B. PLEASE HAND UP.', 'C. PLEASE EXIT.', 'D. PLEASE TAKE SEATS.']",single,Concurrent
Real-Time Visual Understanding_sample_459_2,Object Perception,What device is located to the right side of the steering wheel right now?,00:02:03,A,"['A. A digital device.', 'B. A water bottle.', 'C. A map.', 'D. A book.']",single,Concurrent
Real-Time Visual Understanding_sample_459_3,Text-Rich Understanding,What street is visible on the signpost right now?,00:04:02,D,"['A. Oak Street.', 'B. Maple Street.', 'C. Elm Street.', 'D. Jersey Street.']",single,Concurrent
Real-Time Visual Understanding_sample_459_4,Text-Rich Understanding,What sign is visible to the right of the intersection right now?,00:06:00,D,"['A. STOP.', 'B. YIELD.', 'C. NO ENTRY.', 'D. GIVE WAY.']",single,Concurrent
Real-Time Visual Understanding_sample_459_5,Attribute Perception,What color is the first car on the left side of the road right now?,00:07:58,D,"['A. Green.', 'B. Blue.', 'C. Silver.', 'D. Red.']",single,Concurrent
Real-Time Visual Understanding_sample_460_1,Attribute Perception,What type of weather condition is present right now?,00:01:35,A,"['A. Sunny.', 'B. Stormy.', 'C. Foggy.', 'D. Rainy.']",single,Concurrent
Real-Time Visual Understanding_sample_460_2,Attribute Perception,What is the current color of the sky?,00:01:59,A,"['A. Orange.', 'B. Blue.', 'C. Grey.', 'D. Pink.']",single,Concurrent
Real-Time Visual Understanding_sample_460_3,Attribute Perception,What is the color of the traffic light right now?,00:06:02,A,"['A. Red.', 'B. Green.', 'C. Yellow.', 'D. Blue.']",single,Concurrent
Real-Time Visual Understanding_sample_460_4,Text-Rich Understanding,What is the number displayed on the electronic screen of the bus in front?,00:05:50,A,"['A. 590.', 'B. 591.', 'C. 1314.', 'D. G1314.']",single,Concurrent
Real-Time Visual Understanding_sample_460_5,Text-Rich Understanding,Which supermarket logo is visible on the right side right now?,00:07:46,D,"['A. Aldi.', 'B. Woolworths.', 'C. IGA.', 'D. Coles.']",single,Concurrent
Real-Time Visual Understanding_sample_461_1,Text-Rich Understanding,What prominent signs are displayed above the entrance of the art show?,00:00:04,D,"['A. ""ART EXHIBITION"" and ""MODERN ART"".', 'B. ""CONTEMPORARY ART"" and ""MODERN EXHIBITION"".', 'C. ""LA EXHIBITION"" and ""CONTEMPORARY + MODERN"".', 'D. ""LA ART SHOW"" and ""MODERN + CONTEMPORARY"".']",single,Concurrent
Real-Time Visual Understanding_sample_461_2,Clips Summarize,Which description best fits the scene within the exhibition space?,00:00:11,A,"['A. A spacious, well-lit area with various art pieces and installations.', 'B. A small room with a few art pieces.', 'C. An outdoor exhibition with sculptures and paintings.', 'D. A dark room with illuminated paintings.']",multiple,Concurrent
Real-Time Visual Understanding_sample_461_3,Text-Rich Understanding,What is the subject of the poster on the white wall?,00:02:47,D,"['A. A modern art exhibition.', 'B. A famous painting.', 'C. An art gallery event.', 'D. The movie ""Parasite.""']",single,Concurrent
Real-Time Visual Understanding_sample_461_4,Text-Rich Understanding,What word is featured in the artwork's black frame?,00:08:00,D,"['A. LOVE.', 'B. HOPE.', 'C. PEACE.', 'D. GOD.']",single,Concurrent
Real-Time Visual Understanding_sample_461_5,Attribute Perception,What kind of designs are shown in the top row of the six-paintings segments?,00:08:06,A,"['A. Tree-like figures in a mist.', 'B. Animal figures.', 'C. Geometric shapes.', 'D. Human silhouettes.']",single,Concurrent
Real-Time Visual Understanding_sample_462_1,Text-Rich Understanding,Which artist's work has appeared in the video?,00:00:09,C,"['A. Vincent van Gogh.', 'B. Pablo Picasso.', 'C. Stephen Rowe.', 'D. Claude Monet.']",single,Concurrent
Real-Time Visual Understanding_sample_462_2,Spatial Understanding,"Where is the black sign with white text describing ""Irwin Cumberland"" located in relation to the paintings?",00:02:57,C,"['A. Below the painting.', 'B. To the left of the painting.', 'C. Above the painting.', 'D. To the right of the painting.']",single,Concurrent
Real-Time Visual Understanding_sample_462_3,Object Perception,What is depicted in the painting shown in the video right now?,00:02:42,A,"['A. A wave breaking in the ocean.', 'B. A forest scene.', 'C. An abstract pattern.', 'D. A cityscape.']",single,Concurrent
Real-Time Visual Understanding_sample_462_4,Event Understanding,"Which painting did the camera focus on before revealing the name ""Kesja Tabaczuk""?",00:05:39,A,"['A. A painting of a rural landscape.', 'B. A mirror.', 'C. A bookshelf.', 'D. A window.']",multiple,Prior
Real-Time Visual Understanding_sample_462_5,Text-Rich Understanding,What is the last name shown in the video?,00:05:54,B,"['A. Michael Miller.', 'B. Kesja Tabaczuk.', 'C. John Smith.', 'D. Sarah Parker.']",single,Concurrent
Real-Time Visual Understanding_sample_463_1,Attribute Perception,What is the color of the nameplate seen above the painting?,00:02:52,B,"['A. White with black text.', 'B. Black with white text.', 'C. Gold with black text.', 'D. Wooden with white text.']",single,Concurrent
Real-Time Visual Understanding_sample_463_2,Clips Summarize,What type of paintings are mainly displayed right now?,00:03:00,C,"['A. Abstract paintings.', 'B. Portraits.', 'C. Floral paintings.', 'D. Landscape paintings.']",single,Concurrent
Real-Time Visual Understanding_sample_463_3,Object Perception,What is on top of the stack of books leftside on the small table?,00:05:24,D,"['A. A blue-colored book.', 'B. A green-colored book.', 'C. A red-colored book.', 'D. An orange-colored book.']",single,Concurrent
Real-Time Visual Understanding_sample_463_4,Spatial Understanding,Where is the photograph of the sunset with mountains positioned in the new set of artworks?,00:08:19,B,"['A. At the bottom section of the wall.', 'B. At the topmost position.', 'C. Below the old, weathered door frame.', 'D. Next to the close-up of flowers.']",single,Concurrent
Real-Time Visual Understanding_sample_463_5,Text-Rich Understanding,Which names are revealed below the photographs right now?,00:09:56,C,"['A. ERICA KELLY MARTIN.', 'B. FERNANDO GUERRERO.', 'C. ERICA KELLY MARTIN.', 'D. JOHN DOE.']",single,Concurrent
Real-Time Visual Understanding_sample_464_1,Text-Rich Understanding,What words are written on the painting in the lower left corner of the wall?,00:00:06,C,"['A. ""WE SELL ART"".', 'B. ""BUY & SELL ART"".', 'C. ""WE BUY & SELL LUXURY"".', 'D. ""ART FOR SALE"".']",single,Concurrent
Real-Time Visual Understanding_sample_464_2,Counting,"How many pieces of art paintings are displayed in the ""ARTSNITCH"" section?",00:00:10,B,"['A. Two.', 'B. Three.', 'C. Four.', 'D. Five.']",single,Concurrent
Real-Time Visual Understanding_sample_464_3,Action Perception,What action is being performed by a person in a jacket near the graphic painting?,00:02:34,A,"['A. Taking a picture.', 'B. Painting.', 'C. Cleaning the artwork.', 'D. Pointing at the artwork.']",multiple,Concurrent
Real-Time Visual Understanding_sample_464_4,Text-Rich Understanding,What text is visible on the artwork of the muscular man holding a basket of lemons?,00:04:40,B,"['A. ""Lemon Art BRAND"".', 'B. ""Lemon Lad BRAND"".', 'C. ""Lemon Grove BRAND"".', 'D. ""Lemon Orchard BRAND"".']",single,Concurrent
Real-Time Visual Understanding_sample_464_5,Object Perception,What is depicted in the top left painting on the white wall?,00:07:00,B,"['A. A vivid sunset over a hilly landscape.', 'B. A stormy scene with lightning over a dark road.', 'C. A monochromatic, foggy landscape with twisted trees.', 'D. An abstract painting with splashes of colors.']",single,Concurrent
Real-Time Visual Understanding_sample_465_1,Spatial Understanding,Where are the artist labels located in relation to the paintings?,00:00:09,C,"['A. Below the paintings.', 'B. Next to the paintings.', 'C. Above the paintings.', 'D. On the paintings.']",single,Concurrent
Real-Time Visual Understanding_sample_465_2,Clips Summarize,Which of the following options best describes these artworks?,00:00:20,A,"['A. A mix of abstract paintings with vibrant colors and sculptures on pedestals.', 'B. A series of black and white photographs.', 'C. A collection of modern furniture designs.', 'D. A display of classical paintings with gold frames.']",multiple,Concurrent
Real-Time Visual Understanding_sample_465_3,Object Perception,"What is prominently featured in this tall, vertical painting?",00:08:07,B,"['A. Characters in vibrant outfits.', 'B. A dark blue center with white edges.', 'C. Abstract shapes and vibrant colors.', 'D. Geometric and floral patterns.']",single,Concurrent
Real-Time Visual Understanding_sample_465_4,Causal Reasoning,Why are there reflections on the surface of the tall painting?,00:08:04,C,"['A. Because it has a glossy finish.', 'B. Because it is covered in glass.', 'C. Because it is illuminated by several spotlights.', 'D. Because the camera is using a flash.']",multiple,Concurrent
Real-Time Visual Understanding_sample_465_5,Object Perception,What is being displayed on the video now?,00:08:52,B,"['A. A bookshelf filled with books.', 'B. A painting depicting a bookshelf.', 'C. A painting with many trees.', 'D. A painting with many people in it.']",single,Concurrent
Real-Time Visual Understanding_sample_466_1,Object Perception,What object is the blue gorilla holding?,00:00:08,D,"['A. A banana.', 'B. A small sculpture.', 'C. A book.', 'D. A cylindrical object labeled ""USA"".']",single,Concurrent
Real-Time Visual Understanding_sample_466_2,Text-Rich Understanding,What is the title of the text written on this wall?,00:02:44,A,"['A. ""RAINTYPE LORENZO MARINI"".', 'B. ""SUNSHINE"".', 'C. ""LIFE IN COLOR"".', 'D. ""NIGHT LIGHTS"".']",single,Concurrent
Real-Time Visual Understanding_sample_466_3,Object Perception,What significant installation is revealed in the center of the gallery right now?,00:02:51,D,"['A. A large sculpture in the center', 'B. A collection of paintings on the walls', 'C. A video projection', 'D. Numerous small, colorful items hanging from the ceiling.']",single,Concurrent
Real-Time Visual Understanding_sample_466_4,Event Understanding,What appears below the four smaller frames as the camera pans to the left?,00:05:40,B,"['A. Another set of photographs.', 'B. An empty white wall space.', 'C. A sculpture.', 'D. A window.']",multiple,Concurrent
Real-Time Visual Understanding_sample_466_5,Event Understanding,What is the man doing in the sequences shown on the television screen?,00:08:10,C,"['A. Painting.', 'B. Drawing.', 'C. Working with metal objects.', 'D. Writing.']",multiple,Concurrent
Real-Time Visual Understanding_sample_467_1,Action Perception,What are some people doing with their smartphones?,00:00:15,D,"['A. Making calls.', 'B. Texting.', 'C. Playing games.', 'D. Taking photos.']",multiple,Prior
Real-Time Visual Understanding_sample_467_2,Clips Summarize,Which of the following best describes the overall content of the video clip?,00:00:19,A,"['A. A tour of an art gallery showcasing nature and wildlife photography.', 'B. A walkthrough of a historical museum.', 'C. A visit to a contemporary art exhibition.', 'D. A day at an amusement park.']",multiple,Concurrent
Real-Time Visual Understanding_sample_467_3,Counting,How many portraits of women are shown on the walls right now?,00:02:50,C,"['A. Two.', 'B. Four.', 'C. Three.', 'D. Five.']",multiple,Concurrent
Real-Time Visual Understanding_sample_467_4,Text-Rich Understanding,What words are written on the sign above painting shown right now?,00:05:24,A,"['A. P B G print bakery.', 'B. L M N art studio.', 'C. Q R S gallery.', 'D. T U V design hub.']",single,Prior
Real-Time Visual Understanding_sample_467_5,Text-Rich Understanding,What is the name on the sign partially visible in the background wall?,00:09:45,A,"['A. ""Hazel\'s Story"".', 'B. ""Gallery Night"".', 'C. ""Art Showcase"".', 'D. ""Modern Art"".']",single,Concurrent
Real-Time Visual Understanding_sample_468_1,Event Understanding,Which of the following best describes the sequence of artworks shown just now?,00:02:56,C,"['A. Large square painting, two smaller square artworks, another concentric circle piece.', 'B. Concentric circles, geometric triangles, vibrant circular piece.', 'C. Crisscrossing pattern, concentric circles, geometric triangles.', 'D. Vibrant circular piece, geometric triangles, crisscrossing pattern.']",multiple,Concurrent
Real-Time Visual Understanding_sample_468_2,Object Perception,What is depicted in the sculpture shown just now,00:08:08,D,"['A. A person holding a tree.', 'B. A person holding a book.', 'C. A person holding a bird.', 'D. A person holding a house.']",multiple,Prior
Real-Time Visual Understanding_sample_468_3,Spatial Understanding,What is located to the left of the sculpture?,00:08:07,D,"['A. A painting depicting people and a river.', 'B. A doorway.', 'C. Another sculpture.', 'D. A painting depicting mountains and people.']",single,Concurrent
Real-Time Visual Understanding_sample_468_4,Text-Rich Understanding,What text is seen directly above the colorful painting shown right now?,00:08:10,D,"['A. ""Gallery of Modern Art"".', 'B. ""Sunset Landscape"".', 'C. ""Art Exhibition"".', 'D. ""Wonsook Kim"".']",single,Concurrent
Real-Time Visual Understanding_sample_468_5,Text-Rich Understanding,What text is displayed above the screen currently shown in the video?,00:09:43,D,"['A. Gallery Name.', 'B. Exhibit Title.', ""C. Artist's Signature."", 'D. Jin Hyu Lee.']",single,Concurrent
Real-Time Visual Understanding_sample_469_1,Object Perception,What shape is the transparent sculpture placed on the clear pedestal shown just now?,00:02:53,C,"['A. Star.', 'B. Circle.', 'C. Heart.', 'D. Triangle.']",single,Prior
Real-Time Visual Understanding_sample_469_2,Text-Rich Understanding,"What name is visible above a large painting of a face with bold, expressive brushstrokes?",00:05:21,D,"['A. VEILLEUX.', 'B. CICIOVAN.', 'C. MONET.', 'D. TREMBLAY.']",single,Concurrent
Real-Time Visual Understanding_sample_469_3,Text-Rich Understanding,Which names are visible now,00:05:33,D,"['A. VEILLEUX and MONET.', 'B. MONET and TREMBLAY.', 'C. CICIOVAN and VEILLEUX.', 'D. TREMBLAY and CICIOVAN.']",single,Concurrent
Real-Time Visual Understanding_sample_469_4,Attribute Perception,What is the appearance of the pink ceramic dish shown on the wall?,00:08:12,D,"['A. It has floral designs.', 'B. It is plain with no designs.', 'C. It has geometric patterns.', 'D. It has star designs.']",single,Concurrent
Real-Time Visual Understanding_sample_469_5,Object Perception,What is on the table beneath the lower part of the display?,00:08:10,A,"['A. Two books and a box.', 'B. one book and a box.', 'C. A sculpture.', 'D. A vase.']",single,Concurrent
Real-Time Visual Understanding_sample_470_1,Event Understanding,What happens as the camera starts moving to the left?,00:00:13,A,"['A. It reveals more of the gallery space and visitors.', 'B. It zooms in on the top frame.', 'C. It transitions to a close-up of a single artwork.', 'D. It focuses on a sculpture in the middle.']",multiple,Prior
Real-Time Visual Understanding_sample_470_2,Object Perception,What is depicted in the three artworks shown in the video right now?,00:02:23,B,"['A. Abstract floral shapes.', 'B. Cartoon figures in dynamic poses.', 'C. Realistic portraits of people.', 'D. Landscapes with mountains.']",single,Concurrent
Real-Time Visual Understanding_sample_470_3,Attribute Perception,What is the background color of the artwork shown right now?,00:02:33,C,"['A. Red.', 'B. Green.', 'C. Blue.', 'D. Yellow.']",multiple,Concurrent
Real-Time Visual Understanding_sample_470_4,Text-Rich Understanding,What kind of forms do the small framed abstract paintings shown right now feature?,00:04:58,C,"['A. Rectangular forms.', 'B. Triangular forms.', 'C. Circular forms.', 'D. Star-shaped forms.']",single,Concurrent
Real-Time Visual Understanding_sample_470_5,Object Perception,What letters are mounted on the blue wall shown just now?,00:07:10,B,"['A. L and T.', 'B. L and P.', 'C. P and T.', 'D. L and M.']",multiple,Prior
Real-Time Visual Understanding_sample_471_1,Spatial Understanding,What is the position of the third painting in relation to the second painting?,00:00:13,B,"['A. To the left.', 'B. To the right.', 'C. Above.', 'D. Below.']",multiple,Concurrent
Real-Time Visual Understanding_sample_471_2,Attribute Perception,What distinguishes the figures in the third painting?,00:00:16,B,"['A. They have blue hair and dark bodies.', 'B. They have orange hair and pale bodies.', 'C. They have green hair and yellow bodies.', 'D. They have black hair and white bodies.']",single,Concurrent
Real-Time Visual Understanding_sample_471_3,Attribute Perception,What characteristic is shared by the white shapes on the wooden panel pieces?,00:08:16,B,"['A. They are all triangular.', 'B. They are all raised and cast shadows.', 'C. They all have a blue background.', 'D. They all include floral designs.']",single,Concurrent
Real-Time Visual Understanding_sample_471_4,Spatial Understanding,"Compared to the colorful string patterns, where are the black canvases with smiley decorations on the top of these two squares?",00:10:43,C,"['A. Directly above them.', 'B. To the left of them.', 'C. To the right of them.', 'D. Below them.']",single,Concurrent
Real-Time Visual Understanding_sample_471_5,Causal Reasoning,What can be inferred about the layout of the gallery space based on the video content?,00:10:43,C,"['A. The gallery is very crowded with limited space.', 'B. The artworks are displayed haphazardly.', 'C. The gallery is open with artworks neatly displayed and visible visitors.', 'D. The lighting is dim and focused on certain artworks.']",multiple,Concurrent
Real-Time Visual Understanding_sample_472_1,Attribute Perception,What is the color of the frame of the artwork featuring the robot boy with a cheerful expression and arms raised?,00:02:59,B,"['A. Black.', 'B. Orange.', 'C. Metallic gray.', 'D. Blue.']",single,Prior
Real-Time Visual Understanding_sample_472_2,Event Understanding,What was the general theme of the artworks displayed on the wall just now?,00:03:00,C,"['A. Nature landscapes.', 'B. Abstract art.', 'C. A robot boy character.', 'D. Historical events.']",multiple,Concurrent
Real-Time Visual Understanding_sample_472_3,Spatial Understanding,"What is the spatial relationship between the tiger and panda painting and the illustration labeled ""TTODOA""?",00:05:43,A,"['A. The tiger and panda painting is to the left of ""TTODOA"".', 'B. The tiger and panda painting is to the right of ""TTODOA"".', 'C. The tiger and panda painting is above ""TTODOA"".', 'D. The tiger and panda painting is below ""TTODOA"".']",multiple,Prior
Real-Time Visual Understanding_sample_472_4,Text-Rich Understanding,What name is displayed beneath the paintings of a tiger with a red flower on its head?,00:05:35,B,"['A. TTODOA.', 'B. NAM JI HYUNG.', 'C. ""SERENE"".', 'D. ""ARTIST"".']",single,Prior
Real-Time Visual Understanding_sample_472_5,Action Perception,"What action does the camera take after focusing on the green object with text ""58""?",00:08:29,D,"['A. Zooms out to show the entire gallery.', 'B. Moves to the floor.', 'C. Focuses on a different box.', 'D. Shifts to show a painting of a girl standing under balloons floating in the sky.']",multiple,Prior
Real-Time Visual Understanding_sample_473_1,Spatial Understanding,"Where is the painting with the text ""STING LIKE QUEEN BEE"" located in relation to the other two paintings?",00:00:06,B,"['A. On the left.', 'B. In the center.', 'C. On the right.', 'D. Above the other two.']",multiple,Concurrent
Real-Time Visual Understanding_sample_473_2,Text-Rich Understanding,What text is visible in the central painting with the figure wearing boxing gloves?,00:00:03,A,"['A. ""STING LIKE QUEEN BEE"".', 'B. ""SUGAR"".', 'C. ""FIGHT LIKE A CHAMPION"".', 'D. ""WINNER TAKES ALL"".']",single,Prior
Real-Time Visual Understanding_sample_473_3,Object Perception,Which painting includes a seaside scene with birds flying around?,00:00:25,C,"['A. The painting of a mother holding a baby.', 'B. The painting with the text ""SUGAR"".', 'C. The painting of the oversized shark and pig.', 'D. The painting with anthropomorphic figures.']",single,Prior
Real-Time Visual Understanding_sample_473_4,Text-Rich Understanding,"What is the price tag seen below the artist's name, Anthony Ausgang?",00:05:28,B,"['A. $150.', 'B. $300.', 'C. $450.', 'D. $600.']",single,Prior
Real-Time Visual Understanding_sample_473_5,Attribute Perception,"What does this sculpture, fixed to the wall in the video, demonstrate?",00:05:29,B,"['A. As a colorful parrot with extended wings.', 'B. As a Venus flytrap with a pink tongue.', 'C. As a metallic robot with glowing eyes.', 'D. As a large tree with hanging fruits.']",single,Concurrent
Real-Time Visual Understanding_sample_474_1,Object Perception,What is the main subject in the initial artwork shown in the gallery?,00:00:04,A,"['A. A white chicken with a red comb.', 'B. A black chicken with a white tail.', 'C. A vase with green flowers.', 'D. An abstract orange pattern.']",single,Concurrent
Real-Time Visual Understanding_sample_474_2,Attribute Perception,What are the predominant colors in the bottom abstract artwork shown right now?,00:00:16,B,"['A. Blue, white, and orange.', 'B. Green, yellow, blue and orange.', 'C. Black, white, and green.', 'D. Red, blue, and yellow.']",single,Concurrent
Real-Time Visual Understanding_sample_474_3,Text-Rich Understanding,What signage is visible in the gallery right now?,00:00:19,A,"['A. ""GALLERY CHAMAN"".', 'B. ""ART GALLERY"".', 'C. ""CONTEMPORARY ART"".', 'D. ""EXHIBITION HALL"".']",single,Concurrent
Real-Time Visual Understanding_sample_474_4,Object Perception,What is depicted in the larger framed artwork right now?,00:04:46,A,"['A. A collage of various houses.', 'B. A single house with a red roof.', 'C. An abstract green image.', 'D. A black and white portrait.']",single,Concurrent
Real-Time Visual Understanding_sample_474_5,Text-Rich Understanding,What is written on the blue sign shown just now?,00:04:53,A,"['A. ""SONG WORD ART HOUSE 1307, LOS ANGELES, CA"".', 'B. ""ART HOUSE 1307, NEW YORK, NY"".', 'C. ""MODERN - CLASSICAL"".', 'D. ""SONG WORLD ART HOUSE 1307, LOS ANGELES, CA"".']",single,Prior
Real-Time Visual Understanding_sample_475_1,Attribute Perception,What are the patterns and text on the rectangular boxes of the tall sculpture?,00:00:10,B,"['A. Stripes, polka dots, ""BANG!"", ""Soup"".', 'B. Polka dots, stripes, ""POW!"", ""Brillo"".', 'C. Chevron, zigzags, ""WOW!"", ""Coca-Cola"".', 'D. Dots, lines, ""BOOM!"", ""Pepsi"".']",multiple,Prior
Real-Time Visual Understanding_sample_475_2,Text-Rich Understanding,What does the large wall-mounted artwork say right now?,00:00:27,C,"['A. ""LIVE LIFE TO THE FULLEST"".', 'B. ""ART IS LIFE"".', 'C. ""IN MY LIFE I LOVE YOU MORE"".', 'D. ""LOVE MAKES LIFE BEAUTIFUL"".']",single,Concurrent
Real-Time Visual Understanding_sample_475_3,Action Perception,"What action does the camera perform after showing the ""Bruce Lurie Gallery 1315"" sign?",00:02:54,D,"['A. Pans left.', 'B. Zooms in.', 'C. Pans upward.', 'D. Tilts downward.']",multiple,Concurrent
Real-Time Visual Understanding_sample_475_4,Spatial Understanding,Where is the artist's signature located in the pool scene painting?,00:05:26,C,"['A. At the top of the painting.', 'B. On the left side of the painting.', 'C. At the lower edge of the painting.', 'D. In the center of the painting.']",single,Concurrent
Real-Time Visual Understanding_sample_475_5,Text-Rich Understanding,What is written on the sign above the wall just now?,00:09:46,B,"['A. ""PULA"" and ""1341"" with ""NEW YORK | USA"" below.', 'B. ""PULA"" and ""1341"" with ""REYKJAV_K | ICELAND"" below.', 'C. ""PULA"" and ""1341"" with ""TOKYO | JAPAN"" below.', 'D. ""PULA"" and ""1341"" with ""PARIS | FRANCE"" below.']",single,Concurrent
Real-Time Visual Understanding_sample_476_1,Spatial Understanding,How are the four smaller rectangular frames arranged?,00:00:09,C,"['A. Horizontally in a single row.', 'B. Vertically in a single column.', 'C. In a 2x2 grid.', 'D. In a diagonal line.']",single,Prior
Real-Time Visual Understanding_sample_476_2,Text-Rich Understanding,What does the sign on the white wall read?,00:00:15,A,"['A. ""GALERIE DE\' ARTS 1343 SANTA MONICA, CA"".', 'B. ""ART GALLERY SANTA MONICA"".', 'C. ""DE\' ARTS GALLERY 1234 SANTA MONICA, CA"".', 'D. ""SANTA MONICA ART GALLERY"".']",single,Concurrent
Real-Time Visual Understanding_sample_476_3,Text-Rich Understanding,What does the blue sign overhead read?,00:02:52,A,"['A. ""ART UNIFIED 1359, VENICE | CA. MODERN + CONTEMPORARY.""', 'B. ""ARTISTIC INSPIRATION 123, LA.""', 'C. ""MODERN ART SHOW 2024.""', 'D. ""VENICE ART EXHIBITION 2023.""']",single,Concurrent
Real-Time Visual Understanding_sample_476_4,Spatial Understanding,Where are the black metallic sculptures positioned in the gallery?,00:02:47,B,"['A. On the floor.', 'B. On white and black pedestals.', 'C. On a wooden table.', 'D. Hanging from the ceiling.']",single,Concurrent
Real-Time Visual Understanding_sample_476_5,Object Perception,What kind of artworks are displayed on the partition wall?,00:02:53,B,"['A. Sculptures.', 'B. Framed prints.', 'C. Digital screens.', 'D. Posters.']",single,Concurrent
Real-Time Visual Understanding_sample_477_1,Object Perception,What are the small components of the display shown right now?,00:00:15,B,"['A. Small paintings.', 'B. Cylindrical objects.', 'C. Rectangular tiles.', 'D. Triangular pieces.']",single,Concurrent
Real-Time Visual Understanding_sample_477_2,Counting,How many donuts are displayed in the framed grid on the white wall?,00:02:23,C,"['A. 12', 'B. 14', 'C. 16', 'D. 18']",single,Concurrent
Real-Time Visual Understanding_sample_477_3,Text-Rich Understanding,What text is displayed above the blonde woman in the artwork?,00:02:27,A,"['A. ""BUT I\'M A FIRST CLASS GIRL_ I CAN\'T FLY COACH."".', 'B. ""LET\'S TRAVEL THE WORLD TOGETHER_ & NEVER LOOK BACK."".', 'C. ""LIVE LOVE LAUGH_ ALWAYS AND FOREVER."".', 'D. ""DREAM BIG_ AND NEVER GIVE UP."".']",single,Prior
Real-Time Visual Understanding_sample_477_4,Object Perception,What is prominently mounted on the wall right now?,00:07:14,C,"['A. A large, intricate tapestry.', 'B. A framed palette with blobs of paint.', ""C. A large, textured 3D artwork of a lion's head."", 'D. A black and white sketch.']",single,Concurrent
Real-Time Visual Understanding_sample_477_5,Text-Rich Understanding,What is the inscription at the bottom of the framed palette?,00:07:16,C,"['A. 1.2.34.', 'B. 2.5.89.', 'C. 3.6.61.', 'D. 4.7.73.']",single,Concurrent
Real-Time Visual Understanding_sample_478_1,Text-Rich Understanding,What is displayed on the blue sign overhead?,00:00:15,C,"['A. ""Exhibit Closed 625/724"".', 'B. ""Gallery Entrance 622/625"".', 'C. ""Montague Gallery 625/724"".', 'D. ""Montague Gallery 625/725"".']",single,Prior
Real-Time Visual Understanding_sample_478_2,Spatial Understanding,How are the three framed pieces arranged on the wall?,00:02:55,C,"['A. In a vertical line.', 'B. In a diagonal line.', 'C. In a horizontal line.', 'D. In a circular pattern.']",single,Concurrent
Real-Time Visual Understanding_sample_478_3,Attribute Perception,What is the lighting condition in the gallery space?,00:05:39,C,"['A. Dim and dark.', 'B. Bright and natural.', 'C. Well-lit with ceiling-mounted lights.', 'D. Dark with spotlights.']",single,Concurrent
Real-Time Visual Understanding_sample_478_4,Prospective Reasoning,"Based on the camera movement and gallery setup, what might the camera show next?",00:05:39,B,"['A. An outdoor scene.', 'B. Detailed close-ups of other artworks.', 'C. The entrance of the gallery.', 'D. A lecture or discussion area.']",multiple,Concurrent
Real-Time Visual Understanding_sample_478_5,Text-Rich Understanding,"What additional information does the sign provide besides ""GALLERY 1261""?",00:09:48,B,"['A. Names of the artists.', 'B. Room numbers and a location in Denver, CO.', 'C. A description of the exhibition.', 'D. Opening hours of the gallery.']",single,Concurrent
Real-Time Visual Understanding_sample_479_1,Clips Summarize,What best describes the paintings shown in the video?,00:00:10,B,"['A. Abstract landscapes with vibrant colors.', 'B. Portraits with light and pastel backgrounds.', 'C. Still life paintings with intricate details.', 'D. Surreal scenes with dark and moody tones.']",multiple,Concurrent
Real-Time Visual Understanding_sample_479_2,Counting,How many paintings featuring woman have been shown so far?,00:00:07,D,"['A. One.', 'B. Two.', 'C. Three.', 'D. Four.']",multiple,Concurrent
Real-Time Visual Understanding_sample_479_3,Spatial Understanding,What is positioned to the left of the artwork with the glowing sphere?,00:05:40,D,"['A. A painting with a blue background.', 'B. A painting with a green background.', 'C. A painting with a white background.', 'D. A painting with a red background.']",single,Concurrent
Real-Time Visual Understanding_sample_479_4,Attribute Perception,How is the background of the lower artwork described?,00:05:24,B,"['A. Bright and clear with blue skies.', 'B. Dark and slightly blurred with greenish and blue light effects.', 'C. White and plain with no distractions.', 'D. Vivid and colorful with red hues.']",single,Concurrent
Real-Time Visual Understanding_sample_479_5,Attribute Perception,What are the features of the painting to the right of the painting with a sheep's head?,00:08:15,C,"['A. Geometric patterns and bold colors.', 'B. A vibrant house on a street.', 'C. A blue abstract piece with intricate line work.', 'D. An expansive field under a muted sky.']",single,Concurrent
Real-Time Visual Understanding_sample_480_1,Text-Rich Understanding,What letters are mounted on the wall?,00:00:07,A,"['A. PADO.', 'B. GATO.', 'C. LADO.', 'D. FADO.']",single,Concurrent
Real-Time Visual Understanding_sample_480_2,Spatial Understanding,"Where is the fabric artwork depicting a tall tree located in relation to the letters ""PADO""?",00:00:10,B,"['A. To the right of the letters.', 'B. Below the letters.', 'C. To the left of the letters.', 'D. Above the letters.']",single,Prior
Real-Time Visual Understanding_sample_480_3,Object Perception,What does the upper left painting feature?,00:03:42,A,"['A. A large tree in bloom with pink flowers.', 'B. A large tree with green foliage.', 'C. A whimsical figure with flowers around its head.', 'D. An abstract design with swirling shapes.']",single,Concurrent
Real-Time Visual Understanding_sample_480_4,Attribute Perception,What is a common feature in the artworks by SungTae Kim?,00:07:37,B,"['A. Bright colors and abstract shapes.', 'B. Surreal pencil constructions.', 'C. Ornate crowns.', 'D. Reflective surfaces with water.']",single,Concurrent
Real-Time Visual Understanding_sample_480_5,Attribute Perception,What is the main theme depicted in the painting shown just now?,00:11:12,B,"['A. A cityscape with zebras.', 'B. A giraffe family under a tree.', 'C. An urban skyline at night.', 'D. Animals in a forest.']",single,Prior
Real-Time Visual Understanding_sample_481_1,Attribute Perception,What color is the car parked near the Diner right now?,00:00:04,D,"['A. Blue.', 'B. Red.', 'C. Yellow.', 'D. Pink.']",single,Concurrent
Real-Time Visual Understanding_sample_481_2,Object Perception,What object is the track passing under right now?,00:00:48,C,"['A. A chair.', 'B. A table.', 'C. A bed.', 'D. A couch.']",single,Concurrent
Real-Time Visual Understanding_sample_481_3,Attribute Perception,What color is the car on top of the cabinet right now?,00:01:30,B,"['A. Red.', 'B. Blue.', 'C. Green.', 'D. Yellow.']",single,Concurrent
Real-Time Visual Understanding_sample_481_4,Object Perception,What object is the track curving around right now?,00:02:19,C,"['A. A couch.', 'B. A table.', 'C. A sofa.', 'D. A window.']",single,Concurrent
Real-Time Visual Understanding_sample_481_5,Attribute Perception,What is the color of the walls near the track right now?,00:03:00,B,"['A. White.', 'B. Beige.', 'C. Blue.', 'D. Green.']",single,Concurrent
Real-Time Visual Understanding_sample_482_1,Attribute Perception,Which RC car leads the race initially?,00:00:02,A,"['A. Red car.', 'B. White car.', 'C. Green car.', 'D. Black car.']",single,Prior
Real-Time Visual Understanding_sample_482_2,Event Understanding,What abnormal event just happened?,00:01:32,A,"['A. A white racing car crashed into the obstacle beside the track.', 'B. A blue racing car lost control and crashed into the barrier at the curve of the track.', 'C. A red racing car skidded on the wet surface and collided with the guardrail on the straightaway.', 'D. A yellow racing car spun out and hit the tire wall at the chicane.']",multiple,Prior
Real-Time Visual Understanding_sample_482_3,Event Understanding,What unusual event just happened?,00:02:14,D,"['A. A red and white car skidded and slammed into the blue barrier at the edge of the circuit.', 'B. A green and silver car lost control and collided with the yellow obstacle beside the straight track.', 'C. A blue and orange car spun out and crashed into the red barrier near the corner.', 'D. A black and gold car crashed into the orange obstacle on the side of the track after drifting.']",multiple,Prior
Real-Time Visual Understanding_sample_482_4,Attribute Perception,What is the main color of the remote-controlled police car?,00:04:00,A,"['A. Black.', 'B. White.', 'C. Blue.', 'D. Red.']",single,Concurrent
Real-Time Visual Understanding_sample_482_5,Event Understanding,What happens just after the silver car moves ahead of the red car?,00:04:15,D,"['A. The red car overtakes the silver car again.', 'B. Both cars stop racing.', 'C. The green car crashes into the silver car.', 'D. The red car knocked the silver car off the track.']",multiple,Prior
Real-Time Visual Understanding_sample_483_1,Attribute Perception,What is the main color of the two remote-controlled cars shown in the video right now?,00:00:04,B,"['A. One car is blue and black, while the other car is white.', 'B. One car is blue with black, another car is white.', 'C. One vehicle is painted blue with black accents, and the other is white.', 'D. One car features a blue and black color scheme, and the other car is entirely white.']",single,Concurrent
Real-Time Visual Understanding_sample_483_2,Event Understanding,What change occurs in the scene of the remote-controlled car race?,00:01:32,D,"['A. The track becomes simpler with fewer obstacles.', 'B. The cars switch to a gravel surface.', 'C. The cars move to an outdoor setting.', 'D. The scene shifts from one car to another three cars.']",multiple,Prior
Real-Time Visual Understanding_sample_483_3,Attribute Perception,What color is the remote-controlled car on the track right now?,00:02:44,C,"['A. Red.', 'B. Green.', 'C. Purple.', 'D. Blue.']",single,Concurrent
Real-Time Visual Understanding_sample_483_4,Attribute Perception,What surrounds the track where the purple remote-controlled car is moving?,00:03:00,A,"['A. Various miniature landscapes and objects.', 'B. Life-size trees and bushes.', 'C. Tall buildings and bridges.', 'D. Open water bodies and sand pits.']",multiple,Concurrent
Real-Time Visual Understanding_sample_483_5,Attribute Perception,What is the condition of the track right now?,00:04:45,A,"['A. Dry and smooth.', 'B. Wet and shiny.', 'C. Dusty and rough.', 'D. Muddy and slippery.']",multiple,Prior
Real-Time Visual Understanding_sample_484_1,Text-Rich Understanding,What is written on the green car in the race track scene?,00:00:08,A,"['A. N2O COLA.', 'B. Speedy Cola.', 'C. Racing Fuel.', 'D. Nitro Power.']",single,Concurrent
Real-Time Visual Understanding_sample_484_2,Clips Summarize,What main event is depicted in the captions?,00:00:20,B,"['A. A diecast car race victory lap.', 'B. The beginning of a car model race.', 'C. The construction of a race track.', 'D. The final lap of a race.']",multiple,Prior
Real-Time Visual Understanding_sample_484_3,Event Understanding,What happens to the green-purple car when the racing car sprints?,00:05:42,D,"['A. It falls behind other cars.', 'B. It crashes into the pit stop area.', 'C. It leaves the race track.', 'D. It moves further ahead from the other cars.']",multiple,Concurrent
Real-Time Visual Understanding_sample_484_4,Text-Rich Understanding,Who is in first place in Race 1 - Final standings?,00:08:19,C,"['A. Michael Rotor.', 'B. Jay.', 'C. H.J. Hollis.', 'D. Jonas Carvers.']",single,Concurrent
Real-Time Visual Understanding_sample_484_5,Event Understanding,What is the sequence of the racecars when the racecars sprints?,00:09:45,A,"['A. Red racecar followed by blue racecar.', 'B. Blue racecar followed by green racecar.', 'C. Purple racecar followed by blue racecar.', 'D. Gray racecar followed by red racecar.']",multiple,Concurrent
Real-Time Visual Understanding_sample_485_1,Text-Rich Understanding,What is depicted on the container behind the toy car?,00:00:19,B,"['A. ""NEXT GEN"".', 'B. ""Walmart - Save money. Live better."".', 'C. ""DIECAST RACING"".', 'D. ""NEXT-GEN PISTON CUP"".']",single,Concurrent
Real-Time Visual Understanding_sample_485_2,Text-Rich Understanding,What number is displayed on Tom W.'s car on the scoreboard?,00:03:29,B,"['A. 31.', 'B. 61.', 'C. 19.', 'D. 76.']",single,Prior
Real-Time Visual Understanding_sample_485_3,Text-Rich Understanding,What is the number on the grey toy race car shown right now?,00:06:05,C,"['A. 117', 'B. 82', 'C. 035', 'D. 26']",single,Concurrent
Real-Time Visual Understanding_sample_485_4,Counting,How many different toy race cars are shown right now?,00:06:34,C,"['A. 2.', 'B. 3.', 'C. 4.', 'D. 5.']",multiple,Concurrent
Real-Time Visual Understanding_sample_485_5,Text-Rich Understanding,Which car is labeled #117?,00:09:20,C,"['A. Ronald', 'B. Conrad Camber', 'C. S. Fillups', 'D. Dan Carcia']",single,Concurrent
Real-Time Visual Understanding_sample_486_1,Text-Rich Understanding,What is announced over the image of the detailed miniature race setup right now?,00:00:14,B,"['A. ""NEXT GEN PISTON CUP, Race 1 - Round 2"".', 'B. ""NEXT GEN PISTON CUP, Race 2 - Round 1"".', 'C. ""NEXT GEN TOY RACE, Round 2 - Race 1"".', 'D. ""NEXT GEN TOY RACE, Race 1 - Round 2"".']",single,Concurrent
Real-Time Visual Understanding_sample_486_2,Attribute Perception,What color is the car driven by Rich Mixon?,00:03:02,A,"['A. Pink.', 'B. Blue.', 'C. Green.', 'D. Orange.']",single,Concurrent
Real-Time Visual Understanding_sample_486_3,Event Understanding,Which car is leading the race?,00:03:20,D,"['A. #20 Jackson Storm.', 'B. #48 Aaron Clocker.', ""C. #11 Chris Roamin'."", 'D. #36 Rich Mixon.']",multiple,Concurrent
Real-Time Visual Understanding_sample_486_4,Spatial Understanding,How are the race cars positioned right now?,00:06:00,C,"['A. In a single line.', 'B. Randomly scattered.', 'C. In two rows.', 'D. In a circle.']",single,Concurrent
Real-Time Visual Understanding_sample_486_5,Event Understanding,Who is ranked first for Group 4 - Heat 3?,00:09:48,D,"['A. #90 Paul Conrev.', 'B. #92 Sheldon Shifter.', 'C. #68 H.J. Hollis.', 'D. #15 Harvey Rodcap.']",multiple,Prior
Real-Time Visual Understanding_sample_487_1,Event Understanding,What is seen in the initial scene of the video?,00:00:20,D,"['A. A red racing car is parked on the track.', 'B. A green racing car in the pits.', 'C. A blue racing car near a curve.', 'D. A red racing car sped past on the track.']",multiple,Prior
Real-Time Visual Understanding_sample_487_2,Text-Rich Understanding,What was being advertised on the blue billboard?,00:02:00,C,"['A. Speedy Cars.', 'B. Toy Race.', 'C. Crazy Cars.', 'D. Miniature Motors.']",single,Prior
Real-Time Visual Understanding_sample_487_3,Event Understanding,Which racing car won first place in this competition?,00:01:28,D,"['A. The purple car.', 'B. The blue car.', 'C. The yellow car.', 'D. The red car.']",multiple,Concurrent
Real-Time Visual Understanding_sample_487_4,Object Perception,What is the color of the car that leads the race right now?,00:03:27,C,"['A. Red', 'B. Blue', 'C. Yellow', 'D. Purple']",single,Concurrent
Real-Time Visual Understanding_sample_487_5,Text-Rich Understanding,What is the position of Lightning McQueen in the standings for the Group 1 final?,00:05:20,B,"['A. First.', 'B. Second.', 'C. Third.', 'D. Fourth.']",single,Concurrent
Real-Time Visual Understanding_sample_488_1,Text-Rich Understanding,What group numbers are displayed for the race participants?,00:00:20,D,"['A. Group 1 and 2.', 'B. Group 3 and 4.', 'C. Group 5 and 6.', 'D. Group 7 and 8.']",single,Prior
Real-Time Visual Understanding_sample_488_2,Event Understanding,Which racing car won first place in this competition?,00:01:28,D,"['A. The orange car.', 'B. The blue car.', 'C. The red car.', 'D. The grey car.']",multiple,Prior
Real-Time Visual Understanding_sample_488_3,Text-Rich Understanding,What is the fastest time achieved by Jay's car from team VCD132 Racing?,00:05:39,C,"['A. 9.495 seconds.', 'B. 9.791 seconds.', 'C. 8.267 seconds.', 'D. 8.999 seconds.']",single,Concurrent
Real-Time Visual Understanding_sample_488_4,Event Understanding,Which racing car won first place in this competition?,00:08:01,B,"['A. The orange car.', 'B. The yellow car.', 'C. The red car.', 'D. The grey car.']",multiple,Concurrent
Real-Time Visual Understanding_sample_488_5,Text-Rich Understanding,Which team won first place in Race 2 competition?,00:01:28,A,"[""A. Dom's Tuner Shop."", 'B. VCD132 Racing.', 'C. Krime Sindakit Racing.', 'D. Elst Racing.']",single,Prior
Real-Time Visual Understanding_sample_489_1,Text-Rich Understanding,What does the subtitle below the title card read right now?,00:00:05,C,"['A. ""The New Era of Toy Racing"".', 'B. ""The Future of Car Racing"".', 'C. ""The Next Generation of Diecast Racing"".', 'D. ""Ultimate Toy Car Showdown"".']",single,Concurrent
Real-Time Visual Understanding_sample_489_2,Text-Rich Understanding,Which car is in the front row along with car #2.0 at the start of the Group1 - Heat 3 race?,00:02:45,A,"['A. Car #21', 'B. Car #123', 'C. Car #94', 'D. Car #3']",single,Prior
Real-Time Visual Understanding_sample_489_3,Event Understanding,Which racing car won first place in this competition?,00:05:51,B,"['A. The pink car.', 'B. The dark green car.', 'C. The light green car.', 'D. The blue car.']",multiple,Concurrent
Real-Time Visual Understanding_sample_489_4,Event Understanding,"What event is labeled ""Group 2 - Heat 4"" in the video?",00:08:27,B,"['A. The finish line celebration.', 'B. The cars at the starting line.', 'C. The awards ceremony.', 'D. The scoreboard update.']",multiple,Prior
Real-Time Visual Understanding_sample_489_5,Counting,How many points does the second-place racer in Heat 3 have?,00:08:17,C,"['A. 4 points', 'B. 6 points', 'C. 10 points', 'D. 13 points']",multiple,Prior
Real-Time Visual Understanding_sample_490_1,Text-Rich Understanding,What event is being depicted according to the text overlays?,00:00:19,C,"['A. Local Race.', 'B. Test Drive.', 'C. World Grand Prix - Final Round.', 'D. Exhibition Match.']",single,Prior
Real-Time Visual Understanding_sample_490_2,Event Understanding,Which racing car won first place in this competition?,00:03:01,B,"['A. The pink car.', 'B. The yellow car.', 'C. The light green car.', 'D. The blue car.']",multiple,Prior
Real-Time Visual Understanding_sample_490_3,Counting,"How many racers are listed in the standings for ""Race 2""?",00:03:20,C,"['A. Four.', 'B. Five.', 'C. Six.', 'D. Seven.']",multiple,Prior
Real-Time Visual Understanding_sample_490_4,Event Understanding,Which racing car won first place in this competition?,00:06:59,C,"['A. The pink car.', 'B. The yellow car.', 'C. The red car.', 'D. The blue car.']",multiple,Concurrent
Real-Time Visual Understanding_sample_490_5,Event Understanding,Which racing car won first place in this competition?,00:09:01,C,"['A. The pink car.', 'B. The yellow car.', 'C. The red car.', 'D. The blue car.']",multiple,Concurrent
Real-Time Visual Understanding_sample_491_1,Attribute Perception,What feature do some of the cars have turned on?,00:00:03,B,"['A. Hazard lights.', 'B. Headlights.', 'C. Brake lights.', 'D. Turn signals.']",single,Concurrent
Real-Time Visual Understanding_sample_491_2,Event Understanding,What is the event taking place in the video?,00:02:00,D,"['A. A car exhibition.', 'B. A miniature track construction demonstration.', 'C. A remote-controlled car sales event.', 'D. A remote control car drifting competition.']",multiple,Concurrent
Real-Time Visual Understanding_sample_491_3,Object Perception,What are the people behind the barricade holding right now?,00:01:42,C,"['A. Cameras.', 'B. Drinks.', 'C. Remote controls.', 'D. Cell phones.']",single,Concurrent
Real-Time Visual Understanding_sample_491_4,Event Understanding,What do the two main RC cars do after making a sharp turn?,00:03:38,D,"['A. Stop racing.', 'B. Start moving in reverse.', 'C. Swap lanes.', 'D. Continue racing around a corner.']",multiple,Prior
Real-Time Visual Understanding_sample_491_5,Event Understanding,Which car is leading the race right now?,00:05:24,D,"['A. Blue car.', 'B. Red car.', 'C. Yellow car.', 'D. Green car.']",single,Concurrent
Real-Time Visual Understanding_sample_492_1,Text-Rich Understanding,What logo appears on the screen during the initial scene transition?,00:00:10,A,"['A. GRAVITY THROTTLE RACING.', 'B. RACING THUNDER.', 'C. SPEED CIRCUIT.', 'D. TRACK RUNNERS.']",single,Prior
Real-Time Visual Understanding_sample_492_2,Clips Summarize,What has been shown in the video so far?,00:00:21,A,"['A. A series of scenes featuring a miniature diorama with various toy elements.', 'B. A documentary on real-life racing events.', 'C. A detailed explanation of a new racing game.', 'D. A tutorial on setting up a model train track.']",multiple,Concurrent
Real-Time Visual Understanding_sample_492_3,Event Understanding,What happens after the red car lands from the jump?,00:07:00,B,"['A. It drives into a dense forest.', 'B. It continued to move forward on the sandy ground.', 'C. It stops at a rocky cliff.', 'D. It enters a tunnel.']",multiple,Prior
Real-Time Visual Understanding_sample_492_4,Attribute Perception,What is the track currently displayed in the video made up of?,00:11:07,D,"['A. Asphalt.', 'B. Sand.', 'C. Grass.', 'D. Snow.']",single,Concurrent
Real-Time Visual Understanding_sample_492_5,Object Perception,What is the green dinosaur holding on its head?,00:14:00,D,"['A. A miniature human figure.', 'B. A piece of railroad track.', 'C. A toy truck.', 'D. A toy car.']",single,Concurrent
Real-Time Visual Understanding_sample_493_1,Event Understanding,What significant change happened just now?,00:00:19,A,"['A. The scene transitions to a field with green hills.', 'B. The logo with ""GRAVITY THROTTLE RACING"" reappears.', 'C. The abstract background becomes darker.', 'D. The Texaco gas station disappears.']",multiple,Concurrent
Real-Time Visual Understanding_sample_493_2,Event Understanding,Which car won first place in this competition?,00:04:25,D,"['A. The red car.', 'B. The orange car.', 'C. The yellow car.', 'D. The black car.']",multiple,Concurrent
Real-Time Visual Understanding_sample_493_3,Attribute Perception,How is the terrain described where the toy cars are racing right now?,00:08:02,A,"['A. Snowy with scattered toy trees.', 'B. Rocky and steep.', 'C. Desert-themed with rail tracks.', 'D. Grassy with ponds.']",single,Concurrent
Real-Time Visual Understanding_sample_493_4,Text-Rich Understanding,Which team is leading in the racing points?,00:12:14,D,"['A. Jay Bo.', 'B. Pacific Pirate.', 'C. Sisters of the Heavy.', 'D. Larro.']",single,Prior
Real-Time Visual Understanding_sample_493_5,Event Understanding,Which car won first place in this competition?,00:15:15,D,"['A. The red and blue car.', 'B. The black car.', 'C. The yellow car.', 'D. The brown and blue car.']",multiple,Prior
Real-Time Visual Understanding_sample_494_1,Text-Rich Understanding,What is the license plate number of the car currently shown in the video?,00:00:30,D,"['A. 18.', 'B. 197.', 'C. 56.', 'D. 46.']",single,Concurrent
Real-Time Visual Understanding_sample_494_2,Attribute Perception,What color is the car that is in the lead along with the green car?,00:03:39,D,"['A. Blue.', 'B. Red and black.', 'C. Yellow and red.', 'D. Black and blue.']",single,Concurrent
Real-Time Visual Understanding_sample_494_3,Event Understanding,Which racing car won first place in this competition?,00:05:51,D,"['A. The pink car.', 'B. The dark green car.', 'C. The light green car.', 'D. The green car.']",multiple,Prior
Real-Time Visual Understanding_sample_494_4,Event Understanding,Which racing car won first place in this competition?,00:06:36,D,"['A. The pink car.', 'B. The dark green car.', 'C. The light green car.', 'D. The brown car.']",multiple,Concurrent
Real-Time Visual Understanding_sample_494_5,Event Understanding,Which racing car won first place in this competition?,00:06:36,A,"['A. The green car.', 'B. The dark green car.', 'C. The light green car.', 'D. The brown car.']",multiple,Concurrent
Real-Time Visual Understanding_sample_495_1,Event Understanding,Which car won first place in this competition?,00:01:42,D,"['A. The blue car.', 'B. The dark purple car.', 'C. The red car.', 'D. The green and black car.']",multiple,Concurrent
Real-Time Visual Understanding_sample_495_2,Attribute Perception,What color is the car that is in the lead in this competition right now?,00:03:54,A,"['A. Black.', 'B. Red and black.', 'C. Yellow and red.', 'D. Green.']",single,Concurrent
Real-Time Visual Understanding_sample_495_3,Text-Rich Understanding,What is the digital timer display showing right now?,00:07:29,D,"['A. ""Race Time: 25.619"".', 'B. ""Race Time: 24.874"".', 'C. ""Race Time: 23.452"".', 'D. ""Race Time: 24.824"".']",single,Concurrent
Real-Time Visual Understanding_sample_495_4,Text-Rich Understanding,"Which team has the highest R4 score in the ""2023 - 2024 BRAGGIN' WAGON"" race results?",00:11:06,D,"['A. NUMBSKULL Racing.', 'B. DUBIOUS DIECAST.', 'C. LIVE YOUNG DIECAST.', 'D. HOT NUTS DIECAST.']",single,Prior
Real-Time Visual Understanding_sample_495_5,Event Understanding,Which car won first place in this competition?,00:12:58,C,"['A. The blue car.', 'B. The dark purple car.', 'C. The red car.', 'D. The green and black car.']",multiple,Concurrent
Real-Time Visual Understanding_sample_496_1,Event Understanding,What happens to the airplane as it aligns itself with the landing path?,00:00:20,C,"['A. It takes off.', 'B. It crashes.', 'C. It lands on the runway.', 'D. It continues to fly in circles.']",multiple,Concurrent
Real-Time Visual Understanding_sample_496_2,Event Understanding,Which car won first place in this competition?,00:04:35,C,"['A. The blue car.', 'B. The dark purple car.', 'C. The green car.', 'D. The red car.']",multiple,Concurrent
Real-Time Visual Understanding_sample_496_3,Event Understanding,Which car won first place in this competition?,00:08:23,D,"['A. The blue car.', 'B. The dark purple car.', 'C. The green car.', 'D. The red car.']",multiple,Concurrent
Real-Time Visual Understanding_sample_496_4,Event Understanding,Which racing car won first place in this competition?,00:12:35,B,"['A. The blue car.', 'B. The silver and red car.', 'C. The green car.', 'D. The red car.']",multiple,Prior
Real-Time Visual Understanding_sample_496_5,Object Perception,What is surrounding the racetrack right now?,00:12:03,C,"['A. Sand dunes.', 'B. Tall grass.', 'C. Snow banks.', 'D. Rocky cliffs.']",single,Concurrent
Real-Time Visual Understanding_sample_497_1,Object Perception,"What is depicted in the quadrants labeled ""Train1,"" ""Scrambler,"" ""Train2,"" and ""Big-U""?",00:00:15,B,"['A. Various miniature race tracks.', 'B. Four different sections of the race track.', 'C. A detailed map of a large city.', 'D. A diagram of an amusement park.']",single,Concurrent
Real-Time Visual Understanding_sample_497_2,Text-Rich Understanding,"What does the scoreboard titled ""FINAL RACE"" show?",00:04:21,B,"['A. The number of laps completed.', ""B. The cars' performance in round 1 and round 2."", 'C. The fastest lap time.', 'D. The starting positions of the cars.']",single,Prior
Real-Time Visual Understanding_sample_497_3,Event Understanding,Which car is leading right now?,00:08:29,C,"['A. Black car.', 'B. Red car.', 'C. White car with red roof.', 'D. Green car.']",single,Concurrent
Real-Time Visual Understanding_sample_497_4,Event Understanding,Which car won first place in this competition?,00:11:40,C,"['A. The blue car.', 'B. The dark purple car.', 'C. The blue and black car.', 'D. The red car.']",multiple,Concurrent
Real-Time Visual Understanding_sample_497_5,Text-Rich Understanding,"What does the scoreboard titled ""FINAL RACE"" show?",00:12:38,A,"[""A. The cars' performance from round 1 to round 7."", ""B. The cars' performance in round 1 and round 2."", 'C. The fastest lap time.', 'D. The starting positions of the cars.']",single,Prior
Real-Time Visual Understanding_sample_498_1,Text-Rich Understanding,What is prominently displayed on the side of the green toy car?,00:00:20,B,"['A. The number ""12"".', 'B. The number ""24"".', 'C. The number ""36"".', 'D. The number ""48"".']",single,Concurrent
Real-Time Visual Understanding_sample_498_2,Object Perception,Which car has a green fin in the back?,00:02:10,C,"['A. Car #24.', 'B. Car #28.', 'C. Car #35.', 'D. Car #94.']",single,Concurrent
Real-Time Visual Understanding_sample_498_3,Text-Rich Understanding,What is displayed at the top right right now?,00:04:06,C,"['A. Race results.', 'B. Lap times.', 'C. Instant Replay.', 'D. Track map.']",single,Concurrent
Real-Time Visual Understanding_sample_498_4,Object Perception,What colors are those two racing cars?,00:06:00,B,"['A. Red and blue.', 'B. Green and silver.', 'C. Black and yellow.', 'D. Blue and orange.']",single,Concurrent
Real-Time Visual Understanding_sample_498_5,Text-Rich Understanding,Who is in the first place in the Group 7 - Final standings?,00:06:19,D,"['A. Tim Treadless.', 'B. Chase Racelott.', 'C. Ronald.', 'D. Jay.']",single,Concurrent
Real-Time Visual Understanding_sample_499_1,Event Understanding,What happens right after the train moves out of the tunnel?,00:00:15,D,"['A. The train stops.', 'B. The logo ""Gravity Throttle Racing"" appears.', 'C. A red and white boxcar appears.', 'D. The steam locomotive number 765 becomes visible.']",multiple,Prior
Real-Time Visual Understanding_sample_499_2,Text-Rich Understanding,Which car has the fastest time displayed on the leaderboard right now?,00:02:26,B,"['A. Flip', 'B. BLR', 'C. Jonabi', 'D. Fast Track']",single,Concurrent
Real-Time Visual Understanding_sample_499_3,Text-Rich Understanding,"Which of the following names is not listed as a contender in ""RACE 2""?",00:02:32,D,"['A. Fat Dad.', 'B. Numbskull.', 'C. Iceman.', 'D. Flip.']",single,Concurrent
Real-Time Visual Understanding_sample_499_4,Event Understanding,Which car won first place in this competition?,00:04:51,C,"['A. The blue car.', 'B. The dark purple car.', 'C. The white car with red decorations on it.', 'D. The red car.']",multiple,Prior
Real-Time Visual Understanding_sample_499_5,Counting,How many different racing teams' names are displayed on the scoreboard?,00:07:11,B,"['A. Three.', 'B. Four.', 'C. Five.', 'D. Six.']",multiple,Concurrent
Real-Time Visual Understanding_sample_500_1,Text-Rich Understanding,"What does the additional text indicate about the ""3D BotMaker Diecast Racing League""?",00:00:10,B,"['A. It is the ""Final Race"".', 'B. It is the ""Fiero Tournament, Race 1 of 3"".', 'C. It is the ""Champion\'s Cup"".', 'D. It is the ""Qualifying Round"".']",single,Concurrent
Real-Time Visual Understanding_sample_500_2,Event Understanding,Which car is leading right now?,00:01:43,C,"['A. Black car.', 'B. Red car.', 'C. Yellow car.', 'D. Green car.']",multiple,Concurrent
Real-Time Visual Understanding_sample_500_3,Text-Rich Understanding,"According to the race results displayed at the end, who is the driver of the red car?",00:02:00,B,"['A. George Milidrag.', 'B. Randy Ferrero.', 'C. Crazy Jimmy.', 'D. Rad Cunningham.']",single,Concurrent
Real-Time Visual Understanding_sample_500_4,Attribute Perception,What colors are the four model cars lined up at the starting line?,00:03:35,D,"['A. Blue, yellow, green, red.', 'B. Red, blue, orange, green.', 'C. Green, yellow, orange, blue.', 'D. Red, green, orange, yellow.']",single,Concurrent
Real-Time Visual Understanding_sample_500_5,Attribute Perception,What design is on the red car parked next to the yellow car right now?,00:04:58,D,"['A. Flames.', 'B. Stripes.', 'C. Checkerboard.', 'D. American flag.']",single,Concurrent